日期,是否空仓,活跃品种数,合计手数,AU盈亏,HC盈亏,P盈亏,Y盈亏,保证金_AU,保证金_HC,保证金_P,保证金_Y,账户日盈亏,手续费,账户日收益,合计保证金,持仓_AU,持仓_HC,持仓_P,持仓_Y,操作说明
2018-01-02,False,1,2,0.0,-7.76,-5.0,15.0,0.0,0.0,0.0,16167.2,0.56,17.76,5.595000000000762e-07,16167.2,,,,空carry 豆油1805 1手(空)@5780 / 豆油1807 1手(多)@5768 价差=12,[Y] 空carry 豆油1805 1手(空)@5780 / 豆油1807 1手(多)@5768 价差=12 z=2.31
2018-01-03,False,3,6,1460.0,0.0,355.0,-460.0,124003.0,0.0,15002.400000000001,16164.400000000001,338.75,45.0,0.00033874999999999736,155169.8,多carry 黄金1806 1手(多)@280.35 / 黄金1808 1手(空)@283.3 价差=-2.95,,多carry 棕榈油1805 1手(多)@5320 / 棕榈油1806 1手(空)@5396 价差=-76,空carry 豆油1805 1手(空)@5778 / 豆油1807 1手(多)@5768 价差=10,[AU] 多carry 黄金1806 1手(多)@280.35 / 黄金1808 1手(空)@283.3 价差=-2.95 z=-0.83 | [P] 多carry 棕榈油1805 1手(多)@5320 / 棕榈油1806 1手(空)@5396 价差=-76 z=-0.87 | [Y] 空carry 豆油1805 1手(空)@5778 / 豆油1807 1手(多)@5768 价差=10 z=1.95
2018-01-04,False,1,2,-40.0,0.0,-5.0,-0.0,0.0,0.0,0.0,16228.800000000001,-11.25,45.0,-1.125e-05,16228.8,,,,空carry 豆油1805 1手(空)@5824 / 豆油1807 1手(多)@5768 价差=56,[Y] 空carry 豆油1805 1手(空)@5824 / 豆油1807 1手(多)@5768 价差=56 z=2.23
2018-01-05,False,2,4,710.0,0.0,0.0,800.0,123266.0,0.0,0.0,16228.800000000001,377.5,40.0,0.00037750000000002023,139494.8,空carry 黄金1806 1手(空)@279.85 / 黄金1808 1手(多)@280.45 价差=-0.6,,,空carry 豆油1805 1手(空)@5824 / 豆油1807 1手(多)@5768 价差=56,[AU] 空carry 黄金1806 1手(空)@279.85 / 黄金1808 1手(多)@280.45 价差=-0.6 z=1.59 | [Y] 空carry 豆油1805 1手(空)@5824 / 豆油1807 1手(多)@5768 价差=56 z=1.91
2018-01-08,False,3,6,500.0,0.0,575.0,-380.0,123585.0,0.0,14985.600000000002,16150.400000000001,173.75,5.0,0.00017374999999998728,154721.0,空carry 黄金1806 1手(空)@280.2 / 黄金1808 1手(多)@281.55 价差=-1.35,,多carry 棕榈油1805 1手(多)@5308 / 棕榈油1806 1手(空)@5396 价差=-88,空carry 豆油1805 1手(空)@5756 / 豆油1807 1手(多)@5780 价差=-24,[AU] 空carry 黄金1806 1手(空)@280.2 / 黄金1808 1手(多)@281.55 价差=-1.35 z=0.91 | [P] 多carry 棕榈油1805 1手(多)@5308 / 棕榈油1806 1手(空)@5396 价差=-88 z=-1.02 | [Y] 空carry 豆油1805 1手(空)@5756 / 豆油1807 1手(多)@5780 价差=-24 z=0.79
2018-01-09,False,1,2,-40.0,0.0,-5.0,-40.0,0.0,0.0,0.0,16203.600000000002,-21.25,45.0,-2.1250000000000886e-05,16203.6,,,,空carry 豆油1805 1手(空)@5794 / 豆油1807 1手(多)@5780 价差=14,[Y] 空carry 豆油1805 1手(空)@5794 / 豆油1807 1手(多)@5780 价差=14 z=1.16
2018-01-10,False,1,2,0.0,0.0,0.0,1200.0,0.0,0.0,0.0,16209.2,300.0,0.0,0.0003000000000000004,16209.2,,,,空carry 豆油1805 1手(空)@5798 / 豆油1807 1手(多)@5780 价差=18,[Y] 空carry 豆油1805 1手(空)@5798 / 豆油1807 1手(多)@5780 价差=18 z=1.10
2018-01-11,True,0,0,0.0,0.0,0.0,-5.0,0.0,0.0,0.0,0.0,-1.25,5.0,-1.25e-06,0.0,,,,,全品种空仓
2018-01-12,False,1,2,0.0,0.0,515.0,0.0,0.0,0.0,14921.2,0.0,128.75,5.0,0.00012875000000000036,14921.2,,,多carry 棕榈油1805 1手(多)@5262 / 棕榈油1806 1手(空)@5396 价差=-134,,[P] 多carry 棕榈油1805 1手(多)@5262 / 棕榈油1806 1手(空)@5396 价差=-134 z=-1.58
2018-01-15,False,1,2,0.0,0.0,540.0,0.0,0.0,0.0,14837.2,0.0,135.0,0.0,0.00013499999999999927,14837.2,,,多carry 棕榈油1805 1手(多)@5258 / 棕榈油1806 1手(空)@5340 价差=-82,,[P] 多carry 棕榈油1805 1手(多)@5258 / 棕榈油1806 1手(空)@5340 价差=-82 z=-0.87
2018-01-16,False,1,2,0.0,-17.64,-5.0,0.0,0.0,9169.2,0.0,0.0,-5.66,12.64,-5.660249999999154e-06,9169.2,,多carry 热卷1805 1手(多)@3822 / 热卷1806 1手(空)@3819 价差=3,,,[HC] 多carry 热卷1805 1手(多)@3822 / 热卷1806 1手(空)@3819 价差=3 z=-0.86
2018-01-17,False,2,4,-1140.0,180.0,0.0,0.0,124256.0,9220.8,0.0,0.0,-240.0,40.0,-0.00024000000000000985,133476.8,多carry 黄金1806 1手(多)@280.8 / 黄金1808 1手(空)@284 价差=-3.2,多carry 热卷1805 1手(多)@3843 / 热卷1806 1手(空)@3841 价差=2,,,[AU] 多carry 黄金1806 1手(多)@280.8 / 黄金1808 1手(空)@284 价差=-3.2 z=-1.40 | [HC] 多carry 热卷1805 1手(多)@3843 / 热卷1806 1手(空)@3841 价差=2 z=-0.85
2018-01-18,False,1,2,-900.0,-7.7,0.0,0.0,123816.0,0.0,0.0,0.0,-226.93,7.7,-0.00022692549999999396,123816.0,多carry 黄金1806 1手(多)@279.25 / 黄金1808 1手(空)@283.55 价差=-4.3,,,,[AU] 多carry 黄金1806 1手(多)@279.25 / 黄金1808 1手(空)@283.55 价差=-4.3 z=-2.32
2018-01-19,False,3,6,1150.0,0.0,395.0,755.0,123618.0,0.0,14588.000000000002,16100.000000000002,575.0,10.0,0.0005749999999999915,154306.0,多carry 黄金1806 1手(多)@278.35 / 黄金1808 1手(空)@283.55 价差=-5.2,,多carry 棕榈油1805 1手(多)@5150 / 棕榈油1806 1手(空)@5270 价差=-120,多carry 豆油1805 1手(多)@5678 / 豆油1807 1手(空)@5822 价差=-144,[AU] 多carry 黄金1806 1手(多)@278.35 / 黄金1808 1手(空)@283.55 价差=-5.2 z=-2.55 | [P] 多carry 棕榈油1805 1手(多)@5150 / 棕榈油1806 1手(空)@5270 价差=-120 z=-1.33 | [Y] 多carry 豆油1805 1手(多)@5678 / 豆油1807 1手(空)@5822 价差=-144 z=-1.07
2018-01-22,False,1,2,700.0,0.0,-5.0,-5.0,123431.0,0.0,0.0,0.0,172.5,10.0,0.0001725000000000016,123431.0,多carry 黄金1806 1手(多)@278.5 / 黄金1808 1手(空)@282.55 价差=-4.05,,,,[AU] 多carry 黄金1806 1手(多)@278.5 / 黄金1808 1手(空)@282.55 价差=-4.05 z=-1.34
2018-01-23,False,1,2,1300.0,0.0,0.0,0.0,123673.0,0.0,0.0,0.0,325.0,0.0,0.00032499999999999516,123673.0,多carry 黄金1806 1手(多)@279.4 / 黄金1808 1手(空)@282.75 价差=-3.35,,,,[AU] 多carry 黄金1806 1手(多)@279.4 / 黄金1808 1手(空)@282.75 价差=-3.35 z=-0.78
2018-01-24,True,0,0,-40.0,0.0,0.0,0.0,0.0,0.0,0.0,0.0,-10.0,40.0,-1e-05,0.0,,,,,全品种空仓
2018-01-25,False,1,2,2510.0,0.0,0.0,0.0,124190.0,0.0,0.0,0.0,627.5,40.0,0.0006274999999999955,124190.0,空carry 黄金1806 1手(空)@281.75 / 黄金1808 1手(多)@282.75 价差=-1,,,,[AU] 空carry 黄金1806 1手(空)@281.75 / 黄金1808 1手(多)@282.75 价差=-1 z=1.19
2018-01-26,False,1,2,70.0,0.0,0.0,0.0,123959.0,0.0,0.0,0.0,17.5,80.0,1.7499999999996986e-05,123959.0,多carry 黄金1806 1手(多)@279.95 / 黄金1808 1手(空)@283.5 价差=-3.55,,,,[AU] 多carry 黄金1806 1手(多)@279.95 / 黄金1808 1手(空)@283.5 价差=-3.55 z=-0.89
2018-01-29,True,0,0,-40.0,0.0,0.0,0.0,0.0,0.0,0.0,0.0,-10.0,40.0,-1e-05,0.0,,,,,全品种空仓
2018-01-30,False,2,4,210.0,42.21,0.0,0.0,122859.0,9349.2,0.0,0.0,63.05,47.79,6.305225000000267e-05,132208.2,多carry 黄金1806 1手(多)@276.35 / 黄金1808 1手(空)@282.1 价差=-5.75,空carry 热卷1805 1手(空)@3939 / 热卷1806 1手(多)@3852 价差=87,,,[AU] 多carry 黄金1806 1手(多)@276.35 / 黄金1808 1手(空)@282.1 价差=-5.75 z=-2.23 | [HC] 空carry 热卷1805 1手(空)@3939 / 热卷1806 1手(多)@3852 价差=87 z=1.28
2018-01-31,False,2,4,3550.0,-380.0,0.0,0.0,122914.0,9343.2,0.0,0.0,792.5,0.0,0.000792500000000003,132257.2,多carry 黄金1806 1手(多)@276.6 / 黄金1808 1手(空)@282.1 价差=-5.5,空carry 热卷1805 1手(空)@3934 / 热卷1806 1手(多)@3852 价差=82,,,[AU] 多carry 黄金1806 1手(多)@276.6 / 黄金1808 1手(空)@282.1 价差=-5.5 z=-1.77 | [HC] 空carry 热卷1805 1手(空)@3934 / 热卷1806 1手(多)@3852 价差=82 z=1.03
2018-02-01,False,2,4,-40.0,-930.0,775.0,0.0,0.0,9135.599999999999,14730.800000000001,0.0,-48.75,45.0,-4.8749999999998834e-05,23866.4,,空carry 热卷1806 1手(空)@3852 / 热卷1807 1手(多)@3761 价差=91,空carry 棕榈油1806 1手(空)@5288 / 棕榈油1807 1手(多)@5234 价差=54,,[HC] 空carry 热卷1806 1手(空)@3852 / 热卷1807 1手(多)@3761 价差=91 z=1.23 | [P] 空carry 棕榈油1806 1手(空)@5288 / 棕榈油1807 1手(多)@5234 价差=54 z=1.11
2018-02-02,False,2,4,1160.0,590.0,-5.0,0.0,121946.0,9333.599999999999,0.0,0.0,436.25,45.0,0.0004362500000000015,131279.6,空carry 黄金1806 1手(空)@276.4 / 黄金1808 1手(多)@277.9 价差=-1.5,空carry 热卷1806 1手(空)@3981 / 热卷1807 1手(多)@3797 价差=184,,,[AU] 空carry 黄金1806 1手(空)@276.4 / 黄金1808 1手(多)@277.9 价差=-1.5 z=1.05 | [HC] 空carry 热卷1806 1手(空)@3981 / 热卷1807 1手(多)@3797 价差=184 z=3.00
2018-02-05,False,1,2,-40.0,480.0,0.0,0.0,0.0,9476.4,0.0,0.0,110.0,40.0,0.00011000000000000061,9476.4,,空carry 热卷1806 1手(空)@4011 / 热卷1807 1手(多)@3886 价差=125,,,[HC] 空carry 热卷1806 1手(空)@4011 / 热卷1807 1手(多)@3886 价差=125 z=1.41
2018-02-06,False,1,2,1210.0,-7.89,0.0,0.0,121594.0,0.0,0.0,0.0,300.53,47.89,0.00030052674999999274,121594.0,空carry 黄金1806 1手(空)@276 / 黄金1808 1手(多)@276.7 价差=-0.7,,,,[AU] 空carry 黄金1806 1手(空)@276 / 黄金1808 1手(多)@276.7 价差=-0.7 z=1.61
2018-02-07,True,0,0,-40.0,0.0,0.0,0.0,0.0,0.0,0.0,0.0,-10.0,40.0,-1e-05,0.0,,,,,全品种空仓
2018-02-08,False,1,2,0.0,0.0,-5.0,0.0,0.0,0.0,14518.0,0.0,-1.25,5.0,-1.25e-06,14518.0,,,多carry 棕榈油1806 1手(多)@5136 / 棕榈油1807 1手(空)@5234 价差=-98,,[P] 多carry 棕榈油1806 1手(多)@5136 / 棕榈油1807 1手(空)@5234 价差=-98 z=-1.11
2018-02-09,False,1,2,0.0,0.0,680.0,0.0,0.0,0.0,14518.0,0.0,170.0,0.0,0.00016999999999999966,14518.0,,,多carry 棕榈油1806 1手(多)@5136 / 棕榈油1807 1手(空)@5234 价差=-98,,[P] 多carry 棕榈油1806 1手(多)@5136 / 棕榈油1807 1手(空)@5234 价差=-98 z=-1.11
2018-02-12,False,1,2,0.0,0.0,-5.0,1455.0,0.0,0.0,0.0,16172.800000000003,362.5,10.0,0.0003624999999999994,16172.8,,,,空carry 豆油1807 1手(空)@5792 / 豆油1808 1手(多)@5760 价差=32,[Y] 空carry 豆油1807 1手(空)@5792 / 豆油1808 1手(多)@5760 价差=32 z=2.20
2018-02-13,False,2,4,-2640.0,0.0,0.0,-10.0,120835.0,0.0,0.0,15968.400000000001,-662.5,50.0,-0.0006624999999999957,136803.4,空carry 黄金1806 1手(空)@274.25 / 黄金1808 1手(多)@275 价差=-0.75,,,多carry 豆油1807 1手(多)@5646 / 豆油1808 1手(空)@5760 价差=-114,[AU] 空carry 黄金1806 1手(空)@274.25 / 黄金1808 1手(多)@275 价差=-0.75 z=1.43 | [Y] 多carry 豆油1807 1手(多)@5646 / 豆油1808 1手(空)@5760 价差=-114 z=-1.43
2018-02-14,False,2,4,3600.0,0.0,0.0,0.0,121077.0,0.0,0.0,15968.400000000001,900.0,0.0,0.0009000000000000046,137045.4,空carry 黄金1806 1手(空)@276.1 / 黄金1808 1手(多)@274.25 价差=1.85,,,多carry 豆油1807 1手(多)@5646 / 豆油1808 1手(空)@5760 价差=-114,[AU] 空carry 黄金1806 1手(空)@276.1 / 黄金1808 1手(多)@274.25 价差=1.85 z=2.46 | [Y] 多carry 豆油1807 1手(多)@5646 / 豆油1808 1手(空)@5760 价差=-114 z=-1.43
2018-02-22,False,2,4,-40.0,-27.81,0.0,0.0,0.0,9366.0,0.0,15968.400000000001,-16.95,47.8,-1.695125000000028e-05,25334.4,,多carry 热卷1806 1手(多)@3927 / 热卷1807 1手(空)@3878 价差=49,,多carry 豆油1807 1手(多)@5646 / 豆油1808 1手(空)@5760 价差=-114,[HC] 多carry 热卷1806 1手(多)@3927 / 热卷1807 1手(空)@3878 价差=49 z=-0.83 | [Y] 多carry 豆油1807 1手(多)@5646 / 豆油1808 1手(空)@5760 价差=-114 z=-1.38
2018-02-23,False,2,4,0.0,760.0,0.0,500.0,0.0,9363.599999999999,0.0,15968.400000000001,315.0,0.0,0.00031499999999999795,25332.0,,多carry 热卷1806 1手(多)@3925 / 热卷1807 1手(空)@3878 价差=47,,多carry 豆油1807 1手(多)@5646 / 豆油1808 1手(空)@5760 价差=-114,[HC] 多carry 热卷1806 1手(多)@3925 / 热卷1807 1手(空)@3878 价差=47 z=-0.82 | [Y] 多carry 豆油1807 1手(多)@5646 / 豆油1808 1手(空)@5760 价差=-114 z=-1.52
2018-02-26,False,2,4,760.0,724.24,0.0,-5.0,121462.0,9454.8,0.0,0.0,369.81,60.76,0.0003698105000000115,130916.8,空carry 黄金1806 1手(空)@275.85 / 黄金1808 1手(多)@276.25 价差=-0.4,空carry 热卷1806 1手(空)@4001 / 热卷1807 1手(多)@3878 价差=123,,,[AU] 空carry 黄金1806 1手(空)@275.85 / 黄金1808 1手(多)@276.25 价差=-0.4 z=1.02 | [HC] 空carry 热卷1806 1手(空)@4001 / 热卷1807 1手(多)@3878 价差=123 z=1.31
2018-02-27,False,2,4,-40.0,-336.07,0.0,-5.0,0.0,9639.599999999999,0.0,16223.2,-95.27,61.07,-9.526649999999958e-05,25862.8,,多carry 热卷1806 1手(多)@4041 / 热卷1807 1手(空)@3992 价差=49,,多carry 豆油1807 1手(多)@5746 / 豆油1808 1手(空)@5842 价差=-96,[HC] 多carry 热卷1806 1手(多)@4041 / 热卷1807 1手(空)@3992 价差=49 z=-0.80 | [Y] 多carry 豆油1807 1手(多)@5746 / 豆油1808 1手(空)@5842 价差=-96 z=-0.98
2018-02-28,False,2,4,0.0,580.0,0.0,-20.0,0.0,9601.2,0.0,16223.2,140.0,0.0,0.0001399999999999996,25824.4,,多carry 热卷1806 1手(多)@4009 / 热卷1807 1手(空)@3992 价差=17,,多carry 豆油1807 1手(多)@5746 / 豆油1808 1手(空)@5842 价差=-96,[HC] 多carry 热卷1806 1手(多)@4009 / 热卷1807 1手(空)@3992 价差=17 z=-1.61 | [Y] 多carry 豆油1807 1手(多)@5746 / 豆油1808 1手(空)@5842 价差=-96 z=-0.89
2018-03-01,False,3,6,910.0,0.0,0.0,2200.0,121077.0,9576.0,0.0,16242.800000000003,777.5,40.0,0.0007774999999999987,146895.8,多carry 黄金1808 1手(多)@273 / 黄金1810 1手(空)@277.35 价差=-4.35,多carry 热卷1807 1手(多)@3992 / 热卷1808 1手(空)@3988 价差=4,,多carry 豆油1807 1手(多)@5752 / 豆油1808 1手(空)@5850 价差=-98,[AU] 多carry 黄金1808 1手(多)@273 / 黄金1810 1手(空)@277.35 价差=-4.35 z=-1.25 | [HC] 多carry 热卷1807 1手(多)@3992 / 热卷1808 1手(空)@3988 价差=4 z=-1.71 | [Y] 多carry 豆油1807 1手(多)@5752 / 豆油1808 1手(空)@5850 价差=-98 z=-0.85
2018-03-02,False,2,4,-40.0,-830.0,0.0,1970.0,0.0,9576.0,0.0,16590.0,275.0,50.0,0.00027499999999999985,26166.0,,多carry 热卷1807 1手(多)@3992 / 热卷1808 1手(空)@3988 价差=4,,空carry 豆油1807 1手(空)@5986 / 豆油1808 1手(多)@5864 价差=122,[HC] 多carry 热卷1807 1手(多)@3992 / 热卷1808 1手(空)@3988 价差=4 z=-1.53 | [Y] 空carry 豆油1807 1手(空)@5986 / 豆油1808 1手(多)@5864 价差=122 z=3.11
2018-03-05,False,2,4,0.0,0.0,-5.0,-5.0,0.0,9476.4,14660.800000000001,0.0,-2.5,10.0,-2.5e-06,24137.2,,多carry 热卷1807 1手(多)@3909 / 热卷1808 1手(空)@3988 价差=-79,空carry 棕榈油1807 1手(空)@5288 / 棕榈油1808 1手(多)@5184 价差=104,,[HC] 多carry 热卷1807 1手(多)@3909 / 热卷1808 1手(空)@3988 价差=-79 z=-2.60 | [P] 空carry 棕榈油1807 1手(空)@5288 / 棕榈油1808 1手(多)@5184 价差=104 z=1.81
2018-03-06,False,3,6,0.0,30.0,940.0,-5.0,0.0,9476.4,14660.800000000001,16637.6,241.25,5.0,0.00024125000000000023,40774.8,,多carry 热卷1807 1手(多)@3909 / 热卷1808 1手(空)@3988 价差=-79,空carry 棕榈油1807 1手(空)@5288 / 棕榈油1808 1手(多)@5184 价差=104,空carry 豆油1807 1手(空)@5944 / 豆油1808 1手(多)@5940 价差=4,[HC] 多carry 热卷1807 1手(多)@3909 / 热卷1808 1手(空)@3988 价差=-79 z=-2.13 | [P] 空carry 棕榈油1807 1手(空)@5288 / 棕榈油1808 1手(多)@5184 价差=104 z=1.74 | [Y] 空carry 豆油1807 1手(空)@5944 / 豆油1808 1手(多)@5940 价差=4 z=1.05
2018-03-07,False,2,4,0.0,0.0,-5.0,400.0,0.0,9480.0,0.0,16637.6,98.75,5.0,9.875000000000037e-05,26117.6,,多carry 热卷1807 1手(多)@3912 / 热卷1808 1手(空)@3988 价差=-76,,空carry 豆油1807 1手(空)@5944 / 豆油1808 1手(多)@5940 价差=4,[HC] 多carry 热卷1807 1手(多)@3912 / 热卷1808 1手(空)@3988 价差=-76 z=-1.79 | [Y] 空carry 豆油1807 1手(空)@5944 / 豆油1808 1手(多)@5940 价差=4 z=0.97
2018-03-08,False,2,4,0.0,-1300.0,-5.0,-5.0,0.0,9480.0,14742.000000000002,0.0,-327.5,10.0,-0.00032749999999999956,24222.0,,多carry 热卷1807 1手(多)@3912 / 热卷1808 1手(空)@3988 价差=-76,空carry 棕榈油1807 1手(空)@5288 / 棕榈油1808 1手(多)@5242 价差=46,,[HC] 多carry 热卷1807 1手(多)@3912 / 热卷1808 1手(空)@3988 价差=-76 z=-1.57 | [P] 空carry 棕榈油1807 1手(空)@5288 / 棕榈油1808 1手(多)@5242 价差=46 z=0.95
2018-03-09,False,2,4,0.0,1330.0,540.0,0.0,0.0,9324.0,14742.000000000002,0.0,467.5,0.0,0.00046749999999999965,24066.0,,多carry 热卷1807 1手(多)@3782 / 热卷1808 1手(空)@3988 价差=-206,空carry 棕榈油1807 1手(空)@5288 / 棕榈油1808 1手(多)@5242 价差=46,,[HC] 多carry 热卷1807 1手(多)@3782 / 热卷1808 1手(空)@3988 价差=-206 z=-2.71 | [P] 空carry 棕榈油1807 1手(空)@5288 / 棕榈油1808 1手(多)@5242 价差=46 z=0.98
2018-03-12,False,1,2,0.0,-330.0,-5.0,0.0,0.0,9164.4,0.0,0.0,-83.75,5.0,-8.37499999999997e-05,9164.4,,多carry 热卷1807 1手(多)@3782 / 热卷1808 1手(空)@3855 价差=-73,,,[HC] 多carry 热卷1807 1手(多)@3782 / 热卷1808 1手(空)@3855 价差=-73 z=-1.00
2018-03-13,False,2,4,0.0,-510.0,-5.0,0.0,0.0,9204.0,14484.400000000001,0.0,-128.75,5.0,-0.00012874999999999993,23688.4,,多carry 热卷1807 1手(多)@3782 / 热卷1808 1手(空)@3888 价差=-106,空carry 棕榈油1807 1手(空)@5234 / 棕榈油1808 1手(多)@5112 价差=122,,[HC] 多carry 热卷1807 1手(多)@3782 / 热卷1808 1手(空)@3888 价差=-106 z=-1.26 | [P] 空carry 棕榈油1807 1手(空)@5234 / 棕榈油1808 1手(多)@5112 价差=122 z=2.13
2018-03-14,False,2,4,0.0,0.0,500.0,0.0,0.0,9142.8,14484.400000000001,0.0,125.0,0.0,0.00012499999999999968,23627.2,,多carry 热卷1807 1手(多)@3731 / 热卷1808 1手(空)@3888 价差=-157,空carry 棕榈油1807 1手(空)@5234 / 棕榈油1808 1手(多)@5112 价差=122,,[HC] 多carry 热卷1807 1手(多)@3731 / 热卷1808 1手(空)@3888 价差=-157 z=-1.64 | [P] 空carry 棕榈油1807 1手(空)@5234 / 棕榈油1808 1手(多)@5112 价差=122 z=2.09
2018-03-15,False,2,4,0.0,200.0,-0.0,0.0,0.0,9142.8,14554.400000000001,0.0,50.0,0.0,5.0000000000000226e-05,23697.2,,多carry 热卷1807 1手(多)@3731 / 热卷1808 1手(空)@3888 价差=-157,空carry 棕榈油1807 1手(空)@5234 / 棕榈油1808 1手(多)@5162 价差=72,,[HC] 多carry 热卷1807 1手(多)@3731 / 热卷1808 1手(空)@3888 价差=-157 z=-1.45 | [P] 空carry 棕榈油1807 1手(空)@5234 / 棕榈油1808 1手(多)@5162 价差=72 z=1.37
2018-03-16,False,3,6,-690.0,370.0,-0.0,0.0,120439.0,9166.8,14554.400000000001,0.0,-80.0,40.0,-8.000000000000723e-05,144160.2,多carry 黄金1808 1手(多)@272.3 / 黄金1810 1手(空)@275.15 价差=-2.85,多carry 热卷1807 1手(多)@3751 / 热卷1808 1手(空)@3888 价差=-137,空carry 棕榈油1807 1手(空)@5234 / 棕榈油1808 1手(多)@5162 价差=72,,[AU] 多carry 黄金1808 1手(多)@272.3 / 黄金1810 1手(空)@275.15 价差=-2.85 z=-0.92 | [HC] 多carry 热卷1807 1手(多)@3751 / 热卷1808 1手(空)@3888 价差=-137 z=-1.11 | [P] 空carry 棕榈油1807 1手(空)@5234 / 棕榈油1808 1手(多)@5162 价差=72 z=1.42
2018-03-19,False,2,4,1350.0,-7.68,-0.0,0.0,120296.0,0.0,14554.400000000001,0.0,335.58,7.68,0.0003355810000000087,134850.4,多carry 黄金1808 1手(多)@271.65 / 黄金1810 1手(空)@275.15 价差=-3.5,,空carry 棕榈油1807 1手(空)@5234 / 棕榈油1808 1手(多)@5162 价差=72,,[AU] 多carry 黄金1808 1手(多)@271.65 / 黄金1810 1手(空)@275.15 价差=-3.5 z=-1.32 | [P] 空carry 棕榈油1807 1手(空)@5234 / 棕榈油1808 1手(多)@5162 价差=72 z=1.44
2018-03-20,False,1,2,-40.0,0.0,-0.0,0.0,0.0,0.0,14554.400000000001,0.0,-10.0,40.0,-1e-05,14554.4,,,空carry 棕榈油1807 1手(空)@5234 / 棕榈油1808 1手(多)@5162 价差=72,,[P] 空carry 棕榈油1807 1手(空)@5234 / 棕榈油1808 1手(多)@5162 价差=72 z=1.41
2018-03-21,False,3,6,2810.0,0.0,440.0,575.0,120428.0,0.0,14554.400000000001,16195.2,956.25,45.0,0.0009562500000000098,151177.6,多carry 黄金1808 1手(多)@272.25 / 黄金1810 1手(空)@275.15 价差=-2.9,,空carry 棕榈油1807 1手(空)@5234 / 棕榈油1808 1手(多)@5162 价差=72,空carry 豆油1807 1手(空)@5818 / 豆油1808 1手(多)@5750 价差=68,[AU] 多carry 黄金1808 1手(多)@272.25 / 黄金1810 1手(空)@275.15 价差=-2.9 z=-0.84 | [P] 空carry 棕榈油1807 1手(空)@5234 / 棕榈油1808 1手(多)@5162 价差=72 z=1.41 | [Y] 空carry 豆油1807 1手(空)@5818 / 豆油1808 1手(多)@5750 价差=68 z=1.82
2018-03-22,False,4,8,-2830.0,-777.55,-0.0,20.0,121055.0,9060.0,14492.800000000003,16276.400000000001,-896.89,87.55,-0.000896887500000005,160884.2,空carry 黄金1808 1手(空)@275.1 / 黄金1810 1手(多)@275.15 价差=-0.05,多carry 热卷1807 1手(多)@3700 / 热卷1808 1手(空)@3850 价差=-150,空carry 棕榈油1807 1手(空)@5190 / 棕榈油1808 1手(多)@5162 价差=28,空carry 豆油1807 1手(空)@5818 / 豆油1808 1手(多)@5808 价差=10,[AU] 空carry 黄金1808 1手(空)@275.1 / 黄金1810 1手(多)@275.15 价差=-0.05 z=1.77 | [HC] 多carry 热卷1807 1手(多)@3700 / 热卷1808 1手(空)@3850 价差=-150 z=-0.97 | [P] 空carry 棕榈油1807 1手(空)@5190 / 棕榈油1808 1手(多)@5162 价差=28 z=0.76 | [Y] 空carry 豆油1807 1手(空)@5818 / 豆油1808 1手(多)@5808 价差=10 z=0.76
2018-03-23,False,3,6,-0.0,2050.0,-0.0,-5.0,121660.0,8924.4,14492.800000000003,0.0,511.25,5.0,0.0005112499999999997,145077.2,空carry 黄金1808 1手(空)@277.85 / 黄金1810 1手(多)@275.15 价差=2.7,多carry 热卷1807 1手(多)@3605 / 热卷1808 1手(空)@3832 价差=-227,空carry 棕榈油1807 1手(空)@5190 / 棕榈油1808 1手(多)@5162 价差=28,,[AU] 空carry 黄金1808 1手(空)@277.85 / 黄金1810 1手(多)@275.15 价差=2.7 z=2.96 | [HC] 多carry 热卷1807 1手(多)@3605 / 热卷1808 1手(空)@3832 价差=-227 z=-1.68 | [P] 空carry 棕榈油1807 1手(空)@5190 / 棕榈油1808 1手(多)@5162 价差=28 z=0.83
2018-03-26,False,3,6,-250.0,145.64,-440.0,0.0,121660.0,8618.4,14492.800000000003,0.0,-136.09,14.36,-0.0001360909999999938,144771.2,空carry 黄金1808 1手(空)@277.85 / 黄金1810 1手(多)@275.15 价差=2.7,空carry 热卷1807 1手(空)@3580 / 热卷1808 1手(多)@3602 价差=-22,空carry 棕榈油1807 1手(空)@5190 / 棕榈油1808 1手(多)@5162 价差=28,,[AU] 空carry 黄金1808 1手(空)@277.85 / 黄金1810 1手(多)@275.15 价差=2.7 z=2.41 | [HC] 空carry 热卷1807 1手(空)@3580 / 热卷1808 1手(多)@3602 价差=-22 z=0.92 | [P] 空carry 棕榈油1807 1手(空)@5190 / 棕榈油1808 1手(多)@5162 价差=28 z=0.81
2018-03-27,False,3,6,2200.0,-0.0,-460.0,0.0,121715.0,8709.599999999999,14431.2,0.0,435.0,0.0,0.00043500000000001296,144855.8,空carry 黄金1808 1手(空)@278.1 / 黄金1810 1手(多)@275.15 价差=2.95,空carry 热卷1807 1手(空)@3610 / 热卷1808 1手(多)@3648 价差=-38,空carry 棕榈油1807 1手(空)@5190 / 棕榈油1808 1手(多)@5118 价差=72,,[AU] 空carry 黄金1808 1手(空)@278.1 / 黄金1810 1手(多)@275.15 价差=2.95 z=2.11 | [HC] 空carry 热卷1807 1手(空)@3610 / 热卷1808 1手(多)@3648 价差=-38 z=0.83 | [P] 空carry 棕榈油1807 1手(空)@5190 / 棕榈油1808 1手(多)@5118 价差=72 z=1.46
2018-03-28,False,3,6,2700.0,410.0,-0.0,0.0,121231.0,8709.599999999999,14366.800000000003,0.0,777.5,0.0,0.0007774999999999939,144307.4,空carry 黄金1808 1手(空)@275.9 / 黄金1810 1手(多)@275.15 价差=0.75,空carry 热卷1807 1手(空)@3610 / 热卷1808 1手(多)@3648 价差=-38,空carry 棕榈油1807 1手(空)@5190 / 棕榈油1808 1手(多)@5072 价差=118,,[AU] 空carry 黄金1808 1手(空)@275.9 / 黄金1810 1手(多)@275.15 价差=0.75 z=0.97 | [HC] 空carry 热卷1807 1手(空)@3610 / 热卷1808 1手(多)@3648 价差=-38 z=0.93 | [P] 空carry 棕榈油1807 1手(空)@5190 / 棕榈油1808 1手(多)@5072 价差=118 z=2.07
2018-03-29,False,1,2,-40.0,-7.26,-440.0,0.0,0.0,0.0,14366.800000000003,0.0,-121.82,47.26,-0.00012181525000000064,14366.8,,,空carry 棕榈油1807 1手(空)@5190 / 棕榈油1808 1手(多)@5072 价差=118,,[P] 空carry 棕榈油1807 1手(空)@5190 / 棕榈油1808 1手(多)@5072 价差=118 z=1.98
2018-03-30,False,2,4,0.0,0.0,1820.0,615.0,0.0,0.0,14193.2,16251.2,608.75,5.0,0.0006087500000000009,30444.4,,,空carry 棕榈油1807 1手(空)@5150 / 棕榈油1808 1手(多)@4988 价差=162,多carry 豆油1807 1手(多)@5746 / 豆油1808 1手(空)@5862 价差=-116,[P] 空carry 棕榈油1807 1手(空)@5150 / 棕榈油1808 1手(多)@4988 价差=162 z=2.48 | [Y] 多carry 豆油1807 1手(多)@5746 / 豆油1808 1手(空)@5862 价差=-116 z=-2.25
2018-04-02,False,1,2,0.0,-137.22,-5.0,-5.0,0.0,8658.0,0.0,0.0,-36.8,17.22,-3.680375000000042e-05,8658.0,,空carry 热卷1808 1手(空)@3657 / 热卷1809 1手(多)@3558 价差=99,,,[HC] 空carry 热卷1808 1手(空)@3657 / 热卷1809 1手(多)@3558 价差=99 z=2.75
2018-04-03,False,4,8,1360.0,-150.0,-65.0,-665.0,121187.0,8642.4,14394.800000000003,16335.2,120.0,50.0,0.00011999999999999628,160559.4,空carry 黄金1808 1手(空)@275.7 / 黄金1810 1手(多)@275.15 价差=0.55,空carry 热卷1808 1手(空)@3657 / 热卷1809 1手(多)@3545 价差=112,空carry 棕榈油1808 1手(空)@5170 / 棕榈油1809 1手(多)@5112 价差=58,多carry 豆油1808 1手(多)@5780 / 豆油1809 1手(空)@5888 价差=-108,[AU] 空carry 黄金1808 1手(空)@275.7 / 黄金1810 1手(多)@275.15 价差=0.55 z=0.78 | [HC] 空carry 热卷1808 1手(空)@3657 / 热卷1809 1手(多)@3545 价差=112 z=2.34 | [P] 空carry 棕榈油1808 1手(空)@5170 / 棕榈油1809 1手(多)@5112 价差=58 z=0.92 | [Y] 多carry 豆油1808 1手(多)@5780 / 豆油1809 1手(空)@5888 价差=-108 z=-1.88
2018-04-04,False,3,6,-40.0,1050.0,260.0,1960.0,0.0,8624.4,14492.800000000001,16427.600000000002,807.5,40.0,0.0008074999999999994,39544.8,,空carry 热卷1808 1手(空)@3657 / 热卷1809 1手(多)@3530 价差=127,空carry 棕榈油1808 1手(空)@5208 / 棕榈油1809 1手(多)@5144 价差=64,多carry 豆油1808 1手(多)@5780 / 豆油1809 1手(空)@5954 价差=-174,[HC] 空carry 热卷1808 1手(空)@3657 / 热卷1809 1手(多)@3530 价差=127 z=2.09 | [P] 空carry 棕榈油1808 1手(空)@5208 / 棕榈油1809 1手(多)@5144 价差=64 z=0.97 | [Y] 多carry 豆油1808 1手(多)@5780 / 豆油1809 1手(空)@5954 价差=-174 z=-2.60
2018-04-09,False,2,4,0.0,-110.0,-5.0,-270.0,0.0,8750.4,0.0,16763.600000000002,-96.25,15.0,-9.625000000000123e-05,25514.0,,空carry 热卷1808 1手(空)@3657 / 热卷1809 1手(多)@3635 价差=22,,空carry 豆油1808 1手(空)@5998 / 豆油1809 1手(多)@5976 价差=22,[HC] 空carry 热卷1808 1手(空)@3657 / 热卷1809 1手(多)@3635 价差=22 z=0.93 | [Y] 空carry 豆油1808 1手(空)@5998 / 豆油1809 1手(多)@5976 价差=22 z=1.05
2018-04-10,False,3,6,0.0,-1300.0,-245.0,-1200.0,0.0,8737.2,14470.400000000001,16727.2,-686.25,5.0,-0.0006862500000000009,39934.8,,空carry 热卷1808 1手(空)@3657 / 热卷1809 1手(多)@3624 价差=33,空carry 棕榈油1808 1手(空)@5194 / 棕榈油1809 1手(多)@5142 价差=52,空carry 豆油1808 1手(空)@5998 / 豆油1809 1手(多)@5950 价差=48,[HC] 空carry 热卷1808 1手(空)@3657 / 热卷1809 1手(多)@3624 价差=33 z=0.95 | [P] 空carry 棕榈油1808 1手(空)@5194 / 棕榈油1809 1手(多)@5142 价差=52 z=0.76 | [Y] 空carry 豆油1808 1手(空)@5998 / 豆油1809 1手(多)@5950 价差=48 z=1.37
2018-04-11,False,3,6,0.0,560.0,160.0,-480.0,0.0,8799.599999999999,14436.800000000001,16755.2,60.0,0.0,5.999999999999841e-05,39991.6,,空carry 热卷1808 1手(空)@3748 / 热卷1809 1手(多)@3585 价差=163,空carry 棕榈油1808 1手(空)@5194 / 棕榈油1809 1手(多)@5118 价差=76,空carry 豆油1808 1手(空)@6068 / 豆油1809 1手(多)@5900 价差=168,[HC] 空carry 热卷1808 1手(空)@3748 / 热卷1809 1手(多)@3585 价差=163 z=1.93 | [P] 空carry 棕榈油1808 1手(空)@5194 / 棕榈油1809 1手(多)@5118 价差=76 z=1.06 | [Y] 空carry 豆油1808 1手(空)@6068 / 豆油1809 1手(多)@5900 价差=168 z=2.62
2018-04-12,False,4,8,1610.0,90.0,220.0,2520.0,121583.0,8866.8,14184.800000000001,16626.4,1110.0,40.0,0.0011100000000000105,161261.0,空carry 黄金1808 1手(空)@277 / 黄金1810 1手(多)@275.65 价差=1.35,空carry 热卷1808 1手(空)@3748 / 热卷1809 1手(多)@3641 价差=107,空carry 棕榈油1808 1手(空)@5096 / 棕榈油1809 1手(多)@5036 价差=60,空carry 豆油1808 1手(空)@6046 / 豆油1809 1手(多)@5830 价差=216,[AU] 空carry 黄金1808 1手(空)@277 / 黄金1810 1手(多)@275.65 价差=1.35 z=0.97 | [HC] 空carry 热卷1808 1手(空)@3748 / 热卷1809 1手(多)@3641 价差=107 z=1.27 | [P] 空carry 棕榈油1808 1手(空)@5096 / 棕榈油1809 1手(多)@5036 价差=60 z=0.83 | [Y] 空carry 豆油1808 1手(空)@6046 / 豆油1809 1手(多)@5830 价差=216 z=2.52
2018-04-13,False,1,2,-40.0,-660.0,-5.0,-5.0,0.0,8877.599999999999,0.0,0.0,-177.5,50.0,-0.00017750000000000014,8877.6,,空carry 热卷1808 1手(空)@3748 / 热卷1809 1手(多)@3650 价差=98,,,[HC] 空carry 热卷1808 1手(空)@3748 / 热卷1809 1手(多)@3650 价差=98 z=1.08
2018-04-16,False,2,4,0.0,460.0,715.0,0.0,0.0,8798.4,14196.0,0.0,293.75,5.0,0.00029375000000000034,22994.4,,空carry 热卷1808 1手(空)@3748 / 热卷1809 1手(多)@3584 价差=164,空carry 棕榈油1808 1手(空)@5116 / 棕榈油1809 1手(多)@5024 价差=92,,[HC] 空carry 热卷1808 1手(空)@3748 / 热卷1809 1手(多)@3584 价差=164 z=1.48 | [P] 空carry 棕榈油1808 1手(空)@5116 / 棕榈油1809 1手(多)@5024 价差=92 z=1.23
2018-04-17,False,2,4,0.0,650.0,-5.0,175.0,0.0,8853.599999999999,0.0,16192.400000000001,205.0,10.0,0.00020499999999999897,25046.0,,空carry 热卷1808 1手(空)@3748 / 热卷1809 1手(多)@3630 价差=118,,多carry 豆油1808 1手(多)@5746 / 豆油1809 1手(空)@5820 价差=-74,[HC] 空carry 热卷1808 1手(空)@3748 / 热卷1809 1手(多)@3630 价差=118 z=0.98 | [Y] 多carry 豆油1808 1手(多)@5746 / 豆油1809 1手(空)@5820 价差=-74 z=-0.81
2018-04-18,True,0,0,0.0,-7.44,0.0,-5.0,0.0,0.0,0.0,0.0,-3.11,12.44,-3.11075e-06,0.0,,,,,全品种空仓
2018-04-19,False,1,2,0.0,0.0,795.0,0.0,0.0,0.0,13823.600000000002,0.0,198.75,5.0,0.0001987500000000002,13823.6,,,多carry 棕榈油1808 1手(多)@4858 / 棕榈油1809 1手(空)@5016 价差=-158,,[P] 多carry 棕榈油1808 1手(多)@4858 / 棕榈油1809 1手(空)@5016 价差=-158 z=-2.51
2018-04-20,False,1,2,0.0,0.0,-120.0,0.0,0.0,0.0,13918.800000000003,0.0,-30.0,0.0,-3.000000000000106e-05,13918.8,,,多carry 棕榈油1808 1手(多)@4932 / 棕榈油1809 1手(空)@5010 价差=-78,,[P] 多carry 棕榈油1808 1手(多)@4932 / 棕榈油1809 1手(空)@5010 价差=-78 z=-1.28
2018-04-23,False,2,4,-340.0,0.0,960.0,0.0,121352.0,0.0,13918.800000000001,0.0,155.0,40.0,0.00015499999999999916,135270.8,多carry 黄金1808 1手(多)@274.5 / 黄金1810 1手(空)@277.1 价差=-2.6,,多carry 棕榈油1808 1手(多)@4926 / 棕榈油1809 1手(空)@5016 价差=-90,,[AU] 多carry 黄金1808 1手(多)@274.5 / 黄金1810 1手(空)@277.1 价差=-2.6 z=-1.73 | [P] 多carry 棕榈油1808 1手(多)@4926 / 棕榈油1809 1手(空)@5016 价差=-90 z=-1.43
2018-04-24,False,1,2,-250.0,0.0,-5.0,0.0,121286.0,0.0,0.0,0.0,-63.75,5.0,-6.375000000000159e-05,121286.0,多carry 黄金1808 1手(多)@274.2 / 黄金1810 1手(空)@277.1 价差=-2.9,,,,[AU] 多carry 黄金1808 1手(多)@274.2 / 黄金1810 1手(空)@277.1 价差=-2.9 z=-1.72
2018-04-25,False,2,4,-600.0,0.0,-65.0,0.0,121231.0,0.0,14070.000000000002,0.0,-166.25,5.0,-0.00016624999999999415,135301.0,多carry 黄金1808 1手(多)@273.95 / 黄金1810 1手(空)@277.1 价差=-3.15,,空carry 棕榈油1808 1手(空)@5060 / 棕榈油1809 1手(多)@4990 价差=70,,[AU] 多carry 黄金1808 1手(多)@273.95 / 黄金1810 1手(空)@277.1 价差=-3.15 z=-1.71 | [P] 空carry 棕榈油1808 1手(空)@5060 / 棕榈油1809 1手(多)@4990 价差=70 z=0.86
2018-04-26,False,2,4,-700.0,0.0,80.0,0.0,121099.0,0.0,14061.600000000002,0.0,-155.0,0.0,-0.00015500000000001022,135160.6,多carry 黄金1808 1手(多)@273.35 / 黄金1810 1手(空)@277.1 价差=-3.75,,空carry 棕榈油1808 1手(空)@5060 / 棕榈油1809 1手(多)@4984 价差=76,,[AU] 多carry 黄金1808 1手(多)@273.35 / 黄金1810 1手(空)@277.1 价差=-3.75 z=-1.93 | [P] 空carry 棕榈油1808 1手(空)@5060 / 棕榈油1809 1手(多)@4984 价差=76 z=0.91
2018-04-27,False,2,4,-400.0,0.0,-60.0,0.0,120945.0,0.0,14072.800000000003,0.0,-115.0,0.0,-0.00011499999999999584,135017.8,多carry 黄金1808 1手(多)@272.65 / 黄金1810 1手(空)@277.1 价差=-4.45,,空carry 棕榈油1808 1手(空)@5060 / 棕榈油1809 1手(多)@4992 价差=68,,[AU] 多carry 黄金1808 1手(多)@272.65 / 黄金1810 1手(空)@277.1 价差=-4.45 z=-2.01 | [P] 空carry 棕榈油1808 1手(空)@5060 / 棕榈油1809 1手(多)@4992 价差=68 z=0.77
2018-05-02,False,4,8,3820.0,52.28,-70.0,195.0,121264.0,9260.4,14064.400000000001,16259.600000000002,999.32,102.72,0.0009993207499999909,160848.4,空carry 黄金1810 1手(空)@277.1 / 黄金1812 1手(多)@274.1 价差=3,空carry 热卷1809 1手(空)@3916 / 热卷1810 1手(多)@3801 价差=115,多carry 棕榈油1809 1手(多)@4986 / 棕榈油1810 1手(空)@5060 价差=-74,多carry 豆油1809 1手(多)@5758 / 豆油1811 1手(空)@5856 价差=-98,[AU] 空carry 黄金1810 1手(空)@277.1 / 黄金1812 1手(多)@274.1 价差=3 z=1.97 | [HC] 空carry 热卷1809 1手(空)@3916 / 热卷1810 1手(多)@3801 价差=115 z=0.76 | [P] 多carry 棕榈油1809 1手(多)@4986 / 棕榈油1810 1手(空)@5060 价差=-74 z=-1.34 | [Y] 多carry 豆油1809 1手(多)@5758 / 豆油1811 1手(空)@5856 价差=-98 z=-1.00
2018-05-03,False,2,4,-40.0,-7.58,480.0,240.0,0.0,0.0,14056.000000000002,16287.600000000002,168.1,47.58,0.0001681042500000007,30343.6,,,多carry 棕榈油1809 1手(多)@4980 / 棕榈油1810 1手(空)@5060 价差=-80,多carry 豆油1809 1手(多)@5778 / 豆油1811 1手(空)@5856 价差=-78,[P] 多carry 棕榈油1809 1手(多)@4980 / 棕榈油1810 1手(空)@5060 价差=-80 z=-1.40 | [Y] 多carry 豆油1809 1手(多)@5778 / 豆油1811 1手(空)@5856 价差=-78 z=-0.82
2018-05-04,False,1,2,0.0,122.4,-5.0,-5.0,0.0,9118.8,0.0,0.0,28.1,17.6,2.8100249999999843e-05,9118.8,,空carry 热卷1809 1手(空)@3862 / 热卷1810 1手(多)@3737 价差=125,,,[HC] 空carry 热卷1809 1手(空)@3862 / 热卷1810 1手(多)@3737 价差=125 z=0.89
2018-05-07,False,1,2,160.0,-7.6,0.0,0.0,120571.0,0.0,0.0,0.0,38.1,47.6,3.8099499999999976e-05,120571.0,多carry 黄金1810 1手(多)@272.9 / 黄金1812 1手(空)@275.15 价差=-2.25,,,,[AU] 多carry 黄金1810 1手(多)@272.9 / 黄金1812 1手(空)@275.15 价差=-2.25 z=-0.77
2018-05-08,False,2,4,-40.0,1022.4,655.0,0.0,0.0,9114.0,14064.400000000001,0.0,409.35,52.6,0.00040935124999999897,23178.4,,空carry 热卷1809 1手(空)@3861 / 热卷1810 1手(多)@3734 价差=127,多carry 棕榈油1809 1手(多)@4986 / 棕榈油1810 1手(空)@5060 价差=-74,,[HC] 空carry 热卷1809 1手(空)@3861 / 热卷1810 1手(多)@3734 价差=127 z=0.93 | [P] 多carry 棕榈油1809 1手(多)@4986 / 棕榈油1810 1手(空)@5060 价差=-74 z=-1.34
2018-05-09,False,1,2,0.0,-4.75,-5.0,0.0,0.0,8851.2,0.0,0.0,-2.44,19.75,-2.4379999999997444e-06,8851.2,,多carry 热卷1809 1手(多)@3700 / 热卷1810 1手(空)@3676 价差=24,,,[HC] 多carry 热卷1809 1手(多)@3700 / 热卷1810 1手(空)@3676 价差=24 z=-1.12
2018-05-10,False,1,2,0.0,0.0,0.0,0.0,0.0,8948.4,0.0,0.0,0.0,0.0,7.105427357601002e-19,8948.4,,多carry 热卷1809 1手(多)@3741 / 热卷1810 1手(空)@3716 价差=25,,,[HC] 多carry 热卷1809 1手(多)@3741 / 热卷1810 1手(空)@3716 价差=25 z=-1.09
2018-05-11,False,1,2,0.0,180.0,0.0,0.0,0.0,9070.8,0.0,0.0,45.0,0.0,4.5000000000000626e-05,9070.8,,多carry 热卷1809 1手(多)@3792 / 热卷1810 1手(空)@3767 价差=25,,,[HC] 多carry 热卷1809 1手(多)@3792 / 热卷1810 1手(空)@3767 价差=25 z=-1.00
2018-05-14,False,2,4,0.0,-7.58,295.0,-145.0,0.0,0.0,14274.400000000001,16326.800000000003,35.6,17.58,3.560474999999958e-05,30601.2,,,多carry 棕榈油1809 1手(多)@5070 / 棕榈油1810 1手(空)@5126 价差=-56,多carry 豆油1809 1手(多)@5780 / 豆油1811 1手(空)@5882 价差=-102,[P] 多carry 棕榈油1809 1手(多)@5070 / 棕榈油1810 1手(空)@5126 价差=-56 z=-1.04 | [Y] 多carry 豆油1809 1手(多)@5780 / 豆油1811 1手(空)@5882 价差=-102 z=-1.79
2018-05-15,False,3,6,560.0,2.38,-5.0,-260.0,120505.0,9145.2,0.0,16307.2,74.34,52.62,7.434474999998728e-05,145957.4,空carry 黄金1810 1手(空)@273.95 / 黄金1812 1手(多)@273.8 价差=0.15,多carry 热卷1809 1手(多)@3825 / 热卷1810 1手(空)@3796 价差=29,,多carry 豆油1809 1手(多)@5766 / 豆油1811 1手(空)@5882 价差=-116,[AU] 空carry 黄金1810 1手(空)@273.95 / 黄金1812 1手(多)@273.8 价差=0.15 z=0.76 | [HC] 多carry 热卷1809 1手(多)@3825 / 热卷1810 1手(空)@3796 价差=29 z=-0.78 | [Y] 多carry 豆油1809 1手(多)@5766 / 豆油1811 1手(空)@5882 价差=-116 z=-1.83
2018-05-16,False,2,4,-40.0,-7.65,-145.0,220.0,0.0,0.0,14232.400000000001,16270.800000000003,6.84,52.65,6.837499999999551e-06,30503.2,,,多carry 棕榈油1809 1手(多)@5066 / 棕榈油1810 1手(空)@5100 价差=-34,多carry 豆油1809 1手(多)@5740 / 豆油1811 1手(空)@5882 价差=-142,[P] 多carry 棕榈油1809 1手(多)@5066 / 棕榈油1810 1手(空)@5100 价差=-34 z=-0.76 | [Y] 多carry 豆油1809 1手(多)@5740 / 豆油1811 1手(空)@5882 价差=-142 z=-2.13
2018-05-17,False,3,6,0.0,212.28,620.0,680.0,0.0,9260.4,14252.0,16251.2,378.07,7.72,0.00037807074999999927,39763.6,,多carry 热卷1809 1手(多)@3870 / 热卷1810 1手(空)@3847 价差=23,多carry 棕榈油1809 1手(多)@5066 / 棕榈油1810 1手(空)@5114 价差=-48,多carry 豆油1809 1手(多)@5744 / 豆油1811 1手(空)@5864 价差=-120,[HC] 多carry 热卷1809 1手(多)@3870 / 热卷1810 1手(空)@3847 价差=23 z=-0.77 | [P] 多carry 棕榈油1809 1手(多)@5066 / 棕榈油1810 1手(空)@5114 价差=-48 z=-1.00 | [Y] 多carry 豆油1809 1手(多)@5744 / 豆油1811 1手(空)@5864 价差=-120 z=-1.53
2018-05-18,True,0,0,0.0,-7.64,-5.0,-5.0,0.0,0.0,0.0,0.0,-4.41,17.64,-4.4112499999999995e-06,0.0,,,,,全品种空仓
2018-05-21,False,3,6,710.0,0.0,295.0,1795.0,118635.0,0.0,14459.2,16517.2,700.0,50.0,0.0007000000000000015,149611.4,空carry 黄金1810 1手(空)@269.75 / 黄金1812 1手(多)@269.5 价差=0.25,,多carry 棕榈油1809 1手(多)@5132 / 棕榈油1810 1手(空)@5196 价差=-64,多carry 豆油1809 1手(多)@5794 / 豆油1811 1手(空)@6004 价差=-210,[AU] 空carry 黄金1810 1手(空)@269.75 / 黄金1812 1手(多)@269.5 价差=0.25 z=0.98 | [P] 多carry 棕榈油1809 1手(多)@5132 / 棕榈油1810 1手(空)@5196 价差=-64 z=-1.24 | [Y] 多carry 豆油1809 1手(多)@5794 / 豆油1811 1手(空)@6004 价差=-210 z=-2.56
2018-05-22,False,1,2,-40.0,0.0,-180.0,-5.0,0.0,0.0,14501.2,0.0,-56.25,45.0,-5.6250000000000656e-05,14501.2,,,多carry 棕榈油1809 1手(多)@5162 / 棕榈油1810 1手(空)@5196 价差=-34,,[P] 多carry 棕榈油1809 1手(多)@5162 / 棕榈油1810 1手(空)@5196 价差=-34 z=-0.78
2018-05-23,False,1,2,0.0,0.0,-100.0,0.0,0.0,0.0,14476.0,0.0,-25.0,0.0,-2.4999999999998124e-05,14476.0,,,多carry 棕榈油1809 1手(多)@5144 / 棕榈油1810 1手(空)@5196 价差=-52,,[P] 多carry 棕榈油1809 1手(多)@5144 / 棕榈油1810 1手(空)@5196 价差=-52 z=-1.05
2018-05-24,False,1,2,0.0,0.0,-60.0,0.0,0.0,0.0,14585.2,0.0,-15.0,0.0,-1.5000000000000256e-05,14585.2,,,多carry 棕榈油1809 1手(多)@5178 / 棕榈油1810 1手(空)@5240 价差=-62,,[P] 多carry 棕榈油1809 1手(多)@5178 / 棕榈油1810 1手(空)@5240 价差=-62 z=-1.19
2018-05-25,False,2,4,0.0,0.0,-60.0,-445.0,0.0,0.0,14425.600000000002,16424.800000000003,-126.25,5.0,-0.00012624999999999957,30850.4,,,多carry 棕榈油1809 1手(多)@5118 / 棕榈油1810 1手(空)@5186 价差=-68,多carry 豆油1809 1手(多)@5794 / 豆油1811 1手(空)@5938 价差=-144,[P] 多carry 棕榈油1809 1手(多)@5118 / 棕榈油1810 1手(空)@5186 价差=-68 z=-1.28 | [Y] 多carry 豆油1809 1手(多)@5794 / 豆油1811 1手(空)@5938 价差=-144 z=-1.34
2018-05-28,False,2,4,0.0,0.0,280.0,920.0,0.0,0.0,14198.800000000001,16363.2,300.0,0.0,0.00030000000000000057,30562.0,,,多carry 棕榈油1809 1手(多)@5034 / 棕榈油1810 1手(空)@5108 价差=-74,多carry 豆油1809 1手(多)@5750 / 豆油1811 1手(空)@5938 价差=-188,[P] 多carry 棕榈油1809 1手(多)@5034 / 棕榈油1810 1手(空)@5108 价差=-74 z=-1.37 | [Y] 多carry 豆油1809 1手(多)@5750 / 豆油1811 1手(空)@5938 价差=-188 z=-1.81
2018-05-29,False,2,4,1760.0,0.0,200.0,-5.0,119801.0,0.0,14254.800000000001,0.0,488.75,45.0,0.000488750000000003,134055.8,多carry 黄金1810 1手(多)@271.3 / 黄金1812 1手(空)@273.25 价差=-1.95,,多carry 棕榈油1809 1手(多)@5068 / 棕榈油1810 1手(空)@5114 价差=-46,,[AU] 多carry 黄金1810 1手(多)@271.3 / 黄金1812 1手(空)@273.25 价差=-1.95 z=-0.90 | [P] 多carry 棕榈油1809 1手(多)@5068 / 棕榈油1810 1手(空)@5114 价差=-46 z=-0.92
2018-05-30,False,2,4,1220.0,0.0,-5.0,695.0,120593.0,0.0,0.0,16590.0,477.5,90.0,0.000477499999999998,137183.0,空carry 黄金1810 1手(空)@274 / 黄金1812 1手(多)@274.15 价差=-0.15,,,多carry 豆油1809 1手(多)@5838 / 豆油1811 1手(空)@6012 价差=-174,[AU] 空carry 黄金1810 1手(空)@274 / 黄金1812 1手(多)@274.15 价差=-0.15 z=1.08 | [Y] 多carry 豆油1809 1手(多)@5838 / 豆油1811 1手(空)@6012 价差=-174 z=-1.42
2018-05-31,True,0,0,-40.0,0.0,0.0,-5.0,0.0,0.0,0.0,0.0,-11.25,45.0,-1.125e-05,0.0,,,,,全品种空仓
2018-06-01,False,3,6,0.0,142.18,55.0,-705.0,0.0,9381.599999999999,14554.400000000001,16769.2,-126.95,17.82,-0.0001269544999999962,40705.2,,多carry 热卷1810 1手(多)@3901 / 热卷1811 1手(空)@3917 价差=-16,多carry 棕榈油1810 1手(多)@5110 / 棕榈油1811 1手(空)@5286 价差=-176,空carry 豆油1811 1手(空)@5988 / 豆油1812 1手(多)@5990 价差=-2,[HC] 多carry 热卷1810 1手(多)@3901 / 热卷1811 1手(空)@3917 价差=-16 z=-1.97 | [P] 多carry 棕榈油1810 1手(多)@5110 / 棕榈油1811 1手(空)@5286 价差=-176 z=-2.63 | [Y] 空carry 豆油1811 1手(空)@5988 / 豆油1812 1手(多)@5990 价差=-2 z=1.26
2018-06-04,False,3,6,0.0,420.0,-900.0,300.0,0.0,9282.0,14646.800000000001,17040.800000000003,-45.0,0.0,-4.499999999999892e-05,40969.6,,多carry 热卷1810 1手(多)@3867 / 热卷1811 1手(空)@3868 价差=-1,多carry 棕榈油1810 1手(多)@5146 / 棕榈油1811 1手(空)@5316 价差=-170,空carry 豆油1811 1手(空)@6120 / 豆油1812 1手(多)@6052 价差=68,[HC] 多carry 热卷1810 1手(多)@3867 / 热卷1811 1手(空)@3868 价差=-1 z=-1.42 | [P] 多carry 棕榈油1810 1手(多)@5146 / 棕榈油1811 1手(空)@5316 价差=-170 z=-2.38 | [Y] 空carry 豆油1811 1手(空)@6120 / 豆油1812 1手(多)@6052 价差=68 z=2.05
2018-06-05,False,2,4,0.0,-7.78,0.0,-80.0,0.0,0.0,14515.2,16763.600000000002,-21.94,7.78,-2.1944250000000016e-05,31278.8,,,多carry 棕榈油1810 1手(多)@5054 / 棕榈油1811 1手(空)@5314 价差=-260,空carry 豆油1811 1手(空)@6006 / 豆油1812 1手(多)@5968 价差=38,[P] 多carry 棕榈油1810 1手(多)@5054 / 棕榈油1811 1手(空)@5314 价差=-260 z=-3.25 | [Y] 空carry 豆油1811 1手(空)@6006 / 豆油1812 1手(多)@5968 价差=38 z=1.50
2018-06-06,False,3,6,0.0,812.24,40.0,660.0,0.0,9308.4,14515.2,16752.4,378.06,7.76,0.0003780607499999998,40576.0,,空carry 热卷1810 1手(空)@3918 / 热卷1811 1手(多)@3839 价差=79,多carry 棕榈油1810 1手(多)@5054 / 棕榈油1811 1手(空)@5314 价差=-260,空carry 豆油1811 1手(空)@6006 / 豆油1812 1手(多)@5960 价差=46,[HC] 空carry 热卷1810 1手(空)@3918 / 热卷1811 1手(多)@3839 价差=79 z=1.83 | [P] 多carry 棕榈油1810 1手(多)@5054 / 棕榈油1811 1手(空)@5314 价差=-260 z=-2.95 | [Y] 空carry 豆油1811 1手(空)@6006 / 豆油1812 1手(多)@5960 价差=46 z=1.52
2018-06-07,False,2,4,0.0,-85.78,180.0,-5.0,0.0,9466.8,14509.600000000002,0.0,22.31,20.78,2.230550000000115e-05,23976.4,,多carry 热卷1810 1手(多)@3943 / 热卷1811 1手(空)@3946 价差=-3,多carry 棕榈油1810 1手(多)@5054 / 棕榈油1811 1手(空)@5310 价差=-256,,[HC] 多carry 热卷1810 1手(多)@3943 / 热卷1811 1手(空)@3946 价差=-3 z=-1.67 | [P] 多carry 棕榈油1810 1手(多)@5054 / 棕榈油1811 1手(空)@5310 价差=-256 z=-2.67
2018-06-08,False,2,4,0.0,850.0,-380.0,0.0,0.0,9458.4,14495.600000000002,0.0,117.5,0.0,0.00011749999999999886,23954.0,,多carry 热卷1810 1手(多)@3936 / 热卷1811 1手(空)@3946 价差=-10,多carry 棕榈油1810 1手(多)@5058 / 棕榈油1811 1手(空)@5296 价差=-238,,[HC] 多carry 热卷1810 1手(多)@3936 / 热卷1811 1手(空)@3946 价差=-10 z=-1.74 | [P] 多carry 棕榈油1810 1手(多)@5058 / 棕榈油1811 1手(空)@5296 价差=-238 z=-2.32
2018-06-11,False,2,4,0.0,-415.59,200.0,0.0,0.0,9356.4,14403.2,0.0,-53.9,15.59,-5.3898500000000683e-05,23759.6,,空carry 热卷1810 1手(空)@3936 / 热卷1811 1手(多)@3861 价差=75,多carry 棕榈油1810 1手(多)@5006 / 棕榈油1811 1手(空)@5282 价差=-276,,[HC] 空carry 热卷1810 1手(空)@3936 / 热卷1811 1手(多)@3861 价差=75 z=1.39 | [P] 多carry 棕榈油1810 1手(多)@5006 / 棕榈油1811 1手(空)@5282 价差=-276 z=-2.55
2018-06-12,False,2,4,0.0,340.0,140.0,0.0,0.0,9404.4,14319.2,0.0,120.0,0.0,0.00012000000000000071,23723.6,,空carry 热卷1810 1手(空)@3976 / 热卷1811 1手(多)@3861 价差=115,多carry 棕榈油1810 1手(多)@4986 / 棕榈油1811 1手(空)@5242 价差=-256,,[HC] 空carry 热卷1810 1手(空)@3976 / 热卷1811 1手(多)@3861 价差=115 z=2.28 | [P] 多carry 棕榈油1810 1手(多)@4986 / 棕榈油1811 1手(空)@5242 价差=-256 z=-2.24
2018-06-13,False,3,6,0.0,110.0,440.0,95.0,0.0,9414.0,14299.600000000002,16357.600000000002,161.25,5.0,0.00016124999999999907,40071.2,,空carry 热卷1810 1手(空)@3963 / 热卷1811 1手(多)@3882 价差=81,多carry 棕榈油1810 1手(多)@4986 / 棕榈油1811 1手(空)@5228 价差=-242,空carry 豆油1811 1手(空)@5852 / 豆油1812 1手(多)@5832 价差=20,[HC] 空carry 热卷1810 1手(空)@3963 / 热卷1811 1手(多)@3882 价差=81 z=1.12 | [P] 多carry 棕榈油1810 1手(多)@4986 / 棕榈油1811 1手(空)@5228 价差=-242 z=-1.99 | [Y] 空carry 豆油1811 1手(空)@5852 / 豆油1812 1手(多)@5832 价差=20 z=1.00
2018-06-14,False,3,6,1210.0,-7.89,-140.0,-80.0,119878.0,0.0,14070.0,16371.600000000002,245.53,47.89,0.00024552800000001665,150319.6,多carry 黄金1810 1手(多)@271.55 / 黄金1812 1手(空)@273.35 价差=-1.8,,多carry 棕榈油1810 1手(多)@4926 / 棕榈油1811 1手(空)@5124 价差=-198,空carry 豆油1811 1手(空)@5852 / 豆油1812 1手(多)@5842 价差=10,[AU] 多carry 黄金1810 1手(多)@271.55 / 黄金1812 1手(空)@273.35 价差=-1.8 z=-1.39 | [P] 多carry 棕榈油1810 1手(多)@4926 / 棕榈油1811 1手(空)@5124 价差=-198 z=-1.54 | [Y] 空carry 豆油1811 1手(空)@5852 / 豆油1812 1手(多)@5842 价差=10 z=0.79
2018-06-15,False,2,4,-40.0,0.0,2080.0,2280.0,0.0,0.0,14050.400000000001,16382.800000000001,1080.0,40.0,0.0010799999999999996,30433.2,,,多carry 棕榈油1810 1手(多)@4912 / 棕榈油1811 1手(空)@5124 价差=-212,空carry 豆油1811 1手(空)@5860 / 豆油1812 1手(多)@5842 价差=18,[P] 多carry 棕榈油1810 1手(多)@4912 / 棕榈油1811 1手(空)@5124 价差=-212 z=-1.61 | [Y] 空carry 豆油1811 1手(空)@5860 / 豆油1812 1手(多)@5842 价差=18 z=0.83
2018-06-19,False,2,4,-1240.0,0.0,-5.0,1630.0,119295.0,0.0,0.0,16074.800000000001,96.25,55.0,9.625000000000028e-05,135369.8,空carry 黄金1810 1手(空)@270.85 / 黄金1812 1手(多)@271.4 价差=-0.55,,,多carry 豆油1811 1手(多)@5636 / 豆油1812 1手(空)@5846 价差=-210,[AU] 空carry 黄金1810 1手(空)@270.85 / 黄金1812 1手(多)@271.4 价差=-0.55 z=0.79 | [Y] 多carry 豆油1811 1手(多)@5636 / 豆油1812 1手(空)@5846 价差=-210 z=-1.98
2018-06-20,False,3,6,1250.0,812.27,-5.0,-5.0,119031.0,9280.8,13199.2,0.0,513.07,17.73,0.0005130665000000055,141511.0,空carry 黄金1810 1手(空)@270.85 / 黄金1812 1手(多)@270.2 价差=0.65,空carry 热卷1810 1手(空)@3909 / 热卷1811 1手(多)@3825 价差=84,空carry 棕榈油1810 1手(空)@4754 / 棕榈油1811 1手(多)@4674 价差=80,,[AU] 空carry 黄金1810 1手(空)@270.85 / 黄金1812 1手(多)@270.2 价差=0.65 z=2.40 | [HC] 空carry 热卷1810 1手(空)@3909 / 热卷1811 1手(多)@3825 价差=84 z=1.07 | [P] 空carry 棕榈油1810 1手(空)@4754 / 棕榈油1811 1手(多)@4674 价差=80 z=1.14
2018-06-21,False,2,4,-40.0,44.52,1780.0,0.0,0.0,9290.4,13199.2,0.0,446.13,55.48,0.000446129000000001,22489.6,,多carry 热卷1810 1手(多)@3872 / 热卷1811 1手(空)@3870 价差=2,空carry 棕榈油1810 1手(空)@4754 / 棕榈油1811 1手(多)@4674 价差=80,,[HC] 多carry 热卷1810 1手(多)@3872 / 热卷1811 1手(空)@3870 价差=2 z=-1.14 | [P] 空carry 棕榈油1810 1手(空)@4754 / 棕榈油1811 1手(多)@4674 价差=80 z=1.12
2018-06-22,False,1,2,0.0,10.0,-5.0,0.0,0.0,9278.4,0.0,0.0,1.25,5.0,1.2499999999999148e-06,9278.4,,多carry 热卷1810 1手(多)@3870 / 热卷1811 1手(空)@3862 价差=8,,,[HC] 多carry 热卷1810 1手(多)@3870 / 热卷1811 1手(空)@3862 价差=8 z=-0.90
2018-06-25,False,2,4,-90.0,200.0,0.0,0.0,119229.0,9226.8,0.0,0.0,27.5,40.0,2.7500000000013282e-05,128455.8,空carry 黄金1810 1手(空)@270.8 / 黄金1812 1手(多)@271.15 价差=-0.35,多carry 热卷1810 1手(多)@3849 / 热卷1811 1手(空)@3840 价差=9,,,[AU] 空carry 黄金1810 1手(空)@270.8 / 黄金1812 1手(多)@271.15 价差=-0.35 z=0.79 | [HC] 多carry 热卷1810 1手(多)@3849 / 热卷1811 1手(空)@3840 价差=9 z=-0.80
2018-06-26,False,2,4,450.0,-7.58,0.0,-245.0,119284.0,0.0,0.0,15738.800000000003,49.35,12.58,4.9354750000004236e-05,135022.8,空carry 黄金1810 1手(空)@270.95 / 黄金1812 1手(多)@271.25 价差=-0.3,,,多carry 豆油1811 1手(多)@5552 / 豆油1812 1手(空)@5690 价差=-138,[AU] 空carry 黄金1810 1手(空)@270.95 / 黄金1812 1手(多)@271.25 价差=-0.3 z=0.81 | [Y] 多carry 豆油1811 1手(多)@5552 / 豆油1812 1手(空)@5690 价差=-138 z=-1.30
2018-06-27,False,1,2,-40.0,0.0,0.0,160.0,0.0,0.0,0.0,15772.400000000001,30.0,40.0,3.0000000000000702e-05,15772.4,,,,多carry 豆油1811 1手(多)@5552 / 豆油1812 1手(空)@5714 价差=-162,[Y] 多carry 豆油1811 1手(多)@5552 / 豆油1812 1手(空)@5714 价差=-162 z=-1.50
2018-06-28,False,1,2,0.0,0.0,0.0,420.0,0.0,0.0,0.0,15794.800000000001,105.0,0.0,0.00010499999999999915,15794.8,,,,多carry 豆油1811 1手(多)@5568 / 豆油1812 1手(空)@5714 价差=-146,[Y] 多carry 豆油1811 1手(多)@5568 / 豆油1812 1手(空)@5714 价差=-146 z=-1.35
2018-06-29,False,1,2,0.0,0.0,0.0,-220.0,0.0,0.0,0.0,15853.600000000002,-55.0,0.0,-5.500000000000002e-05,15853.6,,,,多carry 豆油1811 1手(多)@5610 / 豆油1812 1手(空)@5714 价差=-104,[Y] 多carry 豆油1811 1手(多)@5610 / 豆油1812 1手(空)@5714 价差=-104 z=-0.79
2018-07-02,False,2,4,-240.0,0.0,0.0,0.0,119977.0,0.0,0.0,15884.400000000001,-60.0,40.0,-6.000000000000954e-05,135861.4,多carry 黄金1812 1手(多)@272.1 / 黄金1902 1手(空)@273.25 价差=-1.15,,,多carry 豆油1811 1手(多)@5610 / 豆油1812 1手(空)@5736 价差=-126,[AU] 多carry 黄金1812 1手(多)@272.1 / 黄金1902 1手(空)@273.25 价差=-1.15 z=-0.89 | [Y] 多carry 豆油1811 1手(多)@5610 / 豆油1812 1手(空)@5736 价差=-126 z=-0.99
2018-07-03,False,2,4,-600.0,0.0,0.0,-80.0,119933.0,0.0,0.0,15884.400000000001,-170.0,0.0,-0.00017000000000000755,135817.4,多carry 黄金1812 1手(多)@271.9 / 黄金1902 1手(空)@273.25 价差=-1.35,,,多carry 豆油1811 1手(多)@5610 / 豆油1812 1手(空)@5736 价差=-126,[AU] 多carry 黄金1812 1手(多)@271.9 / 黄金1902 1手(空)@273.25 价差=-1.35 z=-1.21 | [Y] 多carry 豆油1811 1手(多)@5610 / 豆油1812 1手(空)@5736 价差=-126 z=-0.90
2018-07-04,False,3,6,100.0,302.27,0.0,0.0,120395.0,9280.8,0.0,15895.600000000002,100.57,7.73,0.0001005665000000106,145571.4,多carry 黄金1812 1手(多)@272.65 / 黄金1902 1手(空)@274.6 价差=-1.95,多carry 热卷1811 1手(多)@3866 / 热卷1812 1手(空)@3868 价差=-2,,多carry 豆油1811 1手(多)@5610 / 豆油1812 1手(空)@5744 价差=-134,[AU] 多carry 黄金1812 1手(多)@272.65 / 黄金1902 1手(空)@274.6 价差=-1.95 z=-2.02 | [HC] 多carry 热卷1811 1手(多)@3866 / 热卷1812 1手(空)@3868 价差=-2 z=-1.10 | [Y] 多carry 豆油1811 1手(多)@5610 / 豆油1812 1手(空)@5744 价差=-134 z=-0.92
2018-07-05,False,2,4,500.0,-7.64,0.0,1660.0,120417.0,0.0,0.0,15895.600000000002,538.09,7.64,0.0005380887500000059,136312.6,多carry 黄金1812 1手(多)@272.75 / 黄金1902 1手(空)@274.6 价差=-1.85,,,多carry 豆油1811 1手(多)@5610 / 豆油1812 1手(空)@5744 价差=-134,[AU] 多carry 黄金1812 1手(多)@272.75 / 黄金1902 1手(空)@274.6 价差=-1.85 z=-1.65 | [Y] 多carry 豆油1811 1手(多)@5610 / 豆油1812 1手(空)@5744 价差=-134 z=-0.84
2018-07-06,False,3,6,-700.0,-677.65,0.0,970.0,120527.0,9180.0,0.0,16077.600000000002,-101.91,17.65,-0.0001019124999999774,145784.6,多carry 黄金1812 1手(多)@273.25 / 黄金1902 1手(空)@274.6 价差=-1.35,多carry 热卷1811 1手(多)@3819 / 热卷1812 1手(空)@3831 价差=-12,,空carry 豆油1811 1手(空)@5758 / 豆油1812 1手(多)@5726 价差=32,[AU] 多carry 黄金1812 1手(多)@273.25 / 黄金1902 1手(空)@274.6 价差=-1.35 z=-0.77 | [HC] 多carry 热卷1811 1手(多)@3819 / 热卷1812 1手(空)@3831 价差=-12 z=-1.32 | [Y] 空carry 豆油1811 1手(空)@5758 / 豆油1812 1手(多)@5726 价差=32 z=1.51
2018-07-09,False,2,4,-100.0,1070.0,0.0,-5.0,120615.0,9234.0,0.0,0.0,241.25,5.0,0.00024124999999999302,129849.0,多carry 黄金1812 1手(多)@273.1 / 黄金1902 1手(空)@275.15 价差=-2.05,多carry 热卷1811 1手(多)@3808 / 热卷1812 1手(空)@3887 价差=-79,,,[AU] 多carry 黄金1812 1手(多)@273.1 / 黄金1902 1手(空)@275.15 价差=-2.05 z=-1.71 | [HC] 多carry 热卷1811 1手(多)@3808 / 热卷1812 1手(空)@3887 价差=-79 z=-2.59
2018-07-10,False,1,2,-200.0,-7.8,0.0,0.0,120153.0,0.0,0.0,0.0,-51.95,7.8,-5.194949999999579e-05,120153.0,多carry 黄金1812 1手(多)@272 / 黄金1902 1手(空)@274.15 价差=-2.15,,,,[AU] 多carry 黄金1812 1手(多)@272 / 黄金1902 1手(空)@274.15 价差=-2.15 z=-1.64
2018-07-11,False,1,2,-200.0,0.0,0.0,0.0,120571.0,0.0,0.0,0.0,-50.0,0.0,-5.000000000001154e-05,120571.0,多carry 黄金1812 1手(多)@272.85 / 黄金1902 1手(空)@275.2 价差=-2.35,,,,[AU] 多carry 黄金1812 1手(多)@272.85 / 黄金1902 1手(空)@275.2 价差=-2.35 z=-1.66
2018-07-12,False,1,2,-200.0,0.0,0.0,0.0,120197.0,0.0,0.0,0.0,-50.0,0.0,-4.9999999999995374e-05,120197.0,多carry 黄金1812 1手(多)@271.9 / 黄金1902 1手(空)@274.45 价差=-2.55,,,,[AU] 多carry 黄金1812 1手(多)@271.9 / 黄金1902 1手(空)@274.45 价差=-2.55 z=-1.68
2018-07-13,False,1,2,350.0,0.0,0.0,0.0,120153.0,0.0,0.0,0.0,87.5,0.0,8.750000000000596e-05,120153.0,多carry 黄金1812 1手(多)@271.7 / 黄金1902 1手(空)@274.45 价差=-2.75,,,,[AU] 多carry 黄金1812 1手(多)@271.7 / 黄金1902 1手(空)@274.45 价差=-2.75 z=-1.73
2018-07-16,False,3,6,700.0,422.0,0.0,1255.0,120230.0,9595.2,0.0,15747.2,594.25,13.0,0.0005942509999999964,145572.4,多carry 黄金1812 1手(多)@272.05 / 黄金1902 1手(空)@274.45 价差=-2.4,多carry 热卷1811 1手(多)@3991 / 热卷1812 1手(空)@4005 价差=-14,,多carry 豆油1811 1手(多)@5540 / 豆油1812 1手(空)@5708 价差=-168,[AU] 多carry 黄金1812 1手(多)@272.05 / 黄金1902 1手(空)@274.45 价差=-2.4 z=-1.20 | [HC] 多carry 热卷1811 1手(多)@3991 / 热卷1812 1手(空)@4005 价差=-14 z=-0.95 | [Y] 多carry 豆油1811 1手(多)@5540 / 豆油1812 1手(空)@5708 价差=-168 z=-1.24
2018-07-17,False,2,4,-40.0,-7.98,515.0,270.0,0.0,0.0,13344.800000000003,15570.800000000003,184.26,62.98,0.00018425574999999904,28915.6,,,多carry 棕榈油1811 1手(多)@4700 / 棕榈油1812 1手(空)@4832 价差=-132,空carry 豆油1811 1手(空)@5540 / 豆油1812 1手(多)@5582 价差=-42,[P] 多carry 棕榈油1811 1手(多)@4700 / 棕榈油1812 1手(空)@4832 价差=-132 z=-0.76 | [Y] 空carry 豆油1811 1手(空)@5540 / 豆油1812 1手(多)@5582 价差=-42 z=0.85
2018-07-18,False,1,2,1210.0,0.0,-5.0,-5.0,119042.0,0.0,0.0,0.0,300.0,50.0,0.0003000000000000072,119042.0,多carry 黄金1812 1手(多)@269.05 / 黄金1902 1手(空)@272.05 价差=-3,,,,[AU] 多carry 黄金1812 1手(多)@269.05 / 黄金1902 1手(空)@272.05 价差=-3 z=-1.76
2018-07-19,False,2,4,-40.0,172.0,335.0,0.0,0.0,9606.0,13518.400000000001,0.0,116.75,53.0,0.00011674875000000003,23124.4,,空carry 热卷1811 1手(空)@4024 / 热卷1812 1手(多)@3981 价差=43,空carry 棕榈油1811 1手(空)@4828 / 棕榈油1812 1手(多)@4828 价差=0,,[HC] 空carry 热卷1811 1手(空)@4024 / 热卷1812 1手(多)@3981 价差=43 z=1.10 | [P] 空carry 棕榈油1811 1手(空)@4828 / 棕榈油1812 1手(多)@4828 价差=0 z=0.79
2018-07-20,False,1,2,1210.0,-7.96,-5.0,0.0,119625.0,0.0,0.0,0.0,299.26,52.96,0.000299260250000005,119625.0,多carry 黄金1812 1手(多)@270.65 / 黄金1902 1手(空)@273.1 价差=-2.45,,,,[AU] 多carry 黄金1812 1手(多)@270.65 / 黄金1902 1手(空)@273.1 价差=-2.45 z=-0.95
2018-07-23,False,1,2,-40.0,-1628.05,0.0,0.0,0.0,9662.4,0.0,0.0,-417.01,48.05,-0.000417012999999999,9662.4,,多carry 热卷1811 1手(多)@4020 / 热卷1812 1手(空)@4032 价差=-12,,,[HC] 多carry 热卷1811 1手(多)@4020 / 热卷1812 1手(空)@4032 价差=-12 z=-0.92
2018-07-24,False,1,2,0.0,1640.0,0.0,0.0,0.0,9460.8,0.0,0.0,410.0,0.0,0.00040999999999999967,9460.8,,多carry 热卷1811 1手(多)@3855 / 热卷1812 1手(空)@4029 价差=-174,,,[HC] 多carry 热卷1811 1手(多)@3855 / 热卷1812 1手(空)@4029 价差=-174 z=-3.56
2018-07-25,False,2,4,1060.0,-8.12,-565.0,0.0,120186.0,0.0,13588.400000000001,0.0,121.72,53.12,0.00012171900000002458,133774.4,多carry 黄金1812 1手(多)@271.7 / 黄金1902 1手(空)@274.6 价差=-2.9,,空carry 棕榈油1811 1手(空)@4870 / 棕榈油1812 1手(多)@4836 价差=34,,[AU] 多carry 黄金1812 1手(多)@271.7 / 黄金1902 1手(空)@274.6 价差=-2.9 z=-1.47 | [P] 空carry 棕榈油1811 1手(空)@4870 / 棕榈油1812 1手(多)@4836 价差=34 z=1.29
2018-07-26,False,2,4,-40.0,0.0,-0.0,-245.0,0.0,0.0,13510.000000000002,15727.600000000002,-71.25,45.0,-7.124999999999829e-05,29237.6,,,空carry 棕榈油1811 1手(空)@4870 / 棕榈油1812 1手(多)@4780 价差=90,空carry 豆油1811 1手(空)@5600 / 豆油1812 1手(多)@5634 价差=-34,[P] 空carry 棕榈油1811 1手(空)@4870 / 棕榈油1812 1手(多)@4780 价差=90 z=1.88 | [Y] 空carry 豆油1811 1手(空)@5600 / 豆油1812 1手(多)@5634 价差=-34 z=1.13
2018-07-27,False,2,4,0.0,0.0,260.0,120.0,0.0,0.0,13510.000000000002,15862.000000000002,95.0,0.0,9.50000000000013e-05,29372.0,,,空carry 棕榈油1811 1手(空)@4870 / 棕榈油1812 1手(多)@4780 价差=90,空carry 豆油1811 1手(空)@5660 / 豆油1812 1手(多)@5670 价差=-10,[P] 空carry 棕榈油1811 1手(空)@4870 / 棕榈油1812 1手(多)@4780 价差=90 z=1.79 | [Y] 空carry 豆油1811 1手(空)@5660 / 豆油1812 1手(多)@5670 价差=-10 z=1.49
2018-07-30,False,3,6,610.0,0.0,-640.0,-40.0,120131.0,0.0,13546.400000000001,15878.800000000003,-17.5,40.0,-1.7500000000007374e-05,149556.2,多carry 黄金1812 1手(多)@271.55 / 黄金1902 1手(空)@274.5 价差=-2.95,,空carry 棕榈油1811 1手(空)@4870 / 棕榈油1812 1手(多)@4806 价差=64,空carry 豆油1811 1手(空)@5660 / 豆油1812 1手(多)@5682 价差=-22,[AU] 多carry 黄金1812 1手(多)@271.55 / 黄金1902 1手(空)@274.5 价差=-2.95 z=-1.47 | [P] 空carry 棕榈油1811 1手(空)@4870 / 棕榈油1812 1手(多)@4806 价差=64 z=1.45 | [Y] 空carry 豆油1811 1手(空)@5660 / 豆油1812 1手(多)@5682 价差=-22 z=1.11
2018-07-31,False,3,6,-40.0,351.65,1160.0,260.0,0.0,10023.599999999999,13680.800000000003,16013.2,432.91,48.35,0.00043291175000000076,39717.6,,多carry 热卷1811 1手(多)@4145 / 热卷1812 1手(空)@4208 价差=-63,空carry 棕榈油1811 1手(空)@4950 / 棕榈油1812 1手(多)@4822 价差=128,空carry 豆油1811 1手(空)@5710 / 豆油1812 1手(多)@5728 价差=-18,[HC] 多carry 热卷1811 1手(多)@4145 / 热卷1812 1手(空)@4208 价差=-63 z=-1.04 | [P] 空carry 棕榈油1811 1手(空)@4950 / 棕榈油1812 1手(多)@4822 价差=128 z=2.05 | [Y] 空carry 豆油1811 1手(空)@5710 / 豆油1812 1手(多)@5728 价差=-18 z=1.08
2018-08-01,False,2,4,0.0,323.6,-5.0,100.0,0.0,9838.8,0.0,16332.400000000001,104.65,21.4,0.00010465049999999862,26171.2,,空carry 热卷1812 1手(空)@4187 / 热卷1901 1手(多)@4012 价差=175,,空carry 豆油1812 1手(空)@5852 / 豆油1901 1手(多)@5814 价差=38,[HC] 空carry 热卷1812 1手(空)@4187 / 热卷1901 1手(多)@4012 价差=175 z=2.72 | [Y] 空carry 豆油1812 1手(空)@5852 / 豆油1901 1手(多)@5814 价差=38 z=1.97
2018-08-02,False,4,8,-590.0,250.0,1835.0,-240.0,119900.0,9853.2,13465.2,16346.400000000001,313.75,45.0,0.00031374999999999546,159564.8,多carry 黄金1812 1手(多)@270.75 / 黄金1902 1手(空)@274.25 价差=-3.5,空carry 热卷1812 1手(空)@4176 / 热卷1901 1手(多)@4035 价差=141,多carry 棕榈油1812 1手(多)@4710 / 棕榈油1901 1手(空)@4908 价差=-198,空carry 豆油1812 1手(空)@5852 / 豆油1901 1手(多)@5824 价差=28,[AU] 多carry 黄金1812 1手(多)@270.75 / 黄金1902 1手(空)@274.25 价差=-3.5 z=-2.03 | [HC] 空carry 热卷1812 1手(空)@4176 / 热卷1901 1手(多)@4035 价差=141 z=1.90 | [P] 多carry 棕榈油1812 1手(多)@4710 / 棕榈油1901 1手(空)@4908 价差=-198 z=-1.46 | [Y] 空carry 豆油1812 1手(空)@5852 / 豆油1901 1手(多)@5824 价差=28 z=1.59
2018-08-03,False,3,6,1750.0,-210.0,-5.0,820.0,119779.0,9940.8,0.0,16312.800000000003,588.75,5.0,0.0005887499999999898,146032.6,多carry 黄金1812 1手(多)@270.2 / 黄金1902 1手(空)@274.25 价差=-4.05,空carry 热卷1812 1手(空)@4200 / 热卷1901 1手(多)@4084 价差=116,,空carry 豆油1812 1手(空)@5852 / 豆油1901 1手(多)@5800 价差=52,[AU] 多carry 黄金1812 1手(多)@270.2 / 黄金1902 1手(空)@274.25 价差=-4.05 z=-2.40 | [HC] 空carry 热卷1812 1手(空)@4200 / 热卷1901 1手(多)@4084 价差=116 z=1.39 | [Y] 空carry 豆油1812 1手(空)@5852 / 豆油1901 1手(多)@5800 价差=52 z=1.97
2018-08-06,False,1,2,-40.0,-40.0,0.0,-5.0,0.0,10059.599999999999,0.0,0.0,-21.25,45.0,-2.124999999999843e-05,10059.6,,空carry 热卷1812 1手(空)@4260 / 热卷1901 1手(多)@4123 价差=137,,,[HC] 空carry 热卷1812 1手(空)@4260 / 热卷1901 1手(多)@4123 价差=137 z=1.48
2018-08-07,False,1,2,0.0,220.0,0.0,0.0,0.0,10095.599999999999,0.0,0.0,55.0,0.0,5.499999999999977e-05,10095.6,,空carry 热卷1812 1手(空)@4277 / 热卷1901 1手(多)@4136 价差=141,,,[HC] 空carry 热卷1812 1手(空)@4277 / 热卷1901 1手(多)@4136 价差=141 z=1.38
2018-08-08,False,2,4,0.0,20.0,0.0,255.0,0.0,9982.8,0.0,16480.800000000003,68.75,5.0,6.87499999999997e-05,26463.6,,空carry 热卷1812 1手(空)@4219 / 热卷1901 1手(多)@4100 价差=119,,空carry 豆油1812 1手(空)@5884 / 豆油1901 1手(多)@5888 价差=-4,[HC] 空carry 热卷1812 1手(空)@4219 / 热卷1901 1手(多)@4100 价差=119 z=1.03 | [Y] 空carry 豆油1812 1手(空)@5884 / 豆油1901 1手(多)@5888 价差=-4 z=0.77
2018-08-09,False,3,6,-190.0,-150.0,215.0,-5.0,119273.0,9999.599999999999,13907.600000000002,0.0,-32.5,50.0,-3.2500000000005696e-05,143180.2,多carry 黄金1812 1手(多)@269.55 / 黄金1902 1手(空)@272.6 价差=-3.05,空carry 热卷1812 1手(空)@4225 / 热卷1901 1手(多)@4108 价差=117,空carry 棕榈油1812 1手(空)@4986 / 棕榈油1901 1手(多)@4948 价差=38,,[AU] 多carry 黄金1812 1手(多)@269.55 / 黄金1902 1手(空)@272.6 价差=-3.05 z=-0.86 | [HC] 空carry 热卷1812 1手(空)@4225 / 热卷1901 1手(多)@4108 价差=117 z=0.93 | [P] 空carry 棕榈油1812 1手(空)@4986 / 棕榈油1901 1手(多)@4948 价差=38 z=1.07
2018-08-10,False,3,6,800.0,80.0,-480.0,0.0,119240.0,9890.4,13938.400000000001,0.0,100.0,0.0,0.00010000000000002216,143068.8,多carry 黄金1812 1手(多)@269.4 / 黄金1902 1手(空)@272.6 价差=-3.2,空carry 热卷1812 1手(空)@4187 / 热卷1901 1手(多)@4055 价差=132,空carry 棕榈油1812 1手(空)@4986 / 棕榈油1901 1手(多)@4970 价差=16,,[AU] 多carry 黄金1812 1手(多)@269.4 / 黄金1902 1手(空)@272.6 价差=-3.2 z=-1.02 | [HC] 空carry 热卷1812 1手(空)@4187 / 热卷1901 1手(多)@4055 价差=132 z=1.00 | [P] 空carry 棕榈油1812 1手(空)@4986 / 棕榈油1901 1手(多)@4970 价差=16 z=0.83
2018-08-13,False,3,6,-40.0,100.0,-140.0,295.0,0.0,10087.2,13871.2,16416.4,53.75,45.0,5.3749999999999775e-05,40374.8,,空carry 热卷1812 1手(空)@4265 / 热卷1901 1手(多)@4141 价差=124,空carry 棕榈油1812 1手(空)@4986 / 棕榈油1901 1手(多)@4922 价差=64,空carry 豆油1812 1手(空)@5884 / 豆油1901 1手(多)@5842 价差=42,[HC] 空carry 热卷1812 1手(空)@4265 / 热卷1901 1手(多)@4141 价差=124 z=0.83 | [P] 空carry 棕榈油1812 1手(空)@4986 / 棕榈油1901 1手(多)@4922 价差=64 z=1.30 | [Y] 空carry 豆油1812 1手(空)@5884 / 豆油1901 1手(多)@5842 价差=42 z=1.54
2018-08-14,False,3,6,-290.0,-8.33,1160.0,180.0,118503.0,0.0,13801.2,16436.0,260.42,48.33,0.0002604184999999994,148740.2,多carry 黄金1812 1手(多)@267.65 / 黄金1902 1手(空)@271 价差=-3.35,,空carry 棕榈油1812 1手(空)@4968 / 棕榈油1901 1手(多)@4890 价差=78,空carry 豆油1812 1手(空)@5876 / 豆油1901 1手(多)@5864 价差=12,[AU] 多carry 黄金1812 1手(多)@267.65 / 黄金1902 1手(空)@271 价差=-3.35 z=-1.14 | [P] 空carry 棕榈油1812 1手(空)@4968 / 棕榈油1901 1手(多)@4890 价差=78 z=1.40 | [Y] 空carry 豆油1812 1手(空)@5876 / 豆油1901 1手(多)@5864 价差=12 z=0.82
2018-08-15,False,1,2,300.0,0.0,-5.0,-5.0,118448.0,0.0,0.0,0.0,72.5,10.0,7.249999999999886e-05,118448.0,多carry 黄金1812 1手(多)@267.4 / 黄金1902 1手(空)@271 价差=-3.6,,,,[AU] 多carry 黄金1812 1手(多)@267.4 / 黄金1902 1手(空)@271 价差=-3.6 z=-1.39
2018-08-16,False,2,4,-600.0,0.0,0.0,475.0,116886.0,0.0,0.0,16394.0,-31.25,5.0,-3.125000000000337e-05,133280.0,多carry 黄金1812 1手(多)@264 / 黄金1902 1手(空)@267.3 价差=-3.3,,,空carry 豆油1812 1手(空)@5876 / 豆油1901 1手(多)@5834 价差=42,[AU] 多carry 黄金1812 1手(多)@264 / 黄金1902 1手(空)@267.3 价差=-3.3 z=-0.94 | [Y] 空carry 豆油1812 1手(空)@5876 / 豆油1901 1手(多)@5834 价差=42 z=1.28
2018-08-17,False,1,2,2250.0,0.0,0.0,-5.0,116754.0,0.0,0.0,0.0,561.25,5.0,0.0005612500000000021,116754.0,多carry 黄金1812 1手(多)@263.4 / 黄金1902 1手(空)@267.3 价差=-3.9,,,,[AU] 多carry 黄金1812 1手(多)@263.4 / 黄金1902 1手(空)@267.3 价差=-3.9 z=-1.57
2018-08-20,False,2,4,720.0,0.0,-185.0,0.0,117029.0,0.0,13879.600000000002,0.0,133.75,85.0,0.00013374999999999016,130908.6,空carry 黄金1812 1手(空)@265.15 / 黄金1902 1手(多)@266.8 价差=-1.65,,空carry 棕榈油1812 1手(空)@4970 / 棕榈油1901 1手(多)@4944 价差=26,,[AU] 空carry 黄金1812 1手(空)@265.15 / 黄金1902 1手(多)@266.8 价差=-1.65 z=1.49 | [P] 空carry 棕榈油1812 1手(空)@4970 / 棕榈油1901 1手(多)@4944 价差=26 z=0.85
2018-08-21,False,1,2,-40.0,0.0,60.0,0.0,0.0,0.0,13916.000000000002,0.0,5.0,40.0,5.000000000000419e-06,13916.0,,,空carry 棕榈油1812 1手(空)@4992 / 棕榈油1901 1手(多)@4948 价差=44,,[P] 空carry 棕榈油1812 1手(空)@4992 / 棕榈油1901 1手(多)@4948 价差=44 z=1.00
2018-08-22,False,1,2,0.0,0.0,-180.0,0.0,0.0,0.0,13924.400000000001,0.0,-45.0,0.0,-4.5000000000000226e-05,13924.4,,,空carry 棕榈油1812 1手(空)@4992 / 棕榈油1901 1手(多)@4954 价差=38,,[P] 空carry 棕榈油1812 1手(空)@4992 / 棕榈油1901 1手(多)@4954 价差=38 z=0.92
2018-08-23,False,1,2,0.0,0.0,-140.0,0.0,0.0,0.0,13888.000000000002,0.0,-35.0,0.0,-3.500000000000019e-05,13888.0,,,空carry 棕榈油1812 1手(空)@4988 / 棕榈油1901 1手(多)@4932 价差=56,,[P] 空carry 棕榈油1812 1手(空)@4988 / 棕榈油1901 1手(多)@4932 价差=56 z=1.07
2018-08-24,False,1,2,0.0,0.0,-780.0,0.0,0.0,0.0,13868.400000000001,0.0,-195.0,0.0,-0.00019499999999999937,13868.4,,,空carry 棕榈油1812 1手(空)@4988 / 棕榈油1901 1手(多)@4918 价差=70,,[P] 空carry 棕榈油1812 1手(空)@4988 / 棕榈油1901 1手(多)@4918 价差=70 z=1.18
2018-08-27,False,3,6,-890.0,0.0,1000.0,735.0,117997.0,0.0,13759.2,16324.0,211.25,45.0,0.00021124999999999256,148080.2,空carry 黄金1812 1手(空)@267.45 / 黄金1902 1手(多)@268.9 价差=-1.45,,空carry 棕榈油1812 1手(空)@4988 / 棕榈油1901 1手(多)@4840 价差=148,空carry 豆油1812 1手(空)@5874 / 豆油1901 1手(多)@5786 价差=88,[AU] 空carry 黄金1812 1手(空)@267.45 / 黄金1902 1手(多)@268.9 价差=-1.45 z=1.98 | [P] 空carry 棕榈油1812 1手(空)@4988 / 棕榈油1901 1手(多)@4840 价差=148 z=1.83 | [Y] 空carry 豆油1812 1手(空)@5874 / 豆油1901 1手(多)@5786 价差=88 z=2.52
2018-08-28,False,2,4,1250.0,0.0,-420.0,-5.0,118184.0,0.0,13787.2,0.0,206.25,5.0,0.00020625000000000336,131971.2,空carry 黄金1812 1手(空)@268.3 / 黄金1902 1手(多)@268.9 价差=-0.6,,空carry 棕榈油1812 1手(空)@4948 / 棕榈油1901 1手(多)@4900 价差=48,,[AU] 空carry 黄金1812 1手(空)@268.3 / 黄金1902 1手(多)@268.9 价差=-0.6 z=2.52 | [P] 空carry 棕榈油1812 1手(空)@4948 / 棕榈油1901 1手(多)@4900 价差=48 z=0.87
2018-08-29,False,4,8,-400.0,-78.52,20.0,535.0,117909.0,10222.8,13728.400000000001,16273.600000000002,19.12,13.52,1.9120250000000597e-05,158133.8,空carry 黄金1812 1手(空)@267.05 / 黄金1902 1手(多)@268.9 价差=-1.85,空carry 热卷1812 1手(空)@4335 / 热卷1901 1手(多)@4184 价差=151,空carry 棕榈油1812 1手(空)@4948 / 棕榈油1901 1手(多)@4858 价差=90,空carry 豆油1812 1手(空)@5842 / 豆油1901 1手(多)@5782 价差=60,[AU] 空carry 黄金1812 1手(空)@267.05 / 黄金1902 1手(多)@268.9 价差=-1.85 z=1.00 | [HC] 空carry 热卷1812 1手(空)@4335 / 热卷1901 1手(多)@4184 价差=151 z=1.50 | [P] 空carry 棕榈油1812 1手(空)@4948 / 棕榈油1901 1手(多)@4858 价差=90 z=1.24 | [Y] 空carry 豆油1812 1手(空)@5842 / 豆油1901 1手(多)@5782 价差=60 z=1.50
2018-08-30,False,3,6,1150.0,-140.0,-240.0,-5.0,117997.0,10140.0,13820.800000000003,0.0,191.25,5.0,0.00019124999999999364,141957.8,空carry 黄金1812 1手(空)@267.45 / 黄金1902 1手(多)@268.9 价差=-1.45,空carry 热卷1812 1手(空)@4304 / 热卷1901 1手(多)@4146 价差=158,空carry 棕榈油1812 1手(空)@4980 / 棕榈油1901 1手(多)@4892 价差=88,,[AU] 空carry 黄金1812 1手(空)@267.45 / 黄金1902 1手(多)@268.9 价差=-1.45 z=1.30 | [HC] 空carry 热卷1812 1手(空)@4304 / 热卷1901 1手(多)@4146 价差=158 z=1.68 | [P] 空carry 棕榈油1812 1手(空)@4980 / 棕榈油1901 1手(多)@4892 价差=88 z=1.19
2018-08-31,False,3,6,-40.0,260.0,260.0,535.0,0.0,9960.0,13787.2,16200.800000000001,253.75,45.0,0.0002537499999999999,39948.0,,空carry 热卷1812 1手(空)@4236 / 热卷1901 1手(多)@4064 价差=172,空carry 棕榈油1812 1手(空)@4980 / 棕榈油1901 1手(多)@4868 价差=112,空carry 豆油1812 1手(空)@5804 / 豆油1901 1手(多)@5768 价差=36,[HC] 空carry 热卷1812 1手(空)@4236 / 热卷1901 1手(多)@4064 价差=172 z=1.91 | [P] 空carry 棕榈油1812 1手(空)@4980 / 棕榈油1901 1手(多)@4868 价差=112 z=1.40 | [Y] 空carry 豆油1812 1手(空)@5804 / 豆油1901 1手(多)@5768 价差=36 z=0.85
2018-09-03,False,3,6,-40.0,223.58,-5.0,510.0,118954.0,9852.0,0.0,16354.800000000001,172.14,71.42,0.00017214499999999906,145160.8,空carry 黄金1902 1手(空)@270.45 / 黄金1904 1手(多)@270.25 价差=0.2,多carry 热卷1901 1手(多)@4108 / 热卷1902 1手(空)@4102 价差=6,,多carry 豆油1901 1手(多)@5822 / 豆油1903 1手(空)@5860 价差=-38,[AU] 空carry 黄金1902 1手(空)@270.45 / 黄金1904 1手(多)@270.25 价差=0.2 z=2.51 | [HC] 多carry 热卷1901 1手(多)@4108 / 热卷1902 1手(空)@4102 价差=6 z=-2.88 | [Y] 多carry 豆油1901 1手(多)@5822 / 豆油1903 1手(空)@5860 价差=-38 z=-1.49
2018-09-04,False,2,4,-1350.0,-760.0,0.0,-5.0,118954.0,9890.4,0.0,0.0,-528.75,5.0,-0.000528750000000006,128844.4,空carry 黄金1902 1手(空)@270.45 / 黄金1904 1手(多)@270.25 价差=0.2,多carry 热卷1901 1手(多)@4136 / 热卷1902 1手(空)@4106 价差=30,,,[AU] 空carry 黄金1902 1手(空)@270.45 / 黄金1904 1手(多)@270.25 价差=0.2 z=2.08 | [HC] 多carry 热卷1901 1手(多)@4136 / 热卷1902 1手(空)@4106 价差=30 z=-1.90
2018-09-05,False,2,4,-0.0,460.0,0.0,0.0,118657.0,9880.8,0.0,0.0,115.0,0.0,0.00011500000000000029,128537.8,空carry 黄金1902 1手(空)@270.45 / 黄金1904 1手(多)@268.9 价差=1.55,多carry 热卷1901 1手(多)@4094 / 热卷1902 1手(空)@4140 价差=-46,,,[AU] 空carry 黄金1902 1手(空)@270.45 / 黄金1904 1手(多)@268.9 价差=1.55 z=2.46 | [HC] 多carry 热卷1901 1手(多)@4094 / 热卷1902 1手(空)@4140 价差=-46 z=-2.73
2018-09-06,False,4,8,-0.0,-260.0,-345.0,-25.0,118657.0,9936.0,13952.400000000001,16522.800000000003,-157.5,10.0,-0.00015750000000000125,159068.2,空carry 黄金1902 1手(空)@270.45 / 黄金1904 1手(多)@268.9 价差=1.55,多carry 热卷1901 1手(多)@4140 / 热卷1902 1手(空)@4140 价差=0,多carry 棕榈油1901 1手(多)@4946 / 棕榈油1902 1手(空)@5020 价差=-74,多carry 豆油1901 1手(多)@5874 / 豆油1903 1手(空)@5928 价差=-54,[AU] 空carry 黄金1902 1手(空)@270.45 / 黄金1904 1手(多)@268.9 价差=1.55 z=2.05 | [HC] 多carry 热卷1901 1手(多)@4140 / 热卷1902 1手(空)@4140 价差=0 z=-1.63 | [P] 多carry 棕榈油1901 1手(多)@4946 / 棕榈油1902 1手(空)@5020 价差=-74 z=-0.76 | [Y] 多carry 豆油1901 1手(多)@5874 / 豆油1903 1手(空)@5928 价差=-54 z=-2.04
2018-09-07,False,4,8,-0.0,500.0,760.0,-60.0,118657.0,9904.8,13871.2,16520.0,300.0,0.0,0.0003000000000000005,158953.0,空carry 黄金1902 1手(空)@270.45 / 黄金1904 1手(多)@268.9 价差=1.55,多carry 热卷1901 1手(多)@4114 / 热卷1902 1手(空)@4140 价差=-26,多carry 棕榈油1901 1手(多)@4900 / 棕榈油1902 1手(空)@5008 价差=-108,多carry 豆油1901 1手(多)@5872 / 豆油1903 1手(空)@5928 价差=-56,[AU] 空carry 黄金1902 1手(空)@270.45 / 黄金1904 1手(多)@268.9 价差=1.55 z=1.76 | [HC] 多carry 热卷1901 1手(多)@4114 / 热卷1902 1手(空)@4140 价差=-26 z=-1.79 | [P] 多carry 棕榈油1901 1手(多)@4900 / 棕榈油1902 1手(空)@5008 价差=-108 z=-1.27 | [Y] 多carry 豆油1901 1手(多)@5872 / 豆油1903 1手(空)@5928 价差=-56 z=-1.85
2018-09-10,False,3,6,-0.0,-530.0,-5.0,-100.0,118657.0,9964.8,0.0,16651.600000000002,-158.75,5.0,-0.00015875000000000047,145273.4,空carry 黄金1902 1手(空)@270.45 / 黄金1904 1手(多)@268.9 价差=1.55,多carry 热卷1901 1手(多)@4164 / 热卷1902 1手(空)@4140 价差=24,,多carry 豆油1901 1手(多)@5916 / 豆油1903 1手(空)@5978 价差=-62,[AU] 空carry 黄金1902 1手(空)@270.45 / 黄金1904 1手(多)@268.9 价差=1.55 z=1.55 | [HC] 多carry 热卷1901 1手(多)@4164 / 热卷1902 1手(空)@4140 价差=24 z=-0.89 | [Y] 多carry 豆油1901 1手(多)@5916 / 豆油1903 1手(空)@5978 价差=-62 z=-1.75
2018-09-11,False,3,6,700.0,110.0,0.0,-140.0,118657.0,9560.4,0.0,16637.600000000002,167.5,0.0,0.00016749999999999586,144855.0,空carry 黄金1902 1手(空)@270.45 / 黄金1904 1手(多)@268.9 价差=1.55,多carry 热卷1901 1手(多)@3969 / 热卷1902 1手(空)@3998 价差=-29,,多carry 豆油1901 1手(多)@5906 / 豆油1903 1手(空)@5978 价差=-72,[AU] 空carry 黄金1902 1手(空)@270.45 / 黄金1904 1手(多)@268.9 价差=1.55 z=1.38 | [HC] 多carry 热卷1901 1手(多)@3969 / 热卷1902 1手(空)@3998 价差=-29 z=-1.52 | [Y] 多carry 豆油1901 1手(多)@5906 / 豆油1903 1手(空)@5978 价差=-72 z=-1.74
2018-09-12,False,3,6,-800.0,330.0,0.0,-640.0,118503.0,9573.599999999999,0.0,16618.0,-277.5,0.0,-0.0002775000000000031,144694.6,空carry 黄金1902 1手(空)@269.75 / 黄金1904 1手(多)@268.9 价差=0.85,多carry 热卷1901 1手(多)@3980 / 热卷1902 1手(空)@3998 价差=-18,,多carry 豆油1901 1手(多)@5892 / 豆油1903 1手(空)@5978 价差=-86,[AU] 空carry 黄金1902 1手(空)@269.75 / 黄金1904 1手(多)@268.9 价差=0.85 z=0.94 | [HC] 多carry 热卷1901 1手(多)@3980 / 热卷1902 1手(空)@3998 价差=-18 z=-1.22 | [Y] 多carry 豆油1901 1手(多)@5892 / 豆油1903 1手(空)@5978 价差=-86 z=-1.80
2018-09-13,False,2,4,200.0,-8.01,0.0,80.0,118679.0,0.0,0.0,16528.4,68.0,8.01,6.799725000000946e-05,135207.4,空carry 黄金1902 1手(空)@270.55 / 黄金1904 1手(多)@268.9 价差=1.65,,,多carry 豆油1901 1手(多)@5828 / 豆油1903 1手(空)@5978 价差=-150,[AU] 空carry 黄金1902 1手(空)@270.55 / 黄金1904 1手(多)@268.9 价差=1.65 z=1.21 | [Y] 多carry 豆油1901 1手(多)@5828 / 豆油1903 1手(空)@5978 价差=-150 z=-2.50
2018-09-14,False,4,8,950.0,-238.02,215.0,420.0,118921.0,9625.2,13703.2,16539.600000000002,336.74,13.02,0.00033674474999999786,158789.0,空carry 黄金1902 1手(空)@271 / 黄金1904 1手(多)@269.55 价差=1.45,多carry 热卷1901 1手(多)@3992 / 热卷1902 1手(空)@4029 价差=-37,多carry 棕榈油1901 1手(多)@4858 / 棕榈油1902 1手(空)@4930 价差=-72,多carry 豆油1901 1手(多)@5836 / 豆油1903 1手(空)@5978 价差=-142,[AU] 空carry 黄金1902 1手(空)@271 / 黄金1904 1手(多)@269.55 价差=1.45 z=1.03 | [HC] 多carry 热卷1901 1手(多)@3992 / 热卷1902 1手(空)@4029 价差=-37 z=-1.28 | [P] 多carry 棕榈油1901 1手(多)@4858 / 棕榈油1902 1手(空)@4930 价差=-72 z=-0.86 | [Y] 多carry 豆油1901 1手(多)@5836 / 豆油1903 1手(空)@5978 价差=-142 z=-1.98
2018-09-17,False,2,4,-40.0,610.0,-5.0,-280.0,0.0,9597.6,0.0,16520.0,71.25,45.0,7.125000000000076e-05,26117.6,,多carry 热卷1901 1手(多)@3969 / 热卷1902 1手(空)@4029 价差=-60,,多carry 豆油1901 1手(多)@5850 / 豆油1903 1手(空)@5950 价差=-100,[HC] 多carry 热卷1901 1手(多)@3969 / 热卷1902 1手(空)@4029 价差=-60 z=-1.43 | [Y] 多carry 豆油1901 1手(多)@5850 / 豆油1903 1手(空)@5950 价差=-100 z=-1.17
2018-09-18,False,3,6,-40.0,-8.04,-65.0,280.0,118987.0,0.0,13549.2,16480.800000000003,41.74,53.04,4.173975000000006e-05,149017.0,空carry 黄金1902 1手(空)@271.3 / 黄金1904 1手(多)@269.55 价差=1.75,,多carry 棕榈油1901 1手(多)@4776 / 棕榈油1902 1手(空)@4902 价差=-126,多carry 豆油1901 1手(多)@5822 / 豆油1903 1手(空)@5950 价差=-128,[AU] 空carry 黄金1902 1手(空)@271.3 / 黄金1904 1手(多)@269.55 价差=1.75 z=1.03 | [P] 多carry 棕榈油1901 1手(多)@4776 / 棕榈油1902 1手(空)@4902 价差=-126 z=-1.62 | [Y] 多carry 豆油1901 1手(多)@5822 / 豆油1903 1手(空)@5950 价差=-128 z=-1.43
2018-09-19,False,3,6,-0.0,0.0,100.0,-280.0,118987.0,0.0,13434.400000000001,16318.400000000001,-45.0,0.0,-4.4999999999999264e-05,148739.8,空carry 黄金1902 1手(空)@271.3 / 黄金1904 1手(多)@269.55 价差=1.75,,多carry 棕榈油1901 1手(多)@4732 / 棕榈油1902 1手(空)@4864 价差=-132,多carry 豆油1901 1手(多)@5778 / 豆油1903 1手(空)@5878 价差=-100,[AU] 空carry 黄金1902 1手(空)@271.3 / 黄金1904 1手(多)@269.55 价差=1.75 z=0.95 | [P] 多carry 棕榈油1901 1手(多)@4732 / 棕榈油1902 1手(空)@4864 价差=-132 z=-1.67 | [Y] 多carry 豆油1901 1手(多)@5778 / 豆油1903 1手(空)@5878 价差=-100 z=-0.92
2018-09-20,False,3,6,-0.0,0.0,140.0,-160.0,118987.0,0.0,13286.0,16279.2,-5.0,0.0,-5.000000000000661e-06,148552.2,空carry 黄金1902 1手(空)@271.3 / 黄金1904 1手(多)@269.55 价差=1.75,,多carry 棕榈油1901 1手(多)@4684 / 棕榈油1902 1手(空)@4806 价差=-122,多carry 豆油1901 1手(多)@5750 / 豆油1903 1手(空)@5878 价差=-128,[AU] 空carry 黄金1902 1手(空)@271.3 / 黄金1904 1手(多)@269.55 价差=1.75 z=0.89 | [P] 多carry 棕榈油1901 1手(多)@4684 / 棕榈油1902 1手(空)@4806 价差=-122 z=-1.48 | [Y] 多carry 豆油1901 1手(多)@5750 / 豆油1903 1手(空)@5878 价差=-128 z=-1.19
2018-09-21,False,3,6,-0.0,0.0,960.0,820.0,118987.0,0.0,13176.800000000001,16256.800000000001,445.0,0.0,0.0004449999999999988,148420.6,空carry 黄金1902 1手(空)@271.3 / 黄金1904 1手(多)@269.55 价差=1.75,,多carry 棕榈油1901 1手(多)@4652 / 棕榈油1902 1手(空)@4760 价差=-108,多carry 豆油1901 1手(多)@5734 / 豆油1903 1手(空)@5878 价差=-144,[AU] 空carry 黄金1902 1手(空)@271.3 / 黄金1904 1手(多)@269.55 价差=1.75 z=0.82 | [P] 多carry 棕榈油1901 1手(多)@4652 / 棕榈油1902 1手(空)@4760 价差=-108 z=-1.25 | [Y] 多carry 豆油1901 1手(多)@5734 / 豆油1903 1手(空)@5878 价差=-144 z=-1.27
2018-09-25,False,1,2,-40.0,-17.97,-5.0,-5.0,0.0,9562.8,0.0,0.0,-16.99,57.97,-1.6992250000000078e-05,9562.8,,多carry 热卷1901 1手(多)@3952 / 热卷1902 1手(空)@4017 价差=-65,,,[HC] 多carry 热卷1901 1手(多)@3952 / 热卷1902 1手(空)@4017 价差=-65 z=-1.15
2018-09-26,False,1,2,0.0,570.0,0.0,0.0,0.0,9508.8,0.0,0.0,142.5,0.0,0.00014249999999999932,9508.8,,多carry 热卷1901 1手(多)@3929 / 热卷1902 1手(空)@3995 价差=-66,,,[HC] 多carry 热卷1901 1手(多)@3929 / 热卷1902 1手(空)@3995 价差=-66 z=-1.06
2018-09-27,True,0,0,0.0,-7.78,0.0,0.0,0.0,0.0,0.0,0.0,-1.95,7.78,-1.94525e-06,0.0,,,,,全品种空仓
2018-09-28,False,2,4,1560.0,0.0,695.0,0.0,118250.0,0.0,13294.400000000001,0.0,563.75,45.0,0.0005637500000000145,131544.4,多carry 黄金1902 1手(多)@267.9 / 黄金1904 1手(空)@269.6 价差=-1.7,,多carry 棕榈油1901 1手(多)@4698 / 棕榈油1902 1手(空)@4798 价差=-100,,[AU] 多carry 黄金1902 1手(多)@267.9 / 黄金1904 1手(空)@269.6 价差=-1.7 z=-2.25 | [P] 多carry 棕榈油1901 1手(多)@4698 / 棕榈油1902 1手(空)@4798 价差=-100 z=-1.14
2018-10-08,False,3,6,250.0,642.21,-5.0,315.0,119504.0,9346.8,0.0,16391.2,300.55,17.79,0.00030055274999999835,145242.0,多carry 黄金1902 1手(多)@271.55 / 黄金1904 1手(空)@271.65 价差=-0.1,多carry 热卷1902 1手(多)@3846 / 热卷1903 1手(空)@3943 价差=-97,,空carry 豆油1903 1手(空)@5900 / 豆油1905 1手(多)@5808 价差=92,[AU] 多carry 黄金1902 1手(多)@271.55 / 黄金1904 1手(空)@271.65 价差=-0.1 z=-1.37 | [HC] 多carry 热卷1902 1手(多)@3846 / 热卷1903 1手(空)@3943 价差=-97 z=-2.28 | [Y] 空carry 豆油1903 1手(空)@5900 / 豆油1905 1手(多)@5808 价差=92 z=2.67
2018-10-09,False,2,4,-800.0,-7.85,0.0,-60.0,119449.0,0.0,0.0,16553.600000000002,-216.96,7.85,-0.00021696350000000391,136002.6,多carry 黄金1902 1手(多)@271.55 / 黄金1904 1手(空)@271.4 价差=0.15,,,空carry 豆油1903 1手(空)@5942 / 豆油1905 1手(多)@5882 价差=60,[AU] 多carry 黄金1902 1手(多)@271.55 / 黄金1904 1手(空)@271.4 价差=0.15 z=-1.09 | [Y] 空carry 豆油1903 1手(空)@5942 / 豆油1905 1手(多)@5882 价差=60 z=1.86
2018-10-10,False,2,4,0.0,0.0,0.0,-280.0,119273.0,0.0,0.0,16657.200000000004,-70.0,0.0,-6.999999999999986e-05,135930.2,多carry 黄金1902 1手(多)@270.75 / 黄金1904 1手(空)@271.4 价差=-0.65,,,空carry 豆油1903 1手(空)@5982 / 豆油1905 1手(多)@5916 价差=66,[AU] 多carry 黄金1902 1手(多)@270.75 / 黄金1904 1手(空)@271.4 价差=-0.65 z=-1.80 | [Y] 空carry 豆油1903 1手(空)@5982 / 豆油1905 1手(多)@5916 价差=66 z=1.80
2018-10-11,False,2,4,650.0,0.0,0.0,-200.0,119273.0,0.0,0.0,16444.4,112.5,0.0,0.00011250000000000694,135717.4,多carry 黄金1902 1手(多)@270.75 / 黄金1904 1手(空)@271.4 价差=-0.65,,,空carry 豆油1903 1手(空)@5920 / 豆油1905 1手(多)@5826 价差=94,[AU] 多carry 黄金1902 1手(多)@270.75 / 黄金1904 1手(空)@271.4 价差=-0.65 z=-1.57 | [Y] 空carry 豆油1903 1手(空)@5920 / 豆油1905 1手(多)@5826 价差=94 z=1.94
2018-10-12,False,3,6,1550.0,-47.91,0.0,200.0,121638.0,9488.4,0.0,16651.6,425.52,7.91,0.00042552325,147778.0,多carry 黄金1902 1手(多)@276.45 / 黄金1904 1手(空)@276.45 价差=0,空carry 热卷1902 1手(空)@3976 / 热卷1903 1手(多)@3931 价差=45,,空carry 豆油1903 1手(空)@6004 / 豆油1905 1手(多)@5890 价差=114,[AU] 多carry 黄金1902 1手(多)@276.45 / 黄金1904 1手(空)@276.45 价差=0 z=-0.87 | [HC] 空carry 热卷1902 1手(空)@3976 / 热卷1903 1手(多)@3931 价差=45 z=1.83 | [Y] 空carry 豆油1903 1手(空)@6004 / 豆油1905 1手(多)@5890 价差=114 z=1.88
2018-10-15,False,2,4,-40.0,300.0,0.0,-20.0,0.0,9493.2,0.0,16646.0,60.0,40.0,5.999999999999965e-05,26139.2,,空carry 热卷1902 1手(空)@3980 / 热卷1903 1手(多)@3931 价差=49,,空carry 豆油1903 1手(空)@5992 / 豆油1905 1手(多)@5898 价差=94,[HC] 空carry 热卷1902 1手(空)@3980 / 热卷1903 1手(多)@3931 价差=49 z=1.69 | [Y] 空carry 豆油1903 1手(空)@5992 / 豆油1905 1手(多)@5898 价差=94 z=1.46
2018-10-16,False,3,6,960.0,-270.0,0.0,180.0,122133.0,9457.2,0.0,16598.4,217.5,40.0,0.0002174999999999957,148188.6,空carry 黄金1902 1手(空)@278.6 / 黄金1904 1手(多)@276.55 价差=2.05,空carry 热卷1902 1手(空)@3950 / 热卷1903 1手(多)@3931 价差=19,,空carry 豆油1903 1手(空)@5976 / 豆油1905 1手(多)@5880 价差=96,[AU] 空carry 黄金1902 1手(空)@278.6 / 黄金1904 1手(多)@276.55 价差=2.05 z=0.98 | [HC] 空carry 热卷1902 1手(空)@3950 / 热卷1903 1手(多)@3931 价差=19 z=0.91 | [Y] 空carry 豆油1903 1手(空)@5976 / 豆油1905 1手(多)@5880 价差=96 z=1.33
2018-10-17,False,2,4,-40.0,730.0,0.0,-600.0,0.0,9489.599999999999,0.0,16623.600000000002,22.5,40.0,2.2500000000000256e-05,26113.2,,空carry 热卷1902 1手(空)@3977 / 热卷1903 1手(多)@3931 价差=46,,空carry 豆油1903 1手(空)@5976 / 豆油1905 1手(多)@5898 价差=78,[HC] 空carry 热卷1902 1手(空)@3977 / 热卷1903 1手(多)@3931 价差=46 z=1.44 | [Y] 空carry 豆油1903 1手(空)@5976 / 豆油1905 1手(多)@5898 价差=78 z=1.04
2018-10-18,False,2,4,1460.0,-7.84,0.0,560.0,122166.0,0.0,0.0,16539.600000000002,503.04,47.84,0.0005030392499999796,138705.6,多carry 黄金1902 1手(多)@277.3 / 黄金1904 1手(空)@278 价差=-0.7,,,空carry 豆油1903 1手(空)@5976 / 豆油1905 1手(多)@5838 价差=138,[AU] 多carry 黄金1902 1手(多)@277.3 / 黄金1904 1手(空)@278 价差=-0.7 z=-1.35 | [Y] 空carry 豆油1903 1手(空)@5976 / 豆油1905 1手(多)@5838 价差=138 z=1.46
2018-10-19,False,2,4,-40.0,1222.21,0.0,220.0,0.0,9349.2,0.0,16422.0,350.55,47.79,0.00035055225000000254,25771.2,,多carry 热卷1902 1手(多)@3856 / 热卷1903 1手(空)@3935 价差=-79,,空carry 豆油1903 1手(空)@5906 / 豆油1905 1手(多)@5824 价差=82,[HC] 多carry 热卷1902 1手(多)@3856 / 热卷1903 1手(空)@3935 价差=-79 z=-1.49 | [Y] 空carry 豆油1903 1手(空)@5906 / 豆油1905 1手(多)@5824 价差=82 z=0.83
2018-10-22,False,1,2,0.0,444.37,0.0,-5.0,0.0,9376.8,0.0,0.0,109.84,20.63,0.00010984299999999962,9376.8,,空carry 热卷1902 1手(空)@3929 / 热卷1903 1手(多)@3885 价差=44,,,[HC] 空carry 热卷1902 1手(空)@3929 / 热卷1903 1手(多)@3885 价差=44 z=1.29
2018-10-23,True,0,0,0.0,-7.77,0.0,0.0,0.0,0.0,0.0,0.0,-1.94,7.77,-1.9419999999999998e-06,0.0,,,,,全品种空仓
2018-10-24,False,1,2,210.0,0.0,0.0,0.0,123497.0,0.0,0.0,0.0,52.5,40.0,5.250000000000424e-05,123497.0,多carry 黄金1902 1手(多)@280.55 / 黄金1904 1手(空)@280.8 价差=-0.25,,,,[AU] 多carry 黄金1902 1手(多)@280.55 / 黄金1904 1手(空)@280.8 价差=-0.25 z=-0.84
2018-10-25,True,0,0,-40.0,0.0,0.0,0.0,0.0,0.0,0.0,0.0,-10.0,40.0,-1e-05,0.0,,,,,全品种空仓
2018-10-26,True,0,0,0.0,0.0,0.0,0.0,0.0,0.0,0.0,0.0,0.0,0.0,0.0,0.0,,,,,全品种空仓
2018-10-29,False,1,2,1660.0,0.0,0.0,0.0,124003.0,0.0,0.0,0.0,415.0,40.0,0.00041499999999999984,124003.0,多carry 黄金1902 1手(多)@280.9 / 黄金1904 1手(空)@282.75 价差=-1.85,,,,[AU] 多carry 黄金1902 1手(多)@280.9 / 黄金1904 1手(空)@282.75 价差=-1.85 z=-1.85
2018-10-30,False,1,2,-40.0,282.28,0.0,0.0,0.0,9265.199999999999,0.0,0.0,60.57,47.72,6.0569749999999675e-05,9265.2,,空carry 热卷1902 1手(空)@3878 / 热卷1903 1手(多)@3843 价差=35,,,[HC] 空carry 热卷1902 1手(空)@3878 / 热卷1903 1手(多)@3843 价差=35 z=0.87
2018-10-31,True,0,0,0.0,-7.61,0.0,0.0,0.0,0.0,0.0,0.0,-1.9,7.61,-1.903e-06,0.0,,,,,全品种空仓
2018-11-01,False,3,6,110.0,-217.54,-265.0,0.0,122859.0,9044.4,13454.0,0.0,-93.13,52.54,-9.31342500000103e-05,145357.4,多carry 黄金1904 1手(多)@278.35 / 黄金1906 1手(空)@280.1 价差=-1.75,空carry 热卷1903 1手(空)@3803 / 热卷1904 1手(多)@3734 价差=69,多carry 棕榈油1903 1手(多)@4754 / 棕榈油1904 1手(空)@4856 价差=-102,,[AU] 多carry 黄金1904 1手(多)@278.35 / 黄金1906 1手(空)@280.1 价差=-1.75 z=-1.61 | [HC] 空carry 热卷1903 1手(空)@3803 / 热卷1904 1手(多)@3734 价差=69 z=1.50 | [P] 多carry 棕榈油1903 1手(多)@4754 / 棕榈油1904 1手(空)@4856 价差=-102 z=-1.36
2018-11-02,False,4,8,0.0,480.0,-100.0,-525.0,122958.0,9007.199999999999,13423.2,15582.0,-36.25,5.0,-3.6249999999988406e-05,160970.4,多carry 黄金1904 1手(多)@278.65 / 黄金1906 1手(空)@280.25 价差=-1.6,空carry 热卷1903 1手(空)@3798 / 热卷1904 1手(多)@3708 价差=90,多carry 棕榈油1903 1手(多)@4730 / 棕榈油1904 1手(空)@4858 价差=-128,多carry 豆油1903 1手(多)@5544 / 豆油1905 1手(空)@5586 价差=-42,[AU] 多carry 黄金1904 1手(多)@278.65 / 黄金1906 1手(空)@280.25 价差=-1.6 z=-1.50 | [HC] 空carry 热卷1903 1手(空)@3798 / 热卷1904 1手(多)@3708 价差=90 z=1.76 | [P] 多carry 棕榈油1903 1手(多)@4730 / 棕榈油1904 1手(空)@4858 价差=-128 z=-1.90 | [Y] 多carry 豆油1903 1手(多)@5544 / 豆油1905 1手(空)@5586 价差=-42 z=-2.70
2018-11-05,False,3,6,200.0,-7.48,360.0,140.0,122936.0,0.0,13342.0,15654.800000000001,173.13,7.48,0.0001731304999999917,151932.8,多carry 黄金1904 1手(多)@278.6 / 黄金1906 1手(空)@280.2 价差=-1.6,,多carry 棕榈油1903 1手(多)@4696 / 棕榈油1904 1手(空)@4834 价差=-138,多carry 豆油1903 1手(多)@5544 / 豆油1905 1手(空)@5638 价差=-94,[AU] 多carry 黄金1904 1手(多)@278.6 / 黄金1906 1手(空)@280.2 价差=-1.6 z=-1.35 | [P] 多carry 棕榈油1903 1手(多)@4696 / 棕榈油1904 1手(空)@4834 价差=-138 z=-1.98 | [Y] 多carry 豆油1903 1手(多)@5544 / 豆油1905 1手(空)@5638 价差=-94 z=-2.84
2018-11-06,False,4,8,-100.0,-417.44,220.0,900.0,122958.0,8926.8,13291.600000000002,15680.000000000002,150.64,7.44,0.00015064025000000373,160856.4,多carry 黄金1904 1手(多)@278.75 / 黄金1906 1手(空)@280.15 价差=-1.4,空carry 热卷1903 1手(空)@3760 / 热卷1904 1手(多)@3679 价差=81,多carry 棕榈油1903 1手(多)@4696 / 棕榈油1904 1手(空)@4798 价差=-102,多carry 豆油1903 1手(多)@5560 / 豆油1905 1手(空)@5640 价差=-80,[AU] 多carry 黄金1904 1手(多)@278.75 / 黄金1906 1手(空)@280.15 价差=-1.4 z=-1.07 | [HC] 空carry 热卷1903 1手(空)@3760 / 热卷1904 1手(多)@3679 价差=81 z=1.49 | [P] 多carry 棕榈油1903 1手(多)@4696 / 棕榈油1904 1手(空)@4798 价差=-102 z=-1.35 | [Y] 多carry 豆油1903 1手(多)@5560 / 豆油1905 1手(空)@5640 价差=-80 z=-2.12
2018-11-07,False,3,6,50.0,-690.0,-320.0,-5.0,123046.0,8877.599999999999,13260.800000000001,0.0,-241.25,5.0,-0.00024124999999999963,145184.4,多carry 黄金1904 1手(多)@278.9 / 黄金1906 1手(空)@280.4 价差=-1.5,空carry 热卷1903 1手(空)@3760 / 热卷1904 1手(多)@3638 价差=122,多carry 棕榈油1903 1手(多)@4696 / 棕榈油1904 1手(空)@4776 价差=-80,,[AU] 多carry 黄金1904 1手(多)@278.9 / 黄金1906 1手(空)@280.4 价差=-1.5 z=-1.09 | [HC] 空carry 热卷1903 1手(空)@3760 / 热卷1904 1手(多)@3638 价差=122 z=2.10 | [P] 多carry 棕榈油1903 1手(多)@4696 / 棕榈油1904 1手(空)@4776 价差=-80 z=-0.96
2018-11-08,False,3,6,0.0,220.0,0.0,0.0,122617.0,8744.4,13216.0,0.0,55.0,0.0,5.50000000000012e-05,144577.4,多carry 黄金1904 1手(多)@277.95 / 黄金1906 1手(空)@279.4 价差=-1.45,空carry 热卷1903 1手(空)@3739 / 热卷1904 1手(多)@3548 价差=191,多carry 棕榈油1903 1手(多)@4664 / 棕榈油1904 1手(空)@4776 价差=-112,,[AU] 多carry 黄金1904 1手(多)@277.95 / 黄金1906 1手(空)@279.4 价差=-1.45 z=-0.99 | [HC] 空carry 热卷1903 1手(空)@3739 / 热卷1904 1手(多)@3548 价差=191 z=2.69 | [P] 多carry 棕榈油1903 1手(多)@4664 / 棕榈油1904 1手(空)@4776 价差=-112 z=-1.44
2018-11-09,False,3,6,150.0,-290.0,20.0,0.0,122309.0,8811.599999999999,13132.0,0.0,-30.0,0.0,-3.0000000000010375e-05,144252.6,多carry 黄金1904 1手(多)@277.25 / 黄金1906 1手(空)@278.7 价差=-1.45,空carry 热卷1903 1手(空)@3756 / 热卷1904 1手(多)@3587 价差=169,多carry 棕榈油1903 1手(多)@4634 / 棕榈油1904 1手(空)@4746 价差=-112,,[AU] 多carry 黄金1904 1手(多)@277.25 / 黄金1906 1手(空)@278.7 价差=-1.45 z=-0.92 | [HC] 空carry 热卷1903 1手(空)@3756 / 热卷1904 1手(多)@3587 价差=169 z=1.95 | [P] 多carry 棕榈油1903 1手(多)@4634 / 棕榈油1904 1手(空)@4746 价差=-112 z=-1.40
2018-11-12,False,3,6,-40.0,580.0,20.0,1175.0,0.0,8685.599999999999,12961.2,15464.400000000001,433.75,45.0,0.00043375,37111.2,,空carry 热卷1903 1手(空)@3718 / 热卷1904 1手(多)@3520 价差=198,多carry 棕榈油1903 1手(多)@4574 / 棕榈油1904 1手(空)@4684 价差=-110,多carry 豆油1903 1手(多)@5492 / 豆油1905 1手(空)@5554 价差=-62,[HC] 空carry 热卷1903 1手(空)@3718 / 热卷1904 1手(多)@3520 价差=198 z=2.01 | [P] 多carry 棕榈油1903 1手(多)@4574 / 棕榈油1904 1手(空)@4684 价差=-110 z=-1.34 | [Y] 多carry 豆油1903 1手(多)@5492 / 豆油1905 1手(空)@5554 价差=-62 z=-1.53
2018-11-13,False,2,4,0.0,560.0,0.0,-5.0,0.0,8534.4,12768.0,0.0,138.75,5.0,0.00013875,21302.4,,空carry 热卷1903 1手(空)@3626 / 热卷1904 1手(多)@3486 价差=140,多carry 棕榈油1903 1手(多)@4506 / 棕榈油1904 1手(空)@4614 价差=-108,,[HC] 空carry 热卷1903 1手(空)@3626 / 热卷1904 1手(多)@3486 价差=140 z=1.10 | [P] 多carry 棕榈油1903 1手(多)@4506 / 棕榈油1904 1手(空)@4614 价差=-108 z=-1.29
2018-11-14,False,2,4,160.0,-7.06,40.0,0.0,120890.0,0.0,12885.600000000002,0.0,48.24,47.06,4.823600000000085e-05,133775.6,多carry 黄金1904 1手(多)@274 / 黄金1906 1手(空)@275.5 价差=-1.5,,多carry 棕榈油1903 1手(多)@4548 / 棕榈油1904 1手(空)@4656 价差=-108,,[AU] 多carry 黄金1904 1手(多)@274 / 黄金1906 1手(空)@275.5 价差=-1.5 z=-0.78 | [P] 多carry 棕榈油1903 1手(多)@4548 / 棕榈油1904 1手(空)@4656 价差=-108 z=-1.24
2018-11-15,False,1,2,-40.0,0.0,-0.0,0.0,0.0,0.0,12443.2,0.0,-10.0,40.0,-1.000000000000135e-05,12443.2,,,多carry 棕榈油1903 1手(多)@4392 / 棕榈油1904 1手(空)@4496 价差=-104,,[P] 多carry 棕榈油1903 1手(多)@4392 / 棕榈油1904 1手(空)@4496 价差=-104 z=-1.20
2018-11-16,False,1,2,0.0,0.0,100.0,0.0,0.0,0.0,12465.600000000002,0.0,25.0,0.0,2.500000000000074e-05,12465.6,,,多carry 棕榈油1903 1手(多)@4400 / 棕榈油1904 1手(空)@4504 价差=-104,,[P] 多carry 棕榈油1903 1手(多)@4400 / 棕榈油1904 1手(空)@4504 价差=-104 z=-1.16
2018-11-19,False,2,4,0.0,0.0,420.0,755.0,0.0,0.0,12608.400000000001,15461.600000000002,293.75,5.0,0.0002937500000000009,28070.0,,,多carry 棕榈油1903 1手(多)@4456 / 棕榈油1904 1手(空)@4550 价差=-94,空carry 豆油1903 1手(空)@5552 / 豆油1905 1手(多)@5492 价差=60,[P] 多carry 棕榈油1903 1手(多)@4456 / 棕榈油1904 1手(空)@4550 价差=-94 z=-0.96 | [Y] 空carry 豆油1903 1手(空)@5552 / 豆油1905 1手(多)@5492 价差=60 z=0.82
2018-11-20,True,0,0,0.0,0.0,-5.0,-5.0,0.0,0.0,0.0,0.0,-2.5,10.0,-2.5e-06,0.0,,,,,全品种空仓
2018-11-21,False,1,2,0.0,0.0,0.0,375.0,0.0,0.0,0.0,15380.400000000001,93.75,5.0,9.375000000000075e-05,15380.4,,,,多carry 豆油1903 1手(多)@5470 / 豆油1905 1手(空)@5516 价差=-46,[Y] 多carry 豆油1903 1手(多)@5470 / 豆油1905 1手(空)@5516 价差=-46 z=-1.09
2018-11-22,True,0,0,0.0,0.0,0.0,-5.0,0.0,0.0,0.0,0.0,-1.25,5.0,-1.25e-06,0.0,,,,,全品种空仓
2018-11-23,False,1,2,0.0,0.0,1115.0,0.0,0.0,0.0,12373.2,0.0,278.75,5.0,0.0002787499999999996,12373.2,,,多carry 棕榈油1903 1手(多)@4354 / 棕榈油1904 1手(空)@4484 价差=-130,,[P] 多carry 棕榈油1903 1手(多)@4354 / 棕榈油1904 1手(空)@4484 价差=-130 z=-1.50
2018-11-26,False,1,2,0.0,933.27,-5.0,0.0,0.0,8077.199999999999,0.0,0.0,232.07,11.73,0.0002320672500000001,8077.2,,空carry 热卷1903 1手(空)@3478 / 热卷1904 1手(多)@3253 价差=225,,,[HC] 空carry 热卷1903 1手(空)@3478 / 热卷1904 1手(多)@3253 价差=225 z=2.17
2018-11-27,True,0,0,0.0,-6.6,0.0,0.0,0.0,0.0,0.0,0.0,-1.65,6.6,-1.64975e-06,0.0,,,,,全品种空仓
2018-11-28,False,3,6,110.0,333.49,0.0,95.0,121858.0,7807.199999999999,0.0,15414.0,134.62,51.51,0.0001346235000000199,145079.2,空carry 黄金1904 1手(空)@276.35 / 黄金1906 1手(多)@277.55 价差=-1.2,多carry 热卷1903 1手(多)@3262 / 热卷1904 1手(空)@3244 价差=18,,多carry 豆油1903 1手(多)@5476 / 豆油1905 1手(空)@5534 价差=-58,[AU] 空carry 黄金1904 1手(空)@276.35 / 黄金1906 1手(多)@277.55 价差=-1.2 z=1.37 | [HC] 多carry 热卷1903 1手(多)@3262 / 热卷1904 1手(空)@3244 价差=18 z=-1.41 | [Y] 多carry 豆油1903 1手(多)@5476 / 豆油1905 1手(空)@5534 价差=-58 z=-1.11
2018-11-29,False,2,4,-40.0,280.0,0.0,880.0,0.0,7956.0,0.0,15400.0,280.0,40.0,0.00028000000000000014,23356.0,,多carry 热卷1903 1手(多)@3341 / 热卷1904 1手(空)@3289 价差=52,,多carry 豆油1903 1手(多)@5476 / 豆油1905 1手(空)@5524 价差=-48,[HC] 多carry 热卷1903 1手(多)@3341 / 热卷1904 1手(空)@3289 价差=52 z=-0.80 | [Y] 多carry 豆油1903 1手(多)@5476 / 豆油1905 1手(空)@5524 价差=-48 z=-0.81
2018-11-30,False,1,2,0.0,-6.6,0.0,830.0,0.0,0.0,0.0,15612.800000000001,205.85,16.6,0.00020584949999999944,15612.8,,,,空carry 豆油1903 1手(空)@5596 / 豆油1905 1手(多)@5556 价差=40,[Y] 空carry 豆油1903 1手(空)@5596 / 豆油1905 1手(多)@5556 价差=40 z=1.02
2018-12-03,True,0,0,0.0,0.0,0.0,-5.0,0.0,0.0,0.0,0.0,-1.25,5.0,-1.25e-06,0.0,,,,,全品种空仓
2018-12-04,False,2,4,0.0,493.43,-25.0,0.0,0.0,7886.4,12653.2,0.0,117.11,11.57,0.00011710700000000107,20539.6,,多carry 热卷1904 1手(多)@3296 / 热卷1905 1手(空)@3276 价差=20,空carry 棕榈油1904 1手(空)@4524 / 棕榈油1905 1手(多)@4514 价差=10,,[HC] 多carry 热卷1904 1手(多)@3296 / 热卷1905 1手(空)@3276 价差=20 z=-1.26 | [P] 空carry 棕榈油1904 1手(空)@4524 / 棕榈油1905 1手(多)@4514 价差=10 z=1.45
2018-12-05,False,1,2,0.0,-6.82,220.0,0.0,0.0,0.0,12650.400000000001,0.0,53.3,6.82,5.329599999999922e-05,12650.4,,,空carry 棕榈油1904 1手(空)@4524 / 棕榈油1905 1手(多)@4512 价差=12,,[P] 空carry 棕榈油1904 1手(空)@4524 / 棕榈油1905 1手(多)@4512 价差=12 z=1.50
2018-12-06,False,2,4,10.0,0.0,-480.0,0.0,122881.0,0.0,12681.2,0.0,-117.5,40.0,-0.00011750000000000736,135562.2,空carry 黄金1904 1手(空)@278.65 / 黄金1906 1手(多)@279.9 价差=-1.25,,空carry 棕榈油1904 1手(空)@4524 / 棕榈油1905 1手(多)@4534 价差=-10,,[AU] 空carry 黄金1904 1手(空)@278.65 / 黄金1906 1手(多)@279.9 价差=-1.25 z=1.11 | [P] 空carry 棕榈油1904 1手(空)@4524 / 棕榈油1905 1手(多)@4534 价差=-10 z=0.98
2018-12-07,False,2,4,-40.0,0.0,380.0,55.0,0.0,0.0,12614.0,15414.0,98.75,45.0,9.875000000000221e-05,28028.0,,,空carry 棕榈油1904 1手(空)@4524 / 棕榈油1905 1手(多)@4486 价差=38,多carry 豆油1905 1手(多)@5444 / 豆油1907 1手(空)@5566 价差=-122,[P] 空carry 棕榈油1904 1手(空)@4524 / 棕榈油1905 1手(多)@4486 价差=38 z=1.94 | [Y] 多carry 豆油1905 1手(多)@5444 / 豆油1907 1手(空)@5566 价差=-122 z=-2.54
2018-12-10,False,3,6,-40.0,0.0,-280.0,520.0,124234.0,0.0,12667.2,15422.400000000001,50.0,40.0,4.9999999999999345e-05,152323.6,多carry 黄金1904 1手(多)@281.6 / 黄金1906 1手(空)@283.1 价差=-1.5,,空carry 棕榈油1904 1手(空)@4524 / 棕榈油1905 1手(多)@4524 价差=0,多carry 豆油1905 1手(多)@5450 / 豆油1907 1手(空)@5566 价差=-116,[AU] 多carry 黄金1904 1手(多)@281.6 / 黄金1906 1手(空)@283.1 价差=-1.5 z=-1.85 | [P] 空carry 棕榈油1904 1手(空)@4524 / 棕榈油1905 1手(多)@4524 价差=0 z=1.09 | [Y] 多carry 豆油1905 1手(多)@5450 / 豆油1907 1手(空)@5566 价差=-116 z=-2.11
2018-12-11,False,3,6,0.0,0.0,-1320.0,180.0,124036.0,0.0,12628.0,15142.400000000001,-285.0,0.0,-0.00028499999999999636,151806.4,多carry 黄金1904 1手(多)@281.15 / 黄金1906 1手(空)@282.65 价差=-1.5,,空carry 棕榈油1904 1手(空)@4524 / 棕榈油1905 1手(多)@4496 价差=28,多carry 豆油1905 1手(多)@5376 / 豆油1907 1手(空)@5440 价差=-64,[AU] 多carry 黄金1904 1手(多)@281.15 / 黄金1906 1手(空)@282.65 价差=-1.5 z=-1.68 | [P] 空carry 棕榈油1904 1手(空)@4524 / 棕榈油1905 1手(多)@4496 价差=28 z=1.63 | [Y] 多carry 豆油1905 1手(多)@5376 / 豆油1907 1手(空)@5440 价差=-64 z=-0.95
2018-12-12,False,2,4,100.0,0.0,220.0,-5.0,123398.0,0.0,12812.800000000001,0.0,78.75,5.0,7.874999999999685e-05,136210.8,多carry 黄金1904 1手(多)@279.7 / 黄金1906 1手(空)@281.2 价差=-1.5,,空carry 棕榈油1904 1手(空)@4656 / 棕榈油1905 1手(多)@4496 价差=160,,[AU] 多carry 黄金1904 1手(多)@279.7 / 黄金1906 1手(空)@281.2 价差=-1.5 z=-1.85 | [P] 空carry 棕榈油1904 1手(空)@4656 / 棕榈油1905 1手(多)@4496 价差=160 z=3.71
2018-12-13,False,2,4,-40.0,0.0,80.0,-225.0,0.0,0.0,12804.400000000001,15164.800000000001,-46.25,45.0,-4.6249999999999694e-05,27969.2,,,空carry 棕榈油1904 1手(空)@4642 / 棕榈油1905 1手(多)@4504 价差=138,多carry 豆油1905 1手(多)@5376 / 豆油1907 1手(空)@5456 价差=-80,[P] 空carry 棕榈油1904 1手(空)@4642 / 棕榈油1905 1手(多)@4504 价差=138 z=3.00 | [Y] 多carry 豆油1905 1手(多)@5376 / 豆油1907 1手(空)@5456 价差=-80 z=-1.12
2018-12-14,False,2,4,0.0,0.0,-580.0,200.0,0.0,0.0,12793.2,15134.0,-95.0,0.0,-9.500000000000162e-05,27927.2,,,空carry 棕榈油1904 1手(空)@4634 / 棕榈油1905 1手(多)@4504 价差=130,多carry 豆油1905 1手(多)@5354 / 豆油1907 1手(空)@5456 价差=-102,[P] 空carry 棕榈油1904 1手(空)@4634 / 棕榈油1905 1手(多)@4504 价差=130 z=2.65 | [Y] 多carry 豆油1905 1手(多)@5354 / 豆油1907 1手(空)@5456 价差=-102 z=-1.43
2018-12-17,False,3,6,-40.0,0.0,1560.0,460.0,122969.0,0.0,12829.600000000002,15100.400000000001,495.0,40.0,0.0004950000000000043,150899.0,多carry 黄金1904 1手(多)@278.75 / 黄金1906 1手(空)@280.2 价差=-1.45,,空carry 棕榈油1904 1手(空)@4676 / 棕榈油1905 1手(多)@4488 价差=188,多carry 豆油1905 1手(多)@5352 / 豆油1907 1手(空)@5434 价差=-82,[AU] 多carry 黄金1904 1手(多)@278.75 / 黄金1906 1手(空)@280.2 价差=-1.45 z=-1.28 | [P] 空carry 棕榈油1904 1手(空)@4676 / 棕榈油1905 1手(多)@4488 价差=188 z=3.15 | [Y] 多carry 豆油1905 1手(多)@5352 / 豆油1907 1手(空)@5434 价差=-82 z=-0.95
2018-12-18,False,2,4,150.0,0.0,600.0,-5.0,123717.0,0.0,12734.400000000001,0.0,186.25,5.0,0.00018624999999998905,136451.4,多carry 黄金1904 1手(多)@280.45 / 黄金1906 1手(空)@281.9 价差=-1.45,,空carry 棕榈油1904 1手(空)@4564 / 棕榈油1905 1手(多)@4532 价差=32,,[AU] 多carry 黄金1904 1手(多)@280.45 / 黄金1906 1手(空)@281.9 价差=-1.45 z=-1.09 | [P] 空carry 棕榈油1904 1手(空)@4564 / 棕榈油1905 1手(多)@4532 价差=32 z=0.96
2018-12-19,False,1,2,-40.0,0.0,-5.0,595.0,0.0,0.0,0.0,15204.000000000002,137.5,50.0,0.00013750000000000096,15204.0,,,,空carry 豆油1905 1手(空)@5440 / 豆油1907 1手(多)@5420 价差=20,[Y] 空carry 豆油1905 1手(空)@5440 / 豆油1907 1手(多)@5420 价差=20 z=1.27
2018-12-20,True,0,0,0.0,0.0,0.0,-5.0,0.0,0.0,0.0,0.0,-1.25,5.0,-1.25e-06,0.0,,,,,全品种空仓
2018-12-21,True,0,0,0.0,0.0,0.0,0.0,0.0,0.0,0.0,0.0,0.0,0.0,0.0,0.0,,,,,全品种空仓
2018-12-24,False,2,4,110.0,-66.98,0.0,0.0,125323.0,8374.8,0.0,0.0,10.76,46.98,1.0755250000003012e-05,133697.8,空carry 黄金1904 1手(空)@284.2 / 黄金1906 1手(多)@285.45 价差=-1.25,空carry 热卷1904 1手(空)@3554 / 热卷1905 1手(多)@3425 价差=129,,,[AU] 空carry 黄金1904 1手(空)@284.2 / 黄金1906 1手(多)@285.45 价差=-1.25 z=1.51 | [HC] 空carry 热卷1904 1手(空)@3554 / 热卷1905 1手(多)@3425 价差=129 z=2.01
2018-12-25,False,1,2,-40.0,330.0,0.0,0.0,0.0,8262.0,0.0,0.0,72.5,40.0,7.249999999999995e-05,8262.0,,空carry 热卷1904 1手(空)@3510 / 热卷1905 1手(多)@3375 价差=135,,,[HC] 空carry 热卷1904 1手(空)@3510 / 热卷1905 1手(多)@3375 价差=135 z=2.17
2018-12-26,False,2,4,0.0,-190.0,0.0,735.0,0.0,8205.6,0.0,15162.000000000002,136.25,5.0,0.00013625000000000174,23367.6,,空carry 热卷1904 1手(空)@3470 / 热卷1905 1手(多)@3368 价差=102,,空carry 豆油1905 1手(空)@5410 / 豆油1907 1手(多)@5420 价差=-10,[HC] 空carry 热卷1904 1手(空)@3470 / 热卷1905 1手(多)@3368 价差=102 z=0.99 | [Y] 空carry 豆油1905 1手(空)@5410 / 豆油1907 1手(多)@5420 价差=-10 z=0.76
2018-12-27,False,3,6,10.0,210.0,0.0,-130.0,125708.0,8149.2,0.0,15204.000000000002,22.5,50.0,2.2499999999995644e-05,149061.2,空carry 黄金1904 1手(空)@285.1 / 黄金1906 1手(多)@286.3 价差=-1.2,空carry 热卷1904 1手(空)@3456 / 热卷1905 1手(多)@3335 价差=121,,多carry 豆油1905 1手(多)@5388 / 豆油1907 1手(空)@5472 价差=-84,[AU] 空carry 黄金1904 1手(空)@285.1 / 黄金1906 1手(多)@286.3 价差=-1.2 z=2.08 | [HC] 空carry 热卷1904 1手(空)@3456 / 热卷1905 1手(多)@3335 价差=121 z=1.48 | [Y] 多carry 豆油1905 1手(多)@5388 / 豆油1907 1手(空)@5472 价差=-84 z=-0.88
2018-12-28,False,2,4,0.0,-6.79,0.0,800.0,126379.0,0.0,0.0,15187.2,198.3,6.79,0.0001983025000000098,141566.2,空carry 黄金1904 1手(空)@286.6 / 黄金1906 1手(多)@287.85 价差=-1.25,,,多carry 豆油1905 1手(多)@5376 / 豆油1907 1手(空)@5472 价差=-96,[AU] 空carry 黄金1904 1手(空)@286.6 / 黄金1906 1手(多)@287.85 价差=-1.25 z=1.44 | [Y] 多carry 豆油1905 1手(多)@5376 / 豆油1907 1手(空)@5472 价差=-96 z=-1.08
2019-01-02,False,4,8,-700.0,753.4,335.0,-670.0,126852.0,7924.799999999999,12840.800000000001,15299.2,-70.4,21.6,-7.040100000000625e-05,162916.8,空carry 黄金1906 1手(空)@288.3 / 黄金1908 1手(多)@288.3 价差=0,多carry 热卷1905 1手(多)@3294 / 热卷1906 1手(空)@3310 价差=-16,空carry 棕榈油1905 1手(空)@4598 / 棕榈油1906 1手(多)@4574 价差=24,空carry 豆油1905 1手(空)@5456 / 豆油1907 1手(多)@5472 价差=-16,[AU] 空carry 黄金1906 1手(空)@288.3 / 黄金1908 1手(多)@288.3 价差=0 z=4.06 | [HC] 多carry 热卷1905 1手(多)@3294 / 热卷1906 1手(空)@3310 价差=-16 z=-2.51 | [P] 空carry 棕榈油1905 1手(空)@4598 / 棕榈油1906 1手(多)@4574 价差=24 z=0.76 | [Y] 空carry 豆油1905 1手(空)@5456 / 豆油1907 1手(多)@5472 价差=-16 z=0.86
2019-01-03,False,2,4,1900.0,-6.64,-5.0,500.0,127754.0,0.0,0.0,15391.600000000002,597.09,11.64,0.0005970899999999993,143145.6,空carry 黄金1906 1手(空)@290.7 / 黄金1908 1手(多)@290 价差=0.7,,,空carry 豆油1905 1手(空)@5522 / 豆油1907 1手(多)@5472 价差=50,[AU] 空carry 黄金1906 1手(空)@290.7 / 黄金1908 1手(多)@290 价差=0.7 z=3.44 | [Y] 空carry 豆油1905 1手(空)@5522 / 豆油1907 1手(多)@5472 价差=50 z=2.12
2019-01-04,False,2,4,-40.0,33.31,0.0,40.0,0.0,8032.799999999999,0.0,15512.000000000002,8.33,46.69,8.326499999999033e-06,23544.8,,多carry 热卷1905 1手(多)@3363 / 热卷1906 1手(空)@3331 价差=32,,空carry 豆油1905 1手(空)@5540 / 豆油1907 1手(多)@5540 价差=0,[HC] 多carry 热卷1905 1手(多)@3363 / 热卷1906 1手(空)@3331 价差=32 z=-1.21 | [Y] 空carry 豆油1905 1手(空)@5540 / 豆油1907 1手(多)@5540 价差=0 z=1.02
2019-01-07,False,3,6,910.0,-30.0,0.0,100.0,127116.0,8143.2,0.0,15506.400000000001,245.0,40.0,0.0002450000000000019,150765.6,空carry 黄金1906 1手(空)@288.65 / 黄金1908 1手(多)@289.15 价差=-0.5,多carry 热卷1905 1手(多)@3411 / 热卷1906 1手(空)@3375 价差=36,,空carry 豆油1905 1手(空)@5536 / 豆油1907 1手(多)@5540 价差=-4,[AU] 空carry 黄金1906 1手(空)@288.65 / 黄金1908 1手(多)@289.15 价差=-0.5 z=1.17 | [HC] 多carry 热卷1905 1手(多)@3411 / 热卷1906 1手(空)@3375 价差=36 z=-1.00 | [Y] 空carry 豆油1905 1手(空)@5536 / 豆油1907 1手(多)@5540 价差=-4 z=0.94
2019-01-08,False,1,2,-40.0,230.0,0.0,-5.0,0.0,8127.6,0.0,0.0,46.25,45.0,4.6250000000000846e-05,8127.6,,多carry 热卷1905 1手(多)@3403 / 热卷1906 1手(空)@3370 价差=33,,,[HC] 多carry 热卷1905 1手(多)@3403 / 热卷1906 1手(空)@3370 价差=33 z=-1.05
2019-01-09,True,0,0,0.0,-6.79,0.0,0.0,0.0,0.0,0.0,0.0,-1.7,6.79,-1.6965e-06,0.0,,,,,全品种空仓
2019-01-10,False,2,4,0.0,163.17,375.0,0.0,0.0,8197.2,13092.800000000001,0.0,134.54,11.83,0.0001345422500000005,21290.0,,多carry 热卷1905 1手(多)@3421 / 热卷1906 1手(空)@3410 价差=11,多carry 棕榈油1905 1手(多)@4630 / 棕榈油1906 1手(空)@4722 价差=-92,,[HC] 多carry 热卷1905 1手(多)@3421 / 热卷1906 1手(空)@3410 价差=11 z=-1.43 | [P] 多carry 棕榈油1905 1手(多)@4630 / 棕榈油1906 1手(空)@4722 价差=-92 z=-0.93
2019-01-11,False,1,2,0.0,110.0,-5.0,0.0,0.0,8217.599999999999,0.0,0.0,26.25,5.0,2.6250000000000475e-05,8217.6,,多carry 热卷1905 1手(多)@3438 / 热卷1906 1手(空)@3410 价差=28,,,[HC] 多carry 热卷1905 1手(多)@3438 / 热卷1906 1手(空)@3410 价差=28 z=-0.93
2019-01-14,False,1,2,0.0,-6.88,0.0,-145.0,0.0,0.0,0.0,15736.000000000002,-37.97,11.88,-3.7969750000000176e-05,15736.0,,,,多carry 豆油1905 1手(多)@5580 / 豆油1907 1手(空)@5660 价差=-80,[Y] 多carry 豆油1905 1手(多)@5580 / 豆油1907 1手(空)@5660 价差=-80 z=-1.11
2019-01-15,False,1,2,0.0,0.0,0.0,-120.0,0.0,0.0,0.0,15716.400000000001,-30.0,0.0,-2.9999999999999967e-05,15716.4,,,,多carry 豆油1905 1手(多)@5566 / 豆油1907 1手(空)@5660 价差=-94,[Y] 多carry 豆油1905 1手(多)@5566 / 豆油1907 1手(空)@5660 价差=-94 z=-1.49
2019-01-16,False,2,4,0.0,223.16,0.0,-480.0,0.0,8208.0,0.0,15699.600000000002,-64.21,6.84,-6.421000000000066e-05,23907.6,,多carry 热卷1905 1手(多)@3435 / 热卷1906 1手(空)@3405 价差=30,,多carry 豆油1905 1手(多)@5554 / 豆油1907 1手(空)@5660 价差=-106,[HC] 多carry 热卷1905 1手(多)@3435 / 热卷1906 1手(空)@3405 价差=30 z=-0.76 | [Y] 多carry 豆油1905 1手(多)@5554 / 豆油1907 1手(空)@5660 价差=-106 z=-1.68
2019-01-17,False,2,4,0.0,-6.86,635.0,1120.0,0.0,0.0,12972.400000000001,15626.800000000001,437.03,11.86,0.00043703425000000165,28599.2,,,多carry 棕榈油1905 1手(多)@4578 / 棕榈油1906 1手(空)@4688 价差=-110,多carry 豆油1905 1手(多)@5504 / 豆油1907 1手(空)@5658 价差=-154,[P] 多carry 棕榈油1905 1手(多)@4578 / 棕榈油1906 1手(空)@4688 价差=-110 z=-1.13 | [Y] 多carry 豆油1905 1手(多)@5504 / 豆油1907 1手(空)@5658 价差=-154 z=-2.28
2019-01-18,False,1,2,0.0,413.08,-5.0,-5.0,0.0,8307.599999999999,0.0,0.0,100.77,16.92,0.00010076924999999903,8307.6,,空carry 热卷1905 1手(空)@3518 / 热卷1906 1手(多)@3405 价差=113,,,[HC] 空carry 热卷1905 1手(空)@3518 / 热卷1906 1手(多)@3405 价差=113 z=1.17
2019-01-21,False,1,2,0.0,-6.96,0.0,15.0,0.0,0.0,0.0,15884.400000000001,2.01,11.96,2.0102500000005962e-06,15884.4,,,,空carry 豆油1905 1手(空)@5678 / 豆油1907 1手(多)@5668 价差=10,[Y] 空carry 豆油1905 1手(空)@5678 / 豆油1907 1手(多)@5668 价差=10 z=1.07
2019-01-22,False,2,4,0.0,353.01,0.0,580.0,0.0,8388.0,0.0,15881.600000000002,233.25,6.99,0.00023325249999999874,24269.6,,空carry 热卷1905 1手(空)@3546 / 热卷1906 1手(多)@3444 价差=102,,空carry 豆油1905 1手(空)@5676 / 豆油1907 1手(多)@5668 价差=8,[HC] 空carry 热卷1905 1手(空)@3546 / 热卷1906 1手(多)@3444 价差=102 z=0.89 | [Y] 空carry 豆油1905 1手(空)@5676 / 豆油1907 1手(多)@5668 价差=8 z=0.96
2019-01-23,True,0,0,0.0,-7.05,0.0,-5.0,0.0,0.0,0.0,0.0,-3.01,12.05,-3.0129999999999998e-06,0.0,,,,,全品种空仓
2019-01-24,True,0,0,0.0,0.0,0.0,0.0,0.0,0.0,0.0,0.0,0.0,0.0,0.0,0.0,,,,,全品种空仓
2019-01-25,True,0,0,0.0,0.0,0.0,0.0,0.0,0.0,0.0,0.0,0.0,0.0,0.0,0.0,,,,,全品种空仓
2019-01-28,False,2,4,0.0,382.83,0.0,-5.0,0.0,8610.0,0.0,16119.600000000002,94.46,12.18,9.445625000000009e-05,24729.6,,多carry 热卷1905 1手(多)@3588 / 热卷1906 1手(空)@3587 价差=1,,空carry 豆油1905 1手(空)@5790 / 豆油1907 1手(多)@5724 价差=66,[HC] 多carry 热卷1905 1手(多)@3588 / 热卷1906 1手(空)@3587 价差=1 z=-1.47 | [Y] 空carry 豆油1905 1手(空)@5790 / 豆油1907 1手(多)@5724 价差=66 z=1.87
2019-01-29,False,1,2,0.0,-7.14,0.0,1020.0,0.0,0.0,0.0,16119.600000000002,253.22,7.14,0.00025321549999999875,16119.6,,,,空carry 豆油1905 1手(空)@5790 / 豆油1907 1手(多)@5724 价差=66,[Y] 空carry 豆油1905 1手(空)@5790 / 豆油1907 1手(多)@5724 价差=66 z=1.65
2019-01-30,False,1,2,0.0,592.82,0.0,-5.0,0.0,8619.599999999999,0.0,0.0,146.95,12.18,0.00014695424999999955,8619.6,,多carry 热卷1905 1手(多)@3582 / 热卷1906 1手(空)@3601 价差=-19,,,[HC] 多carry 热卷1905 1手(多)@3582 / 热卷1906 1手(空)@3601 价差=-19 z=-2.08
2019-01-31,True,0,0,0.0,-7.18,0.0,0.0,0.0,0.0,0.0,0.0,-1.79,7.18,-1.79475e-06,0.0,,,,,全品种空仓
2019-02-01,False,2,4,110.0,0.0,0.0,-225.0,127369.0,0.0,0.0,16055.2,-28.75,45.0,-2.8750000000000512e-05,143424.2,空carry 黄金1906 1手(空)@289.2 / 黄金1908 1手(多)@289.75 价差=-0.55,,,空carry 豆油1907 1手(空)@5786 / 豆油1908 1手(多)@5682 价差=104,[AU] 空carry 黄金1906 1手(空)@289.2 / 黄金1908 1手(多)@289.75 价差=-0.55 z=1.09 | [Y] 空carry 豆油1907 1手(空)@5786 / 豆油1908 1手(多)@5682 价差=104 z=2.15
2019-02-11,False,2,4,-40.0,1322.71,0.0,240.0,0.0,8742.0,0.0,16024.400000000001,380.68,47.28,0.0003806787499999997,24766.4,,空carry 热卷1906 1手(空)@3740 / 热卷1907 1手(多)@3545 价差=195,,空carry 豆油1907 1手(空)@5786 / 豆油1908 1手(多)@5660 价差=126,[HC] 空carry 热卷1906 1手(空)@3740 / 热卷1907 1手(多)@3545 价差=195 z=3.07 | [Y] 空carry 豆油1907 1手(空)@5786 / 豆油1908 1手(多)@5660 价差=126 z=2.10
2019-02-12,False,1,2,0.0,-7.24,0.0,-0.0,0.0,0.0,0.0,16058.0,-1.81,7.24,-1.811e-06,16058.0,,,,空carry 豆油1907 1手(空)@5786 / 豆油1908 1手(多)@5684 价差=102,[Y] 空carry 豆油1907 1手(空)@5786 / 豆油1908 1手(多)@5684 价差=102 z=1.56
2019-02-13,False,3,6,60.0,-137.18,0.0,40.0,127116.0,8618.4,0.0,16058.0,-9.3,47.18,-9.29549999999352e-06,151792.4,多carry 黄金1906 1手(多)@288.25 / 黄金1908 1手(空)@289.55 价差=-1.3,多carry 热卷1906 1手(多)@3591 / 热卷1907 1手(空)@3591 价差=0,,空carry 豆油1907 1手(空)@5786 / 豆油1908 1手(多)@5684 价差=102,[AU] 多carry 黄金1906 1手(多)@288.25 / 黄金1908 1手(空)@289.55 价差=-1.3 z=-1.87 | [HC] 多carry 热卷1906 1手(多)@3591 / 热卷1907 1手(空)@3591 价差=0 z=-1.16 | [Y] 空carry 豆油1907 1手(空)@5786 / 豆油1908 1手(多)@5684 价差=102 z=1.40
2019-02-14,False,3,6,50.0,-260.0,0.0,-0.0,126808.0,8538.0,0.0,16063.600000000002,-52.5,0.0,-5.25000000000038e-05,151409.6,多carry 黄金1906 1手(多)@287.6 / 黄金1908 1手(空)@288.8 价差=-1.2,多carry 热卷1906 1手(多)@3551 / 热卷1907 1手(空)@3564 价差=-13,,空carry 豆油1907 1手(空)@5786 / 豆油1908 1手(多)@5688 价差=98,[AU] 多carry 黄金1906 1手(多)@287.6 / 黄金1908 1手(空)@288.8 价差=-1.2 z=-2.03 | [HC] 多carry 热卷1906 1手(多)@3551 / 热卷1907 1手(空)@3564 价差=-13 z=-1.36 | [Y] 空carry 豆油1907 1手(空)@5786 / 豆油1908 1手(多)@5688 价差=98 z=1.22
2019-02-15,False,4,8,-50.0,950.0,-5.0,160.0,127677.0,8506.8,13507.2,16063.600000000002,263.75,5.0,0.000263749999999995,165754.6,多carry 黄金1906 1手(多)@289.6 / 黄金1908 1手(空)@290.75 价差=-1.15,多carry 热卷1906 1手(多)@3525 / 热卷1907 1手(空)@3564 价差=-39,多carry 棕榈油1906 1手(多)@4782 / 棕榈油1907 1手(空)@4866 价差=-84,空carry 豆油1907 1手(空)@5786 / 豆油1908 1手(多)@5688 价差=98,[AU] 多carry 黄金1906 1手(多)@289.6 / 黄金1908 1手(空)@290.75 价差=-1.15 z=-1.64 | [HC] 多carry 热卷1906 1手(多)@3525 / 热卷1907 1手(空)@3564 价差=-39 z=-1.69 | [P] 多carry 棕榈油1906 1手(多)@4782 / 棕榈油1907 1手(空)@4866 价差=-84 z=-0.92 | [Y] 空carry 豆油1907 1手(空)@5786 / 豆油1908 1手(多)@5688 价差=98 z=1.10
2019-02-18,False,3,6,100.0,-7.11,160.0,-560.0,128282.0,0.0,13507.2,16041.2,-76.78,7.11,-7.677849999999216e-05,157830.4,多carry 黄金1906 1手(多)@290.95 / 黄金1908 1手(空)@292.15 价差=-1.2,,多carry 棕榈油1906 1手(多)@4782 / 棕榈油1907 1手(空)@4866 价差=-84,空carry 豆油1907 1手(空)@5770 / 豆油1908 1手(多)@5688 价差=82,[AU] 多carry 黄金1906 1手(多)@290.95 / 黄金1908 1手(空)@292.15 价差=-1.2 z=-1.66 | [P] 多carry 棕榈油1906 1手(多)@4782 / 棕榈油1907 1手(空)@4866 价差=-84 z=-0.94 | [Y] 空carry 豆油1907 1手(空)@5770 / 豆油1908 1手(多)@5688 价差=82 z=0.83
2019-02-19,False,2,4,-100.0,0.0,-5.0,440.0,128436.0,0.0,0.0,16153.2,83.75,5.0,8.375000000000542e-05,144589.2,多carry 黄金1906 1手(多)@291.35 / 黄金1908 1手(空)@292.45 价差=-1.1,,,空carry 豆油1907 1手(空)@5838 / 豆油1908 1手(多)@5700 价差=138,[AU] 多carry 黄金1906 1手(多)@291.35 / 黄金1908 1手(空)@292.45 价差=-1.1 z=-1.08 | [Y] 空carry 豆油1907 1手(空)@5838 / 豆油1908 1手(多)@5700 价差=138 z=1.34
2019-02-20,False,1,2,-50.0,0.0,0.0,-5.0,129338.0,0.0,0.0,0.0,-13.75,5.0,-1.3750000000001137e-05,129338.0,多carry 黄金1906 1手(多)@293.35 / 黄金1908 1手(空)@294.55 价差=-1.2,,,,[AU] 多carry 黄金1906 1手(多)@293.35 / 黄金1908 1手(空)@294.55 价差=-1.2 z=-1.35
2019-02-21,False,1,2,50.0,0.0,0.0,0.0,128535.0,0.0,0.0,0.0,12.5,0.0,1.2500000000003695e-05,128535.0,多carry 黄金1906 1手(多)@291.5 / 黄金1908 1手(空)@292.75 价差=-1.25,,,,[AU] 多carry 黄金1906 1手(多)@291.5 / 黄金1908 1手(空)@292.75 价差=-1.25 z=-1.42
2019-02-22,False,2,4,150.0,0.0,0.0,-245.0,127688.0,0.0,0.0,16226.000000000002,-23.75,5.0,-2.3750000000002444e-05,143914.0,多carry 黄金1906 1手(多)@289.6 / 黄金1908 1手(空)@290.8 价差=-1.2,,,多carry 豆油1907 1手(多)@5790 / 豆油1908 1手(空)@5800 价差=-10,[AU] 多carry 黄金1906 1手(多)@289.6 / 黄金1908 1手(空)@290.8 价差=-1.2 z=-1.12 | [Y] 多carry 豆油1907 1手(多)@5790 / 豆油1908 1手(空)@5800 价差=-10 z=-0.82
2019-02-25,False,1,2,-40.0,0.0,0.0,-200.0,0.0,0.0,0.0,16259.600000000002,-60.0,40.0,-6.000000000000071e-05,16259.6,,,,多carry 豆油1907 1手(多)@5790 / 豆油1908 1手(空)@5824 价差=-34,[Y] 多carry 豆油1907 1手(多)@5790 / 豆油1908 1手(空)@5824 价差=-34 z=-1.12
2019-02-26,False,3,6,-40.0,102.64,0.0,0.0,127435.0,8834.4,0.0,16231.600000000002,15.66,47.36,1.5659499999999917e-05,152501.0,多carry 黄金1906 1手(多)@289 / 黄金1908 1手(空)@290.25 价差=-1.25,空carry 热卷1906 1手(空)@3727 / 热卷1907 1手(多)@3635 价差=92,,多carry 豆油1907 1手(多)@5770 / 豆油1908 1手(空)@5824 价差=-54,[AU] 多carry 黄金1906 1手(多)@289 / 黄金1908 1手(空)@290.25 价差=-1.25 z=-1.16 | [HC] 空carry 热卷1906 1手(空)@3727 / 热卷1907 1手(多)@3635 价差=92 z=0.87 | [Y] 多carry 豆油1907 1手(多)@5770 / 豆油1908 1手(空)@5824 价差=-54 z=-1.31
2019-02-27,False,2,4,100.0,-7.35,0.0,-360.0,127281.0,0.0,0.0,16231.600000000002,-66.84,7.35,-6.68377499999883e-05,143512.6,多carry 黄金1906 1手(多)@288.65 / 黄金1908 1手(空)@289.9 价差=-1.25,,,多carry 豆油1907 1手(多)@5770 / 豆油1908 1手(空)@5824 价差=-54,[AU] 多carry 黄金1906 1手(多)@288.65 / 黄金1908 1手(空)@289.9 价差=-1.25 z=-1.07 | [Y] 多carry 豆油1907 1手(多)@5770 / 豆油1908 1手(空)@5824 价差=-54 z=-1.30
2019-02-28,False,2,4,-40.0,0.0,-5.0,200.0,0.0,0.0,13129.2,16181.2,38.75,45.0,3.874999999999985e-05,29310.4,,,空carry 棕榈油1906 1手(空)@4708 / 棕榈油1907 1手(多)@4670 价差=38,多carry 豆油1907 1手(多)@5734 / 豆油1908 1手(空)@5824 价差=-90,[P] 空carry 棕榈油1906 1手(空)@4708 / 棕榈油1907 1手(多)@4670 价差=38 z=0.98 | [Y] 多carry 豆油1907 1手(多)@5734 / 豆油1908 1手(空)@5824 价差=-90 z=-1.68
2019-03-01,False,3,6,0.0,602.68,-1020.0,0.0,0.0,8787.599999999999,13031.2,16242.800000000001,-104.33,7.32,-0.00010433074999999803,38061.6,,多carry 热卷1907 1手(多)@3635 / 热卷1908 1手(空)@3688 价差=-53,空carry 棕榈油1907 1手(空)@4670 / 棕榈油1908 1手(多)@4638 价差=32,多carry 豆油1907 1手(多)@5766 / 豆油1908 1手(空)@5836 价差=-70,[HC] 多carry 热卷1907 1手(多)@3635 / 热卷1908 1手(空)@3688 价差=-53 z=-1.72 | [P] 空carry 棕榈油1907 1手(空)@4670 / 棕榈油1908 1手(多)@4638 价差=32 z=0.85 | [Y] 多carry 豆油1907 1手(多)@5766 / 豆油1908 1手(空)@5836 价差=-70 z=-1.35
2019-03-04,False,2,4,0.0,-7.38,980.0,500.0,0.0,0.0,13274.800000000001,16242.800000000001,368.15,7.38,0.00036815399999999896,29517.6,,,空carry 棕榈油1907 1手(空)@4808 / 棕榈油1908 1手(多)@4674 价差=134,多carry 豆油1907 1手(多)@5766 / 豆油1908 1手(空)@5836 价差=-70,[P] 空carry 棕榈油1907 1手(空)@4808 / 棕榈油1908 1手(多)@4674 价差=134 z=2.40 | [Y] 多carry 豆油1907 1手(多)@5766 / 豆油1908 1手(空)@5836 价差=-70 z=-1.21
2019-03-05,False,1,2,0.0,0.0,380.0,-5.0,0.0,0.0,13412.0,0.0,93.75,5.0,9.374999999999992e-05,13412.0,,,空carry 棕榈油1907 1手(空)@4808 / 棕榈油1908 1手(多)@4772 价差=36,,[P] 空carry 棕榈油1907 1手(空)@4808 / 棕榈油1908 1手(多)@4772 价差=36 z=0.78
2019-03-06,True,0,0,0.0,0.0,-5.0,0.0,0.0,0.0,0.0,0.0,-1.25,5.0,-1.25e-06,0.0,,,,,全品种空仓
2019-03-07,True,0,0,0.0,0.0,0.0,0.0,0.0,0.0,0.0,0.0,0.0,0.0,0.0,0.0,,,,,全品种空仓
2019-03-08,False,2,4,0.0,0.0,-5.0,-5.0,0.0,0.0,13308.400000000001,16217.600000000002,-2.5,10.0,-2.5e-06,29526.0,,,空carry 棕榈油1907 1手(空)@4774 / 棕榈油1908 1手(多)@4732 价差=42,多carry 豆油1907 1手(多)@5764 / 豆油1908 1手(空)@5820 价差=-56,[P] 空carry 棕榈油1907 1手(空)@4774 / 棕榈油1908 1手(多)@4732 价差=42 z=0.86 | [Y] 多carry 豆油1907 1手(多)@5764 / 豆油1908 1手(空)@5820 价差=-56 z=-0.98
2019-03-11,False,3,6,0.0,1162.71,-0.0,-80.0,0.0,8745.599999999999,13308.400000000001,16217.600000000002,270.68,7.29,0.0002706779999999986,38271.6,,空carry 热卷1907 1手(空)@3705 / 热卷1908 1手(多)@3583 价差=122,空carry 棕榈油1907 1手(空)@4774 / 棕榈油1908 1手(多)@4732 价差=42,多carry 豆油1907 1手(多)@5764 / 豆油1908 1手(空)@5820 价差=-56,[HC] 空carry 热卷1907 1手(空)@3705 / 热卷1908 1手(多)@3583 价差=122 z=1.67 | [P] 空carry 棕榈油1907 1手(空)@4774 / 棕榈油1908 1手(多)@4732 价差=42 z=0.84 | [Y] 多carry 豆油1907 1手(多)@5764 / 豆油1908 1手(空)@5820 价差=-56 z=-0.89
2019-03-12,False,4,8,10.0,-384.58,-0.0,80.0,125697.0,8749.199999999999,13308.400000000001,16206.400000000001,-73.65,54.58,-7.364550000000744e-05,163961.0,空carry 黄金1908 1手(空)@285.2 / 黄金1910 1手(多)@286.15 价差=-0.95,多carry 热卷1907 1手(多)@3648 / 热卷1908 1手(空)@3643 价差=5,空carry 棕榈油1907 1手(空)@4774 / 棕榈油1908 1手(多)@4732 价差=42,多carry 豆油1907 1手(多)@5756 / 豆油1908 1手(空)@5820 价差=-64,[AU] 空carry 黄金1908 1手(空)@285.2 / 黄金1910 1手(多)@286.15 价差=-0.95 z=1.71 | [HC] 多carry 热卷1907 1手(多)@3648 / 热卷1908 1手(空)@3643 价差=5 z=-0.81 | [P] 空carry 棕榈油1907 1手(空)@4774 / 棕榈油1908 1手(多)@4732 价差=42 z=0.84 | [Y] 多carry 豆油1907 1手(多)@5756 / 豆油1908 1手(空)@5820 价差=-64 z=-0.91
2019-03-13,False,3,6,50.0,150.0,300.0,-5.0,126324.0,8704.8,13308.400000000001,0.0,123.75,5.0,0.00012375000000000724,148337.2,空carry 黄金1908 1手(空)@286.6 / 黄金1910 1手(多)@287.6 价差=-1,多carry 热卷1907 1手(多)@3611 / 热卷1908 1手(空)@3643 价差=-32,空carry 棕榈油1907 1手(空)@4774 / 棕榈油1908 1手(多)@4732 价差=42,,[AU] 空carry 黄金1908 1手(空)@286.6 / 黄金1910 1手(多)@287.6 价差=-1 z=1.16 | [HC] 多carry 热卷1907 1手(多)@3611 / 热卷1908 1手(空)@3643 价差=-32 z=-1.51 | [P] 空carry 棕榈油1907 1手(空)@4774 / 棕榈油1908 1手(多)@4732 价差=42 z=0.83
2019-03-14,False,2,4,-40.0,310.0,-5.0,-5.0,0.0,8686.8,0.0,16046.800000000003,65.0,50.0,6.499999999999945e-05,24733.6,,多carry 热卷1907 1手(多)@3611 / 热卷1908 1手(空)@3628 价差=-17,,多carry 豆油1907 1手(多)@5682 / 豆油1908 1手(空)@5780 价差=-98,[HC] 多carry 热卷1907 1手(多)@3611 / 热卷1908 1手(空)@3628 价差=-17 z=-1.19 | [Y] 多carry 豆油1907 1手(多)@5682 / 豆油1908 1手(空)@5780 价差=-98 z=-1.21
2019-03-15,False,3,6,-40.0,-7.19,495.0,500.0,125972.0,0.0,13101.2,16046.800000000003,236.95,52.19,0.0002369514999999979,155120.0,空carry 黄金1908 1手(空)@285.9 / 黄金1910 1手(多)@286.7 价差=-0.8,,空carry 棕榈油1907 1手(空)@4714 / 棕榈油1908 1手(多)@4644 价差=70,多carry 豆油1907 1手(多)@5682 / 豆油1908 1手(空)@5780 价差=-98,[AU] 空carry 黄金1908 1手(空)@285.9 / 黄金1910 1手(多)@286.7 价差=-0.8 z=2.49 | [P] 空carry 棕榈油1907 1手(空)@4714 / 棕榈油1908 1手(多)@4644 价差=70 z=1.40 | [Y] 多carry 豆油1907 1手(多)@5682 / 豆油1908 1手(空)@5780 价差=-98 z=-1.12
2019-03-18,False,1,2,200.0,0.0,-5.0,-5.0,126104.0,0.0,0.0,0.0,47.5,10.0,4.75000000000023e-05,126104.0,空carry 黄金1908 1手(空)@286.2 / 黄金1910 1手(多)@287 价差=-0.8,,,,[AU] 空carry 黄金1908 1手(空)@286.2 / 黄金1910 1手(多)@287 价差=-0.8 z=2.07
2019-03-19,False,2,4,-40.0,-267.22,0.0,-525.0,0.0,8668.8,0.0,15884.400000000001,-208.06,52.22,-0.00020805600000000054,24553.2,,多carry 热卷1907 1手(多)@3604 / 热卷1908 1手(空)@3620 价差=-16,,多carry 豆油1907 1手(多)@5632 / 豆油1908 1手(空)@5714 价差=-82,[HC] 多carry 热卷1907 1手(多)@3604 / 热卷1908 1手(空)@3620 价差=-16 z=-1.13 | [Y] 多carry 豆油1907 1手(多)@5632 / 豆油1908 1手(空)@5714 价差=-82 z=-0.86
2019-03-20,False,4,8,-90.0,0.0,695.0,940.0,126291.0,8700.0,13202.0,15694.000000000002,386.25,45.0,0.0003862499999999918,163887.0,空carry 黄金1908 1手(空)@286.55 / 黄金1910 1手(多)@287.5 价差=-0.95,多carry 热卷1907 1手(多)@3604 / 热卷1908 1手(空)@3646 价差=-42,空carry 棕榈油1907 1手(空)@4786 / 棕榈油1908 1手(多)@4644 价差=142,多carry 豆油1907 1手(多)@5538 / 豆油1908 1手(空)@5672 价差=-134,[AU] 空carry 黄金1908 1手(空)@286.55 / 黄金1910 1手(多)@287.5 价差=-0.95 z=0.79 | [HC] 多carry 热卷1907 1手(多)@3604 / 热卷1908 1手(空)@3646 价差=-42 z=-1.53 | [P] 空carry 棕榈油1907 1手(空)@4786 / 棕榈油1908 1手(多)@4644 价差=142 z=3.24 | [Y] 多carry 豆油1907 1手(多)@5538 / 豆油1908 1手(空)@5672 价差=-134 z=-2.15
2019-03-21,False,3,6,150.0,230.0,-0.0,-5.0,127050.0,8700.0,13339.2,0.0,93.75,5.0,9.375000000000735e-05,149089.2,空carry 黄金1908 1手(空)@288.3 / 黄金1910 1手(多)@289.2 价差=-0.9,多carry 热卷1907 1手(多)@3604 / 热卷1908 1手(空)@3646 价差=-42,空carry 棕榈油1907 1手(空)@4800 / 棕榈油1908 1手(多)@4728 价差=72,,[AU] 空carry 黄金1908 1手(空)@288.3 / 黄金1910 1手(多)@289.2 价差=-0.9 z=1.11 | [HC] 多carry 热卷1907 1手(多)@3604 / 热卷1908 1手(空)@3646 价差=-42 z=-1.36 | [P] 空carry 棕榈油1907 1手(空)@4800 / 棕榈油1908 1手(多)@4728 价差=72 z=1.75
2019-03-22,False,2,4,-40.0,0.0,920.0,0.0,0.0,8658.0,13339.2,0.0,220.0,40.0,0.00021999999999999998,21997.2,,多carry 热卷1907 1手(多)@3598 / 热卷1908 1手(空)@3617 价差=-19,空carry 棕榈油1907 1手(空)@4800 / 棕榈油1908 1手(多)@4728 价差=72,,[HC] 多carry 热卷1907 1手(多)@3598 / 热卷1908 1手(空)@3617 价差=-19 z=-0.84 | [P] 空carry 棕榈油1907 1手(空)@4800 / 棕榈油1908 1手(多)@4728 价差=72 z=1.68
2019-03-25,False,2,4,0.0,1070.0,-5.0,-5.0,0.0,8658.0,0.0,15635.2,265.0,10.0,0.00026499999999999945,24293.2,,多carry 热卷1907 1手(多)@3598 / 热卷1908 1手(空)@3617 价差=-19,,空carry 豆油1907 1手(空)@5580 / 豆油1908 1手(多)@5588 价差=-8,[HC] 多carry 热卷1907 1手(多)@3598 / 热卷1908 1手(空)@3617 价差=-19 z=-0.76 | [Y] 空carry 豆油1907 1手(空)@5580 / 豆油1908 1手(多)@5588 价差=-8 z=1.47
2019-03-26,False,3,6,0.0,585.52,-1165.0,140.0,0.0,8688.0,12975.2,15635.2,-109.87,19.48,-0.00010987000000000046,37298.4,,空carry 热卷1907 1手(空)@3664 / 热卷1908 1手(多)@3576 价差=88,空carry 棕榈油1907 1手(空)@4694 / 棕榈油1908 1手(多)@4574 价差=120,空carry 豆油1907 1手(空)@5580 / 豆油1908 1手(多)@5588 价差=-8,[HC] 空carry 热卷1907 1手(空)@3664 / 热卷1908 1手(多)@3576 价差=88 z=1.28 | [P] 空carry 棕榈油1907 1手(空)@4694 / 棕榈油1908 1手(多)@4574 价差=120 z=2.49 | [Y] 空carry 豆油1907 1手(空)@5580 / 豆油1908 1手(多)@5588 价差=-8 z=1.33
2019-03-27,False,3,6,110.0,-7.22,2460.0,640.0,127490.0,0.0,13137.600000000002,15615.600000000002,800.7,47.22,0.0008006960000000047,156243.2,空carry 黄金1908 1手(空)@289.3 / 黄金1910 1手(多)@290.2 价差=-0.9,,空carry 棕榈油1907 1手(空)@4810 / 棕榈油1908 1手(多)@4574 价差=236,空carry 豆油1907 1手(空)@5566 / 豆油1908 1手(多)@5588 价差=-22,[AU] 空carry 黄金1908 1手(空)@289.3 / 黄金1910 1手(多)@290.2 价差=-0.9 z=1.07 | [P] 空carry 棕榈油1907 1手(空)@4810 / 棕榈油1908 1手(多)@4574 价差=236 z=3.88 | [Y] 空carry 豆油1907 1手(空)@5566 / 豆油1908 1手(多)@5588 价差=-22 z=0.87
2019-03-28,False,1,2,-40.0,0.0,-5.0,-110.0,0.0,0.0,0.0,15705.2,-38.75,55.0,-3.8749999999999715e-05,15705.2,,,,多carry 豆油1907 1手(多)@5566 / 豆油1908 1手(空)@5652 价差=-86,[Y] 多carry 豆油1907 1手(多)@5566 / 豆油1908 1手(空)@5652 价差=-86 z=-0.91
2019-03-29,False,1,2,0.0,0.0,0.0,-80.0,0.0,0.0,0.0,15691.2,-20.0,0.0,-2.0000000000001252e-05,15691.2,,,,多carry 豆油1907 1手(多)@5556 / 豆油1908 1手(空)@5652 价差=-96,[Y] 多carry 豆油1907 1手(多)@5556 / 豆油1908 1手(空)@5652 价差=-96 z=-1.12
2019-04-01,False,2,4,110.0,0.0,0.0,410.0,124795.0,0.0,0.0,15632.400000000001,130.0,50.0,0.0001299999999999993,140427.4,空carry 黄金1908 1手(空)@283.2 / 黄金1910 1手(多)@284.05 价差=-0.85,,,空carry 豆油1908 1手(空)@5612 / 豆油1909 1手(多)@5554 价差=58,[AU] 空carry 黄金1908 1手(空)@283.2 / 黄金1910 1手(多)@284.05 价差=-0.85 z=1.33 | [Y] 空carry 豆油1908 1手(空)@5612 / 豆油1909 1手(多)@5554 价差=58 z=2.38
2019-04-02,False,2,4,-40.0,0.0,-605.0,-560.0,0.0,0.0,12919.2,15607.2,-301.25,45.0,-0.0003012499999999976,28526.4,,,多carry 棕榈油1908 1手(多)@4574 / 棕榈油1909 1手(空)@4654 价差=-80,空carry 豆油1908 1手(空)@5582 / 豆油1909 1手(多)@5566 价差=16,[P] 多carry 棕榈油1908 1手(多)@4574 / 棕榈油1909 1手(空)@4654 价差=-80 z=-1.19 | [Y] 空carry 豆油1908 1手(空)@5582 / 豆油1909 1手(多)@5566 价差=16 z=1.34
2019-04-03,False,3,6,0.0,292.59,1060.0,-0.0,0.0,8887.199999999999,12947.2,15775.2,338.15,7.41,0.0003381484999999999,37609.6,,空carry 热卷1908 1手(空)@3733 / 热卷1909 1手(多)@3673 价差=60,多carry 棕榈油1908 1手(多)@4554 / 棕榈油1909 1手(空)@4694 价差=-140,空carry 豆油1908 1手(空)@5670 / 豆油1909 1手(多)@5598 价差=72,[HC] 空carry 热卷1908 1手(空)@3733 / 热卷1909 1手(多)@3673 价差=60 z=0.88 | [P] 多carry 棕榈油1908 1手(多)@4554 / 棕榈油1909 1手(空)@4694 价差=-140 z=-2.07 | [Y] 空carry 豆油1908 1手(空)@5670 / 豆油1909 1手(多)@5598 价差=72 z=2.17
2019-04-04,False,1,2,0.0,-7.39,-5.0,40.0,0.0,0.0,0.0,15775.2,6.9,12.39,6.902499999999554e-06,15775.2,,,,空carry 豆油1908 1手(空)@5670 / 豆油1909 1手(多)@5598 价差=72,[Y] 空carry 豆油1908 1手(空)@5670 / 豆油1909 1手(多)@5598 价差=72 z=1.91
2019-04-08,False,1,2,0.0,0.0,0.0,900.0,0.0,0.0,0.0,15780.800000000003,225.0,0.0,0.00022499999999999989,15780.8,,,,空carry 豆油1908 1手(空)@5670 / 豆油1909 1手(多)@5602 价差=68,[Y] 空carry 豆油1908 1手(空)@5670 / 豆油1909 1手(多)@5602 价差=68 z=1.61
2019-04-09,False,2,4,0.0,372.39,815.0,-5.0,0.0,9134.4,13210.400000000001,0.0,295.6,17.61,0.000295596999999999,22344.8,,空carry 热卷1908 1手(空)@3830 / 热卷1909 1手(多)@3782 价差=48,多carry 棕榈油1908 1手(多)@4682 / 棕榈油1909 1手(空)@4754 价差=-72,,[HC] 空carry 热卷1908 1手(空)@3830 / 热卷1909 1手(多)@3782 价差=48 z=1.03 | [P] 多carry 棕榈油1908 1手(多)@4682 / 棕榈油1909 1手(空)@4754 价差=-72 z=-0.92
2019-04-10,True,0,0,0.0,-7.65,-5.0,0.0,0.0,0.0,0.0,0.0,-3.16,12.65,-3.1625000000000002e-06,0.0,,,,,全品种空仓
2019-04-11,False,1,2,0.0,0.0,0.0,235.0,0.0,0.0,0.0,15727.600000000002,58.75,5.0,5.87500000000002e-05,15727.6,,,,空carry 豆油1908 1手(空)@5636 / 豆油1909 1手(多)@5598 价差=38,[Y] 空carry 豆油1908 1手(空)@5636 / 豆油1909 1手(多)@5598 价差=38 z=0.96
2019-04-12,True,0,0,0.0,0.0,0.0,-5.0,0.0,0.0,0.0,0.0,-1.25,5.0,-1.25e-06,0.0,,,,,全品种空仓
2019-04-15,False,4,8,60.0,872.3,-245.0,-225.0,124608.0,9236.4,13160.0,15671.600000000002,115.58,57.7,0.00011557575000000697,162676.0,多carry 黄金1908 1手(多)@282.65 / 黄金1910 1手(空)@283.75 价差=-1.1,多carry 热卷1908 1手(多)@3837 / 热卷1909 1手(空)@3860 价差=-23,空carry 棕榈油1908 1手(空)@4732 / 棕榈油1909 1手(多)@4668 价差=64,空carry 豆油1908 1手(空)@5616 / 豆油1909 1手(多)@5578 价差=38,[AU] 多carry 黄金1908 1手(多)@282.65 / 黄金1910 1手(空)@283.75 价差=-1.1 z=-1.99 | [HC] 多carry 热卷1908 1手(多)@3837 / 热卷1909 1手(空)@3860 价差=-23 z=-1.08 | [P] 空carry 棕榈油1908 1手(空)@4732 / 棕榈油1909 1手(多)@4668 价差=64 z=1.09 | [Y] 空carry 豆油1908 1手(空)@5616 / 豆油1909 1手(多)@5578 价差=38 z=0.81
2019-04-16,False,3,6,-40.0,144.61,540.0,-0.0,0.0,9231.6,13126.400000000001,15624.000000000002,161.15,55.39,0.00016115349999999983,37982.0,,空carry 热卷1908 1手(空)@3879 / 热卷1909 1手(多)@3814 价差=65,空carry 棕榈油1908 1手(空)@4732 / 棕榈油1909 1手(多)@4644 价差=88,空carry 豆油1908 1手(空)@5610 / 豆油1909 1手(多)@5550 价差=60,[HC] 空carry 热卷1908 1手(空)@3879 / 热卷1909 1手(多)@3814 价差=65 z=1.31 | [P] 空carry 棕榈油1908 1手(空)@4732 / 棕榈油1909 1手(多)@4644 价差=88 z=1.41 | [Y] 空carry 豆油1908 1手(空)@5610 / 豆油1909 1手(多)@5550 价差=60 z=1.07
2019-04-17,False,3,6,110.0,360.0,-5.0,40.0,123893.0,9236.4,0.0,15674.400000000001,126.25,45.0,0.00012624999999999204,148803.8,多carry 黄金1908 1手(多)@281.05 / 黄金1910 1手(空)@282.1 价差=-1.05,空carry 热卷1908 1手(空)@3873 / 热卷1909 1手(多)@3824 价差=49,,空carry 豆油1908 1手(空)@5628 / 豆油1909 1手(多)@5568 价差=60,[AU] 多carry 黄金1908 1手(多)@281.05 / 黄金1910 1手(空)@282.1 价差=-1.05 z=-1.33 | [HC] 空carry 热卷1908 1手(空)@3873 / 热卷1909 1手(多)@3824 价差=49 z=0.79 | [Y] 空carry 豆油1908 1手(空)@5628 / 豆油1909 1手(多)@5568 价差=60 z=0.97
2019-04-18,False,2,4,70.0,-7.53,0.0,580.0,123046.0,0.0,0.0,15461.600000000002,160.62,87.53,0.00016061724999999428,138507.6,空carry 黄金1908 1手(空)@279.2 / 黄金1910 1手(多)@280.1 价差=-0.9,,,空carry 豆油1908 1手(空)@5550 / 豆油1909 1手(多)@5494 价差=56,[AU] 空carry 黄金1908 1手(空)@279.2 / 黄金1910 1手(多)@280.1 价差=-0.9 z=0.88 | [Y] 空carry 豆油1908 1手(空)@5550 / 豆油1909 1手(多)@5494 价差=56 z=0.86
2019-04-19,False,2,4,-80.0,-67.66,0.0,-5.0,123739.0,9188.4,0.0,0.0,-38.16,92.66,-3.816424999999357e-05,132927.4,多carry 黄金1908 1手(多)@280.7 / 黄金1910 1手(空)@281.75 价差=-1.05,空carry 热卷1908 1手(空)@3856 / 热卷1909 1手(多)@3801 价差=55,,,[AU] 多carry 黄金1908 1手(多)@280.7 / 黄金1910 1手(空)@281.75 价差=-1.05 z=-1.23 | [HC] 空carry 热卷1908 1手(空)@3856 / 热卷1909 1手(多)@3801 价差=55 z=0.89
2019-04-22,False,2,4,450.0,20.0,0.0,0.0,124069.0,9229.2,0.0,0.0,117.5,0.0,0.00011749999999999479,133298.2,多carry 黄金1908 1手(多)@281.45 / 黄金1910 1手(空)@282.5 价差=-1.05,空carry 热卷1908 1手(空)@3876 / 热卷1909 1手(多)@3815 价差=61,,,[AU] 多carry 黄金1908 1手(多)@281.45 / 黄金1910 1手(空)@282.5 价差=-1.05 z=-1.15 | [HC] 空carry 热卷1908 1手(空)@3876 / 热卷1909 1手(多)@3815 价差=61 z=1.00
2019-04-23,False,2,4,420.0,-180.0,0.0,0.0,123552.0,9222.0,0.0,0.0,60.0,80.0,5.999999999998561e-05,132774.0,空carry 黄金1908 1手(空)@280.5 / 黄金1910 1手(多)@281.1 价差=-0.6,空carry 热卷1908 1手(空)@3872 / 热卷1909 1手(多)@3813 价差=59,,,[AU] 空carry 黄金1908 1手(空)@280.5 / 黄金1910 1手(多)@281.1 价差=-0.6 z=3.34 | [HC] 空carry 热卷1908 1手(空)@3872 / 热卷1909 1手(多)@3813 价差=59 z=0.85
2019-04-24,False,2,4,-30.0,-170.0,0.0,0.0,123376.0,9200.4,0.0,0.0,-50.0,80.0,-5.000000000001293e-05,132576.4,多carry 黄金1908 1手(多)@279.85 / 黄金1910 1手(空)@280.95 价差=-1.1,空carry 热卷1908 1手(空)@3872 / 热卷1909 1手(多)@3795 价差=77,,,[AU] 多carry 黄金1908 1手(多)@279.85 / 黄金1910 1手(空)@280.95 价差=-1.1 z=-1.32 | [HC] 空carry 热卷1908 1手(空)@3872 / 热卷1909 1手(多)@3795 价差=77 z=1.59
2019-04-25,False,2,4,-40.0,340.0,995.0,0.0,0.0,9136.8,12913.600000000002,0.0,323.75,45.0,0.0003237499999999989,22050.4,,空carry 热卷1908 1手(空)@3854 / 热卷1909 1手(多)@3760 价差=94,空carry 棕榈油1908 1手(空)@4646 / 棕榈油1909 1手(多)@4578 价差=68,,[HC] 空carry 热卷1908 1手(空)@3854 / 热卷1909 1手(多)@3760 价差=94 z=1.90 | [P] 空carry 棕榈油1908 1手(空)@4646 / 棕榈油1909 1手(多)@4578 价差=68 z=1.01
2019-04-26,False,1,2,0.0,-7.65,-5.0,15.0,0.0,0.0,0.0,14926.800000000003,0.59,17.65,5.879999999994938e-07,14926.8,,,,多carry 豆油1908 1手(多)@5302 / 豆油1909 1手(空)@5360 价差=-58,[Y] 多carry 豆油1908 1手(多)@5302 / 豆油1909 1手(空)@5360 价差=-58 z=-1.80
2019-04-29,False,2,4,-40.0,0.0,0.0,100.0,124520.0,0.0,0.0,14924.000000000002,15.0,40.0,1.4999999999997051e-05,139444.0,多carry 黄金1908 1手(多)@282.45 / 黄金1910 1手(空)@283.55 价差=-1.1,,,多carry 豆油1908 1手(多)@5302 / 豆油1909 1手(空)@5358 价差=-56,[AU] 多carry 黄金1908 1手(多)@282.45 / 黄金1910 1手(空)@283.55 价差=-1.1 z=-1.07 | [Y] 多carry 豆油1908 1手(多)@5302 / 豆油1909 1手(空)@5358 价差=-56 z=-2.02
2019-04-30,False,3,6,50.0,0.0,935.0,280.0,124630.0,0.0,12437.600000000002,14982.800000000001,316.25,5.0,0.0003162500000000198,152050.4,多carry 黄金1908 1手(多)@282.7 / 黄金1910 1手(空)@283.8 价差=-1.1,,多carry 棕榈油1908 1手(多)@4388 / 棕榈油1909 1手(空)@4496 价差=-108,多carry 豆油1908 1手(多)@5328 / 豆油1909 1手(空)@5374 价差=-46,[AU] 多carry 黄金1908 1手(多)@282.7 / 黄金1910 1手(空)@283.8 价差=-1.1 z=-0.96 | [P] 多carry 棕榈油1908 1手(多)@4388 / 棕榈油1909 1手(空)@4496 价差=-108 z=-1.87 | [Y] 多carry 豆油1908 1手(多)@5328 / 豆油1909 1手(空)@5374 价差=-46 z=-1.56
2019-05-06,False,4,8,0.0,-187.53,440.0,1040.0,125708.0,9034.8,12418.0,15139.600000000002,323.12,7.53,0.0003231177500000149,162300.4,多carry 黄金1910 1手(多)@285.15 / 黄金1912 1手(空)@286.25 价差=-1.1,空carry 热卷1909 1手(空)@3815 / 热卷1910 1手(多)@3714 价差=101,多carry 棕榈油1909 1手(多)@4384 / 棕榈油1910 1手(空)@4486 价差=-102,多carry 豆油1909 1手(多)@5346 / 豆油1911 1手(空)@5468 价差=-122,[AU] 多carry 黄金1910 1手(多)@285.15 / 黄金1912 1手(空)@286.25 价差=-1.1 z=-0.82 | [HC] 空carry 热卷1909 1手(空)@3815 / 热卷1910 1手(多)@3714 价差=101 z=1.82 | [P] 多carry 棕榈油1909 1手(多)@4384 / 棕榈油1910 1手(空)@4486 价差=-102 z=-1.71 | [Y] 多carry 豆油1909 1手(多)@5346 / 豆油1911 1手(空)@5468 价差=-122 z=-2.55
2019-05-07,False,3,6,150.0,220.0,-160.0,-5.0,125466.0,9099.599999999999,12479.600000000002,0.0,51.25,5.0,5.124999999999515e-05,147045.2,多carry 黄金1910 1手(多)@284.6 / 黄金1912 1手(空)@285.7 价差=-1.1,空carry 热卷1909 1手(空)@3851 / 热卷1910 1手(多)@3732 价差=119,多carry 棕榈油1909 1手(多)@4428 / 棕榈油1910 1手(空)@4486 价差=-58,,[AU] 多carry 黄金1910 1手(多)@284.6 / 黄金1912 1手(空)@285.7 价差=-1.1 z=-0.77 | [HC] 空carry 热卷1909 1手(空)@3851 / 热卷1910 1手(多)@3732 价差=119 z=2.06 | [P] 多carry 棕榈油1909 1手(多)@4428 / 棕榈油1910 1手(空)@4486 价差=-58 z=-0.98
2019-05-08,False,3,6,-40.0,-10.0,-40.0,375.0,0.0,8965.2,12457.2,15243.2,71.25,45.0,7.124999999999933e-05,36665.6,,空carry 热卷1909 1手(空)@3784 / 热卷1910 1手(多)@3687 价差=97,多carry 棕榈油1909 1手(多)@4412 / 棕榈油1910 1手(空)@4486 价差=-74,多carry 豆油1909 1手(多)@5386 / 豆油1911 1手(空)@5502 价差=-116,[HC] 空carry 热卷1909 1手(空)@3784 / 热卷1910 1手(多)@3687 价差=97 z=1.25 | [P] 多carry 棕榈油1909 1手(多)@4412 / 棕榈油1910 1手(空)@4486 价差=-74 z=-1.23 | [Y] 多carry 豆油1909 1手(多)@5386 / 豆油1911 1手(空)@5502 价差=-116 z=-2.05
2019-05-09,False,3,6,0.0,-90.0,-200.0,-440.0,0.0,8923.2,12518.800000000001,15296.400000000001,-182.5,0.0,-0.00018250000000000045,36738.4,,空carry 热卷1909 1手(空)@3767 / 热卷1910 1手(多)@3669 价差=98,多carry 棕榈油1909 1手(多)@4432 / 棕榈油1910 1手(空)@4510 价差=-78,多carry 豆油1909 1手(多)@5424 / 豆油1911 1手(空)@5502 价差=-78,[HC] 空carry 热卷1909 1手(空)@3767 / 热卷1910 1手(多)@3669 价差=98 z=1.15 | [P] 多carry 棕榈油1909 1手(多)@4432 / 棕榈油1910 1手(空)@4510 价差=-78 z=-1.26 | [Y] 多carry 豆油1909 1手(多)@5424 / 豆油1911 1手(空)@5502 价差=-78 z=-1.24
2019-05-10,False,4,8,-40.0,20.0,20.0,0.0,126214.0,8965.2,12490.800000000001,15234.800000000003,-0.0,40.0,-1.261923898709938e-17,162904.8,空carry 黄金1910 1手(空)@286.45 / 黄金1912 1手(多)@287.25 价差=-0.8,空carry 热卷1909 1手(空)@3789 / 热卷1910 1手(多)@3682 价差=107,多carry 棕榈油1909 1手(多)@4412 / 棕榈油1910 1手(空)@4510 价差=-98,多carry 豆油1909 1手(多)@5380 / 豆油1911 1手(空)@5502 价差=-122,[AU] 空carry 黄金1910 1手(空)@286.45 / 黄金1912 1手(多)@287.25 价差=-0.8 z=1.64 | [HC] 空carry 热卷1909 1手(空)@3789 / 热卷1910 1手(多)@3682 价差=107 z=1.27 | [P] 多carry 棕榈油1909 1手(多)@4412 / 棕榈油1910 1手(空)@4510 价差=-98 z=-1.53 | [Y] 多carry 豆油1909 1手(多)@5380 / 豆油1911 1手(空)@5502 价差=-122 z=-1.76
2019-05-13,False,4,8,250.0,-40.0,-80.0,-0.0,127072.0,8792.4,12404.0,15234.800000000003,32.5,0.0,3.249999999998926e-05,163503.2,空carry 黄金1910 1手(空)@288.4 / 黄金1912 1手(多)@289.2 价差=-0.8,空carry 热卷1909 1手(空)@3716 / 热卷1910 1手(多)@3611 价差=105,多carry 棕榈油1909 1手(多)@4382 / 棕榈油1910 1手(空)@4478 价差=-96,多carry 豆油1909 1手(多)@5380 / 豆油1911 1手(空)@5502 价差=-122,[AU] 空carry 黄金1910 1手(空)@288.4 / 黄金1912 1手(多)@289.2 价差=-0.8 z=1.50 | [HC] 空carry 热卷1909 1手(空)@3716 / 热卷1910 1手(多)@3611 价差=105 z=1.10 | [P] 多carry 棕榈油1909 1手(多)@4382 / 棕榈油1910 1手(空)@4478 价差=-96 z=-1.47 | [Y] 多carry 豆油1909 1手(多)@5380 / 豆油1911 1手(空)@5502 价差=-122 z=-1.55
2019-05-14,False,3,6,-40.0,10.0,700.0,240.0,0.0,8758.8,12392.800000000001,15218.0,227.5,40.0,0.00022749999999999789,36369.6,,空carry 热卷1909 1手(空)@3704 / 热卷1910 1手(多)@3595 价差=109,多carry 棕榈油1909 1手(多)@4374 / 棕榈油1910 1手(空)@4478 价差=-104,多carry 豆油1909 1手(多)@5374 / 豆油1911 1手(空)@5496 价差=-122,[HC] 空carry 热卷1909 1手(空)@3704 / 热卷1910 1手(多)@3595 价差=109 z=1.10 | [P] 多carry 棕榈油1909 1手(多)@4374 / 棕榈油1910 1手(空)@4478 价差=-104 z=-1.56 | [Y] 多carry 豆油1909 1手(多)@5374 / 豆油1911 1手(空)@5496 价差=-122 z=-1.38
2019-05-15,False,2,4,0.0,30.0,-5.0,780.0,0.0,8858.4,0.0,15313.2,201.25,5.0,0.0002012499999999977,24171.6,,空carry 热卷1909 1手(空)@3745 / 热卷1910 1手(多)@3637 价差=108,,多carry 豆油1909 1手(多)@5420 / 豆油1911 1手(空)@5518 价差=-98,[HC] 空carry 热卷1909 1手(空)@3745 / 热卷1910 1手(多)@3637 价差=108 z=0.97 | [Y] 多carry 豆油1909 1手(多)@5420 / 豆油1911 1手(空)@5518 价差=-98 z=-0.94
2019-05-16,False,2,4,-40.0,40.0,0.0,-5.0,128436.0,8890.8,0.0,0.0,-1.25,45.0,-1.2500000000172379e-06,137326.8,空carry 黄金1910 1手(空)@291.45 / 黄金1912 1手(多)@292.35 价差=-0.9,空carry 热卷1909 1手(空)@3757 / 热卷1910 1手(多)@3652 价差=105,,,[AU] 空carry 黄金1910 1手(空)@291.45 / 黄金1912 1手(多)@292.35 价差=-0.9 z=0.77 | [HC] 空carry 热卷1909 1手(空)@3757 / 热卷1910 1手(多)@3652 价差=105 z=0.90
2019-05-17,False,1,2,-40.0,-7.46,-45.0,0.0,0.0,0.0,12664.400000000001,0.0,-23.12,52.46,-2.3116249999999967e-05,12664.4,,,多carry 棕榈油1909 1手(多)@4480 / 棕榈油1910 1手(空)@4566 价差=-86,,[P] 多carry 棕榈油1909 1手(多)@4480 / 棕榈油1910 1手(空)@4566 价差=-86 z=-1.28
2019-05-20,False,2,4,110.0,0.0,280.0,0.0,127182.0,0.0,12658.800000000001,0.0,97.5,40.0,9.749999999999039e-05,139840.8,空carry 黄金1910 1手(空)@288.7 / 黄金1912 1手(多)@289.4 价差=-0.7,,多carry 棕榈油1909 1手(多)@4476 / 棕榈油1910 1手(空)@4566 价差=-90,,[AU] 空carry 黄金1910 1手(空)@288.7 / 黄金1912 1手(多)@289.4 价差=-0.7 z=1.81 | [P] 多carry 棕榈油1909 1手(多)@4476 / 棕榈油1910 1手(空)@4566 价差=-90 z=-1.33
2019-05-21,False,3,6,-100.0,82.36,-760.0,0.0,127039.0,9165.599999999999,12647.600000000002,0.0,-194.41,7.64,-0.0001944094999999913,148852.2,空carry 黄金1910 1手(空)@288.3 / 黄金1912 1手(多)@289.15 价差=-0.85,空carry 热卷1909 1手(空)@3873 / 热卷1910 1手(多)@3765 价差=108,多carry 棕榈油1909 1手(多)@4486 / 棕榈油1910 1手(空)@4548 价差=-62,,[AU] 空carry 黄金1910 1手(空)@288.3 / 黄金1912 1手(多)@289.15 价差=-0.85 z=0.76 | [HC] 空carry 热卷1909 1手(空)@3873 / 热卷1910 1手(多)@3765 价差=108 z=0.88 | [P] 多carry 棕榈油1909 1手(多)@4486 / 棕榈油1910 1手(空)@4548 价差=-62 z=-0.89
2019-05-22,False,3,6,-50.0,-7.61,-160.0,-525.0,126951.0,0.0,12541.2,15276.800000000003,-185.65,12.61,-0.0001856532499999866,154769.0,空carry 黄金1910 1手(空)@288.15 / 黄金1912 1手(多)@288.9 价差=-0.75,,多carry 棕榈油1909 1手(多)@4410 / 棕榈油1910 1手(空)@4548 价差=-138,多carry 豆油1909 1手(多)@5402 / 豆油1911 1手(空)@5510 价差=-108,[AU] 空carry 黄金1910 1手(空)@288.15 / 黄金1912 1手(多)@288.9 价差=-0.75 z=1.27 | [P] 多carry 棕榈油1909 1手(多)@4410 / 棕榈油1910 1手(空)@4548 价差=-138 z=-1.97 | [Y] 多carry 豆油1909 1手(多)@5402 / 豆油1911 1手(空)@5510 价差=-108 z=-0.97
2019-05-23,False,3,6,50.0,0.0,20.0,520.0,127160.0,0.0,12440.400000000001,15204.000000000002,147.5,0.0,0.00014749999999999662,154804.4,空carry 黄金1910 1手(空)@288.65 / 黄金1912 1手(多)@289.35 价差=-0.7,,多carry 棕榈油1909 1手(多)@4366 / 棕榈油1910 1手(空)@4520 价差=-154,多carry 豆油1909 1手(多)@5350 / 豆油1911 1手(空)@5510 价差=-160,[AU] 空carry 黄金1910 1手(空)@288.65 / 黄金1912 1手(多)@289.35 价差=-0.7 z=1.42 | [P] 多carry 棕榈油1909 1手(多)@4366 / 棕榈油1910 1手(空)@4520 价差=-154 z=-2.11 | [Y] 多carry 豆油1909 1手(多)@5350 / 豆油1911 1手(空)@5510 价差=-160 z=-1.66
2019-05-24,False,2,4,150.0,0.0,340.0,-5.0,127919.0,0.0,12443.2,0.0,121.25,5.0,0.00012124999999999156,140362.2,空carry 黄金1910 1手(空)@290.35 / 黄金1912 1手(多)@291.1 价差=-0.75,,多carry 棕榈油1909 1手(多)@4368 / 棕榈油1910 1手(空)@4520 价差=-152,,[AU] 空carry 黄金1910 1手(空)@290.35 / 黄金1912 1手(多)@291.1 价差=-0.75 z=1.26 | [P] 多carry 棕榈油1909 1手(多)@4368 / 棕榈油1910 1手(空)@4520 价差=-152 z=-1.98
2019-05-27,False,1,2,-40.0,0.0,40.0,0.0,0.0,0.0,12479.600000000002,0.0,-0.0,40.0,-5.453415496958769e-19,12479.6,,,多carry 棕榈油1909 1手(多)@4398 / 棕榈油1910 1手(空)@4516 价差=-118,,[P] 多carry 棕榈油1909 1手(多)@4398 / 棕榈油1910 1手(空)@4516 价差=-118 z=-1.45
2019-05-28,False,1,2,0.0,0.0,40.0,0.0,0.0,0.0,12485.2,0.0,10.0,0.0,1.0000000000001534e-05,12485.2,,,多carry 棕榈油1909 1手(多)@4402 / 棕榈油1910 1手(空)@4516 价差=-114,,[P] 多carry 棕榈油1909 1手(多)@4402 / 棕榈油1910 1手(空)@4516 价差=-114 z=-1.35
2019-05-29,False,1,2,0.0,0.0,820.0,0.0,0.0,0.0,12782.000000000002,0.0,205.0,0.0,0.0002050000000000001,12782.0,,,多carry 棕榈油1909 1手(多)@4510 / 棕榈油1910 1手(空)@4620 价差=-110,,[P] 多carry 棕榈油1909 1手(多)@4510 / 棕榈油1910 1手(空)@4620 价差=-110 z=-1.22
2019-05-30,False,1,2,0.0,0.0,-5.0,95.0,0.0,0.0,0.0,15512.0,22.5,10.0,2.250000000000159e-05,15512.0,,,,多carry 豆油1909 1手(多)@5476 / 豆油1911 1手(空)@5604 价差=-128,[Y] 多carry 豆油1909 1手(多)@5476 / 豆油1911 1手(空)@5604 价差=-128 z=-1.03
2019-05-31,False,1,2,0.0,0.0,195.0,-5.0,0.0,0.0,12628.000000000002,0.0,47.5,10.0,4.749999999999977e-05,12628.0,,,多carry 棕榈油1909 1手(多)@4470 / 棕榈油1910 1手(空)@4550 价差=-80,,[P] 多carry 棕榈油1909 1手(多)@4470 / 棕榈油1910 1手(空)@4550 价差=-80 z=-0.81
2019-06-03,False,3,6,0.0,152.84,280.0,795.0,0.0,8592.0,12762.400000000001,15688.400000000001,306.96,12.16,0.00030695999999999897,37042.8,,多carry 热卷1910 1手(多)@3577 / 热卷1911 1手(空)@3583 价差=-6,多carry 棕榈油1910 1手(多)@4438 / 棕榈油1911 1手(空)@4678 价差=-240,空carry 豆油1911 1手(空)@5600 / 豆油1912 1手(多)@5606 价差=-6,[HC] 多carry 热卷1910 1手(多)@3577 / 热卷1911 1手(空)@3583 价差=-6 z=-4.13 | [P] 多carry 棕榈油1910 1手(多)@4438 / 棕榈油1911 1手(空)@4678 价差=-240 z=-2.70 | [Y] 空carry 豆油1911 1手(空)@5600 / 豆油1912 1手(多)@5606 价差=-6 z=1.62
2019-06-04,False,2,4,0.0,-20.0,200.0,-5.0,0.0,8649.6,12801.600000000002,0.0,43.75,5.0,4.3750000000001545e-05,21451.2,,多carry 热卷1910 1手(多)@3609 / 热卷1911 1手(空)@3599 价差=10,多carry 棕榈油1910 1手(多)@4466 / 棕榈油1911 1手(空)@4678 价差=-212,,[HC] 多carry 热卷1910 1手(多)@3609 / 热卷1911 1手(空)@3599 价差=10 z=-2.63 | [P] 多carry 棕榈油1910 1手(多)@4466 / 棕榈油1911 1手(空)@4678 价差=-212 z=-2.20
2019-06-05,False,2,4,0.0,600.0,300.0,0.0,0.0,8647.2,12807.2,0.0,225.0,0.0,0.00022499999999999956,21454.4,,多carry 热卷1910 1手(多)@3607 / 热卷1911 1手(空)@3599 价差=8,多carry 棕榈油1910 1手(多)@4478 / 棕榈油1911 1手(空)@4670 价差=-192,,[HC] 多carry 热卷1910 1手(多)@3607 / 热卷1911 1手(空)@3599 价差=8 z=-2.19 | [P] 多carry 棕榈油1910 1手(多)@4478 / 棕榈油1911 1手(空)@4670 价差=-192 z=-1.86
2019-06-06,False,3,6,60.0,-7.13,0.0,1215.0,132517.0,0.0,12692.400000000001,15498.0,316.97,52.13,0.0003169684999999984,160707.4,多carry 黄金1910 1手(多)@300.65 / 黄金1912 1手(空)@301.7 价差=-1.05,,多carry 棕榈油1910 1手(多)@4452 / 棕榈油1911 1手(空)@4614 价差=-162,空carry 豆油1911 1手(空)@5516 / 豆油1912 1手(多)@5554 价差=-38,[AU] 多carry 黄金1910 1手(多)@300.65 / 黄金1912 1手(空)@301.7 价差=-1.05 z=-1.39 | [P] 多carry 棕榈油1910 1手(多)@4452 / 棕榈油1911 1手(空)@4614 价差=-162 z=-1.47 | [Y] 空carry 豆油1911 1手(空)@5516 / 豆油1912 1手(多)@5554 价差=-38 z=0.98
2019-06-10,False,3,6,-40.0,32.89,100.0,170.0,0.0,8526.0,12692.400000000001,15668.800000000001,65.72,57.1,6.572375000000108e-05,36887.2,,多carry 热卷1910 1手(多)@3576 / 热卷1911 1手(空)@3529 价差=47,多carry 棕榈油1910 1手(多)@4452 / 棕榈油1911 1手(空)@4614 价差=-162,多carry 豆油1911 1手(多)@5516 / 豆油1912 1手(空)@5676 价差=-160,[HC] 多carry 热卷1910 1手(多)@3576 / 热卷1911 1手(空)@3529 价差=47 z=-0.98 | [P] 多carry 棕榈油1910 1手(多)@4452 / 棕榈油1911 1手(空)@4614 价差=-162 z=-1.42 | [Y] 多carry 豆油1911 1手(多)@5516 / 豆油1912 1手(空)@5676 价差=-160 z=-1.63
2019-06-11,False,3,6,0.0,-350.0,1980.0,1480.0,0.0,8710.8,12796.0,15643.600000000002,777.5,0.0,0.0007775000000000005,37150.4,,多carry 热卷1910 1手(多)@3655 / 热卷1911 1手(空)@3604 价差=51,多carry 棕榈油1910 1手(多)@4494 / 棕榈油1911 1手(空)@4646 价差=-152,多carry 豆油1911 1手(多)@5516 / 豆油1912 1手(空)@5658 价差=-142,[HC] 多carry 热卷1910 1手(多)@3655 / 热卷1911 1手(空)@3604 价差=51 z=-0.79 | [P] 多carry 棕榈油1910 1手(多)@4494 / 棕榈油1911 1手(空)@4646 价差=-152 z=-1.24 | [Y] 多carry 豆油1911 1手(多)@5516 / 豆油1912 1手(空)@5658 价差=-142 z=-1.20
2019-06-12,False,3,6,0.0,170.0,-10.0,670.0,0.0,8668.8,12518.800000000001,15436.400000000001,207.5,20.0,0.0002074999999999983,36624.0,,多carry 热卷1910 1手(多)@3620 / 热卷1911 1手(空)@3604 价差=16,空carry 棕榈油1910 1手(空)@4494 / 棕榈油1911 1手(多)@4448 价差=46,空carry 豆油1911 1手(空)@5516 / 豆油1912 1手(多)@5510 价差=6,[HC] 多carry 热卷1910 1手(多)@3620 / 热卷1911 1手(空)@3604 价差=16 z=-1.51 | [P] 空carry 棕榈油1910 1手(空)@4494 / 棕榈油1911 1手(多)@4448 价差=46 z=0.94 | [Y] 空carry 豆油1911 1手(空)@5516 / 豆油1912 1手(多)@5510 价差=6 z=1.64
2019-06-13,False,3,6,-90.0,-90.0,820.0,-5.0,133188.0,8689.2,12518.800000000001,0.0,158.75,45.0,0.00015875000000000763,154396.0,多carry 黄金1910 1手(多)@302.2 / 黄金1912 1手(空)@303.2 价差=-1,多carry 热卷1910 1手(多)@3637 / 热卷1911 1手(空)@3604 价差=33,空carry 棕榈油1910 1手(空)@4494 / 棕榈油1911 1手(多)@4448 价差=46,,[AU] 多carry 黄金1910 1手(多)@302.2 / 黄金1912 1手(空)@303.2 价差=-1 z=-0.95 | [HC] 多carry 热卷1910 1手(多)@3637 / 热卷1911 1手(空)@3604 价差=33 z=-0.98 | [P] 空carry 棕榈油1910 1手(空)@4494 / 棕榈油1911 1手(多)@4448 价差=46 z=0.93
2019-06-14,False,2,4,50.0,-430.0,-5.0,0.0,135179.0,8678.4,0.0,0.0,-96.25,5.0,-9.62500000000019e-05,143857.4,多carry 黄金1910 1手(多)@306.7 / 黄金1912 1手(空)@307.75 价差=-1.05,多carry 热卷1910 1手(多)@3628 / 热卷1911 1手(空)@3604 价差=24,,,[AU] 多carry 黄金1910 1手(多)@306.7 / 黄金1912 1手(空)@307.75 价差=-1.05 z=-1.22 | [HC] 多carry 热卷1910 1手(多)@3628 / 热卷1911 1手(空)@3604 价差=24 z=-1.09
2019-06-17,False,3,6,-150.0,390.0,0.0,75.0,133584.0,8626.8,0.0,15775.2,78.75,5.0,7.875000000000967e-05,157986.0,多carry 黄金1910 1手(多)@303.1 / 黄金1912 1手(空)@304.1 价差=-1,多carry 热卷1910 1手(多)@3585 / 热卷1911 1手(空)@3604 价差=-19,,多carry 豆油1911 1手(多)@5570 / 豆油1912 1手(空)@5698 价差=-128,[AU] 多carry 黄金1910 1手(多)@303.1 / 黄金1912 1手(空)@304.1 价差=-1 z=-0.78 | [HC] 多carry 热卷1910 1手(多)@3585 / 热卷1911 1手(空)@3604 价差=-19 z=-1.83 | [Y] 多carry 豆油1911 1手(多)@5570 / 豆油1912 1手(空)@5698 价差=-128 z=-0.86
2019-06-18,False,2,4,100.0,-110.0,0.0,-5.0,134453.0,8618.4,0.0,0.0,-3.75,5.0,-3.75000000001495e-06,143071.4,多carry 黄金1910 1手(多)@305 / 黄金1912 1手(空)@306.15 价差=-1.15,多carry 热卷1910 1手(多)@3601 / 热卷1911 1手(空)@3581 价差=20,,,[AU] 多carry 黄金1910 1手(多)@305 / 黄金1912 1手(空)@306.15 价差=-1.15 z=-2.00 | [HC] 多carry 热卷1910 1手(多)@3601 / 热卷1911 1手(空)@3581 价差=20 z=-0.87
2019-06-19,False,3,6,-150.0,580.0,0.0,455.0,133661.0,8756.4,0.0,15716.400000000001,221.25,5.0,0.0002212499999999949,158133.8,多carry 黄金1910 1手(多)@303.25 / 黄金1912 1手(空)@304.3 价差=-1.05,多carry 热卷1910 1手(多)@3653 / 热卷1911 1手(空)@3644 价差=9,,多carry 豆油1911 1手(多)@5536 / 豆油1912 1手(空)@5690 价差=-154,[AU] 多carry 黄金1910 1手(多)@303.25 / 黄金1912 1手(空)@304.3 价差=-1.05 z=-0.97 | [HC] 多carry 热卷1910 1手(多)@3653 / 热卷1911 1手(空)@3644 价差=9 z=-1.01 | [Y] 多carry 豆油1911 1手(多)@5536 / 豆油1912 1手(空)@5690 价差=-154 z=-1.20
2019-06-20,False,1,2,150.0,-7.36,0.0,-5.0,136686.0,0.0,0.0,0.0,34.41,12.36,3.441125000000114e-05,136686.0,多carry 黄金1910 1手(多)@310.05 / 黄金1912 1手(空)@311.25 价差=-1.2,,,,[AU] 多carry 黄金1910 1手(多)@310.05 / 黄金1912 1手(空)@311.25 价差=-1.2 z=-1.92
2019-06-21,False,2,4,-40.0,-617.4,435.0,0.0,0.0,8884.8,12552.400000000001,0.0,-55.6,52.4,-5.560099999999987e-05,21437.2,,空carry 热卷1910 1手(空)@3760 / 热卷1911 1手(多)@3644 价差=116,多carry 棕榈油1910 1手(多)@4402 / 棕榈油1911 1手(空)@4564 价差=-162,,[HC] 空carry 热卷1910 1手(空)@3760 / 热卷1911 1手(多)@3644 价差=116 z=1.43 | [P] 多carry 棕榈油1910 1手(多)@4402 / 棕榈油1911 1手(空)@4564 价差=-162 z=-1.32
2019-06-24,False,3,6,210.0,1300.0,200.0,0.0,138655.0,9018.0,12490.800000000001,0.0,427.5,40.0,0.0004274999999999953,160163.8,多carry 黄金1910 1手(多)@314.45 / 黄金1912 1手(空)@315.8 价差=-1.35,空carry 热卷1910 1手(空)@3846 / 热卷1911 1手(多)@3669 价差=177,多carry 棕榈油1910 1手(多)@4402 / 棕榈油1911 1手(空)@4520 价差=-118,,[AU] 多carry 黄金1910 1手(多)@314.45 / 黄金1912 1手(空)@315.8 价差=-1.35 z=-2.82 | [HC] 空carry 热卷1910 1手(空)@3846 / 热卷1911 1手(多)@3669 价差=177 z=2.37 | [P] 多carry 棕榈油1910 1手(多)@4402 / 棕榈油1911 1手(空)@4520 价差=-118 z=-0.77
2019-06-25,True,0,0,-40.0,-7.78,-5.0,0.0,0.0,0.0,0.0,0.0,-13.19,52.78,-1.319475e-05,0.0,,,,,全品种空仓
2019-06-26,False,2,4,210.0,0.0,-165.0,0.0,138930.0,0.0,12317.2,0.0,11.25,45.0,1.1249999999983138e-05,151247.2,多carry 黄金1910 1手(多)@315.1 / 黄金1912 1手(空)@316.4 价差=-1.3,,空carry 棕榈油1910 1手(空)@4398 / 棕榈油1911 1手(多)@4400 价差=-2,,[AU] 多carry 黄金1910 1手(多)@315.1 / 黄金1912 1手(空)@316.4 价差=-1.3 z=-1.94 | [P] 空carry 棕榈油1910 1手(空)@4398 / 棕榈油1911 1手(多)@4400 价差=-2 z=0.80
2019-06-27,False,2,4,-40.0,552.2,800.0,0.0,0.0,9360.0,12339.600000000002,0.0,328.05,47.8,0.0003280499999999992,21699.6,,多carry 热卷1910 1手(多)@3897 / 热卷1911 1手(空)@3903 价差=-6,空carry 棕榈油1910 1手(空)@4414 / 棕榈油1911 1手(多)@4400 价差=14,,[HC] 多carry 热卷1910 1手(多)@3897 / 热卷1911 1手(空)@3903 价差=-6 z=-1.05 | [P] 空carry 棕榈油1910 1手(空)@4414 / 棕榈油1911 1手(多)@4400 价差=14 z=1.01
2019-06-28,True,0,0,0.0,-7.86,-5.0,0.0,0.0,0.0,0.0,0.0,-3.21,12.86,-3.214e-06,0.0,,,,,全品种空仓
2019-07-01,False,2,4,0.0,2512.18,-45.0,0.0,0.0,9382.8,12535.600000000002,0.0,616.8,12.82,0.0006167952500000007,21918.4,,空carry 热卷1911 1手(空)@4025 / 热卷1912 1手(多)@3794 价差=231,空carry 棕榈油1911 1手(空)@4474 / 棕榈油1912 1手(多)@4480 价差=-6,,[HC] 空carry 热卷1911 1手(空)@4025 / 热卷1912 1手(多)@3794 价差=231 z=2.93 | [P] 空carry 棕榈油1911 1手(空)@4474 / 棕榈油1912 1手(多)@4480 价差=-6 z=0.75
2019-07-02,False,3,6,10.0,1284.37,-0.0,0.0,137566.0,9380.4,12530.0,0.0,323.59,55.63,0.0003235914999999941,159476.4,多carry 黄金1912 1手(多)@312.05 / 黄金2002 1手(空)@313.25 价差=-1.2,多carry 热卷1911 1手(多)@3898 / 热卷1912 1手(空)@3919 价差=-21,空carry 棕榈油1911 1手(空)@4474 / 棕榈油1912 1手(多)@4476 价差=-2,,[AU] 多carry 黄金1912 1手(多)@312.05 / 黄金2002 1手(空)@313.25 价差=-1.2 z=-1.03 | [HC] 多carry 热卷1911 1手(多)@3898 / 热卷1912 1手(空)@3919 价差=-21 z=-1.10 | [P] 空carry 棕榈油1911 1手(空)@4474 / 棕榈油1912 1手(多)@4476 价差=-2 z=0.79
2019-07-03,False,2,4,-40.0,-15.37,-360.0,0.0,0.0,9224.4,12530.0,0.0,-103.84,55.37,-0.00010384350000000006,21754.4,,空carry 热卷1911 1手(空)@3898 / 热卷1912 1手(多)@3789 价差=109,空carry 棕榈油1911 1手(空)@4474 / 棕榈油1912 1手(多)@4476 价差=-2,,[HC] 空carry 热卷1911 1手(空)@3898 / 热卷1912 1手(多)@3789 价差=109 z=0.88 | [P] 空carry 棕榈油1911 1手(空)@4474 / 棕榈油1912 1手(多)@4476 价差=-2 z=0.76
2019-07-04,False,3,6,210.0,-180.0,40.0,0.0,139964.0,9224.4,12479.600000000002,0.0,17.5,40.0,1.7499999999976878e-05,161668.0,空carry 黄金1912 1手(空)@317.65 / 黄金2002 1手(多)@318.55 价差=-0.9,空carry 热卷1911 1手(空)@3898 / 热卷1912 1手(多)@3789 价差=109,空carry 棕榈油1911 1手(空)@4474 / 棕榈油1912 1手(多)@4440 价差=34,,[AU] 空carry 黄金1912 1手(空)@317.65 / 黄金2002 1手(多)@318.55 价差=-0.9 z=1.69 | [HC] 空carry 热卷1911 1手(空)@3898 / 热卷1912 1手(多)@3789 价差=109 z=0.80 | [P] 空carry 棕榈油1911 1手(空)@4474 / 棕榈油1912 1手(多)@4440 价差=34 z=1.21
2019-07-05,False,2,4,-40.0,200.0,180.0,0.0,0.0,9202.8,12474.000000000002,0.0,85.0,40.0,8.499999999999918e-05,21676.8,,空carry 热卷1911 1手(空)@3898 / 热卷1912 1手(多)@3771 价差=127,空carry 棕榈油1911 1手(空)@4470 / 棕榈油1912 1手(多)@4440 价差=30,,[HC] 空carry 热卷1911 1手(空)@3898 / 热卷1912 1手(多)@3771 价差=127 z=1.00 | [P] 空carry 棕榈油1911 1手(空)@4470 / 棕榈油1912 1手(多)@4440 价差=30 z=1.14
2019-07-08,False,2,4,110.0,-7.65,-0.0,0.0,139480.0,0.0,12482.400000000001,0.0,25.59,47.65,2.5587749999979196e-05,151962.4,多carry 黄金1912 1手(多)@316.35 / 黄金2002 1手(空)@317.65 价差=-1.3,,空carry 棕榈油1911 1手(空)@4464 / 棕榈油1912 1手(多)@4452 价差=12,,[AU] 多carry 黄金1912 1手(多)@316.35 / 黄金2002 1手(空)@317.65 价差=-1.3 z=-1.46 | [P] 空carry 棕榈油1911 1手(空)@4464 / 棕榈油1912 1手(多)@4452 价差=12 z=0.88
2019-07-09,False,1,2,-40.0,0.0,-800.0,0.0,0.0,0.0,12482.400000000001,0.0,-210.0,40.0,-0.00021000000000000066,12482.4,,,空carry 棕榈油1911 1手(空)@4464 / 棕榈油1912 1手(多)@4452 价差=12,,[P] 空carry 棕榈油1911 1手(空)@4464 / 棕榈油1912 1手(多)@4452 价差=12 z=0.88
2019-07-10,False,2,4,0.0,0.0,2200.0,1255.0,0.0,0.0,12594.400000000001,15551.2,863.75,5.0,0.0008637500000000007,28145.6,,,空carry 棕榈油1911 1手(空)@4544 / 棕榈油1912 1手(多)@4452 价差=92,多carry 豆油1911 1手(多)@5492 / 豆油1912 1手(空)@5616 价差=-124,[P] 空carry 棕榈油1911 1手(空)@4544 / 棕榈油1912 1手(多)@4452 价差=92 z=1.85 | [Y] 多carry 豆油1911 1手(多)@5492 / 豆油1912 1手(空)@5616 价差=-124 z=-1.22
2019-07-11,False,2,4,0.0,0.0,-330.0,-10.0,0.0,0.0,12286.400000000001,15374.800000000003,-85.0,20.0,-8.500000000000059e-05,27661.2,,,多carry 棕榈油1911 1手(多)@4324 / 棕榈油1912 1手(空)@4452 价差=-128,空carry 豆油1911 1手(空)@5492 / 豆油1912 1手(多)@5490 价差=2,[P] 多carry 棕榈油1911 1手(多)@4324 / 棕榈油1912 1手(空)@4452 价差=-128 z=-0.97 | [Y] 空carry 豆油1911 1手(空)@5492 / 豆油1912 1手(多)@5490 价差=2 z=2.92
2019-07-12,False,2,4,0.0,0.0,0.0,340.0,0.0,0.0,12241.6,15374.800000000003,85.0,0.0,8.50000000000003e-05,27616.4,,,多carry 棕榈油1911 1手(多)@4292 / 棕榈油1912 1手(空)@4452 价差=-160,空carry 豆油1911 1手(空)@5492 / 豆油1912 1手(多)@5490 价差=2,[P] 多carry 棕榈油1911 1手(多)@4292 / 棕榈油1912 1手(空)@4452 价差=-160 z=-1.37 | [Y] 空carry 豆油1911 1手(空)@5492 / 豆油1912 1手(多)@5490 价差=2 z=2.32
2019-07-15,False,2,4,0.0,0.0,40.0,-0.0,0.0,0.0,12241.6,15422.400000000001,10.0,0.0,9.999999999998635e-06,27664.0,,,多carry 棕榈油1911 1手(多)@4292 / 棕榈油1912 1手(空)@4452 价差=-160,空carry 豆油1911 1手(空)@5492 / 豆油1912 1手(多)@5524 价差=-32,[P] 多carry 棕榈油1911 1手(多)@4292 / 棕榈油1912 1手(空)@4452 价差=-160 z=-1.34 | [Y] 空carry 豆油1911 1手(空)@5492 / 豆油1912 1手(多)@5524 价差=-32 z=1.28
2019-07-16,False,2,4,0.0,0.0,100.0,-0.0,0.0,0.0,12320.0,15422.400000000001,25.0,0.0,2.4999999999999317e-05,27742.4,,,多carry 棕榈油1911 1手(多)@4322 / 棕榈油1912 1手(空)@4478 价差=-156,空carry 豆油1911 1手(空)@5492 / 豆油1912 1手(多)@5524 价差=-32,[P] 多carry 棕榈油1911 1手(多)@4322 / 棕榈油1912 1手(空)@4478 价差=-156 z=-1.23 | [Y] 空carry 豆油1911 1手(空)@5492 / 豆油1912 1手(多)@5524 价差=-32 z=1.15
2019-07-17,False,2,4,0.0,0.0,-240.0,-320.0,0.0,0.0,12334.0,15422.400000000001,-140.0,0.0,-0.00013999999999999988,27756.4,,,多carry 棕榈油1911 1手(多)@4332 / 棕榈油1912 1手(空)@4478 价差=-146,空carry 豆油1911 1手(空)@5492 / 豆油1912 1手(多)@5524 价差=-32,[P] 多carry 棕榈油1911 1手(多)@4332 / 棕榈油1912 1手(空)@4478 价差=-146 z=-1.05 | [Y] 空carry 豆油1911 1手(空)@5492 / 豆油1912 1手(多)@5524 价差=-32 z=1.09
2019-07-18,False,2,4,0.0,0.0,-200.0,-0.0,0.0,0.0,12300.400000000001,15377.600000000002,-50.0,0.0,-5.000000000000004e-05,27678.0,,,多carry 棕榈油1911 1手(多)@4308 / 棕榈油1912 1手(空)@4478 价差=-170,空carry 豆油1911 1手(空)@5492 / 豆油1912 1手(多)@5492 价差=0,[P] 多carry 棕榈油1911 1手(多)@4308 / 棕榈油1912 1手(空)@4478 价差=-170 z=-1.34 | [Y] 空carry 豆油1911 1手(空)@5492 / 豆油1912 1手(多)@5492 价差=0 z=1.75
2019-07-19,False,2,4,0.0,0.0,0.0,320.0,0.0,0.0,12272.400000000001,15377.600000000002,80.0,0.0,8.000000000000123e-05,27650.0,,,多carry 棕榈油1911 1手(多)@4288 / 棕榈油1912 1手(空)@4478 价差=-190,空carry 豆油1911 1手(空)@5492 / 豆油1912 1手(多)@5492 价差=0,[P] 多carry 棕榈油1911 1手(多)@4288 / 棕榈油1912 1手(空)@4478 价差=-190 z=-1.56 | [Y] 空carry 豆油1911 1手(空)@5492 / 豆油1912 1手(多)@5492 价差=0 z=1.55
2019-07-22,False,1,2,0.0,0.0,100.0,-5.0,0.0,0.0,12272.400000000001,0.0,23.75,5.0,2.3749999999999253e-05,12272.4,,,多carry 棕榈油1911 1手(多)@4288 / 棕榈油1912 1手(空)@4478 价差=-190,,[P] 多carry 棕榈油1911 1手(多)@4288 / 棕榈油1912 1手(空)@4478 价差=-190 z=-1.51
2019-07-23,False,1,2,0.0,0.0,-240.0,0.0,0.0,0.0,12286.400000000001,0.0,-60.0,0.0,-5.999999999999969e-05,12286.4,,,多carry 棕榈油1911 1手(多)@4298 / 棕榈油1912 1手(空)@4478 价差=-180,,[P] 多carry 棕榈油1911 1手(多)@4298 / 棕榈油1912 1手(空)@4478 价差=-180 z=-1.32
2019-07-24,False,2,4,110.0,0.0,400.0,0.0,140921.0,0.0,12252.800000000001,0.0,127.5,40.0,0.00012750000000001313,153173.8,多carry 黄金1912 1手(多)@319.65 / 黄金2002 1手(空)@320.9 价差=-1.25,,多carry 棕榈油1911 1手(多)@4274 / 棕榈油1912 1手(空)@4478 价差=-204,,[AU] 多carry 黄金1912 1手(多)@319.65 / 黄金2002 1手(空)@320.9 价差=-1.25 z=-1.29 | [P] 多carry 棕榈油1911 1手(多)@4274 / 棕榈油1912 1手(空)@4478 价差=-204 z=-1.62
2019-07-25,False,2,4,-40.0,0.0,20.0,295.0,0.0,0.0,12308.800000000001,15649.2,68.75,45.0,6.875000000000038e-05,27958.0,,,多carry 棕榈油1911 1手(多)@4314 / 棕榈油1912 1手(空)@4478 价差=-164,多carry 豆油1911 1手(多)@5528 / 豆油1912 1手(空)@5650 价差=-122,[P] 多carry 棕榈油1911 1手(多)@4314 / 棕榈油1912 1手(空)@4478 价差=-164 z=-1.02 | [Y] 多carry 豆油1911 1手(多)@5528 / 豆油1912 1手(空)@5650 价差=-122 z=-1.69
2019-07-26,False,3,6,60.0,0.0,-1060.0,-200.0,140613.0,0.0,12406.800000000001,15713.600000000002,-300.0,40.0,-0.00030000000000001927,168733.4,空carry 黄金1912 1手(空)@319.1 / 黄金2002 1手(多)@320.05 价差=-0.95,,多carry 棕榈油1911 1手(多)@4350 / 棕榈油1912 1手(空)@4512 价差=-162,多carry 豆油1911 1手(多)@5566 / 豆油1912 1手(空)@5658 价差=-92,[AU] 空carry 黄金1912 1手(空)@319.1 / 黄金2002 1手(多)@320.05 价差=-0.95 z=2.05 | [P] 多carry 棕榈油1911 1手(多)@4350 / 棕榈油1912 1手(空)@4512 价差=-162 z=-0.94 | [Y] 多carry 豆油1911 1手(多)@5566 / 豆油1912 1手(空)@5658 价差=-92 z=-0.91
2019-07-29,False,3,6,100.0,0.0,1240.0,560.0,140855.0,0.0,12560.800000000001,15741.600000000002,475.0,0.0,0.00047500000000000146,169157.4,空carry 黄金1912 1手(空)@319.6 / 黄金2002 1手(多)@320.65 价差=-1.05,,多carry 棕榈油1911 1手(多)@4352 / 棕榈油1912 1手(空)@4620 价差=-268,多carry 豆油1911 1手(多)@5566 / 豆油1912 1手(空)@5678 价差=-112,[AU] 空carry 黄金1912 1手(空)@319.6 / 黄金2002 1手(多)@320.65 价差=-1.05 z=0.90 | [P] 多carry 棕榈油1911 1手(多)@4352 / 棕榈油1912 1手(空)@4620 价差=-268 z=-2.21 | [Y] 多carry 豆油1911 1手(多)@5566 / 豆油1912 1手(空)@5678 价差=-112 z=-1.30
2019-07-30,True,0,0,-40.0,0.0,-5.0,-5.0,0.0,0.0,0.0,0.0,-12.5,50.0,-1.25e-05,0.0,,,,,全品种空仓
2019-07-31,False,2,4,0.0,0.0,-305.0,135.0,0.0,0.0,12577.6,15842.400000000001,-42.5,10.0,-4.2499999999999224e-05,28420.0,,,多carry 棕榈油1911 1手(多)@4392 / 棕榈油1912 1手(空)@4592 价差=-200,空carry 豆油1911 1手(空)@5650 / 豆油1912 1手(多)@5666 价差=-16,[P] 多carry 棕榈油1911 1手(多)@4392 / 棕榈油1912 1手(空)@4592 价差=-200 z=-1.27 | [Y] 空carry 豆油1911 1手(空)@5650 / 豆油1912 1手(多)@5666 价差=-16 z=0.85
2019-08-01,False,2,4,-140.0,0.0,250.0,-5.0,139568.0,0.0,12731.6,0.0,26.25,55.0,2.6249999999999828e-05,152299.6,多carry 黄金1912 1手(多)@316.6 / 黄金2002 1手(空)@317.8 价差=-1.2,,空carry 棕榈油1912 1手(空)@4592 / 棕榈油2001 1手(多)@4502 价差=90,,[AU] 多carry 黄金1912 1手(多)@316.6 / 黄金2002 1手(空)@317.8 价差=-1.2 z=-0.85 | [P] 空carry 棕榈油1912 1手(空)@4592 / 棕榈油2001 1手(多)@4502 价差=90 z=2.16
2019-08-02,False,3,6,650.0,322.68,840.0,0.0,142956.0,8786.4,12768.0,0.0,453.17,7.32,0.00045316950000001113,164510.4,多carry 黄金1912 1手(多)@324.25 / 黄金2002 1手(空)@325.55 价差=-1.3,空carry 热卷1912 1手(空)@3740 / 热卷2001 1手(多)@3582 价差=158,空carry 棕榈油1912 1手(空)@4592 / 棕榈油2001 1手(多)@4528 价差=64,,[AU] 多carry 黄金1912 1手(多)@324.25 / 黄金2002 1手(空)@325.55 价差=-1.3 z=-1.57 | [HC] 空carry 热卷1912 1手(空)@3740 / 热卷2001 1手(多)@3582 价差=158 z=2.36 | [P] 空carry 棕榈油1912 1手(空)@4592 / 棕榈油2001 1手(多)@4528 价差=64 z=1.78
2019-08-05,False,3,6,570.0,-7.19,-1520.0,435.0,147103.0,0.0,12885.6,16270.800000000003,-130.55,92.19,-0.0001305472499999981,176259.4,空carry 黄金1912 1手(空)@334 / 黄金2002 1手(多)@334.65 价差=-0.65,,空carry 棕榈油1912 1手(空)@4592 / 棕榈油2001 1手(多)@4612 价差=-20,多carry 豆油1912 1手(多)@5772 / 豆油2001 1手(空)@5850 价差=-78,[AU] 空carry 黄金1912 1手(空)@334 / 黄金2002 1手(多)@334.65 价差=-0.65 z=3.61 | [P] 空carry 棕榈油1912 1手(空)@4592 / 棕榈油2001 1手(多)@4612 价差=-20 z=0.83 | [Y] 多carry 豆油1912 1手(多)@5772 / 豆油2001 1手(空)@5850 价差=-78 z=-0.78
2019-08-06,False,3,6,-180.0,1052.84,500.0,-5.0,147928.0,8593.2,13143.2,0.0,341.96,92.16,0.00034195975000000207,169664.4,多carry 黄金1912 1手(多)@335.55 / 黄金2002 1手(空)@336.85 价差=-1.3,空carry 热卷1912 1手(空)@3657 / 热卷2001 1手(多)@3504 价差=153,空carry 棕榈油1912 1手(空)@4760 / 棕榈油2001 1手(多)@4628 价差=132,,[AU] 多carry 黄金1912 1手(多)@335.55 / 黄金2002 1手(空)@336.85 价差=-1.3 z=-0.83 | [HC] 空carry 热卷1912 1手(空)@3657 / 热卷2001 1手(多)@3504 价差=153 z=1.76 | [P] 空carry 棕榈油1912 1手(空)@4760 / 棕榈油2001 1手(多)@4628 价差=132 z=2.30
2019-08-07,False,3,6,200.0,165.82,440.0,0.0,150700.0,8506.8,13078.800000000001,0.0,201.46,14.18,0.0002014555000000147,172285.6,多carry 黄金1912 1手(多)@341.8 / 黄金2002 1手(空)@343.2 价差=-1.4,多carry 热卷1912 1手(多)@3568 / 热卷2001 1手(空)@3521 价差=47,空carry 棕榈油1912 1手(空)@4712 / 棕榈油2001 1手(多)@4630 价差=82,,[AU] 多carry 黄金1912 1手(多)@341.8 / 黄金2002 1手(空)@343.2 价差=-1.4 z=-1.22 | [HC] 多carry 热卷1912 1手(多)@3568 / 热卷2001 1手(空)@3521 价差=47 z=-2.28 | [P] 空carry 棕榈油1912 1手(空)@4712 / 棕榈油2001 1手(多)@4630 价差=82 z=1.72
2019-08-08,False,3,6,-40.0,280.0,-40.0,135.0,0.0,8485.199999999999,13106.800000000001,16707.600000000002,83.75,45.0,8.375000000000326e-05,38299.6,,多carry 热卷1912 1手(多)@3568 / 热卷2001 1手(空)@3503 价差=65,空carry 棕榈油1912 1手(空)@4700 / 棕榈油2001 1手(多)@4662 价差=38,空carry 豆油1912 1手(空)@5968 / 豆油2001 1手(多)@5966 价差=2,[HC] 多carry 热卷1912 1手(多)@3568 / 热卷2001 1手(空)@3503 价差=65 z=-1.45 | [P] 空carry 棕榈油1912 1手(空)@4700 / 棕榈油2001 1手(多)@4662 价差=38 z=1.26 | [Y] 空carry 豆油1912 1手(空)@5968 / 豆油2001 1手(多)@5966 价差=2 z=1.17
2019-08-09,False,3,6,460.0,-7.03,-380.0,-600.0,152559.0,0.0,13454.0,17203.2,-131.76,47.03,-0.0001317572499999867,183216.2,多carry 黄金1912 1手(多)@345.9 / 黄金2002 1手(空)@347.55 价差=-1.65,,空carry 棕榈油1912 1手(空)@4826 / 棕榈油2001 1手(多)@4784 价差=42,空carry 豆油1912 1手(空)@6138 / 豆油2001 1手(多)@6150 价差=-12,[AU] 多carry 黄金1912 1手(多)@345.9 / 黄金2002 1手(空)@347.55 价差=-1.65 z=-2.20 | [P] 空carry 棕榈油1912 1手(空)@4826 / 棕榈油2001 1手(多)@4784 价差=42 z=1.26 | [Y] 空carry 豆油1912 1手(空)@6138 / 豆油2001 1手(多)@6150 价差=-12 z=0.82
2019-08-12,False,3,6,-40.0,92.99,320.0,640.0,0.0,8416.8,13636.000000000002,17315.2,253.25,47.01,0.00025324649999999745,39368.0,,多carry 热卷1912 1手(多)@3512 / 热卷2001 1手(空)@3502 价差=10,空carry 棕榈油1912 1手(空)@4910 / 棕榈油2001 1手(多)@4830 价差=80,空carry 豆油1912 1手(空)@6208 / 豆油2001 1手(多)@6160 价差=48,[HC] 多carry 热卷1912 1手(多)@3512 / 热卷2001 1手(空)@3502 价差=10 z=-2.52 | [P] 空carry 棕榈油1912 1手(空)@4910 / 棕榈油2001 1手(多)@4830 价差=80 z=1.55 | [Y] 空carry 豆油1912 1手(空)@6208 / 豆油2001 1手(多)@6160 价差=48 z=2.10
2019-08-13,False,2,4,0.0,870.0,-440.0,-5.0,0.0,8404.8,13680.800000000003,0.0,106.25,5.0,0.00010625000000000264,22085.6,,多carry 热卷1912 1手(多)@3512 / 热卷2001 1手(空)@3492 价差=20,空carry 棕榈油1912 1手(空)@4910 / 棕榈油2001 1手(多)@4862 价差=48,,[HC] 多carry 热卷1912 1手(多)@3512 / 热卷2001 1手(空)@3492 价差=20 z=-1.90 | [P] 空carry 棕榈油1912 1手(空)@4910 / 棕榈油2001 1手(多)@4862 价差=48 z=1.22
2019-08-14,False,2,4,0.0,-7.13,220.0,415.0,0.0,0.0,13624.800000000003,17080.0,156.97,12.13,0.0001569682499999986,30704.8,,,空carry 棕榈油1912 1手(空)@4912 / 棕榈油2001 1手(多)@4820 价差=92,多carry 豆油1912 1手(多)@6056 / 豆油2001 1手(空)@6144 价差=-88,[P] 空carry 棕榈油1912 1手(空)@4912 / 棕榈油2001 1手(多)@4820 价差=92 z=1.56 | [Y] 多carry 豆油1912 1手(多)@6056 / 豆油2001 1手(空)@6144 价差=-88 z=-1.16
2019-08-15,False,1,2,0.0,0.0,-140.0,-5.0,0.0,0.0,13482.000000000002,0.0,-36.25,5.0,-3.625000000000153e-05,13482.0,,,空carry 棕榈油1912 1手(空)@4850 / 棕榈油2001 1手(多)@4780 价差=70,,[P] 空carry 棕榈油1912 1手(空)@4850 / 棕榈油2001 1手(多)@4780 价差=70 z=1.32
2019-08-16,False,1,2,0.0,0.0,-400.0,0.0,0.0,0.0,13468.000000000002,0.0,-100.0,0.0,-0.00010000000000000018,13468.0,,,空carry 棕榈油1912 1手(空)@4852 / 棕榈油2001 1手(多)@4768 价差=84,,[P] 空carry 棕榈油1912 1手(空)@4852 / 棕榈油2001 1手(多)@4768 价差=84 z=1.39
2019-08-19,False,2,4,0.0,-57.13,1400.0,0.0,0.0,8550.0,13412.000000000002,0.0,335.72,7.12,0.0003357187499999976,21962.0,,多carry 热卷1912 1手(多)@3592 / 热卷2001 1手(空)@3533 价差=59,空carry 棕榈油1912 1手(空)@4852 / 棕榈油2001 1手(多)@4728 价差=124,,[HC] 多carry 热卷1912 1手(多)@3592 / 热卷2001 1手(空)@3533 价差=59 z=-0.93 | [P] 空carry 棕榈油1912 1手(空)@4852 / 棕榈油2001 1手(多)@4728 价差=124 z=1.67
2019-08-20,False,1,2,0.0,300.0,-5.0,0.0,0.0,8472.0,0.0,0.0,73.75,5.0,7.374999999999923e-05,8472.0,,多carry 热卷1912 1手(多)@3557 / 热卷2001 1手(空)@3503 价差=54,,,[HC] 多carry 热卷1912 1手(多)@3557 / 热卷2001 1手(空)@3503 价差=54 z=-0.96
2019-08-21,False,2,4,0.0,-7.09,1355.0,435.0,0.0,0.0,13269.2,17239.6,445.73,17.09,0.0004457279999999983,30508.8,,,空carry 棕榈油1912 1手(空)@4750 / 棕榈油2001 1手(多)@4728 价差=22,空carry 豆油1912 1手(空)@6164 / 豆油2001 1手(多)@6150 价差=14,[P] 空carry 棕榈油1912 1手(空)@4750 / 棕榈油2001 1手(多)@4728 价差=22 z=0.76 | [Y] 空carry 豆油1912 1手(空)@6164 / 豆油2001 1手(多)@6150 价差=14 z=1.37
2019-08-22,True,0,0,0.0,0.0,-5.0,-5.0,0.0,0.0,0.0,0.0,-2.5,10.0,-2.5e-06,0.0,,,,,全品种空仓
2019-08-23,True,0,0,0.0,0.0,0.0,0.0,0.0,0.0,0.0,0.0,0.0,0.0,0.0,0.0,,,,,全品种空仓
2019-08-26,False,3,6,0.0,682.92,3095.0,-1345.0,0.0,8490.0,13521.2,17570.0,608.23,17.08,0.0006082312500000009,39581.2,,空carry 热卷1912 1手(空)@3633 / 热卷2001 1手(多)@3442 价差=191,多carry 棕榈油1912 1手(多)@4670 / 棕榈油2001 1手(空)@4988 价差=-318,空carry 豆油1912 1手(空)@6288 / 豆油2001 1手(多)@6262 价差=26,[HC] 空carry 热卷1912 1手(空)@3633 / 热卷2001 1手(多)@3442 价差=191 z=2.10 | [P] 多carry 棕榈油1912 1手(多)@4670 / 棕榈油2001 1手(空)@4988 价差=-318 z=-2.12 | [Y] 空carry 豆油1912 1手(空)@6288 / 豆油2001 1手(多)@6262 价差=26 z=1.62
2019-08-27,False,1,2,0.0,-6.83,-5.0,1200.0,0.0,0.0,0.0,17382.4,297.04,11.83,0.00029704249999999905,17382.4,,,,空carry 豆油1912 1手(空)@6288 / 豆油2001 1手(多)@6128 价差=160,[Y] 空carry 豆油1912 1手(空)@6288 / 豆油2001 1手(多)@6128 价差=160 z=3.29
2019-08-28,False,2,4,110.0,0.0,0.0,600.0,158246.0,0.0,0.0,17203.2,177.5,40.0,0.0001774999999999954,175449.2,多carry 黄金1912 1手(多)@358.85 / 黄金2002 1手(空)@360.45 价差=-1.6,,,空carry 豆油1912 1手(空)@6164 / 豆油2001 1手(多)@6124 价差=40,[AU] 多carry 黄金1912 1手(多)@358.85 / 黄金2002 1手(空)@360.45 价差=-1.6 z=-1.43 | [Y] 空carry 豆油1912 1手(空)@6164 / 豆油2001 1手(多)@6124 价差=40 z=1.02
2019-08-29,False,1,2,-40.0,433.18,0.0,-5.0,0.0,8187.599999999999,0.0,0.0,97.04,51.82,9.704425000000127e-05,8187.6,,空carry 热卷1912 1手(空)@3478 / 热卷2001 1手(多)@3345 价差=133,,,[HC] 空carry 热卷1912 1手(空)@3478 / 热卷2001 1手(多)@3345 价差=133 z=0.75
2019-08-30,False,1,2,0.0,-6.9,1735.0,0.0,0.0,0.0,13482.0,0.0,432.02,11.9,0.00043202425000000023,13482.0,,,空carry 棕榈油1912 1手(空)@4856 / 棕榈油2001 1手(多)@4774 价差=82,,[P] 空carry 棕榈油1912 1手(空)@4856 / 棕榈油2001 1手(多)@4774 价差=82 z=1.19
2019-09-02,False,2,4,60.0,0.0,-5.0,-405.0,157454.0,0.0,0.0,17175.2,-87.5,50.0,-8.750000000000476e-05,174629.2,空carry 黄金2002 1手(空)@357.25 / 黄金2004 1手(多)@358.45 价差=-1.2,,,多carry 豆油2001 1手(多)@6090 / 豆油2003 1手(空)@6178 价差=-88,[AU] 空carry 黄金2002 1手(空)@357.25 / 黄金2004 1手(多)@358.45 价差=-1.2 z=1.03 | [Y] 多carry 豆油2001 1手(多)@6090 / 豆油2003 1手(空)@6178 价差=-88 z=-1.27
2019-09-03,False,1,2,-40.0,0.0,0.0,1560.0,0.0,0.0,0.0,17124.800000000003,380.0,40.0,0.00038000000000000013,17124.8,,,,多carry 豆油2001 1手(多)@6052 / 豆油2003 1手(空)@6180 价差=-128,[Y] 多carry 豆油2001 1手(多)@6052 / 豆油2003 1手(空)@6180 价差=-128 z=-1.73
2019-09-04,False,1,2,10.0,0.0,0.0,-5.0,158862.0,0.0,0.0,0.0,1.25,45.0,1.2500000000027284e-06,158862.0,空carry 黄金2002 1手(空)@360.45 / 黄金2004 1手(多)@361.65 价差=-1.2,,,,[AU] 空carry 黄金2002 1手(空)@360.45 / 黄金2004 1手(多)@361.65 价差=-1.2 z=0.97
2019-09-05,False,1,2,-40.0,-486.85,0.0,0.0,0.0,8215.199999999999,0.0,0.0,-131.71,46.85,-0.00013171150000000013,8215.2,,多carry 热卷2001 1手(多)@3442 / 热卷2002 1手(空)@3404 价差=38,,,[HC] 多carry 热卷2001 1手(多)@3442 / 热卷2002 1手(空)@3404 价差=38 z=-1.24
2019-09-06,False,1,2,0.0,240.0,0.0,0.0,0.0,8157.599999999999,0.0,0.0,60.0,0.0,6.000000000000074e-05,8157.6,,多carry 热卷2001 1手(多)@3394 / 热卷2002 1手(空)@3404 价差=-10,,,[HC] 多carry 热卷2001 1手(多)@3394 / 热卷2002 1手(空)@3404 价差=-10 z=-2.00
2019-09-09,False,1,2,0.0,360.0,0.0,0.0,0.0,8450.4,0.0,0.0,90.0,0.0,9.000000000000037e-05,8450.4,,多carry 热卷2001 1手(多)@3528 / 热卷2002 1手(空)@3514 价差=14,,,[HC] 多carry 热卷2001 1手(多)@3528 / 热卷2002 1手(空)@3514 价差=14 z=-1.51
2019-09-10,False,1,2,0.0,-70.0,0.0,0.0,0.0,8392.8,0.0,0.0,-17.5,0.0,-1.7499999999999524e-05,8392.8,,多carry 热卷2001 1手(多)@3522 / 热卷2002 1手(空)@3472 价差=50,,,[HC] 多carry 热卷2001 1手(多)@3522 / 热卷2002 1手(空)@3472 价差=50 z=-0.80
2019-09-11,False,2,4,-390.0,530.0,0.0,0.0,153076.0,8384.4,0.0,0.0,35.0,40.0,3.500000000000603e-05,161460.4,空carry 黄金2002 1手(空)@347.3 / 黄金2004 1手(多)@348.5 价差=-1.2,多carry 热卷2001 1手(多)@3515 / 热卷2002 1手(空)@3472 价差=43,,,[AU] 空carry 黄金2002 1手(空)@347.3 / 黄金2004 1手(多)@348.5 价差=-1.2 z=0.87 | [HC] 多carry 热卷2001 1手(多)@3515 / 热卷2002 1手(空)@3472 价差=43 z=-0.87
2019-09-12,False,2,4,500.0,-7.04,1255.0,0.0,153131.0,0.0,13599.600000000002,0.0,436.99,12.04,0.00043699000000002884,166730.6,空carry 黄金2002 1手(空)@347.6 / 黄金2004 1手(多)@348.45 价差=-0.85,,多carry 棕榈油2001 1手(多)@4784 / 棕榈油2002 1手(空)@4930 价差=-146,,[AU] 空carry 黄金2002 1手(空)@347.6 / 黄金2004 1手(多)@348.45 价差=-0.85 z=3.15 | [P] 多carry 棕榈油2001 1手(多)@4784 / 棕榈油2002 1手(空)@4930 价差=-146 z=-0.77
2019-09-16,True,0,0,-40.0,0.0,-5.0,0.0,0.0,0.0,0.0,0.0,-11.25,45.0,-1.125e-05,0.0,,,,,全品种空仓
2019-09-17,False,2,4,0.0,0.0,2255.0,1455.0,0.0,0.0,13994.400000000001,17340.4,927.5,10.0,0.0009274999999999987,31334.8,,,空carry 棕榈油2001 1手(空)@5016 / 棕榈油2002 1手(多)@4980 价差=36,空carry 豆油2001 1手(空)@6218 / 豆油2003 1手(多)@6168 价差=50,[P] 空carry 棕榈油2001 1手(空)@5016 / 棕榈油2002 1手(多)@4980 价差=36 z=0.79 | [Y] 空carry 豆油2001 1手(空)@6218 / 豆油2003 1手(多)@6168 价差=50 z=1.13
2019-09-18,False,3,6,0.0,-566.99,-130.0,-690.0,0.0,8385.599999999999,13952.400000000001,17320.800000000003,-346.75,26.99,-0.0003467470000000002,39658.8,,多carry 热卷2001 1手(多)@3510 / 热卷2002 1手(空)@3478 价差=32,多carry 棕榈油2001 1手(多)@4888 / 棕榈油2002 1手(空)@5078 价差=-190,多carry 豆油2001 1手(多)@6138 / 豆油2003 1手(空)@6234 价差=-96,[HC] 多carry 热卷2001 1手(多)@3510 / 热卷2002 1手(空)@3478 价差=32 z=-1.04 | [P] 多carry 棕榈油2001 1手(多)@4888 / 棕榈油2002 1手(空)@5078 价差=-190 z=-1.15 | [Y] 多carry 豆油2001 1手(多)@6138 / 豆油2003 1手(空)@6234 价差=-96 z=-1.13
2019-09-19,False,4,8,110.0,460.0,280.0,840.0,153153.0,8256.0,13778.800000000003,17214.4,422.5,40.0,0.00042250000000000973,192402.2,空carry 黄金2002 1手(空)@347.5 / 黄金2004 1手(多)@348.65 价差=-1.15,多carry 热卷2001 1手(多)@3428 / 热卷2002 1手(空)@3452 价差=-24,多carry 棕榈油2001 1手(多)@4820 / 棕榈油2002 1手(空)@5022 价差=-202,多carry 豆油2001 1手(多)@6066 / 豆油2003 1手(空)@6230 价差=-164,[AU] 空carry 黄金2002 1手(空)@347.5 / 黄金2004 1手(多)@348.65 价差=-1.15 z=0.81 | [HC] 多carry 热卷2001 1手(多)@3428 / 热卷2002 1手(空)@3452 价差=-24 z=-1.90 | [P] 多carry 棕榈油2001 1手(多)@4820 / 棕榈油2002 1手(空)@5022 价差=-202 z=-1.24 | [Y] 多carry 豆油2001 1手(多)@6066 / 豆油2003 1手(空)@6230 价差=-164 z=-1.85
2019-09-20,False,2,4,-40.0,160.0,1000.0,-5.0,0.0,8133.6,13655.600000000002,0.0,278.75,45.0,0.0002787499999999992,21789.2,,多carry 热卷2001 1手(多)@3400 / 热卷2002 1手(空)@3378 价差=22,多carry 棕榈油2001 1手(多)@4790 / 棕榈油2002 1手(空)@4964 价差=-174,,[HC] 多carry 热卷2001 1手(多)@3400 / 热卷2002 1手(空)@3378 价差=22 z=-0.92 | [P] 多carry 棕榈油2001 1手(多)@4790 / 棕榈油2002 1手(空)@4964 价差=-174 z=-0.97
2019-09-23,True,0,0,0.0,-6.98,-5.0,0.0,0.0,0.0,0.0,0.0,-3.0,11.98,-2.995e-06,0.0,,,,,全品种空仓
2019-09-24,False,4,8,510.0,93.0,435.0,275.0,155804.0,8401.2,13451.2,16945.600000000002,328.25,57.0,0.0003282497500000043,194602.0,空carry 黄金2002 1手(空)@353.55 / 黄金2004 1手(多)@354.65 价差=-1.1,多carry 热卷2001 1手(多)@3501 / 热卷2002 1手(空)@3500 价差=1,多carry 棕榈油2001 1手(多)@4720 / 棕榈油2002 1手(空)@4888 价差=-168,多carry 豆油2001 1手(多)@5986 / 豆油2003 1手(空)@6118 价差=-132,[AU] 空carry 黄金2002 1手(空)@353.55 / 黄金2004 1手(多)@354.65 价差=-1.1 z=1.20 | [HC] 多carry 热卷2001 1手(多)@3501 / 热卷2002 1手(空)@3500 价差=1 z=-1.25 | [P] 多carry 棕榈油2001 1手(多)@4720 / 棕榈油2002 1手(空)@4888 价差=-168 z=-0.91 | [Y] 多carry 豆油2001 1手(多)@5986 / 豆油2003 1手(空)@6118 价差=-132 z=-1.22
2019-09-25,False,3,6,320.0,10.0,-5.0,20.0,156607.0,8413.2,0.0,16984.800000000003,86.25,85.0,8.624999999999284e-05,182005.0,多carry 黄金2002 1手(多)@355.1 / 黄金2004 1手(空)@356.75 价差=-1.65,多carry 热卷2001 1手(多)@3511 / 热卷2002 1手(空)@3500 价差=11,,多carry 豆油2001 1手(多)@6014 / 豆油2003 1手(空)@6118 价差=-104,[AU] 多carry 黄金2002 1手(多)@355.1 / 黄金2004 1手(空)@356.75 价差=-1.65 z=-2.20 | [HC] 多carry 热卷2001 1手(多)@3511 / 热卷2002 1手(空)@3500 价差=11 z=-0.94 | [Y] 多carry 豆油2001 1手(多)@6014 / 豆油2003 1手(空)@6118 价差=-104 z=-0.85
2019-09-26,False,1,2,-40.0,-10.0,0.0,-5.0,0.0,8289.599999999999,0.0,0.0,-13.75,45.0,-1.3749999999999865e-05,8289.6,,多carry 热卷2001 1手(多)@3460 / 热卷2002 1手(空)@3448 价差=12,,,[HC] 多carry 热卷2001 1手(多)@3460 / 热卷2002 1手(空)@3448 价差=12 z=-0.83
2019-09-27,False,1,2,0.0,200.0,0.0,0.0,0.0,8250.0,0.0,0.0,50.0,0.0,4.9999999999999264e-05,8250.0,,多carry 热卷2001 1手(多)@3443 / 热卷2002 1手(空)@3432 价差=11,,,[HC] 多carry 热卷2001 1手(多)@3443 / 热卷2002 1手(空)@3432 价差=11 z=-0.80
2019-09-30,True,0,0,0.0,-6.9,0.0,0.0,0.0,0.0,0.0,0.0,-1.72,6.9,-1.7237499999999998e-06,0.0,,,,,全品种空仓
2019-10-08,False,1,2,260.0,0.0,0.0,0.0,152526.0,0.0,0.0,0.0,65.0,40.0,6.499999999999659e-05,152526.0,多carry 黄金2002 1手(多)@345.9 / 黄金2004 1手(空)@347.4 价差=-1.5,,,,[AU] 多carry 黄金2002 1手(多)@345.9 / 黄金2004 1手(空)@347.4 价差=-1.5 z=-1.58
2019-10-09,True,0,0,-40.0,0.0,0.0,0.0,0.0,0.0,0.0,0.0,-10.0,40.0,-1e-05,0.0,,,,,全品种空仓
2019-10-10,False,1,2,0.0,0.0,0.0,355.0,0.0,0.0,0.0,16976.4,88.75,5.0,8.875000000000163e-05,16976.4,,,,空carry 豆油2003 1手(空)@6058 / 豆油2005 1手(多)@6068 价差=-10,[Y] 空carry 豆油2003 1手(空)@6058 / 豆油2005 1手(多)@6068 价差=-10 z=1.28
2019-10-11,False,2,4,0.0,183.32,975.0,-5.0,0.0,8017.199999999999,13882.400000000001,0.0,288.33,16.68,0.0002883297499999999,21899.6,,空carry 热卷2002 1手(空)@3382 / 热卷2003 1手(多)@3299 价差=83,多carry 棕榈油2002 1手(多)@4862 / 棕榈油2003 1手(空)@5054 价差=-192,,[HC] 空carry 热卷2002 1手(空)@3382 / 热卷2003 1手(多)@3299 价差=83 z=1.69 | [P] 多carry 棕榈油2002 1手(多)@4862 / 棕榈油2003 1手(空)@5054 价差=-192 z=-0.95
2019-10-14,False,3,6,-90.0,320.0,-5.0,755.0,150986.0,8004.0,0.0,16861.600000000002,245.0,50.0,0.00024500000000000227,175851.6,多carry 黄金2002 1手(多)@342.45 / 黄金2004 1手(空)@343.85 价差=-1.4,空carry 热卷2002 1手(空)@3367 / 热卷2003 1手(多)@3303 价差=64,,空carry 豆油2003 1手(空)@6062 / 豆油2005 1手(多)@5982 价差=80,[AU] 多carry 黄金2002 1手(多)@342.45 / 黄金2004 1手(空)@343.85 价差=-1.4 z=-0.89 | [HC] 空carry 热卷2002 1手(空)@3367 / 热卷2003 1手(多)@3303 价差=64 z=0.98 | [Y] 空carry 豆油2003 1手(空)@6062 / 豆油2005 1手(多)@5982 价差=80 z=2.54
2019-10-15,False,2,4,-50.0,-6.59,0.0,240.0,151371.0,0.0,0.0,16777.6,45.85,6.59,4.585199999999817e-05,168148.6,多carry 黄金2002 1手(多)@343.3 / 黄金2004 1手(空)@344.75 价差=-1.45,,,空carry 豆油2003 1手(空)@5994 / 豆油2005 1手(多)@5990 价差=4,[AU] 多carry 黄金2002 1手(多)@343.3 / 黄金2004 1手(空)@344.75 价差=-1.45 z=-1.09 | [Y] 空carry 豆油2003 1手(空)@5994 / 豆油2005 1手(多)@5990 价差=4 z=1.07
2019-10-16,False,2,4,100.0,0.0,815.0,-5.0,150810.0,0.0,13594.000000000002,0.0,227.5,10.0,0.00022750000000000716,164404.0,多carry 黄金2002 1手(多)@342 / 黄金2004 1手(空)@343.5 价差=-1.5,,空carry 棕榈油2002 1手(空)@4860 / 棕榈油2003 1手(多)@4850 价差=10,,[AU] 多carry 黄金2002 1手(多)@342 / 黄金2004 1手(空)@343.5 价差=-1.5 z=-1.30 | [P] 空carry 棕榈油2002 1手(空)@4860 / 棕榈油2003 1手(多)@4850 价差=10 z=0.77
2019-10-17,False,1,2,-40.0,0.0,-5.0,-245.0,0.0,0.0,0.0,16976.4,-72.5,50.0,-7.249999999999828e-05,16976.4,,,,空carry 豆油2003 1手(空)@6060 / 豆油2005 1手(多)@6066 价差=-6,[Y] 空carry 豆油2003 1手(空)@6060 / 豆油2005 1手(多)@6066 价差=-6 z=0.80
2019-10-18,False,3,6,60.0,283.48,0.0,120.0,151547.0,7825.2,0.0,16982.0,115.87,46.52,0.00011586974999998822,176354.2,多carry 黄金2002 1手(多)@343.7 / 黄金2004 1手(空)@345.15 价差=-1.45,多carry 热卷2002 1手(多)@3263 / 热卷2003 1手(空)@3258 价差=5,,空carry 豆油2003 1手(空)@6074 / 豆油2005 1手(多)@6056 价差=18,[AU] 多carry 黄金2002 1手(多)@343.7 / 黄金2004 1手(空)@345.15 价差=-1.45 z=-0.91 | [HC] 多carry 热卷2002 1手(多)@3263 / 热卷2003 1手(空)@3258 价差=5 z=-0.89 | [Y] 空carry 豆油2003 1手(空)@6074 / 豆油2005 1手(多)@6056 价差=18 z=1.10
2019-10-21,False,1,2,-40.0,-6.49,0.0,-440.0,0.0,0.0,0.0,16998.800000000003,-121.62,46.49,-0.00012162299999999857,16998.8,,,,空carry 豆油2003 1手(空)@6074 / 豆油2005 1手(多)@6068 价差=6,[Y] 空carry 豆油2003 1手(空)@6074 / 豆油2005 1手(多)@6068 价差=6 z=0.84
2019-10-22,False,3,6,-40.0,613.51,0.0,-60.0,150964.0,7784.4,0.0,17026.800000000003,128.38,46.49,0.0001283782499999935,175775.2,多carry 黄金2002 1手(多)@342.35 / 黄金2004 1手(空)@343.85 价差=-1.5,空carry 热卷2002 1手(空)@3271 / 热卷2003 1手(多)@3216 价差=55,,空carry 豆油2003 1手(空)@6106 / 豆油2005 1手(多)@6056 价差=50,[AU] 多carry 黄金2002 1手(多)@342.35 / 黄金2004 1手(空)@343.85 价差=-1.5 z=-1.19 | [HC] 空carry 热卷2002 1手(空)@3271 / 热卷2003 1手(多)@3216 价差=55 z=1.18 | [Y] 空carry 豆油2003 1手(空)@6106 / 豆油2005 1手(多)@6056 价差=50 z=1.55
2019-10-23,False,3,6,-50.0,-13.1,0.0,120.0,151558.0,7858.799999999999,0.0,17141.6,14.23,13.1,1.4225499999993267e-05,176558.4,多carry 黄金2002 1手(多)@343.7 / 黄金2004 1手(空)@345.2 价差=-1.5,多carry 热卷2002 1手(多)@3271 / 热卷2003 1手(空)@3278 价差=-7,,空carry 豆油2003 1手(空)@6150 / 豆油2005 1手(多)@6094 价差=56,[AU] 多carry 黄金2002 1手(多)@343.7 / 黄金2004 1手(空)@345.2 价差=-1.5 z=-1.05 | [HC] 多carry 热卷2002 1手(多)@3271 / 热卷2003 1手(空)@3278 价差=-7 z=-1.27 | [Y] 空carry 豆油2003 1手(空)@6150 / 豆油2005 1手(多)@6094 价差=56 z=1.46
2019-10-24,False,3,6,-0.0,520.0,0.0,-1300.0,151327.0,7858.799999999999,0.0,17158.4,-195.0,0.0,-0.00019499999999999997,176344.2,多carry 黄金2002 1手(多)@343.15 / 黄金2004 1手(空)@344.7 价差=-1.55,多carry 热卷2002 1手(多)@3271 / 热卷2003 1手(空)@3278 价差=-7,,空carry 豆油2003 1手(空)@6150 / 豆油2005 1手(多)@6106 价差=44,[AU] 多carry 黄金2002 1手(多)@343.15 / 黄金2004 1手(空)@344.7 价差=-1.55 z=-1.30 | [HC] 多carry 热卷2002 1手(多)@3271 / 热卷2003 1手(空)@3278 价差=-7 z=-1.38 | [Y] 空carry 豆油2003 1手(空)@6150 / 豆油2005 1手(多)@6106 价差=44 z=1.20
2019-10-25,False,3,6,100.0,-33.3,0.0,620.0,152757.0,7978.799999999999,0.0,17418.800000000003,171.68,13.3,0.00017167549999999482,178154.6,多carry 黄金2002 1手(多)@346.4 / 黄金2004 1手(空)@347.95 价差=-1.55,空carry 热卷2002 1手(空)@3347 / 热卷2003 1手(多)@3302 价差=45,,空carry 豆油2003 1手(空)@6308 / 豆油2005 1手(多)@6134 价差=174,[AU] 多carry 黄金2002 1手(多)@346.4 / 黄金2004 1手(空)@347.95 价差=-1.55 z=-1.08 | [HC] 空carry 热卷2002 1手(空)@3347 / 热卷2003 1手(多)@3302 价差=45 z=0.76 | [Y] 空carry 豆油2003 1手(空)@6308 / 豆油2005 1手(多)@6134 价差=174 z=2.57
2019-10-28,False,3,6,-40.0,120.0,175.0,-0.0,0.0,7981.199999999999,14778.400000000001,17410.4,63.75,45.0,6.374999999999972e-05,40170.0,,空carry 热卷2002 1手(空)@3349 / 热卷2003 1手(多)@3302 价差=47,多carry 棕榈油2002 1手(多)@5194 / 棕榈油2003 1手(空)@5362 价差=-168,空carry 豆油2003 1手(空)@6274 / 豆油2005 1手(多)@6162 价差=112,[HC] 空carry 热卷2002 1手(空)@3349 / 热卷2003 1手(多)@3302 价差=47 z=0.82 | [P] 多carry 棕榈油2002 1手(多)@5194 / 棕榈油2003 1手(空)@5362 价差=-168 z=-0.94 | [Y] 空carry 豆油2003 1手(空)@6274 / 豆油2005 1手(多)@6162 价差=112 z=1.52
2019-10-29,False,3,6,110.0,-6.66,960.0,500.0,151151.0,0.0,14803.600000000002,17410.4,390.83,46.66,0.00039083425000000806,183365.0,多carry 黄金2002 1手(多)@342.7 / 黄金2004 1手(空)@344.35 价差=-1.65,,多carry 棕榈油2002 1手(多)@5212 / 棕榈油2003 1手(空)@5362 价差=-150,空carry 豆油2003 1手(空)@6274 / 豆油2005 1手(多)@6162 价差=112,[AU] 多carry 黄金2002 1手(多)@342.7 / 黄金2004 1手(空)@344.35 价差=-1.65 z=-1.85 | [P] 多carry 棕榈油2002 1手(多)@5212 / 棕榈油2003 1手(空)@5362 价差=-150 z=-0.83 | [Y] 空carry 豆油2003 1手(空)@6274 / 豆油2005 1手(多)@6162 价差=112 z=1.39
2019-10-30,False,1,2,-40.0,-36.64,-5.0,-5.0,0.0,7964.4,0.0,0.0,-21.66,56.64,-2.1659250000000106e-05,7964.4,,多carry 热卷2002 1手(多)@3323 / 热卷2003 1手(空)@3314 价差=9,,,[HC] 多carry 热卷2002 1手(多)@3323 / 热卷2003 1手(空)@3314 价差=9 z=-0.84
2019-10-31,False,3,6,0.0,80.0,-345.0,-65.0,0.0,7968.0,14940.800000000001,17438.4,-82.5,10.0,-8.250000000000278e-05,40347.2,,多carry 热卷2002 1手(多)@3323 / 热卷2003 1手(空)@3317 价差=6,多carry 棕榈油2002 1手(多)@5264 / 棕榈油2003 1手(空)@5408 价差=-144,空carry 豆油2003 1手(空)@6274 / 豆油2005 1手(多)@6182 价差=92,[HC] 多carry 热卷2002 1手(多)@3323 / 热卷2003 1手(空)@3317 价差=6 z=-0.94 | [P] 多carry 棕榈油2002 1手(多)@5264 / 棕榈油2003 1手(空)@5408 价差=-144 z=-0.82 | [Y] 空carry 豆油2003 1手(空)@6274 / 豆油2005 1手(多)@6182 价差=92 z=0.98
2019-11-01,False,4,8,-190.0,20.0,-190.0,660.0,153307.0,7953.599999999999,15206.800000000003,17525.2,75.0,50.0,7.499999999999284e-05,193992.6,多carry 黄金2004 1手(多)@347.6 / 黄金2006 1手(空)@349.25 价差=-1.65,多carry 热卷2003 1手(多)@3317 / 热卷2004 1手(空)@3311 价差=6,空carry 棕榈油2003 1手(空)@5442 / 棕榈油2004 1手(多)@5420 价差=22,空carry 豆油2003 1手(空)@6308 / 豆油2005 1手(多)@6210 价差=98,[AU] 多carry 黄金2004 1手(多)@347.6 / 黄金2006 1手(空)@349.25 价差=-1.65 z=-1.60 | [HC] 多carry 热卷2003 1手(多)@3317 / 热卷2004 1手(空)@3311 价差=6 z=-0.92 | [P] 空carry 棕榈油2003 1手(空)@5442 / 棕榈油2004 1手(多)@5420 价差=22 z=0.81 | [Y] 空carry 豆油2003 1手(空)@6308 / 豆油2005 1手(多)@6210 价差=98 z=0.98
2019-11-04,False,3,6,100.0,110.0,-100.0,-5.0,153142.0,7956.0,15232.000000000002,0.0,26.25,5.0,2.6249999999999984e-05,176330.0,多carry 黄金2004 1手(多)@347.15 / 黄金2006 1手(空)@348.95 价差=-1.8,多carry 热卷2003 1手(多)@3319 / 热卷2004 1手(空)@3311 价差=8,空carry 棕榈油2003 1手(空)@5460 / 棕榈油2004 1手(多)@5420 价差=40,,[AU] 多carry 黄金2004 1手(多)@347.15 / 黄金2006 1手(空)@348.95 价差=-1.8 z=-2.36 | [HC] 多carry 热卷2003 1手(多)@3319 / 热卷2004 1手(空)@3311 价差=8 z=-0.78 | [P] 空carry 棕榈油2003 1手(空)@5460 / 棕榈油2004 1手(多)@5420 价差=40 z=0.99
2019-11-05,False,2,4,-0.0,-6.64,-280.0,0.0,152108.0,0.0,15509.2,0.0,-71.66,6.64,-7.166025000000423e-05,167617.2,多carry 黄金2004 1手(多)@344.85 / 黄金2006 1手(空)@346.55 价差=-1.7,,空carry 棕榈油2003 1手(空)@5564 / 棕榈油2004 1手(多)@5514 价差=50,,[AU] 多carry 黄金2004 1手(多)@344.85 / 黄金2006 1手(空)@346.55 价差=-1.7 z=-1.51 | [P] 空carry 棕榈油2003 1手(空)@5564 / 棕榈油2004 1手(多)@5514 价差=50 z=1.06
2019-11-06,False,2,4,50.0,0.0,160.0,0.0,149974.0,0.0,15436.400000000001,0.0,52.5,0.0,5.2500000000008676e-05,165410.4,多carry 黄金2004 1手(多)@340 / 黄金2006 1手(空)@341.7 价差=-1.7,,空carry 棕榈油2003 1手(空)@5552 / 棕榈油2004 1手(多)@5474 价差=78,,[AU] 多carry 黄金2004 1手(多)@340 / 黄金2006 1手(空)@341.7 价差=-1.7 z=-1.61 | [P] 空carry 棕榈油2003 1手(空)@5552 / 棕榈油2004 1手(多)@5474 价差=78 z=1.36
2019-11-07,False,3,6,250.0,0.0,240.0,115.0,150733.0,0.0,15453.2,17642.800000000003,151.25,5.0,0.00015124999999999636,183829.0,多carry 黄金2004 1手(多)@341.75 / 黄金2006 1手(空)@343.4 价差=-1.65,,空carry 棕榈油2003 1手(空)@5550 / 棕榈油2004 1手(多)@5488 价差=62,空carry 豆油2003 1手(空)@6362 / 豆油2005 1手(多)@6240 价差=122,[AU] 多carry 黄金2004 1手(多)@341.75 / 黄金2006 1手(空)@343.4 价差=-1.65 z=-1.05 | [P] 空carry 棕榈油2003 1手(空)@5550 / 棕榈油2004 1手(多)@5488 价差=62 z=1.23 | [Y] 空carry 豆油2003 1手(空)@6362 / 豆油2005 1手(多)@6240 价差=122 z=1.17
2019-11-08,False,3,6,-80.0,0.0,80.0,80.0,147818.0,0.0,15486.800000000003,17766.0,20.0,80.0,2.0000000000000476e-05,181070.8,空carry 黄金2004 1手(空)@335.25 / 黄金2006 1手(多)@336.65 价差=-1.4,,空carry 棕榈油2003 1手(空)@5550 / 棕榈油2004 1手(多)@5512 价差=38,空carry 豆油2003 1手(空)@6400 / 豆油2005 1手(多)@6290 价差=110,[AU] 空carry 黄金2004 1手(空)@335.25 / 黄金2006 1手(多)@336.65 价差=-1.4 z=0.80 | [P] 空carry 棕榈油2003 1手(空)@5550 / 棕榈油2004 1手(多)@5512 价差=38 z=1.00 | [Y] 空carry 豆油2003 1手(空)@6400 / 豆油2005 1手(多)@6290 价差=110 z=0.88
2019-11-11,False,2,4,200.0,0.0,-360.0,-5.0,147620.0,0.0,15475.600000000002,0.0,-41.25,5.0,-4.124999999998448e-05,163095.6,空carry 黄金2004 1手(空)@334.8 / 黄金2006 1手(多)@336.2 价差=-1.4,,空carry 棕榈油2003 1手(空)@5542 / 棕榈油2004 1手(多)@5512 价差=30,,[AU] 空carry 黄金2004 1手(空)@334.8 / 黄金2006 1手(多)@336.2 价差=-1.4 z=0.81 | [P] 空carry 棕榈油2003 1手(空)@5542 / 棕榈油2004 1手(多)@5512 价差=30 z=0.93
2019-11-12,False,3,6,20.0,0.0,1120.0,-525.0,145970.0,0.0,15845.2,17978.800000000003,153.75,85.0,0.00015374999999999688,179794.0,多carry 黄金2004 1手(多)@330.95 / 黄金2006 1手(空)@332.55 价差=-1.6,,空carry 棕榈油2003 1手(空)@5692 / 棕榈油2004 1手(多)@5626 价差=66,空carry 豆油2003 1手(空)@6478 / 豆油2005 1手(多)@6364 价差=114,[AU] 多carry 黄金2004 1手(多)@330.95 / 黄金2006 1手(空)@332.55 价差=-1.6 z=-0.98 | [P] 空carry 棕榈油2003 1手(空)@5692 / 棕榈油2004 1手(多)@5626 价差=66 z=1.27 | [Y] 空carry 豆油2003 1手(空)@6478 / 豆油2005 1手(多)@6364 价差=114 z=0.84
2019-11-13,False,1,2,-40.0,0.0,-5.0,-260.0,0.0,0.0,0.0,17900.4,-76.25,45.0,-7.62500000000006e-05,17900.4,,,,空carry 豆油2003 1手(空)@6476 / 豆油2005 1手(多)@6310 价差=166,[Y] 空carry 豆油2003 1手(空)@6476 / 豆油2005 1手(多)@6310 价差=166 z=1.73
2019-11-14,False,2,4,60.0,0.0,0.0,840.0,147994.0,0.0,0.0,17864.0,225.0,40.0,0.0002249999999999829,165858.0,空carry 黄金2004 1手(空)@335.65 / 黄金2006 1手(多)@337.05 价差=-1.4,,,空carry 豆油2003 1手(空)@6476 / 豆油2005 1手(多)@6284 价差=192,[AU] 空carry 黄金2004 1手(空)@335.65 / 黄金2006 1手(多)@337.05 价差=-1.4 z=0.96 | [Y] 空carry 豆油2003 1手(空)@6476 / 豆油2005 1手(多)@6284 价差=192 z=2.01
2019-11-15,False,1,2,-40.0,0.0,-185.0,-5.0,0.0,0.0,15610.000000000002,0.0,-57.5,50.0,-5.7500000000001174e-05,15610.0,,,空carry 棕榈油2003 1手(空)@5602 / 棕榈油2004 1手(多)@5548 价差=54,,[P] 空carry 棕榈油2003 1手(空)@5602 / 棕榈油2004 1手(多)@5548 价差=54 z=1.26
2019-11-18,False,3,6,60.0,663.29,-180.0,0.0,147642.0,8047.2,15635.2,0.0,135.82,46.71,0.00013582350000000576,171324.4,空carry 黄金2004 1手(空)@334.9 / 黄金2006 1手(多)@336.2 价差=-1.3,多carry 热卷2003 1手(多)@3321 / 热卷2004 1手(空)@3385 价差=-64,空carry 棕榈油2003 1手(空)@5620 / 棕榈油2004 1手(多)@5548 价差=72,,[AU] 空carry 黄金2004 1手(空)@334.9 / 黄金2006 1手(多)@336.2 价差=-1.3 z=1.85 | [HC] 多carry 热卷2003 1手(多)@3321 / 热卷2004 1手(空)@3385 价差=-64 z=-3.20 | [P] 空carry 棕榈油2003 1手(空)@5620 / 棕榈油2004 1手(多)@5548 价差=72 z=1.45
2019-11-19,False,3,6,-100.0,-6.77,-280.0,-5.0,148544.0,0.0,15666.000000000002,17701.600000000002,-97.94,11.77,-9.794325000000512e-05,181911.6,空carry 黄金2004 1手(空)@336.9 / 黄金2006 1手(多)@338.3 价差=-1.4,,空carry 棕榈油2003 1手(空)@5640 / 棕榈油2004 1手(多)@5550 价差=90,多carry 豆油2003 1手(多)@6342 / 豆油2005 1手(空)@6302 价差=40,[AU] 空carry 黄金2004 1手(空)@336.9 / 黄金2006 1手(多)@338.3 价差=-1.4 z=0.99 | [P] 空carry 棕榈油2003 1手(空)@5640 / 棕榈油2004 1手(多)@5550 价差=90 z=1.66 | [Y] 多carry 豆油2003 1手(多)@6342 / 豆油2005 1手(空)@6302 价差=40 z=-1.41
2019-11-20,False,4,8,200.0,233.1,2420.0,160.0,148940.0,8282.4,15789.2,17959.2,753.27,6.9,0.0007532745000000071,190970.8,空carry 黄金2004 1手(空)@337.85 / 黄金2006 1手(多)@339.15 价差=-1.3,空carry 热卷2003 1手(空)@3468 / 热卷2004 1手(多)@3434 价差=34,空carry 棕榈油2003 1手(空)@5698 / 棕榈油2004 1手(多)@5580 价差=118,多carry 豆油2003 1手(多)@6434 / 豆油2005 1手(空)@6394 价差=40,[AU] 空carry 黄金2004 1手(空)@337.85 / 黄金2006 1手(多)@339.15 价差=-1.3 z=1.66 | [HC] 空carry 热卷2003 1手(空)@3468 / 热卷2004 1手(多)@3434 价差=34 z=0.80 | [P] 空carry 棕榈油2003 1手(空)@5698 / 棕榈油2004 1手(多)@5580 价差=118 z=1.86 | [Y] 多carry 豆油2003 1手(多)@6434 / 豆油2005 1手(空)@6394 价差=40 z=-1.36
2019-11-21,False,1,2,-40.0,-6.88,-5.0,260.0,0.0,0.0,0.0,17936.800000000003,52.03,51.88,5.203049999999938e-05,17936.8,,,,多carry 豆油2003 1手(多)@6434 / 豆油2005 1手(空)@6378 价差=56,[Y] 多carry 豆油2003 1手(多)@6434 / 豆油2005 1手(空)@6378 价差=56 z=-1.02
2019-11-22,False,1,2,-240.0,0.0,0.0,-5.0,148368.0,0.0,0.0,0.0,-61.25,45.0,-6.12499999999908e-05,148368.0,空carry 黄金2004 1手(空)@336.5 / 黄金2006 1手(多)@337.9 价差=-1.4,,,,[AU] 空carry 黄金2004 1手(空)@336.5 / 黄金2006 1手(多)@337.9 价差=-1.4 z=0.77
2019-11-25,False,4,8,300.0,143.08,2375.0,-305.0,147312.0,8300.4,15904.000000000002,17920.0,628.27,16.92,0.0006282707499999977,189436.4,空carry 黄金2004 1手(空)@334.2 / 黄金2006 1手(多)@335.4 价差=-1.2,空carry 热卷2003 1手(空)@3492 / 热卷2004 1手(多)@3425 价差=67,多carry 棕榈油2003 1手(多)@5600 / 棕榈油2004 1手(空)@5760 价差=-160,多carry 豆油2003 1手(多)@6428 / 豆油2005 1手(空)@6372 价差=56,[AU] 空carry 黄金2004 1手(空)@334.2 / 黄金2006 1手(多)@335.4 价差=-1.2 z=1.96 | [HC] 空carry 热卷2003 1手(空)@3492 / 热卷2004 1手(多)@3425 价差=67 z=2.16 | [P] 多carry 棕榈油2003 1手(多)@5600 / 棕榈油2004 1手(空)@5760 价差=-160 z=-0.88 | [Y] 多carry 豆油2003 1手(多)@6428 / 豆油2005 1手(空)@6372 价差=56 z=-0.91
2019-11-26,False,3,6,-40.0,720.0,-90.0,860.0,0.0,8318.4,15738.800000000003,17547.6,362.5,50.0,0.0003624999999999983,41604.8,,空carry 热卷2003 1手(空)@3492 / 热卷2004 1手(多)@3440 价差=52,空carry 棕榈油2003 1手(空)@5660 / 棕榈油2004 1手(多)@5582 价差=78,多carry 豆油2003 1手(多)@6280 / 豆油2005 1手(空)@6254 价差=26,[HC] 空carry 热卷2003 1手(空)@3492 / 热卷2004 1手(多)@3440 价差=52 z=1.43 | [P] 空carry 棕榈油2003 1手(空)@5660 / 棕榈油2004 1手(多)@5582 价差=78 z=1.54 | [Y] 多carry 豆油2003 1手(多)@6280 / 豆油2005 1手(空)@6254 价差=26 z=-1.46
2019-11-27,False,3,6,-90.0,46.28,1000.0,-5.0,147477.0,8232.0,15727.600000000002,0.0,237.82,58.72,0.0002378199999999973,171436.6,空carry 黄金2004 1手(空)@334.55 / 黄金2006 1手(多)@335.8 价差=-1.25,多carry 热卷2003 1手(多)@3420 / 热卷2004 1手(空)@3440 价差=-20,空carry 棕榈油2003 1手(空)@5660 / 棕榈油2004 1手(多)@5574 价差=86,,[AU] 空carry 黄金2004 1手(空)@334.55 / 黄金2006 1手(多)@335.8 价差=-1.25 z=1.45 | [HC] 多carry 热卷2003 1手(多)@3420 / 热卷2004 1手(空)@3440 价差=-20 z=-1.36 | [P] 空carry 棕榈油2003 1手(空)@5660 / 棕榈油2004 1手(多)@5574 价差=86 z=1.57
2019-11-28,False,3,6,150.0,-390.0,-5.0,795.0,147048.0,8224.8,0.0,17575.6,137.5,10.0,0.0001374999999999963,172848.4,空carry 黄金2004 1手(空)@333.6 / 黄金2006 1手(多)@334.8 价差=-1.2,多carry 热卷2003 1手(多)@3420 / 热卷2004 1手(空)@3434 价差=-14,,空carry 豆油2003 1手(空)@6340 / 豆油2005 1手(多)@6214 价差=126,[AU] 空carry 黄金2004 1手(空)@333.6 / 黄金2006 1手(多)@334.8 价差=-1.2 z=1.58 | [HC] 多carry 热卷2003 1手(多)@3420 / 热卷2004 1手(空)@3434 价差=-14 z=-1.06 | [Y] 空carry 豆油2003 1手(空)@6340 / 豆油2005 1手(多)@6214 价差=126 z=0.77
2019-11-29,False,3,6,-40.0,1270.0,535.0,1170.0,0.0,8178.0,15895.600000000002,17687.6,733.75,55.0,0.0007337500000000025,41761.2,,多carry 热卷2003 1手(多)@3381 / 热卷2004 1手(空)@3434 价差=-53,空carry 棕榈油2003 1手(空)@5702 / 棕榈油2004 1手(多)@5652 价差=50,多carry 豆油2003 1手(多)@6340 / 豆油2005 1手(空)@6294 价差=46,[HC] 多carry 热卷2003 1手(多)@3381 / 热卷2004 1手(空)@3434 价差=-53 z=-2.10 | [P] 空carry 棕榈油2003 1手(空)@5702 / 棕榈油2004 1手(多)@5652 价差=50 z=1.17 | [Y] 多carry 豆油2003 1手(多)@6340 / 豆油2005 1手(空)@6294 价差=46 z=-0.99
2019-12-02,False,1,2,0.0,-6.87,-5.0,660.0,0.0,0.0,0.0,17463.6,162.03,11.87,0.00016203274999999911,17463.6,,,,多carry 豆油2005 1手(多)@6204 / 豆油2007 1手(空)@6270 价差=-66,[Y] 多carry 豆油2005 1手(多)@6204 / 豆油2007 1手(空)@6270 价差=-66 z=-2.74
2019-12-03,False,2,4,0.0,-16.97,0.0,40.0,0.0,8360.4,0.0,17460.800000000003,5.76,6.97,5.758249999999812e-06,25821.2,,空carry 热卷2004 1手(空)@3560 / 热卷2005 1手(多)@3407 价差=153,,多carry 豆油2005 1手(多)@6236 / 豆油2007 1手(空)@6236 价差=0,[HC] 空carry 热卷2004 1手(空)@3560 / 热卷2005 1手(多)@3407 价差=153 z=3.06 | [Y] 多carry 豆油2005 1手(多)@6236 / 豆油2007 1手(空)@6236 价差=0 z=-1.39
2019-12-04,False,3,6,210.0,-80.0,0.0,340.0,150678.0,8400.0,0.0,17466.4,117.5,40.0,0.00011750000000000252,176544.4,空carry 黄金2004 1手(空)@341.8 / 黄金2006 1手(多)@343.1 价差=-1.3,空carry 热卷2004 1手(空)@3577 / 热卷2005 1手(多)@3423 价差=154,,多carry 豆油2005 1手(多)@6240 / 豆油2007 1手(空)@6236 价差=4,[AU] 空carry 黄金2004 1手(空)@341.8 / 黄金2006 1手(多)@343.1 价差=-1.3 z=1.03 | [HC] 空carry 热卷2004 1手(空)@3577 / 热卷2005 1手(多)@3423 价差=154 z=2.42 | [Y] 多carry 豆油2005 1手(多)@6240 / 豆油2007 1手(空)@6236 价差=4 z=-1.20
2019-12-05,False,2,4,170.0,-70.0,0.0,-5.0,149941.0,8414.4,0.0,0.0,23.75,85.0,2.3749999999998578e-05,158355.4,多carry 黄金2004 1手(多)@340 / 黄金2006 1手(空)@341.55 价差=-1.55,空carry 热卷2004 1手(空)@3587 / 热卷2005 1手(多)@3425 价差=162,,,[AU] 多carry 黄金2004 1手(多)@340 / 黄金2006 1手(空)@341.55 价差=-1.55 z=-1.14 | [HC] 空carry 热卷2004 1手(空)@3587 / 热卷2005 1手(多)@3425 价差=162 z=2.11
2019-12-06,False,2,4,70.0,860.0,0.0,0.0,148918.0,8444.4,0.0,0.0,232.5,80.0,0.00023249999999999375,157362.4,空carry 黄金2004 1手(空)@337.8 / 黄金2006 1手(多)@339.1 价差=-1.3,空carry 热卷2004 1手(空)@3603 / 热卷2005 1手(多)@3434 价差=169,,,[AU] 空carry 黄金2004 1手(空)@337.8 / 黄金2006 1手(多)@339.1 价差=-1.3 z=0.85 | [HC] 空carry 热卷2004 1手(空)@3603 / 热卷2005 1手(多)@3434 价差=169 z=1.89
2019-12-09,False,1,2,-40.0,-7.12,2015.0,0.0,0.0,0.0,16374.400000000001,0.0,491.97,52.12,0.0004919712500000012,16374.4,,,多carry 棕榈油2004 1手(多)@5776 / 棕榈油2005 1手(空)@5920 价差=-144,,[P] 多carry 棕榈油2004 1手(多)@5776 / 棕榈油2005 1手(空)@5920 价差=-144 z=-0.82
2019-12-10,False,3,6,40.0,0.0,1230.0,-425.0,147831.2,0.0,16623.600000000002,17833.2,211.25,55.0,0.0002112499999999933,182288.0,多carry 黄金2004 1手(多)@335.2 / 黄金2006 1手(空)@336.76 价差=-1.56,,空carry 棕榈油2004 1手(空)@5966 / 棕榈油2005 1手(多)@5908 价差=58,多carry 豆油2005 1手(多)@6378 / 豆油2007 1手(空)@6360 价差=18,[AU] 多carry 黄金2004 1手(多)@335.2 / 黄金2006 1手(空)@336.76 价差=-1.56 z=-1.50 | [P] 空carry 棕榈油2004 1手(空)@5966 / 棕榈油2005 1手(多)@5908 价差=58 z=1.24 | [Y] 多carry 豆油2005 1手(多)@6378 / 豆油2007 1手(空)@6360 价差=18 z=-0.78
2019-12-11,False,2,4,-120.0,0.0,-5.0,620.0,147936.8,0.0,0.0,17740.800000000003,123.75,5.0,0.00012374999999998759,165677.6,多carry 黄金2004 1手(多)@335.48 / 黄金2006 1手(空)@336.96 价差=-1.48,,,多carry 豆油2005 1手(多)@6324 / 豆油2007 1手(空)@6348 价差=-24,[AU] 多carry 黄金2004 1手(多)@335.48 / 黄金2006 1手(空)@336.96 价差=-1.48 z=-0.80 | [Y] 多carry 豆油2005 1手(多)@6324 / 豆油2007 1手(空)@6348 价差=-24 z=-1.37
2019-12-12,False,1,2,160.0,0.0,0.0,-5.0,148781.6,0.0,0.0,0.0,38.75,5.0,3.875000000000455e-05,148781.6,多carry 黄金2004 1手(多)@337.34 / 黄金2006 1手(空)@338.94 价差=-1.6,,,,[AU] 多carry 黄金2004 1手(多)@337.34 / 黄金2006 1手(空)@338.94 价差=-1.6 z=-1.59
2019-12-13,False,1,2,-40.0,0.0,0.0,135.0,0.0,0.0,0.0,18093.6,23.75,45.0,2.3749999999998687e-05,18093.6,,,,多carry 豆油2005 1手(多)@6464 / 豆油2007 1手(空)@6460 价差=4,[Y] 多carry 豆油2005 1手(多)@6464 / 豆油2007 1手(空)@6460 价差=4 z=-0.82
2019-12-16,False,2,4,-80.0,162.83,0.0,-5.0,148478.0,8601.599999999999,0.0,0.0,19.46,52.17,1.9457999999992403e-05,157079.6,多carry 黄金2004 1手(多)@336.66 / 黄金2006 1手(空)@338.24 价差=-1.58,空carry 热卷2004 1手(空)@3645 / 热卷2005 1手(多)@3523 价差=122,,,[AU] 多carry 黄金2004 1手(多)@336.66 / 黄金2006 1手(空)@338.24 价差=-1.58 z=-1.33 | [HC] 空carry 热卷2004 1手(空)@3645 / 热卷2005 1手(多)@3523 价差=122 z=0.93
2019-12-17,False,2,4,-60.0,-7.18,0.0,1275.0,148390.0,0.0,0.0,18264.4,301.95,12.18,0.0003019537500000015,166654.4,多carry 黄金2004 1手(多)@336.44 / 黄金2006 1手(空)@338.06 价差=-1.62,,,空carry 豆油2005 1手(空)@6586 / 豆油2007 1手(多)@6460 价差=126,[AU] 多carry 黄金2004 1手(多)@336.44 / 黄金2006 1手(空)@338.06 价差=-1.62 z=-1.48 | [Y] 空carry 豆油2005 1手(空)@6586 / 豆油2007 1手(多)@6460 价差=126 z=1.74
2019-12-18,False,3,6,120.0,0.0,375.0,-110.0,148605.6,0.0,16618.0,18348.4,96.25,15.0,9.625000000000237e-05,183572.0,多carry 黄金2004 1手(多)@336.9 / 黄金2006 1手(空)@338.58 价差=-1.68,,空carry 棕榈油2004 1手(空)@5980 / 棕榈油2005 1手(多)@5890 价差=90,多carry 豆油2005 1手(多)@6552 / 豆油2007 1手(空)@6554 价差=-2,[AU] 多carry 黄金2004 1手(多)@336.9 / 黄金2006 1手(空)@338.58 价差=-1.68 z=-1.67 | [P] 空carry 棕榈油2004 1手(空)@5980 / 棕榈油2005 1手(多)@5890 价差=90 z=1.52 | [Y] 多carry 豆油2005 1手(多)@6552 / 豆油2007 1手(空)@6554 价差=-2 z=-0.85
2019-12-19,False,3,6,-100.0,0.0,1240.0,640.0,148394.40000000002,0.0,16671.2,18379.2,445.0,0.0,0.00044499999999999396,183444.8,多carry 黄金2004 1手(多)@336.48 / 黄金2006 1手(空)@338.04 价差=-1.56,,空carry 棕榈油2004 1手(空)@5980 / 棕榈油2005 1手(多)@5928 价差=52,多carry 豆油2005 1手(多)@6558 / 豆油2007 1手(空)@6570 价差=-12,[AU] 多carry 黄金2004 1手(多)@336.48 / 黄金2006 1手(空)@338.04 价差=-1.56 z=-0.79 | [P] 空carry 棕榈油2004 1手(空)@5980 / 棕榈油2005 1手(多)@5928 价差=52 z=1.10 | [Y] 多carry 豆油2005 1手(多)@6558 / 豆油2007 1手(空)@6570 价差=-12 z=-0.96
2019-12-20,False,1,2,60.0,0.0,-5.0,-5.0,148838.8,0.0,0.0,0.0,12.5,10.0,1.2499999999999318e-05,148838.8,多carry 黄金2004 1手(多)@337.44 / 黄金2006 1手(空)@339.1 价差=-1.66,,,,[AU] 多carry 黄金2004 1手(多)@337.44 / 黄金2006 1手(空)@339.1 价差=-1.66 z=-1.31
2019-12-23,False,1,2,-60.0,0.0,0.0,0.0,149318.4,0.0,0.0,0.0,-15.0,0.0,-1.5000000000002558e-05,149318.4,多carry 黄金2004 1手(多)@338.56 / 黄金2006 1手(空)@340.16 价差=-1.6,,,,[AU] 多carry 黄金2004 1手(多)@338.56 / 黄金2006 1手(空)@340.16 价差=-1.6 z=-0.80
2019-12-24,False,1,2,-60.0,0.0,0.0,0.0,149991.59999999998,0.0,0.0,0.0,-15.0,0.0,-1.500000000000125e-05,149991.6,多carry 黄金2004 1手(多)@340.06 / 黄金2006 1手(空)@341.72 价差=-1.66,,,,[AU] 多carry 黄金2004 1手(多)@340.06 / 黄金2006 1手(空)@341.72 价差=-1.66 z=-1.10
2019-12-25,False,1,2,40.0,0.0,0.0,0.0,150884.8,0.0,0.0,0.0,10.0,0.0,9.999999999999432e-06,150884.8,多carry 黄金2004 1手(多)@342.06 / 黄金2006 1手(空)@343.78 价差=-1.72,,,,[AU] 多carry 黄金2004 1手(多)@342.06 / 黄金2006 1手(空)@343.78 价差=-1.72 z=-1.32
2019-12-26,False,1,2,-120.0,0.0,0.0,0.0,151043.2,0.0,0.0,0.0,-30.0,0.0,-2.9999999999993692e-05,151043.2,多carry 黄金2004 1手(多)@342.44 / 黄金2006 1手(空)@344.12 价差=-1.68,,,,[AU] 多carry 黄金2004 1手(多)@342.44 / 黄金2006 1手(空)@344.12 价差=-1.68 z=-0.98
2019-12-27,False,3,6,-120.0,0.0,2415.0,1115.0,151536.0,0.0,17332.0,18681.600000000002,852.5,10.0,0.0008525000000000232,187549.6,多carry 黄金2004 1手(多)@343.5 / 黄金2006 1手(空)@345.3 价差=-1.8,,多carry 棕榈油2004 1手(多)@6078 / 棕榈油2005 1手(空)@6302 价差=-224,空carry 豆油2005 1手(空)@6768 / 豆油2007 1手(多)@6576 价差=192,[AU] 多carry 黄金2004 1手(多)@343.5 / 黄金2006 1手(空)@345.3 价差=-1.8 z=-1.68 | [P] 多carry 棕榈油2004 1手(多)@6078 / 棕榈油2005 1手(空)@6302 价差=-224 z=-1.99 | [Y] 空carry 豆油2005 1手(空)@6768 / 豆油2007 1手(多)@6576 价差=192 z=2.95
2019-12-30,False,3,6,-40.0,562.83,-5.0,-440.0,151580.0,8604.0,0.0,18827.2,19.46,12.17,1.945749999998175e-05,179011.2,多carry 黄金2004 1手(多)@343.54 / 黄金2006 1手(空)@345.46 价差=-1.92,多carry 热卷2004 1手(多)@3604 / 热卷2005 1手(空)@3566 价差=38,,空carry 豆油2005 1手(空)@6764 / 豆油2007 1手(多)@6684 价差=80,[AU] 多carry 黄金2004 1手(多)@343.54 / 黄金2006 1手(空)@345.46 价差=-1.92 z=-2.16 | [HC] 多carry 热卷2004 1手(多)@3604 / 热卷2005 1手(空)@3566 价差=38 z=-1.40 | [Y] 空carry 豆油2005 1手(空)@6764 / 豆油2007 1手(多)@6684 价差=80 z=0.85
2019-12-31,False,3,6,380.0,-7.28,-5.0,80.0,152460.0,0.0,17936.800000000003,18888.800000000003,111.93,12.28,0.00011193025000001819,189285.6,多carry 黄金2004 1手(多)@345.52 / 黄金2006 1手(空)@347.48 价差=-1.96,,空carry 棕榈油2004 1手(空)@6450 / 棕榈油2005 1手(多)@6362 价差=88,空carry 豆油2005 1手(空)@6808 / 豆油2007 1手(多)@6684 价差=124,[AU] 多carry 黄金2004 1手(多)@345.52 / 黄金2006 1手(空)@347.48 价差=-1.96 z=-1.98 | [P] 空carry 棕榈油2004 1手(空)@6450 / 棕榈油2005 1手(多)@6362 价差=88 z=1.33 | [Y] 空carry 豆油2005 1手(空)@6808 / 豆油2007 1手(多)@6684 价差=124 z=1.50
2020-01-02,False,4,8,20.0,12.86,1420.0,40.0,152627.2,8569.2,17553.200000000004,18877.6,373.21,87.14,0.0003732147500000063,197627.2,空carry 黄金2006 1手(空)@346.24 / 黄金2008 1手(多)@347.52 价差=-1.28,多carry 热卷2005 1手(多)@3571 / 热卷2006 1手(空)@3570 价差=1,空carry 棕榈油2005 1手(空)@6352 / 棕榈油2006 1手(多)@6186 价差=166,空carry 豆油2005 1手(空)@6800 / 豆油2007 1手(多)@6684 价差=116,[AU] 空carry 黄金2006 1手(空)@346.24 / 黄金2008 1手(多)@347.52 价差=-1.28 z=2.14 | [HC] 多carry 热卷2005 1手(多)@3571 / 热卷2006 1手(空)@3570 价差=1 z=-2.10 | [P] 空carry 棕榈油2005 1手(空)@6352 / 棕榈油2006 1手(多)@6186 价差=166 z=2.06 | [Y] 空carry 豆油2005 1手(空)@6800 / 豆油2007 1手(多)@6684 价差=116 z=1.22
2020-01-03,False,3,6,60.0,190.0,-5.0,-140.0,154814.0,8540.4,0.0,18916.800000000003,26.25,5.0,2.6249999999999703e-05,182271.2,空carry 黄金2006 1手(空)@351.16 / 黄金2008 1手(多)@352.54 价差=-1.38,多carry 热卷2005 1手(多)@3560 / 热卷2006 1手(空)@3557 价差=3,,空carry 豆油2005 1手(空)@6812 / 豆油2007 1手(多)@6700 价差=112,[AU] 空carry 黄金2006 1手(空)@351.16 / 黄金2008 1手(多)@352.54 价差=-1.38 z=1.50 | [HC] 多carry 热卷2005 1手(多)@3560 / 热卷2006 1手(空)@3557 价差=3 z=-1.89 | [Y] 空carry 豆油2005 1手(空)@6812 / 豆油2007 1手(多)@6700 价差=112 z=1.05
2020-01-06,False,4,8,-140.0,150.0,-1185.0,-600.0,157986.40000000002,8563.2,17522.4,18936.4,-443.75,5.0,-0.0004437499999999987,203008.4,空carry 黄金2006 1手(空)@358.34 / 黄金2008 1手(多)@359.78 价差=-1.44,多carry 热卷2005 1手(多)@3579 / 热卷2006 1手(空)@3557 价差=22,空carry 棕榈油2005 1手(空)@6328 / 棕榈油2006 1手(多)@6188 价差=140,空carry 豆油2005 1手(空)@6826 / 豆油2007 1手(多)@6700 价差=126,[AU] 空carry 黄金2006 1手(空)@358.34 / 黄金2008 1手(多)@359.78 价差=-1.44 z=1.38 | [HC] 多carry 热卷2005 1手(多)@3579 / 热卷2006 1手(空)@3557 价差=22 z=-1.39 | [P] 空carry 棕榈油2005 1手(空)@6328 / 棕榈油2006 1手(多)@6188 价差=140 z=1.75 | [Y] 空carry 豆油2005 1手(空)@6826 / 豆油2007 1手(多)@6700 价差=126 z=1.19
2020-01-07,False,4,8,120.0,-20.0,1220.0,2180.0,156459.6,8566.8,17441.2,19020.4,875.0,0.0,0.0008750000000000098,201488.0,空carry 黄金2006 1手(空)@354.94 / 黄金2008 1手(多)@356.24 价差=-1.3,多carry 热卷2005 1手(多)@3588 / 热卷2006 1手(空)@3551 价差=37,空carry 棕榈油2005 1手(空)@6358 / 棕榈油2006 1手(多)@6100 价差=258,空carry 豆油2005 1手(空)@6886 / 豆油2007 1手(多)@6700 价差=186,[AU] 空carry 黄金2006 1手(空)@354.94 / 黄金2008 1手(多)@356.24 价差=-1.3 z=1.85 | [HC] 多carry 热卷2005 1手(多)@3588 / 热卷2006 1手(空)@3551 价差=37 z=-0.85 | [P] 空carry 棕榈油2005 1手(空)@6358 / 棕榈油2006 1手(多)@6100 价差=258 z=2.75 | [Y] 空carry 豆油2005 1手(空)@6886 / 豆油2007 1手(多)@6700 价差=186 z=1.88
2020-01-08,False,4,8,-100.0,-730.0,-920.0,770.0,159011.6,8701.199999999999,17494.4,19219.200000000004,-245.0,10.0,-0.00024500000000001295,204426.4,空carry 黄金2006 1手(空)@360.68 / 黄金2008 1手(多)@362.1 价差=-1.42,多carry 热卷2005 1手(多)@3643 / 热卷2006 1手(空)@3608 价差=35,空carry 棕榈油2005 1手(空)@6316 / 棕榈油2006 1手(多)@6180 价差=136,多carry 豆油2005 1手(多)@6848 / 豆油2007 1手(空)@6880 价差=-32,[AU] 空carry 黄金2006 1手(空)@360.68 / 黄金2008 1手(多)@362.1 价差=-1.42 z=1.23 | [HC] 多carry 热卷2005 1手(多)@3643 / 热卷2006 1手(空)@3608 价差=35 z=-0.83 | [P] 空carry 棕榈油2005 1手(空)@6316 / 棕榈油2006 1手(多)@6180 价差=136 z=1.49 | [Y] 多carry 豆油2005 1手(多)@6848 / 豆油2007 1手(空)@6880 价差=-32 z=-1.28
2020-01-09,False,3,6,-140.0,150.0,560.0,-5.0,153428.0,8649.599999999999,17561.600000000002,0.0,141.25,5.0,0.00014125000000000612,179639.2,空carry 黄金2006 1手(空)@348.04 / 黄金2008 1手(多)@349.36 价差=-1.32,多carry 热卷2005 1手(多)@3585 / 热卷2006 1手(空)@3623 价差=-38,空carry 棕榈油2005 1手(空)@6386 / 棕榈油2006 1手(多)@6158 价差=228,,[AU] 空carry 黄金2006 1手(空)@348.04 / 黄金2008 1手(多)@349.36 价差=-1.32 z=1.36 | [HC] 多carry 热卷2005 1手(多)@3585 / 热卷2006 1手(空)@3623 价差=-38 z=-2.40 | [P] 空carry 棕榈油2005 1手(空)@6386 / 棕榈油2006 1手(多)@6158 价差=228 z=2.23
2020-01-10,False,3,6,1120.0,-270.0,540.0,0.0,153951.6,8667.599999999999,17875.2,0.0,347.5,0.0,0.00034750000000001045,180494.4,空carry 黄金2006 1手(空)@349.3 / 黄金2008 1手(多)@350.48 价差=-1.18,多carry 热卷2005 1手(多)@3600 / 热卷2006 1手(空)@3623 价差=-23,空carry 棕榈油2005 1手(空)@6470 / 棕榈油2006 1手(多)@6298 价差=172,,[AU] 空carry 黄金2006 1手(空)@349.3 / 黄金2008 1手(多)@350.48 价差=-1.18 z=1.76 | [HC] 多carry 热卷2005 1手(多)@3600 / 热卷2006 1手(空)@3623 价差=-23 z=-1.74 | [P] 空carry 棕榈油2005 1手(空)@6470 / 棕榈油2006 1手(多)@6298 价差=172 z=1.62
2020-01-13,False,4,8,720.0,320.0,140.0,-1085.0,154250.8,8613.6,17710.0,19264.0,23.75,85.0,2.3750000000004094e-05,199838.4,多carry 黄金2006 1手(多)@349.42 / 黄金2008 1手(空)@351.72 价差=-2.3,多carry 热卷2005 1手(多)@3564 / 热卷2006 1手(空)@3614 价差=-50,空carry 棕榈油2005 1手(空)@6384 / 棕榈油2006 1手(多)@6266 价差=118,多carry 豆油2005 1手(多)@6872 / 豆油2007 1手(空)@6888 价差=-16,[AU] 多carry 黄金2006 1手(多)@349.42 / 黄金2008 1手(空)@351.72 价差=-2.3 z=-2.41 | [HC] 多carry 热卷2005 1手(多)@3564 / 热卷2006 1手(空)@3614 价差=-50 z=-1.98 | [P] 空carry 棕榈油2005 1手(空)@6384 / 棕榈油2006 1手(多)@6266 价差=118 z=1.11 | [Y] 多carry 豆油2005 1手(多)@6872 / 豆油2007 1手(空)@6888 价差=-16 z=-1.13
2020-01-14,False,3,6,-40.0,-160.0,-200.0,-40.0,0.0,8652.0,17276.0,19096.0,-110.0,40.0,-0.00011000000000000065,45024.0,,多carry 热卷2005 1手(多)@3596 / 热卷2006 1手(空)@3614 价差=-18,空carry 棕榈油2005 1手(空)@6222 / 棕榈油2006 1手(多)@6118 价差=104,多carry 豆油2005 1手(多)@6758 / 豆油2007 1手(空)@6882 价差=-124,[HC] 多carry 热卷2005 1手(多)@3596 / 热卷2006 1手(空)@3614 价差=-18 z=-1.21 | [P] 空carry 棕榈油2005 1手(空)@6222 / 棕榈油2006 1手(多)@6118 价差=104 z=0.97 | [Y] 多carry 豆油2005 1手(多)@6758 / 豆油2007 1手(空)@6882 价差=-124 z=-2.24
2020-01-15,False,3,6,0.0,160.0,-40.0,1620.0,0.0,8620.8,17085.6,18855.2,435.0,0.0,0.00043500000000000114,44561.6,,多carry 热卷2005 1手(多)@3575 / 热卷2006 1手(空)@3609 价差=-34,空carry 棕榈油2005 1手(空)@6164 / 棕榈油2006 1手(多)@6040 价差=124,多carry 豆油2005 1手(多)@6670 / 豆油2007 1手(空)@6798 价差=-128,[HC] 多carry 热卷2005 1手(多)@3575 / 热卷2006 1手(空)@3609 价差=-34 z=-1.40 | [P] 空carry 棕榈油2005 1手(空)@6164 / 棕榈油2006 1手(多)@6040 价差=124 z=1.13 | [Y] 多carry 豆油2005 1手(多)@6670 / 豆油2007 1手(空)@6798 价差=-128 z=-1.94
2020-01-16,False,2,4,0.0,430.0,80.0,-5.0,0.0,8640.0,16912.0,0.0,126.25,5.0,0.00012625000000000123,25552.0,,多carry 热卷2005 1手(多)@3591 / 热卷2006 1手(空)@3609 价差=-18,空carry 棕榈油2005 1手(空)@6104 / 棕榈油2006 1手(多)@5976 价差=128,,[HC] 多carry 热卷2005 1手(多)@3591 / 热卷2006 1手(空)@3609 价差=-18 z=-0.96 | [P] 空carry 棕榈油2005 1手(空)@6104 / 棕榈油2006 1手(多)@5976 价差=128 z=1.14
2020-01-17,False,2,4,-40.0,-7.24,-200.0,0.0,153322.40000000002,0.0,16984.800000000003,0.0,-61.81,47.24,-6.181124999998597e-05,170307.2,空carry 黄金2006 1手(空)@347.78 / 黄金2008 1手(多)@349.14 价差=-1.36,,空carry 棕榈油2005 1手(空)@6126 / 棕榈油2006 1手(多)@6006 价差=120,,[AU] 空carry 黄金2006 1手(空)@347.78 / 黄金2008 1手(多)@349.14 价差=-1.36 z=0.77 | [P] 空carry 棕榈油2005 1手(空)@6126 / 棕榈油2006 1手(多)@6006 价差=120 z=1.03
2020-01-20,False,1,2,-40.0,0.0,420.0,0.0,0.0,0.0,16889.600000000002,0.0,95.0,40.0,9.500000000000097e-05,16889.6,,,空carry 棕榈油2005 1手(空)@6102 / 棕榈油2006 1手(多)@5962 价差=140,,[P] 空carry 棕榈油2005 1手(空)@6102 / 棕榈油2006 1手(多)@5962 价差=140 z=1.18
2020-01-21,False,3,6,0.0,162.8,-660.0,1515.0,0.0,8643.599999999999,16438.800000000003,18216.800000000003,254.45,12.2,0.0002544492500000003,43299.2,,多carry 热卷2005 1手(多)@3593 / 热卷2006 1手(空)@3610 价差=-17,空carry 棕榈油2005 1手(空)@5920 / 棕榈油2006 1手(多)@5822 价差=98,多carry 豆油2005 1手(多)@6442 / 豆油2007 1手(空)@6570 价差=-128,[HC] 多carry 热卷2005 1手(多)@3593 / 热卷2006 1手(空)@3610 价差=-17 z=-0.82 | [P] 空carry 棕榈油2005 1手(空)@5920 / 棕榈油2006 1手(多)@5822 价差=98 z=0.79 | [Y] 多carry 豆油2005 1手(多)@6442 / 豆油2007 1手(空)@6570 价差=-128 z=-1.78
2020-01-22,False,1,2,0.0,-7.14,-120.0,-5.0,0.0,0.0,16760.800000000003,0.0,-33.03,12.14,-3.303450000000149e-05,16760.8,,,空carry 棕榈油2005 1手(空)@6068 / 棕榈油2006 1手(多)@5904 价差=164,,[P] 空carry 棕榈油2005 1手(空)@6068 / 棕榈油2006 1手(多)@5904 价差=164 z=1.37
2020-01-23,False,2,4,0.0,-7.09,0.0,0.0,0.0,8508.0,16816.800000000003,0.0,-1.77,7.09,-1.7725e-06,25324.8,,多carry 热卷2005 1手(多)@3521 / 热卷2006 1手(空)@3569 价差=-48,空carry 棕榈油2005 1手(空)@6094 / 棕榈油2006 1手(多)@5918 价差=176,,[HC] 多carry 热卷2005 1手(多)@3521 / 热卷2006 1手(空)@3569 价差=-48 z=-1.39 | [P] 空carry 棕榈油2005 1手(空)@6094 / 棕榈油2006 1手(多)@5918 价差=176 z=1.42
2020-02-03,False,3,6,0.0,687.06,3930.0,4115.0,0.0,7761.6,16167.2,17432.800000000003,2183.02,27.94,0.0021830159999999994,41361.6,,空carry 热卷2006 1手(空)@3265 / 热卷2007 1手(多)@3203 价差=62,多carry 棕榈油2006 1手(多)@5570 / 棕榈油2007 1手(空)@5978 价差=-408,多carry 豆油2007 1手(多)@6036 / 豆油2008 1手(空)@6416 价差=-380,[HC] 空carry 热卷2006 1手(空)@3265 / 热卷2007 1手(多)@3203 价差=62 z=1.35 | [P] 多carry 棕榈油2006 1手(多)@5570 / 棕榈油2007 1手(空)@5978 价差=-408 z=-3.99 | [Y] 多carry 豆油2007 1手(多)@6036 / 豆油2008 1手(空)@6416 价差=-380 z=-3.01
2020-02-04,True,0,0,0.0,-6.57,-5.0,-5.0,0.0,0.0,0.0,0.0,-4.14,16.57,-4.143e-06,0.0,,,,,全品种空仓
2020-02-05,True,0,0,0.0,0.0,0.0,0.0,0.0,0.0,0.0,0.0,0.0,0.0,0.0,0.0,,,,,全品种空仓
2020-02-06,False,2,4,0.0,-376.61,1035.0,0.0,0.0,7934.4,15946.000000000002,0.0,164.6,11.61,0.00016459699999999872,23880.4,,空carry 热卷2006 1手(空)@3319 / 热卷2007 1手(多)@3293 价差=26,多carry 棕榈油2006 1手(多)@5618 / 棕榈油2007 1手(空)@5772 价差=-154,,[HC] 空carry 热卷2006 1手(空)@3319 / 热卷2007 1手(多)@3293 价差=26 z=0.90 | [P] 多carry 棕榈油2006 1手(多)@5618 / 棕榈油2007 1手(空)@5772 价差=-154 z=-1.55
2020-02-07,False,2,4,0.0,-60.0,-5.0,375.0,0.0,7926.0,0.0,17208.800000000003,77.5,10.0,7.75000000000007e-05,25134.8,,空carry 热卷2006 1手(空)@3334 / 热卷2007 1手(多)@3271 价差=63,,空carry 豆油2007 1手(空)@6244 / 豆油2008 1手(多)@6048 价差=196,[HC] 空carry 热卷2006 1手(空)@3334 / 热卷2007 1手(多)@3271 价差=63 z=1.81 | [Y] 空carry 豆油2007 1手(空)@6244 / 豆油2008 1手(多)@6048 价差=196 z=1.46
2020-02-10,False,3,6,260.0,320.0,0.0,920.0,156851.2,7918.799999999999,0.0,17262.0,375.0,40.0,0.00037500000000000044,182032.0,多carry 黄金2006 1手(多)@355.56 / 黄金2008 1手(空)@357.4 价差=-1.84,空carry 热卷2006 1手(空)@3334 / 热卷2007 1手(多)@3265 价差=69,,空carry 豆油2007 1手(空)@6244 / 豆油2008 1手(多)@6086 价差=158,[AU] 多carry 黄金2006 1手(多)@355.56 / 黄金2008 1手(空)@357.4 价差=-1.84 z=-1.27 | [HC] 空carry 热卷2006 1手(空)@3334 / 热卷2007 1手(多)@3265 价差=69 z=1.73 | [Y] 空carry 豆油2007 1手(空)@6244 / 豆油2008 1手(多)@6086 价差=158 z=1.13
2020-02-11,False,1,2,-40.0,550.0,0.0,-5.0,0.0,7880.4,0.0,0.0,126.25,45.0,0.00012624999999999976,7880.4,,空carry 热卷2006 1手(空)@3302 / 热卷2007 1手(多)@3265 价差=37,,,[HC] 空carry 热卷2006 1手(空)@3302 / 热卷2007 1手(多)@3265 价差=37 z=0.83
2020-02-12,False,1,2,220.0,-6.62,0.0,0.0,156142.8,0.0,0.0,0.0,53.34,46.62,5.334450000000887e-05,156142.8,多carry 黄金2006 1手(多)@354 / 黄金2008 1手(空)@355.74 价差=-1.74,,,,[AU] 多carry 黄金2006 1手(多)@354 / 黄金2008 1手(空)@355.74 价差=-1.74 z=-0.79
2020-02-13,False,1,2,-40.0,53.34,0.0,0.0,0.0,7994.4,0.0,0.0,3.33,46.66,3.3344999999991475e-06,7994.4,,多carry 热卷2006 1手(多)@3312 / 热卷2007 1手(空)@3350 价差=-38,,,[HC] 多carry 热卷2006 1手(多)@3312 / 热卷2007 1手(空)@3350 价差=-38 z=-0.99
2020-02-14,False,1,2,0.0,340.0,0.0,0.0,0.0,8001.6,0.0,0.0,85.0,0.0,8.500000000000109e-05,8001.6,,多carry 热卷2006 1手(多)@3318 / 热卷2007 1手(空)@3350 价差=-32,,,[HC] 多carry 热卷2006 1手(多)@3318 / 热卷2007 1手(空)@3350 价差=-32 z=-0.85
2020-02-17,False,2,4,0.0,-6.72,555.0,395.0,0.0,0.0,15321.600000000002,16836.4,235.82,16.72,0.00023582049999999977,32158.0,,,空carry 棕榈油2006 1手(空)@5526 / 棕榈油2007 1手(多)@5418 价差=108,多carry 豆油2007 1手(多)@5960 / 豆油2008 1手(空)@6066 价差=-106,[P] 空carry 棕榈油2006 1手(空)@5526 / 棕榈油2007 1手(多)@5418 价差=108 z=0.81 | [Y] 多carry 豆油2007 1手(多)@5960 / 豆油2008 1手(空)@6066 价差=-106 z=-0.75
2020-02-18,False,2,4,120.0,193.25,-5.0,-5.0,158571.6,8101.2,0.0,0.0,75.81,56.75,7.581224999997867e-05,166672.8,空carry 黄金2006 1手(空)@359.68 / 黄金2008 1手(多)@361.1 价差=-1.42,多carry 热卷2006 1手(多)@3360 / 热卷2007 1手(空)@3391 价差=-31,,,[AU] 空carry 黄金2006 1手(空)@359.68 / 黄金2008 1手(多)@361.1 价差=-1.42 z=1.08 | [HC] 多carry 热卷2006 1手(多)@3360 / 热卷2007 1手(空)@3391 价差=-31 z=-0.92
2020-02-19,True,0,0,-40.0,-6.77,0.0,0.0,0.0,0.0,0.0,0.0,-11.69,46.77,-1.169275e-05,0.0,,,,,全品种空仓
2020-02-20,False,2,4,0.0,783.21,0.0,995.0,0.0,8146.799999999999,0.0,16825.200000000004,444.55,11.79,0.00044455274999999936,24972.0,,多carry 热卷2006 1手(多)@3380 / 热卷2007 1手(空)@3409 价差=-29,,多carry 豆油2007 1手(多)@5912 / 豆油2008 1手(空)@6106 价差=-194,[HC] 多carry 热卷2006 1手(多)@3380 / 热卷2007 1手(空)@3409 价差=-29 z=-0.89 | [Y] 多carry 豆油2007 1手(多)@5912 / 豆油2008 1手(空)@6106 价差=-194 z=-1.42
2020-02-21,False,2,4,180.0,46.12,0.0,-5.0,163935.2,8328.0,0.0,0.0,55.28,58.88,5.528000000000534e-05,172263.2,空carry 黄金2006 1手(空)@371.9 / 黄金2008 1手(多)@373.26 价差=-1.36,空carry 热卷2006 1手(空)@3495 / 热卷2007 1手(多)@3445 价差=50,,,[AU] 空carry 黄金2006 1手(空)@371.9 / 黄金2008 1手(多)@373.26 价差=-1.36 z=1.68 | [HC] 空carry 热卷2006 1手(空)@3495 / 热卷2007 1手(多)@3445 价差=50 z=1.22
2020-02-24,False,2,4,-40.0,-40.0,-5.0,0.0,0.0,8320.8,15128.400000000001,0.0,-21.25,45.0,-2.1249999999999388e-05,23449.2,,空carry 热卷2006 1手(空)@3489 / 热卷2007 1手(多)@3445 价差=44,空carry 棕榈油2006 1手(空)@5476 / 棕榈油2007 1手(多)@5330 价差=146,,[HC] 空carry 热卷2006 1手(空)@3489 / 热卷2007 1手(多)@3445 价差=44 z=1.00 | [P] 空carry 棕榈油2006 1手(空)@5476 / 棕榈油2007 1手(多)@5330 价差=146 z=1.17
2020-02-25,False,2,4,0.0,-0.0,1540.0,0.0,0.0,8277.599999999999,15128.400000000001,0.0,385.0,0.0,0.0003849999999999996,23406.0,,空carry 热卷2006 1手(空)@3473 / 热卷2007 1手(多)@3425 价差=48,空carry 棕榈油2006 1手(空)@5476 / 棕榈油2007 1手(多)@5330 价差=146,,[HC] 空carry 热卷2006 1手(空)@3473 / 热卷2007 1手(多)@3425 价差=48 z=1.05 | [P] 空carry 棕榈油2006 1手(空)@5476 / 棕榈油2007 1手(多)@5330 价差=146 z=1.14
2020-02-26,False,3,6,-60.0,-0.0,-5.0,95.0,164995.59999999998,8277.599999999999,0.0,16576.0,7.5,50.0,7.499999999981174e-06,189849.2,空carry 黄金2006 1手(空)@374.26 / 黄金2008 1手(多)@375.72 价差=-1.46,空carry 热卷2006 1手(空)@3473 / 热卷2007 1手(多)@3425 价差=48,,多carry 豆油2007 1手(多)@5854 / 豆油2008 1手(空)@5986 价差=-132,[AU] 空carry 黄金2006 1手(空)@374.26 / 黄金2008 1手(多)@375.72 价差=-1.46 z=1.07 | [HC] 空carry 热卷2006 1手(空)@3473 / 热卷2007 1手(多)@3425 价差=48 z=0.95 | [Y] 多carry 豆油2007 1手(多)@5854 / 豆油2008 1手(空)@5986 价差=-132 z=-0.76
2020-02-27,False,2,4,100.0,890.0,0.0,-5.0,165008.8,8277.599999999999,0.0,0.0,246.25,5.0,0.0002462499999999902,173286.4,空carry 黄金2006 1手(空)@374.3 / 黄金2008 1手(多)@375.74 价差=-1.44,空carry 热卷2006 1手(空)@3473 / 热卷2007 1手(多)@3425 价差=48,,,[AU] 空carry 黄金2006 1手(空)@374.3 / 黄金2008 1手(多)@375.74 价差=-1.44 z=1.09 | [HC] 空carry 热卷2006 1手(空)@3473 / 热卷2007 1手(多)@3425 价差=48 z=0.87
2020-02-28,False,1,2,-40.0,1906.38,0.0,0.0,0.0,8170.799999999999,0.0,0.0,466.6,53.62,0.0004665954999999989,8170.8,,多carry 热卷2006 1手(多)@3384 / 热卷2007 1手(空)@3425 价差=-41,,,[HC] 多carry 热卷2006 1手(多)@3384 / 热卷2007 1手(空)@3425 价差=-41 z=-1.41
2020-03-02,False,3,6,240.0,-20.0,-285.0,0.0,159887.2,8065.199999999999,14229.600000000002,0.0,-16.25,45.0,-1.6250000000001662e-05,182182.0,空carry 黄金2008 1手(空)@362.76 / 黄金2010 1手(多)@364 价差=-1.24,多carry 热卷2007 1手(多)@3327 / 热卷2008 1手(空)@3394 价差=-67,多carry 棕榈油2007 1手(多)@5026 / 棕榈油2008 1手(空)@5138 价差=-112,,[AU] 空carry 黄金2008 1手(空)@362.76 / 黄金2010 1手(多)@364 价差=-1.24 z=1.96 | [HC] 多carry 热卷2007 1手(多)@3327 / 热卷2008 1手(空)@3394 价差=-67 z=-1.81 | [P] 多carry 棕榈油2007 1手(多)@5026 / 棕榈油2008 1手(空)@5138 价差=-112 z=-1.38
2020-03-03,False,2,4,-40.0,90.0,-1220.0,0.0,0.0,8240.4,14268.800000000001,0.0,-292.5,40.0,-0.00029249999999999974,22509.2,,多carry 热卷2007 1手(多)@3399 / 热卷2008 1手(空)@3468 价差=-69,多carry 棕榈油2007 1手(多)@5026 / 棕榈油2008 1手(空)@5166 价差=-140,,[HC] 多carry 热卷2007 1手(多)@3399 / 热卷2008 1手(空)@3468 价差=-69 z=-1.65 | [P] 多carry 棕榈油2007 1手(多)@5026 / 棕榈油2008 1手(空)@5166 价差=-140 z=-1.60
2020-03-04,False,3,6,-320.0,0.0,1620.0,0.0,163068.4,8251.199999999999,14305.2,0.0,325.0,40.0,0.0003249999999999883,185624.8,空carry 黄金2008 1手(空)@370 / 黄金2010 1手(多)@371.22 价差=-1.22,多carry 热卷2007 1手(多)@3408 / 热卷2008 1手(空)@3468 价差=-60,多carry 棕榈油2007 1手(多)@4978 / 棕榈油2008 1手(空)@5240 价差=-262,,[AU] 空carry 黄金2008 1手(空)@370 / 黄金2010 1手(多)@371.22 价差=-1.22 z=1.99 | [HC] 多carry 热卷2007 1手(多)@3408 / 热卷2008 1手(空)@3468 价差=-60 z=-1.33 | [P] 多carry 棕榈油2007 1手(多)@4978 / 棕榈油2008 1手(空)@5240 价差=-262 z=-2.65
2020-03-05,False,4,8,300.0,0.0,680.0,-5.0,163165.2,8251.199999999999,14761.600000000002,16315.600000000002,243.75,5.0,0.00024374999999999525,202493.6,空carry 黄金2008 1手(空)@370.36 / 黄金2010 1手(多)@371.3 价差=-0.94,多carry 热卷2007 1手(多)@3408 / 热卷2008 1手(空)@3468 价差=-60,多carry 棕榈油2007 1手(多)@5222 / 棕榈油2008 1手(空)@5322 价差=-100,空carry 豆油2007 1手(空)@5858 / 豆油2008 1手(多)@5796 价差=62,[AU] 空carry 黄金2008 1手(空)@370.36 / 黄金2010 1手(多)@371.3 价差=-0.94 z=2.73 | [HC] 多carry 热卷2007 1手(多)@3408 / 热卷2008 1手(空)@3468 价差=-60 z=-1.20 | [P] 多carry 棕榈油2007 1手(多)@5222 / 棕榈油2008 1手(空)@5322 价差=-100 z=-1.05 | [Y] 空carry 豆油2007 1手(空)@5858 / 豆油2008 1手(多)@5796 价差=62 z=0.88
2020-03-06,False,3,6,60.0,0.0,-5.0,2180.0,166355.2,8251.199999999999,0.0,16315.600000000002,558.75,5.0,0.0005587499999999899,190922.0,空carry 黄金2008 1手(空)@377.46 / 黄金2010 1手(多)@378.7 价差=-1.24,多carry 热卷2007 1手(多)@3408 / 热卷2008 1手(空)@3468 价差=-60,,空carry 豆油2007 1手(空)@5858 / 豆油2008 1手(多)@5796 价差=62,[AU] 空carry 黄金2008 1手(空)@377.46 / 黄金2010 1手(多)@378.7 价差=-1.24 z=1.26 | [HC] 多carry 热卷2007 1手(多)@3408 / 热卷2008 1手(空)@3468 价差=-60 z=-1.09 | [Y] 空carry 豆油2007 1手(空)@5858 / 豆油2008 1手(多)@5796 价差=62 z=1.07
2020-03-09,False,3,6,320.0,130.0,0.0,1330.0,165110.0,8251.199999999999,0.0,16010.400000000001,445.0,10.0,0.0004450000000000165,189371.6,空carry 黄金2008 1手(空)@374.6 / 黄金2010 1手(多)@375.9 价差=-1.3,多carry 热卷2007 1手(多)@3408 / 热卷2008 1手(空)@3468 价差=-60,,多carry 豆油2007 1手(多)@5640 / 豆油2008 1手(空)@5796 价差=-156,[AU] 空carry 黄金2008 1手(空)@374.6 / 黄金2010 1手(多)@375.9 价差=-1.3 z=0.88 | [HC] 多carry 热卷2007 1手(多)@3408 / 热卷2008 1手(空)@3468 价差=-60 z=-1.00 | [Y] 多carry 豆油2007 1手(多)@5640 / 豆油2008 1手(空)@5796 价差=-156 z=-1.34
2020-03-10,False,2,4,520.0,-6.89,-1025.0,-5.0,163094.8,0.0,14000.000000000002,0.0,-129.22,96.89,-0.00012922225000000102,177094.8,多carry 黄金2008 1手(多)@369.86 / 黄金2010 1手(空)@371.48 价差=-1.62,,多carry 棕榈油2007 1手(多)@4952 / 棕榈油2008 1手(空)@5048 价差=-96,,[AU] 多carry 黄金2008 1手(多)@369.86 / 黄金2010 1手(空)@371.48 价差=-1.62 z=-0.82 | [P] 多carry 棕榈油2007 1手(多)@4952 / 棕榈油2008 1手(空)@5048 价差=-96 z=-1.07
2020-03-11,False,2,4,-140.0,0.0,0.0,0.0,164098.0,0.0,13795.600000000002,0.0,-35.0,80.0,-3.500000000000409e-05,177893.6,空carry 黄金2008 1手(空)@372.44 / 黄金2010 1手(多)@373.46 价差=-1.02,,多carry 棕榈油2007 1手(多)@4828 / 棕榈油2008 1手(空)@5026 价差=-198,,[AU] 空carry 黄金2008 1手(空)@372.44 / 黄金2010 1手(多)@373.46 价差=-1.02 z=2.00 | [P] 多carry 棕榈油2007 1手(多)@4828 / 棕榈油2008 1手(空)@5026 价差=-198 z=-2.04
2020-03-12,False,2,4,0.0,0.0,2120.0,0.0,162377.59999999998,0.0,13795.600000000002,0.0,530.0,0.0,0.0005300000000000213,176173.2,空carry 黄金2008 1手(空)@368.56 / 黄金2010 1手(多)@369.52 价差=-0.96,,多carry 棕榈油2007 1手(多)@4828 / 棕榈油2008 1手(空)@5026 价差=-198,,[AU] 空carry 黄金2008 1手(空)@368.56 / 黄金2010 1手(多)@369.52 价差=-0.96 z=1.90 | [P] 多carry 棕榈油2007 1手(多)@4828 / 棕榈油2008 1手(空)@5026 价差=-198 z=-1.93
2020-03-13,False,1,2,240.0,0.0,-5.0,0.0,157572.8,0.0,0.0,0.0,58.75,5.0,5.875000000000773e-05,157572.8,空carry 黄金2008 1手(空)@357.64 / 黄金2010 1手(多)@358.6 价差=-0.96,,,,[AU] 空carry 黄金2008 1手(空)@357.64 / 黄金2010 1手(多)@358.6 价差=-0.96 z=1.56
2020-03-16,False,1,2,-40.0,0.0,-385.0,0.0,0.0,0.0,12846.400000000001,0.0,-106.25,45.0,-0.00010625000000000113,12846.4,,,空carry 棕榈油2007 1手(空)@4644 / 棕榈油2008 1手(多)@4532 价差=112,,[P] 空carry 棕榈油2007 1手(空)@4644 / 棕榈油2008 1手(多)@4532 价差=112 z=0.95
2020-03-17,False,2,4,720.0,0.0,-1480.0,0.0,146392.4,0.0,12983.6,0.0,-190.0,40.0,-0.0001899999999999984,159376.0,多carry 黄金2008 1手(多)@331.96 / 黄金2010 1手(空)@333.46 价差=-1.5,,空carry 棕榈油2007 1手(空)@4712 / 棕榈油2008 1手(多)@4562 价差=150,,[AU] 多carry 黄金2008 1手(多)@331.96 / 黄金2010 1手(空)@333.46 价差=-1.5 z=-1.35 | [P] 空carry 棕榈油2007 1手(空)@4712 / 棕榈油2008 1手(多)@4562 价差=150 z=1.25
2020-03-18,False,2,4,60.0,0.0,2020.0,0.0,149912.40000000002,0.0,13190.800000000001,0.0,520.0,80.0,0.000519999999999999,163103.2,空carry 黄金2008 1手(空)@340.34 / 黄金2010 1手(多)@341.08 价差=-0.74,,空carry 棕榈油2007 1手(空)@4860 / 棕榈油2008 1手(多)@4562 价差=298,,[AU] 空carry 黄金2008 1手(空)@340.34 / 黄金2010 1手(多)@341.08 价差=-0.74 z=1.96 | [P] 空carry 棕榈油2007 1手(空)@4860 / 棕榈油2008 1手(多)@4562 价差=298 z=2.39
2020-03-19,False,3,6,180.0,683.17,-5.0,-345.0,148860.8,8198.4,0.0,15066.800000000003,128.29,16.83,0.00012829200000000391,172126.0,空carry 黄金2008 1手(空)@337.88 / 黄金2010 1手(多)@338.76 价差=-0.88,多carry 热卷2007 1手(多)@3358 / 热卷2008 1手(空)@3474 价差=-116,,空carry 豆油2007 1手(空)@5410 / 豆油2008 1手(多)@5352 价差=58,[AU] 空carry 黄金2008 1手(空)@337.88 / 黄金2010 1手(多)@338.76 价差=-0.88 z=1.21 | [HC] 多carry 热卷2007 1手(多)@3358 / 热卷2008 1手(空)@3474 价差=-116 z=-1.72 | [Y] 空carry 豆油2007 1手(空)@5410 / 豆油2008 1手(多)@5352 价差=58 z=1.46
2020-03-20,False,1,2,-40.0,-6.76,0.0,-680.0,0.0,0.0,0.0,15019.2,-181.69,46.76,-0.00018169075000000094,15019.2,,,,空carry 豆油2007 1手(空)@5410 / 豆油2008 1手(多)@5318 价差=92,[Y] 空carry 豆油2007 1手(空)@5410 / 豆油2008 1手(多)@5318 价差=92 z=1.72
2020-03-23,False,3,6,-60.0,1823.38,0.0,1620.0,150211.6,7947.6,0.0,15114.400000000001,845.84,46.62,0.0008458442500000143,173273.6,空carry 黄金2008 1手(空)@341 / 黄金2010 1手(多)@341.78 价差=-0.78,多carry 热卷2007 1手(多)@3218 / 热卷2008 1手(空)@3405 价差=-187,,空carry 豆油2007 1手(空)@5478 / 豆油2008 1手(多)@5318 价差=160,[AU] 空carry 黄金2008 1手(空)@341 / 黄金2010 1手(多)@341.78 价差=-0.78 z=1.44 | [HC] 多carry 热卷2007 1手(多)@3218 / 热卷2008 1手(空)@3405 价差=-187 z=-2.64 | [Y] 空carry 豆油2007 1手(空)@5478 / 豆油2008 1手(多)@5318 价差=160 z=2.21
2020-03-24,False,3,6,200.0,-153.07,2475.0,-5.0,158347.2,7843.2,12964.000000000002,0.0,629.23,23.07,0.0006292319999999888,179154.4,空carry 黄金2008 1手(空)@359.5 / 黄金2010 1手(多)@360.26 价差=-0.76,空carry 热卷2007 1手(空)@3266 / 热卷2008 1手(多)@3270 价差=-4,多carry 棕榈油2007 1手(多)@4580 / 棕榈油2008 1手(空)@4680 价差=-100,,[AU] 空carry 黄金2008 1手(空)@359.5 / 黄金2010 1手(多)@360.26 价差=-0.76 z=1.49 | [HC] 空carry 热卷2007 1手(空)@3266 / 热卷2008 1手(多)@3270 价差=-4 z=0.94 | [P] 多carry 棕榈油2007 1手(多)@4580 / 棕榈油2008 1手(空)@4680 价差=-100 z=-1.11
2020-03-25,False,2,4,-40.0,50.0,1170.0,0.0,0.0,7900.799999999999,13647.2,0.0,295.0,50.0,0.0002950000000000013,21548.0,,空carry 热卷2007 1手(空)@3297 / 热卷2008 1手(多)@3287 价差=10,空carry 棕榈油2007 1手(空)@4948 / 棕榈油2008 1手(多)@4800 价差=148,,[HC] 空carry 热卷2007 1手(空)@3297 / 热卷2008 1手(多)@3287 价差=10 z=1.36 | [P] 空carry 棕榈油2007 1手(空)@4948 / 棕榈油2008 1手(多)@4800 价差=148 z=1.01
2020-03-26,False,1,2,0.0,-0.0,-5.0,0.0,0.0,7894.799999999999,0.0,0.0,-1.25,5.0,-1.25e-06,7894.8,,空carry 热卷2007 1手(空)@3292 / 热卷2008 1手(多)@3287 价差=5,,,[HC] 空carry 热卷2007 1手(空)@3292 / 热卷2008 1手(多)@3287 价差=5 z=1.43
2020-03-27,False,2,4,-240.0,-0.0,0.0,0.0,162412.8,7894.799999999999,0.0,0.0,-60.0,40.0,-5.999999999999386e-05,170307.6,空carry 黄金2008 1手(空)@368.68 / 黄金2010 1手(多)@369.56 价差=-0.88,空carry 热卷2007 1手(空)@3292 / 热卷2008 1手(多)@3287 价差=5,,,[AU] 空carry 黄金2008 1手(空)@368.68 / 黄金2010 1手(多)@369.56 价差=-0.88 z=0.95 | [HC] 空carry 热卷2007 1手(空)@3292 / 热卷2008 1手(多)@3287 价差=5 z=1.31
2020-03-30,False,3,6,80.0,-70.0,3355.0,0.0,161057.6,7894.799999999999,13736.800000000003,0.0,841.25,5.0,0.0008412499999999959,182689.2,空carry 黄金2008 1手(空)@365.7 / 黄金2010 1手(多)@366.38 价差=-0.68,空carry 热卷2007 1手(空)@3292 / 热卷2008 1手(多)@3287 价差=5,空carry 棕榈油2007 1手(空)@5000 / 棕榈油2008 1手(多)@4812 价差=188,,[AU] 空carry 黄金2008 1手(空)@365.7 / 黄金2010 1手(多)@366.38 价差=-0.68 z=1.49 | [HC] 空carry 热卷2007 1手(空)@3292 / 热卷2008 1手(多)@3287 价差=5 z=1.18 | [P] 空carry 棕榈油2007 1手(空)@5000 / 棕榈油2008 1手(多)@4812 价差=188 z=1.26
2020-03-31,False,3,6,20.0,-600.0,210.0,0.0,161180.8,7874.4,13680.800000000003,0.0,-92.5,10.0,-9.249999999999357e-05,182736.0,空carry 黄金2008 1手(空)@365.94 / 黄金2010 1手(多)@366.7 价差=-0.76,空carry 热卷2007 1手(空)@3287 / 热卷2008 1手(多)@3275 价差=12,多carry 棕榈油2007 1手(多)@4812 / 棕榈油2008 1手(空)@4960 价差=-148,,[AU] 空carry 黄金2008 1手(空)@365.94 / 黄金2010 1手(多)@366.7 价差=-0.76 z=1.11 | [HC] 空carry 热卷2007 1手(空)@3287 / 热卷2008 1手(多)@3275 价差=12 z=1.20 | [P] 多carry 棕榈油2007 1手(多)@4812 / 棕榈油2008 1手(空)@4960 价差=-148 z=-1.55
2020-04-01,False,3,6,-80.0,590.0,870.0,0.0,158474.8,7431.6,13543.600000000002,0.0,345.0,10.0,0.00034499999999997944,179450.0,空carry 黄金2008 1手(空)@359.78 / 黄金2010 1手(多)@360.56 价差=-0.78,空carry 热卷2008 1手(空)@3115 / 热卷2009 1手(多)@3078 价差=37,空carry 棕榈油2008 1手(空)@4960 / 棕榈油2009 1手(多)@4714 价差=246,,[AU] 空carry 黄金2008 1手(空)@359.78 / 黄金2010 1手(多)@360.56 价差=-0.78 z=0.89 | [HC] 空carry 热卷2008 1手(空)@3115 / 热卷2009 1手(多)@3078 价差=37 z=1.53 | [P] 空carry 棕榈油2008 1手(空)@4960 / 棕榈油2009 1手(多)@4714 价差=246 z=1.68
2020-04-02,False,3,6,-60.0,-6.25,-1000.0,695.0,159293.2,0.0,13549.2,15324.400000000001,-92.81,11.25,-9.281299999999493e-05,188166.8,空carry 黄金2008 1手(空)@361.68 / 黄金2010 1手(多)@362.38 价差=-0.7,,空carry 棕榈油2008 1手(空)@4918 / 棕榈油2009 1手(多)@4760 价差=158,多carry 豆油2008 1手(多)@5450 / 豆油2009 1手(空)@5496 价差=-46,[AU] 空carry 黄金2008 1手(空)@361.68 / 黄金2010 1手(多)@362.38 价差=-0.7 z=1.13 | [P] 空carry 棕榈油2008 1手(空)@4918 / 棕榈油2009 1手(多)@4760 价差=158 z=0.96 | [Y] 多carry 豆油2008 1手(多)@5450 / 豆油2009 1手(空)@5496 价差=-46 z=-0.75
2020-04-03,False,3,6,40.0,-1276.23,1640.0,-5.0,160547.2,7482.0,13409.2,0.0,99.69,11.24,9.969124999999883e-05,181438.4,空carry 黄金2008 1手(空)@364.56 / 黄金2010 1手(多)@365.2 价差=-0.64,空carry 热卷2008 1手(空)@3137 / 热卷2009 1手(多)@3098 价差=39,空carry 棕榈油2008 1手(空)@4918 / 棕榈油2009 1手(多)@4660 价差=258,,[AU] 空carry 黄金2008 1手(空)@364.56 / 黄金2010 1手(多)@365.2 价差=-0.64 z=1.23 | [HC] 空carry 热卷2008 1手(空)@3137 / 热卷2009 1手(多)@3098 价差=39 z=1.37 | [P] 空carry 棕榈油2008 1手(空)@4918 / 棕榈油2009 1手(多)@4660 价差=258 z=1.72
2020-04-07,False,3,6,100.0,510.0,-5.0,-525.0,165070.4,7670.4,0.0,15442.000000000002,20.0,10.0,1.9999999999990366e-05,188182.8,空carry 黄金2008 1手(空)@374.82 / 黄金2010 1手(多)@375.5 价差=-0.68,空carry 热卷2008 1手(空)@3279 / 热卷2009 1手(多)@3113 价差=166,,多carry 豆油2008 1手(多)@5482 / 豆油2009 1手(空)@5548 价差=-66,[AU] 空carry 黄金2008 1手(空)@374.82 / 黄金2010 1手(多)@375.5 价差=-0.68 z=1.04 | [HC] 空carry 热卷2008 1手(空)@3279 / 热卷2009 1手(多)@3113 价差=166 z=2.75 | [Y] 多carry 豆油2008 1手(多)@5482 / 豆油2009 1手(空)@5548 价差=-66 z=-1.31
2020-04-08,False,2,4,-40.0,390.0,0.0,1660.0,0.0,7731.599999999999,0.0,15514.800000000003,502.5,40.0,0.0005024999999999981,23246.4,,空carry 热卷2008 1手(空)@3279 / 热卷2009 1手(多)@3164 价差=115,,多carry 豆油2008 1手(多)@5482 / 豆油2009 1手(空)@5600 价差=-118,[HC] 空carry 热卷2008 1手(空)@3279 / 热卷2009 1手(多)@3164 价差=115 z=1.73 | [Y] 多carry 豆油2008 1手(多)@5482 / 豆油2009 1手(空)@5600 价差=-118 z=-1.95
2020-04-09,False,2,4,0.0,550.0,1595.0,-5.0,0.0,7778.4,13616.400000000001,0.0,535.0,10.0,0.0005350000000000001,21394.8,,空carry 热卷2008 1手(空)@3279 / 热卷2009 1手(多)@3203 价差=76,多carry 棕榈油2008 1手(多)@4832 / 棕榈油2009 1手(空)@4894 价差=-62,,[HC] 空carry 热卷2008 1手(空)@3279 / 热卷2009 1手(多)@3203 价差=76 z=1.09 | [P] 多carry 棕榈油2008 1手(多)@4832 / 棕榈油2009 1手(空)@4894 价差=-62 z=-0.80
2020-04-10,False,1,2,80.0,-6.54,-5.0,0.0,164969.2,0.0,0.0,0.0,17.12,51.54,1.711525000000236e-05,164969.2,空carry 黄金2008 1手(空)@374.66 / 黄金2010 1手(多)@375.2 价差=-0.54,,,,[AU] 空carry 黄金2008 1手(空)@374.66 / 黄金2010 1手(多)@375.2 价差=-0.54 z=1.37
2020-04-13,False,2,4,0.0,0.0,-25.0,0.0,164784.40000000002,0.0,13330.800000000001,0.0,-6.25,5.0,-6.249999999977735e-06,178115.2,空carry 黄金2008 1手(空)@374.18 / 黄金2010 1手(多)@374.84 价差=-0.66,,空carry 棕榈油2008 1手(空)@4830 / 棕榈油2009 1手(多)@4692 价差=138,,[AU] 空carry 黄金2008 1手(空)@374.18 / 黄金2010 1手(多)@374.84 价差=-0.66 z=0.85 | [P] 空carry 棕榈油2008 1手(空)@4830 / 棕榈油2009 1手(多)@4692 价差=138 z=0.84
2020-04-14,False,3,6,-160.0,73.4,240.0,0.0,166694.0,7914.0,13294.400000000001,0.0,38.35,6.6,3.835124999999693e-05,187902.4,空carry 黄金2008 1手(空)@378.52 / 黄金2010 1手(多)@379.18 价差=-0.66,空carry 热卷2008 1手(空)@3341 / 热卷2009 1手(多)@3254 价差=87,空carry 棕榈油2008 1手(空)@4818 / 棕榈油2009 1手(多)@4678 价差=140,,[AU] 空carry 黄金2008 1手(空)@378.52 / 黄金2010 1手(多)@379.18 价差=-0.66 z=0.79 | [HC] 空carry 热卷2008 1手(空)@3341 / 热卷2009 1手(多)@3254 价差=87 z=1.05 | [P] 空carry 棕榈油2008 1手(空)@4818 / 棕榈油2009 1手(多)@4678 价差=140 z=0.86
2020-04-15,False,2,4,220.0,380.0,-5.0,0.0,166051.6,7923.599999999999,0.0,0.0,148.75,5.0,0.00014874999999999153,173975.2,空carry 黄金2008 1手(空)@377.14 / 黄金2010 1手(多)@377.64 价差=-0.5,空carry 热卷2008 1手(空)@3341 / 热卷2009 1手(多)@3262 价差=79,,,[AU] 空carry 黄金2008 1手(空)@377.14 / 黄金2010 1手(多)@377.64 价差=-0.5 z=1.61 | [HC] 空carry 热卷2008 1手(空)@3341 / 热卷2009 1手(多)@3262 价差=79 z=0.85
2020-04-16,False,1,2,-40.0,-6.64,1455.0,0.0,0.0,0.0,13202.0,0.0,352.09,51.64,0.00035208975000000046,13202.0,,,空carry 棕榈油2008 1手(空)@4846 / 棕榈油2009 1手(多)@4584 价差=262,,[P] 空carry 棕榈油2008 1手(空)@4846 / 棕榈油2009 1手(多)@4584 价差=262 z=1.77
2020-04-17,False,1,2,140.0,0.0,-5.0,0.0,164362.0,0.0,0.0,0.0,33.75,45.0,3.375000000000205e-05,164362.0,空carry 黄金2008 1手(空)@373.26 / 黄金2010 1手(多)@373.84 价差=-0.58,,,,[AU] 空carry 黄金2008 1手(空)@373.26 / 黄金2010 1手(多)@373.84 价差=-0.58 z=1.02
2020-04-20,False,1,2,-40.0,0.0,0.0,95.0,0.0,0.0,0.0,15486.800000000001,13.75,45.0,1.3749999999999147e-05,15486.8,,,,空carry 豆油2008 1手(空)@5586 / 豆油2009 1手(多)@5476 价差=110,[Y] 空carry 豆油2008 1手(空)@5586 / 豆油2009 1手(多)@5476 价差=110 z=1.55
2020-04-21,False,4,8,120.0,213.36,1575.0,880.0,165246.4,7963.2,12958.400000000001,15092.000000000002,697.09,51.64,0.0006970909999999976,201260.0,空carry 黄金2008 1手(空)@375.26 / 黄金2010 1手(多)@375.86 价差=-0.6,空carry 热卷2008 1手(空)@3386 / 热卷2009 1手(多)@3250 价差=136,空carry 棕榈油2008 1手(空)@4798 / 棕榈油2009 1手(多)@4458 价差=340,空carry 豆油2008 1手(空)@5440 / 豆油2009 1手(多)@5340 价差=100,[AU] 空carry 黄金2008 1手(空)@375.26 / 黄金2010 1手(多)@375.86 价差=-0.6 z=0.85 | [HC] 空carry 热卷2008 1手(空)@3386 / 热卷2009 1手(多)@3250 价差=136 z=1.79 | [P] 空carry 棕榈油2008 1手(空)@4798 / 棕榈油2009 1手(多)@4458 价差=340 z=2.26 | [Y] 空carry 豆油2008 1手(空)@5440 / 豆油2009 1手(多)@5340 价差=100 z=1.60
2020-04-22,False,2,4,-40.0,-440.0,640.0,-5.0,0.0,7989.599999999999,12602.800000000001,0.0,38.75,45.0,3.875000000000054e-05,20592.4,,空carry 热卷2008 1手(空)@3386 / 热卷2009 1手(多)@3272 价差=114,空carry 棕榈油2008 1手(空)@4592 / 棕榈油2009 1手(多)@4410 价差=182,,[HC] 空carry 热卷2008 1手(空)@3386 / 热卷2009 1手(多)@3272 价差=114 z=1.22 | [P] 空carry 棕榈油2008 1手(空)@4592 / 棕榈油2009 1手(多)@4410 价差=182 z=1.10
2020-04-23,False,2,4,-220.0,510.0,-5.0,0.0,167552.0,7936.799999999999,0.0,0.0,71.25,45.0,7.125000000000387e-05,175488.8,空carry 黄金2008 1手(空)@380.5 / 黄金2010 1手(多)@381.1 价差=-0.6,空carry 热卷2008 1手(空)@3386 / 热卷2009 1手(多)@3228 价差=158,,,[AU] 空carry 黄金2008 1手(空)@380.5 / 黄金2010 1手(多)@381.1 价差=-0.6 z=0.81 | [HC] 空carry 热卷2008 1手(空)@3386 / 热卷2009 1手(多)@3228 价差=158 z=1.79
2020-04-24,False,3,6,200.0,130.0,795.0,0.0,168964.4,7911.6,12692.400000000001,0.0,281.25,5.0,0.0002812499999999939,189568.4,空carry 黄金2008 1手(空)@383.8 / 黄金2010 1手(多)@384.22 价差=-0.42,空carry 热卷2008 1手(空)@3350 / 热卷2009 1手(多)@3243 价差=107,空carry 棕榈油2008 1手(空)@4706 / 棕榈油2009 1手(多)@4360 价差=346,,[AU] 空carry 黄金2008 1手(空)@383.8 / 黄金2010 1手(多)@384.22 价差=-0.42 z=2.27 | [HC] 空carry 热卷2008 1手(空)@3350 / 热卷2009 1手(多)@3243 价差=107 z=0.78 | [P] 空carry 棕榈油2008 1手(空)@4706 / 棕榈油2009 1手(多)@4360 价差=346 z=2.20
2020-04-27,False,2,4,-40.0,-6.58,-0.0,-5.0,0.0,0.0,12479.600000000002,15075.2,-12.9,51.58,-1.2895e-05,27554.8,,,空carry 棕榈油2008 1手(空)@4590 / 棕榈油2009 1手(多)@4324 价差=266,空carry 豆油2008 1手(空)@5416 / 豆油2009 1手(多)@5352 价差=64,[P] 空carry 棕榈油2008 1手(空)@4590 / 棕榈油2009 1手(多)@4324 价差=266 z=1.61 | [Y] 空carry 豆油2008 1手(空)@5416 / 豆油2009 1手(多)@5352 价差=64 z=0.89
2020-04-28,False,3,6,-80.0,0.0,680.0,500.0,166381.6,0.0,12479.600000000002,15075.2,275.0,40.0,0.000274999999999987,193936.4,空carry 黄金2008 1手(空)@377.9 / 黄金2010 1手(多)@378.38 价差=-0.48,,空carry 棕榈油2008 1手(空)@4590 / 棕榈油2009 1手(多)@4324 价差=266,空carry 豆油2008 1手(空)@5416 / 豆油2009 1手(多)@5352 价差=64,[AU] 空carry 黄金2008 1手(空)@377.9 / 黄金2010 1手(多)@378.38 价差=-0.48 z=1.54 | [P] 空carry 棕榈油2008 1手(空)@4590 / 棕榈油2009 1手(多)@4324 价差=266 z=1.62 | [Y] 空carry 豆油2008 1手(空)@5416 / 豆油2009 1手(多)@5352 价差=64 z=0.83
2020-04-29,False,2,4,160.0,0.0,1300.0,-5.0,167032.8,0.0,12446.0,0.0,363.75,5.0,0.0003637500000000018,179478.8,空carry 黄金2008 1手(空)@379.4 / 黄金2010 1手(多)@379.84 价差=-0.44,,空carry 棕榈油2008 1手(空)@4544 / 棕榈油2009 1手(多)@4346 价差=198,,[AU] 空carry 黄金2008 1手(空)@379.4 / 黄金2010 1手(多)@379.84 价差=-0.44 z=1.66 | [P] 空carry 棕榈油2008 1手(空)@4544 / 棕榈油2009 1手(多)@4346 价差=198 z=1.07
2020-04-30,False,1,2,-40.0,-296.6,-5.0,0.0,0.0,7914.0,0.0,0.0,-85.4,51.6,-8.539875000000013e-05,7914.0,,多carry 热卷2008 1手(多)@3312 / 热卷2009 1手(空)@3283 价差=29,,,[HC] 多carry 热卷2008 1手(多)@3312 / 热卷2009 1手(空)@3283 价差=29 z=-0.96
2020-05-06,False,2,4,80.0,-6.56,0.0,-45.0,167895.2,0.0,0.0,14994.0,7.11,51.56,7.1100000000045466e-06,182889.2,多carry 黄金2010 1手(多)@381.12 / 黄金2012 1手(空)@382.04 价差=-0.92,,,多carry 豆油2009 1手(多)@5314 / 豆油2011 1手(空)@5396 价差=-82,[AU] 多carry 黄金2010 1手(多)@381.12 / 黄金2012 1手(空)@382.04 价差=-0.92 z=-2.07 | [Y] 多carry 豆油2009 1手(多)@5314 / 豆油2011 1手(空)@5396 价差=-82 z=-1.71
2020-05-07,False,2,4,100.0,0.0,0.0,-60.0,167129.6,0.0,0.0,15117.2,10.0,0.0,9.999999999988959e-06,182246.8,多carry 黄金2010 1手(多)@379.44 / 黄金2012 1手(空)@380.24 价差=-0.8,,,多carry 豆油2009 1手(多)@5356 / 豆油2011 1手(空)@5442 价差=-86,[AU] 多carry 黄金2010 1手(多)@379.44 / 黄金2012 1手(空)@380.24 价差=-0.8 z=-1.10 | [Y] 多carry 豆油2009 1手(多)@5356 / 豆油2011 1手(空)@5442 价差=-86 z=-1.57
2020-05-08,False,1,2,-40.0,0.0,0.0,300.0,0.0,0.0,0.0,15164.800000000003,65.0,40.0,6.499999999999926e-05,15164.8,,,,多carry 豆油2009 1手(多)@5370 / 豆油2011 1手(空)@5462 价差=-92,[Y] 多carry 豆油2009 1手(多)@5370 / 豆油2011 1手(空)@5462 价差=-92 z=-1.59
2020-05-11,False,2,4,380.0,0.0,0.0,-280.0,168687.2,0.0,0.0,15106.0,25.0,40.0,2.5000000000003637e-05,183793.2,多carry 黄金2010 1手(多)@382.84 / 黄金2012 1手(空)@383.92 价差=-1.08,,,多carry 豆油2009 1手(多)@5364 / 豆油2011 1手(空)@5426 价差=-62,[AU] 多carry 黄金2010 1手(多)@382.84 / 黄金2012 1手(空)@383.92 价差=-1.08 z=-2.50 | [Y] 多carry 豆油2009 1手(多)@5364 / 豆油2011 1手(空)@5426 价差=-62 z=-1.26
2020-05-12,False,1,2,-40.0,0.0,0.0,120.0,0.0,0.0,0.0,15022.000000000002,20.0,40.0,2.0000000000001252e-05,15022.0,,,,多carry 豆油2009 1手(多)@5320 / 豆油2011 1手(空)@5410 价差=-90,[Y] 多carry 豆油2009 1手(多)@5320 / 豆油2011 1手(空)@5410 价差=-90 z=-1.53
2020-05-13,False,1,2,0.0,0.0,0.0,-160.0,0.0,0.0,0.0,15206.800000000003,-40.0,0.0,-4.000000000000028e-05,15206.8,,,,多carry 豆油2009 1手(多)@5392 / 豆油2011 1手(空)@5470 价差=-78,[Y] 多carry 豆油2009 1手(多)@5392 / 豆油2011 1手(空)@5470 价差=-78 z=-1.20
2020-05-14,False,1,2,0.0,0.0,0.0,200.0,0.0,0.0,0.0,15038.800000000001,50.0,0.0,5.0000000000000226e-05,15038.8,,,,多carry 豆油2009 1手(多)@5324 / 豆油2011 1手(空)@5418 价差=-94,[Y] 多carry 豆油2009 1手(多)@5324 / 豆油2011 1手(空)@5418 价差=-94 z=-1.31
2020-05-15,False,2,4,-160.0,0.0,0.0,220.0,172246.8,0.0,0.0,15268.400000000001,15.0,40.0,1.4999999999986812e-05,187515.2,多carry 黄金2010 1手(多)@391.04 / 黄金2012 1手(空)@391.9 价差=-0.86,,,多carry 豆油2009 1手(多)@5416 / 豆油2011 1手(空)@5490 价差=-74,[AU] 多carry 黄金2010 1手(多)@391.04 / 黄金2012 1手(空)@391.9 价差=-0.86 z=-1.03 | [Y] 多carry 豆油2009 1手(多)@5416 / 豆油2011 1手(空)@5490 价差=-74 z=-0.94
2020-05-18,False,1,2,100.0,0.0,0.0,-5.0,176294.8,0.0,0.0,0.0,23.75,5.0,2.3750000000012734e-05,176294.8,多carry 黄金2010 1手(多)@400.18 / 黄金2012 1手(空)@401.16 价差=-0.98,,,,[AU] 多carry 黄金2010 1手(多)@400.18 / 黄金2012 1手(空)@401.16 价差=-0.98 z=-1.44
2020-05-19,False,3,6,60.0,173.03,0.0,-205.0,173386.4,8368.8,0.0,15288.000000000002,7.01,11.97,7.006499999993657e-06,197043.2,多carry 黄金2010 1手(多)@393.62 / 黄金2012 1手(空)@394.5 价差=-0.88,多carry 热卷2009 1手(多)@3505 / 热卷2010 1手(空)@3469 价差=36,,多carry 豆油2009 1手(多)@5422 / 豆油2011 1手(空)@5498 价差=-76,[AU] 多carry 黄金2010 1手(多)@393.62 / 黄金2012 1手(空)@394.5 价差=-0.88 z=-0.89 | [HC] 多carry 热卷2009 1手(多)@3505 / 热卷2010 1手(空)@3469 价差=36 z=-1.14 | [Y] 多carry 豆油2009 1手(多)@5422 / 豆油2011 1手(空)@5498 价差=-76 z=-0.82
2020-05-20,False,1,2,-40.0,-6.95,0.0,180.0,0.0,0.0,0.0,15388.800000000001,33.26,46.95,3.32635000000013e-05,15388.8,,,,多carry 豆油2009 1手(多)@5448 / 豆油2011 1手(空)@5544 价差=-96,[Y] 多carry 豆油2009 1手(多)@5448 / 豆油2011 1手(空)@5544 价差=-96 z=-1.01
2020-05-21,False,1,2,0.0,-96.99,0.0,-5.0,0.0,8383.2,0.0,0.0,-25.5,11.99,-2.549650000000037e-05,8383.2,,多carry 热卷2009 1手(多)@3517 / 热卷2010 1手(空)@3469 价差=48,,,[HC] 多carry 热卷2009 1手(多)@3517 / 热卷2010 1手(空)@3469 价差=48 z=-0.85
2020-05-22,False,2,4,0.0,180.0,0.0,1095.0,0.0,8242.8,0.0,15299.2,318.75,5.0,0.0003187499999999991,23542.0,,多carry 热卷2009 1手(多)@3454 / 热卷2010 1手(空)@3415 价差=39,,多carry 豆油2009 1手(多)@5392 / 豆油2011 1手(空)@5536 价差=-144,[HC] 多carry 热卷2009 1手(多)@3454 / 热卷2010 1手(空)@3415 价差=39 z=-1.04 | [Y] 多carry 豆油2009 1手(多)@5392 / 豆油2011 1手(空)@5536 价差=-144 z=-1.66
2020-05-25,True,0,0,0.0,-6.87,0.0,-5.0,0.0,0.0,0.0,0.0,-2.97,11.87,-2.96675e-06,0.0,,,,,全品种空仓
2020-05-26,False,1,2,0.0,-36.85,0.0,0.0,0.0,8224.8,0.0,0.0,-9.21,6.85,-9.213500000001022e-06,8224.8,,多carry 热卷2009 1手(多)@3447 / 热卷2010 1手(空)@3407 价差=40,,,[HC] 多carry 热卷2009 1手(多)@3447 / 热卷2010 1手(空)@3407 价差=40 z=-1.03
2020-05-27,False,1,2,0.0,-20.0,0.0,0.0,0.0,8250.0,0.0,0.0,-5.0,0.0,-4.999999999999787e-06,8250.0,,多carry 热卷2009 1手(多)@3456 / 热卷2010 1手(空)@3419 价差=37,,,[HC] 多carry 热卷2009 1手(多)@3456 / 热卷2010 1手(空)@3419 价差=37 z=-1.10
2020-05-28,False,1,2,0.0,-20.0,0.0,0.0,0.0,8314.8,0.0,0.0,-5.0,0.0,-5.000000000000966e-06,8314.8,,多carry 热卷2009 1手(多)@3482 / 热卷2010 1手(空)@3447 价差=35,,,[HC] 多carry 热卷2009 1手(多)@3482 / 热卷2010 1手(空)@3447 价差=35 z=-1.10
2020-05-29,False,1,2,0.0,-120.0,0.0,0.0,0.0,8540.4,0.0,0.0,-30.0,0.0,-2.9999999999999672e-05,8540.4,,多carry 热卷2009 1手(多)@3575 / 热卷2010 1手(空)@3542 价差=33,,,[HC] 多carry 热卷2009 1手(多)@3575 / 热卷2010 1手(空)@3542 价差=33 z=-1.26
2020-06-01,False,3,6,-80.0,-7.06,155.0,975.0,174970.4,0.0,13129.2,16038.400000000001,260.74,57.06,0.0002607362500000024,204138.0,空carry 黄金2010 1手(空)@397.32 / 黄金2012 1手(多)@398 价差=-0.68,,多carry 棕榈油2010 1手(多)@4672 / 棕榈油2011 1手(空)@4706 价差=-34,空carry 豆油2011 1手(空)@5736 / 豆油2012 1手(多)@5720 价差=16,[AU] 空carry 黄金2010 1手(空)@397.32 / 黄金2012 1手(多)@398 价差=-0.68 z=0.80 | [P] 多carry 棕榈油2010 1手(多)@4672 / 棕榈油2011 1手(空)@4706 价差=-34 z=-0.90 | [Y] 空carry 豆油2011 1手(空)@5736 / 豆油2012 1手(多)@5720 价差=16 z=2.52
2020-06-02,False,3,6,40.0,782.92,180.0,-5.0,174521.59999999998,8497.2,13106.800000000001,0.0,249.48,12.08,0.0002494797500000006,196125.6,空carry 黄金2010 1手(空)@396.32 / 黄金2012 1手(多)@396.96 价差=-0.64,空carry 热卷2010 1手(空)@3575 / 热卷2011 1手(多)@3506 价差=69,多carry 棕榈油2010 1手(多)@4672 / 棕榈油2011 1手(空)@4690 价差=-18,,[AU] 空carry 黄金2010 1手(空)@396.32 / 黄金2012 1手(多)@396.96 价差=-0.64 z=1.11 | [HC] 空carry 热卷2010 1手(空)@3575 / 热卷2011 1手(多)@3506 价差=69 z=1.19 | [P] 多carry 棕榈油2010 1手(多)@4672 / 棕榈油2011 1手(空)@4690 价差=-18 z=-0.85
2020-06-03,False,2,4,-40.0,-394.12,-5.0,-785.0,0.0,8472.0,0.0,16167.2,-306.03,64.12,-0.00030602999999999945,24639.2,,多carry 热卷2010 1手(多)@3525 / 热卷2011 1手(空)@3535 价差=-10,,空carry 豆油2011 1手(空)@5780 / 豆油2012 1手(多)@5768 价差=12,[HC] 多carry 热卷2010 1手(多)@3525 / 热卷2011 1手(空)@3535 价差=-10 z=-3.06 | [Y] 空carry 豆油2011 1手(空)@5780 / 豆油2012 1手(多)@5768 价差=12 z=2.16
2020-06-04,False,3,6,100.0,280.0,0.0,920.0,171371.2,8426.4,0.0,16058.000000000002,325.0,40.0,0.0003250000000000031,195855.6,空carry 黄金2010 1手(空)@389.22 / 黄金2012 1手(多)@389.74 价差=-0.52,多carry 热卷2010 1手(多)@3487 / 热卷2011 1手(空)@3535 价差=-48,,空carry 豆油2011 1手(空)@5780 / 豆油2012 1手(多)@5690 价差=90,[AU] 空carry 黄金2010 1手(空)@389.22 / 黄金2012 1手(多)@389.74 价差=-0.52 z=1.69 | [HC] 多carry 热卷2010 1手(多)@3487 / 热卷2011 1手(空)@3535 价差=-48 z=-3.17 | [Y] 空carry 豆油2011 1手(空)@5780 / 豆油2012 1手(多)@5690 价差=90 z=2.95
2020-06-05,False,3,6,-40.0,390.0,315.0,-180.0,0.0,8460.0,13325.2,16074.800000000003,121.25,45.0,0.0001212500000000011,37860.0,,多carry 热卷2010 1手(多)@3515 / 热卷2011 1手(空)@3535 价差=-20,多carry 棕榈油2010 1手(多)@4756 / 棕榈油2011 1手(空)@4762 价差=-6,空carry 豆油2011 1手(空)@5740 / 豆油2012 1手(多)@5742 价差=-2,[HC] 多carry 热卷2010 1手(多)@3515 / 热卷2011 1手(空)@3535 价差=-20 z=-1.88 | [P] 多carry 棕榈油2010 1手(多)@4756 / 棕榈油2011 1手(空)@4762 价差=-6 z=-0.78 | [Y] 空carry 豆油2011 1手(空)@5740 / 豆油2012 1手(多)@5742 价差=-2 z=1.00
2020-06-08,False,2,4,-20.0,-7.06,-5.0,-120.0,169840.0,0.0,0.0,16100.000000000002,-38.02,52.06,-3.8016249999989606e-05,185940.0,空carry 黄金2010 1手(空)@385.72 / 黄金2012 1手(多)@386.28 价差=-0.56,,,空carry 豆油2011 1手(空)@5758 / 豆油2012 1手(多)@5742 价差=16,[AU] 空carry 黄金2010 1手(空)@385.72 / 黄金2012 1手(多)@386.28 价差=-0.56 z=1.38 | [Y] 空carry 豆油2011 1手(空)@5758 / 豆油2012 1手(多)@5742 价差=16 z=1.23
2020-06-09,False,2,4,-20.0,0.0,0.0,560.0,169844.4,0.0,0.0,16335.2,135.0,0.0,0.00013499999999999534,186179.6,空carry 黄金2010 1手(空)@385.72 / 黄金2012 1手(多)@386.3 价差=-0.58,,,空carry 豆油2011 1手(空)@5848 / 豆油2012 1手(多)@5820 价差=28,[AU] 空carry 黄金2010 1手(空)@385.72 / 黄金2012 1手(多)@386.3 价差=-0.58 z=1.11 | [Y] 空carry 豆油2011 1手(空)@5848 / 豆油2012 1手(多)@5820 价差=28 z=1.30
2020-06-10,False,2,4,140.0,0.0,-65.0,-5.0,171652.8,0.0,13501.600000000002,0.0,17.5,10.0,1.7500000000000795e-05,185154.4,空carry 黄金2010 1手(空)@389.84 / 黄金2012 1手(多)@390.4 价差=-0.56,,多carry 棕榈油2010 1手(多)@4820 / 棕榈油2011 1手(空)@4824 价差=-4,,[AU] 空carry 黄金2010 1手(空)@389.84 / 黄金2012 1手(多)@390.4 价差=-0.56 z=1.25 | [P] 多carry 棕榈油2010 1手(多)@4820 / 棕榈油2011 1手(空)@4824 价差=-4 z=-0.96
2020-06-11,False,1,2,-40.0,0.0,260.0,0.0,0.0,0.0,13426.000000000002,0.0,55.0,40.0,5.4999999999999656e-05,13426.0,,,多carry 棕榈油2010 1手(多)@4790 / 棕榈油2011 1手(空)@4800 价差=-10,,[P] 多carry 棕榈油2010 1手(多)@4790 / 棕榈油2011 1手(空)@4800 价差=-10 z=-1.01
2020-06-12,True,0,0,0.0,0.0,-5.0,0.0,0.0,0.0,0.0,0.0,-1.25,5.0,-1.25e-06,0.0,,,,,全品种空仓
2020-06-15,False,2,4,40.0,0.0,0.0,1015.0,172598.8,0.0,0.0,16018.800000000003,263.75,45.0,0.00026374999999999516,188617.6,空carry 黄金2010 1手(空)@392 / 黄金2012 1手(多)@392.54 价差=-0.54,,,多carry 豆油2011 1手(多)@5670 / 豆油2012 1手(空)@5772 价差=-102,[AU] 空carry 黄金2010 1手(空)@392 / 黄金2012 1手(多)@392.54 价差=-0.54 z=1.42 | [Y] 多carry 豆油2011 1手(多)@5670 / 豆油2012 1手(空)@5772 价差=-102 z=-1.19
2020-06-16,False,1,2,-40.0,402.93,0.0,-5.0,0.0,8484.0,0.0,0.0,89.48,52.07,8.948250000000029e-05,8484.0,,空carry 热卷2010 1手(空)@3565 / 热卷2011 1手(多)@3505 价差=60,,,[HC] 空carry 热卷2010 1手(空)@3565 / 热卷2011 1手(多)@3505 价差=60 z=1.08
2020-06-17,False,1,2,-160.0,-7.08,0.0,0.0,172700.0,0.0,0.0,0.0,-41.77,47.08,-4.177125000000878e-05,172700.0,多carry 黄金2010 1手(多)@392.14 / 黄金2012 1手(空)@392.86 价差=-0.72,,,,[AU] 多carry 黄金2010 1手(多)@392.14 / 黄金2012 1手(空)@392.86 价差=-0.72 z=-0.81
2020-06-18,False,3,6,180.0,442.83,0.0,975.0,172374.40000000002,8600.4,0.0,15990.800000000001,399.46,12.17,0.0003994582500000017,196965.6,多carry 黄金2010 1手(多)@391.34 / 黄金2012 1手(空)@392.18 价差=-0.84,空carry 热卷2010 1手(空)@3620 / 热卷2011 1手(多)@3547 价差=73,,空carry 豆油2011 1手(空)@5734 / 豆油2012 1手(多)@5688 价差=46,[AU] 多carry 黄金2010 1手(多)@391.34 / 黄金2012 1手(空)@392.18 价差=-0.84 z=-2.03 | [HC] 空carry 热卷2010 1手(空)@3620 / 热卷2011 1手(多)@3547 价差=73 z=1.50 | [Y] 空carry 豆油2011 1手(空)@5734 / 豆油2012 1手(多)@5688 价差=46 z=1.28
2020-06-19,True,0,0,-40.0,-7.29,0.0,-5.0,0.0,0.0,0.0,0.0,-13.07,52.29,-1.30725e-05,0.0,,,,,全品种空仓
2020-06-22,False,3,6,20.0,-247.26,55.0,0.0,174719.6,8714.4,13899.2,0.0,-43.07,52.26,-4.3065499999996744e-05,197333.2,多carry 黄金2010 1手(多)@396.68 / 黄金2012 1手(空)@397.5 价差=-0.82,多carry 热卷2010 1手(多)@3631 / 热卷2011 1手(空)@3631 价差=0,多carry 棕榈油2010 1手(多)@4970 / 棕榈油2011 1手(空)@4958 价差=12,,[AU] 多carry 黄金2010 1手(多)@396.68 / 黄金2012 1手(空)@397.5 价差=-0.82 z=-1.69 | [HC] 多carry 热卷2010 1手(多)@3631 / 热卷2011 1手(空)@3631 价差=0 z=-0.86 | [P] 多carry 棕榈油2010 1手(多)@4970 / 棕榈油2011 1手(空)@4958 价差=12 z=-0.80
2020-06-23,False,2,4,-280.0,10.0,-5.0,0.0,174495.2,8676.0,0.0,0.0,-68.75,5.0,-6.874999999999415e-05,183171.2,多carry 黄金2010 1手(多)@396.2 / 黄金2012 1手(空)@396.96 价差=-0.76,多carry 热卷2010 1手(多)@3603 / 热卷2011 1手(空)@3627 价差=-24,,,[AU] 多carry 黄金2010 1手(多)@396.2 / 黄金2012 1手(空)@396.96 价差=-0.76 z=-0.96 | [HC] 多carry 热卷2010 1手(多)@3603 / 热卷2011 1手(空)@3627 价差=-24 z=-1.49
2020-06-24,False,3,6,180.0,-440.0,-5.0,0.0,175797.59999999998,8677.2,13865.600000000002,0.0,-66.25,5.0,-6.624999999998647e-05,198340.4,多carry 黄金2010 1手(多)@399.02 / 黄金2012 1手(空)@400.06 价差=-1.04,多carry 热卷2010 1手(多)@3604 / 热卷2011 1手(空)@3627 价差=-23,多carry 棕榈油2010 1手(多)@4944 / 棕榈油2011 1手(空)@4960 价差=-16,,[AU] 多carry 黄金2010 1手(多)@399.02 / 黄金2012 1手(空)@400.06 价差=-1.04 z=-2.91 | [HC] 多carry 热卷2010 1手(多)@3604 / 热卷2011 1手(空)@3627 价差=-23 z=-1.30 | [P] 多carry 棕榈油2010 1手(多)@4944 / 棕榈油2011 1手(空)@4960 价差=-16 z=-1.04
2020-06-29,False,4,8,100.0,810.0,240.0,195.0,175872.40000000002,8624.4,13356.0,15965.600000000002,336.25,5.0,0.0003362499999999756,213818.4,多carry 黄金2010 1手(多)@399.28 / 黄金2012 1手(空)@400.14 价差=-0.86,多carry 热卷2010 1手(多)@3560 / 热卷2011 1手(空)@3627 价差=-67,多carry 棕榈油2010 1手(多)@4762 / 棕榈油2011 1手(空)@4778 价差=-16,多carry 豆油2011 1手(多)@5668 / 豆油2012 1手(空)@5736 价差=-68,[AU] 多carry 黄金2010 1手(多)@399.28 / 黄金2012 1手(空)@400.14 价差=-0.86 z=-1.27 | [HC] 多carry 热卷2010 1手(多)@3560 / 热卷2011 1手(空)@3627 价差=-67 z=-2.17 | [P] 多carry 棕榈油2010 1手(多)@4762 / 棕榈油2011 1手(空)@4778 价差=-16 z=-1.02 | [Y] 多carry 豆油2011 1手(多)@5668 / 豆油2012 1手(空)@5736 价差=-68 z=-1.17
2020-06-30,True,0,0,-40.0,-7.14,-5.0,-5.0,0.0,0.0,0.0,0.0,-14.29,57.14,-1.4285499999999999e-05,0.0,,,,,全品种空仓
2020-07-01,False,3,6,320.0,333.0,55.0,0.0,177606.0,8403.599999999999,13582.800000000003,0.0,177.0,52.0,0.00017699924999998025,199592.4,多carry 黄金2012 1手(多)@403.1 / 黄金2102 1手(空)@404.2 价差=-1.1,空carry 热卷2011 1手(空)@3535 / 热卷2012 1手(多)@3468 价差=67,多carry 棕榈油2011 1手(多)@4842 / 棕榈油2012 1手(空)@4860 价差=-18,,[AU] 多carry 黄金2012 1手(多)@403.1 / 黄金2102 1手(空)@404.2 价差=-1.1 z=-2.42 | [HC] 空carry 热卷2011 1手(空)@3535 / 热卷2012 1手(多)@3468 价差=67 z=1.38 | [P] 多carry 棕榈油2011 1手(多)@4842 / 棕榈油2012 1手(空)@4860 价差=-18 z=-1.07
2020-07-02,False,1,2,-40.0,-7.04,-40.0,0.0,0.0,0.0,13725.600000000002,0.0,-21.76,47.04,-2.1759250000000952e-05,13725.6,,,多carry 棕榈油2011 1手(多)@4896 / 棕榈油2012 1手(空)@4908 价差=-12,,[P] 多carry 棕榈油2011 1手(多)@4896 / 棕榈油2012 1手(空)@4908 价差=-12 z=-0.98
2020-07-03,False,2,4,140.0,0.0,40.0,0.0,176457.6,0.0,13854.400000000001,0.0,45.0,40.0,4.500000000000801e-05,190312.0,多carry 黄金2012 1手(多)@400.54 / 黄金2102 1手(空)@401.54 价差=-1,,多carry 棕榈油2011 1手(多)@4940 / 棕榈油2012 1手(空)@4956 价差=-16,,[AU] 多carry 黄金2012 1手(多)@400.54 / 黄金2102 1手(空)@401.54 价差=-1 z=-1.58 | [P] 多carry 棕榈油2011 1手(多)@4940 / 棕榈油2012 1手(空)@4956 价差=-16 z=-0.99
2020-07-06,False,2,4,-40.0,-7.06,40.0,0.0,0.0,8468.4,14011.2,0.0,-1.76,47.06,-1.7642500000005975e-06,22479.6,,空carry 热卷2011 1手(空)@3575 / 热卷2012 1手(多)@3482 价差=93,多carry 棕榈油2011 1手(多)@4998 / 棕榈油2012 1手(空)@5010 价差=-12,,[HC] 空carry 热卷2011 1手(空)@3575 / 热卷2012 1手(多)@3482 价差=93 z=1.91 | [P] 多carry 棕榈油2011 1手(多)@4998 / 棕榈油2012 1手(空)@5010 价差=-12 z=-0.92
2020-07-07,False,3,6,-100.0,-600.0,240.0,0.0,176352.0,8468.4,13837.600000000002,0.0,-115.0,40.0,-0.00011500000000000643,198658.0,多carry 黄金2012 1手(多)@400.32 / 黄金2102 1手(空)@401.28 价差=-0.96,空carry 热卷2011 1手(空)@3575 / 热卷2012 1手(多)@3482 价差=93,多carry 棕榈油2011 1手(多)@4938 / 棕榈油2012 1手(空)@4946 价差=-8,,[AU] 多carry 黄金2012 1手(多)@400.32 / 黄金2102 1手(空)@401.28 价差=-0.96 z=-1.17 | [HC] 空carry 热卷2011 1手(空)@3575 / 热卷2012 1手(多)@3482 价差=93 z=1.67 | [P] 多carry 棕榈油2011 1手(多)@4938 / 棕榈油2012 1手(空)@4946 价差=-8 z=-0.85
2020-07-08,False,2,4,40.0,670.0,-5.0,0.0,177262.8,8605.2,0.0,0.0,176.25,5.0,0.00017624999999998385,185868.0,多carry 黄金2012 1手(多)@402.36 / 黄金2102 1手(空)@403.38 价差=-1.02,空carry 热卷2011 1手(空)@3662 / 热卷2012 1手(多)@3509 价差=153,,,[AU] 多carry 黄金2012 1手(多)@402.36 / 黄金2102 1手(空)@403.38 价差=-1.02 z=-1.36 | [HC] 空carry 热卷2011 1手(空)@3662 / 热卷2012 1手(多)@3509 价差=153 z=2.47
2020-07-09,False,2,4,-220.0,-0.0,0.0,0.0,178389.2,8784.0,0.0,0.0,-55.0,0.0,-5.499999999999318e-05,187173.2,多carry 黄金2012 1手(多)@404.94 / 黄金2102 1手(空)@405.92 价差=-0.98,空carry 热卷2011 1手(空)@3703 / 热卷2012 1手(多)@3617 价差=86,,,[AU] 多carry 黄金2012 1手(多)@404.94 / 黄金2102 1手(空)@405.92 价差=-0.98 z=-0.98 | [HC] 空carry 热卷2011 1手(空)@3703 / 热卷2012 1手(多)@3617 价差=86 z=0.99
2020-07-10,False,2,4,-60.0,350.0,0.0,0.0,177091.2,8784.0,0.0,0.0,72.5,0.0,7.249999999999463e-05,185875.2,多carry 黄金2012 1手(多)@401.88 / 黄金2102 1手(空)@403.08 价差=-1.2,空carry 热卷2011 1手(空)@3703 / 热卷2012 1手(多)@3617 价差=86,,,[AU] 多carry 黄金2012 1手(多)@401.88 / 黄金2102 1手(空)@403.08 价差=-1.2 z=-2.05 | [HC] 空carry 热卷2011 1手(空)@3703 / 热卷2012 1手(多)@3617 价差=86 z=0.90
2020-07-13,False,2,4,100.0,-7.36,0.0,-85.0,177922.8,0.0,0.0,16343.600000000002,1.91,12.36,1.9112499999820367e-06,194266.4,多carry 黄金2012 1手(多)@403.74 / 黄金2102 1手(空)@405 价差=-1.26,,,空carry 豆油2011 1手(空)@5838 / 豆油2012 1手(多)@5836 价差=2,[AU] 多carry 黄金2012 1手(多)@403.74 / 黄金2102 1手(空)@405 价差=-1.26 z=-1.98 | [Y] 空carry 豆油2011 1手(空)@5838 / 豆油2012 1手(多)@5836 价差=2 z=0.83
2020-07-14,False,2,4,-200.0,0.0,0.0,140.0,177584.0,0.0,0.0,16472.4,-15.0,0.0,-1.5000000000000285e-05,194056.4,多carry 黄金2012 1手(多)@403.02 / 黄金2102 1手(空)@404.18 价差=-1.16,,,空carry 豆油2011 1手(空)@5888 / 豆油2012 1手(多)@5878 价差=10,[AU] 多carry 黄金2012 1手(多)@403.02 / 黄金2102 1手(空)@404.18 价差=-1.16 z=-1.33 | [Y] 空carry 豆油2011 1手(空)@5888 / 豆油2012 1手(多)@5878 价差=10 z=0.99
2020-07-15,False,2,4,-80.0,-7.39,0.0,-5.0,177892.0,8863.2,0.0,0.0,-23.1,12.39,-2.3096499999999375e-05,186755.2,多carry 黄金2012 1手(多)@403.62 / 黄金2102 1手(空)@404.98 价差=-1.36,空carry 热卷2011 1手(空)@3744 / 热卷2012 1手(多)@3642 价差=102,,,[AU] 多carry 黄金2012 1手(多)@403.62 / 黄金2102 1手(空)@404.98 价差=-1.36 z=-2.06 | [HC] 空carry 热卷2011 1手(空)@3744 / 热卷2012 1手(多)@3642 价差=102 z=1.06
2020-07-16,False,2,4,-20.0,280.0,0.0,0.0,177249.59999999998,8863.2,0.0,0.0,65.0,0.0,6.499999999998974e-05,186112.8,多carry 黄金2012 1手(多)@402.12 / 黄金2102 1手(空)@403.56 价差=-1.44,空carry 热卷2011 1手(空)@3744 / 热卷2012 1手(多)@3642 价差=102,,,[AU] 多carry 黄金2012 1手(多)@402.12 / 黄金2102 1手(空)@403.56 价差=-1.44 z=-2.12 | [HC] 空carry 热卷2011 1手(空)@3744 / 热卷2012 1手(多)@3642 价差=102 z=1.00
2020-07-17,False,1,2,-120.0,-7.36,0.0,0.0,176215.59999999998,0.0,0.0,0.0,-31.84,7.36,-3.183950000001222e-05,176215.6,多carry 黄金2012 1手(多)@399.76 / 黄金2102 1手(空)@401.22 价差=-1.46,,,,[AU] 多carry 黄金2012 1手(多)@399.76 / 黄金2102 1手(空)@401.22 价差=-1.46 z=-1.92
2020-07-20,False,1,2,160.0,0.0,0.0,0.0,177130.8,0.0,0.0,0.0,40.0,0.0,4.000000000003661e-05,177130.8,多carry 黄金2012 1手(多)@401.78 / 黄金2102 1手(空)@403.36 价差=-1.58,,,,[AU] 多carry 黄金2012 1手(多)@401.78 / 黄金2102 1手(空)@403.36 价差=-1.58 z=-2.01
2020-07-21,False,2,4,40.0,0.0,0.0,-65.0,178310.0,0.0,0.0,17332.0,-6.25,5.0,-6.25000000001323e-06,195642.0,多carry 黄金2012 1手(多)@404.54 / 黄金2102 1手(空)@405.96 价差=-1.42,,,空carry 豆油2011 1手(空)@6198 / 豆油2012 1手(多)@6182 价差=16,[AU] 多carry 黄金2012 1手(多)@404.54 / 黄金2102 1手(空)@405.96 价差=-1.42 z=-1.24 | [Y] 空carry 豆油2011 1手(空)@6198 / 豆油2012 1手(多)@6182 价差=16 z=1.56
2020-07-22,False,2,4,60.0,0.0,0.0,-220.0,182560.4,0.0,0.0,17278.800000000003,-40.0,0.0,-3.999999999999454e-05,199839.2,多carry 黄金2012 1手(多)@414.22 / 黄金2102 1手(空)@415.6 价差=-1.38,,,空carry 豆油2011 1手(空)@6182 / 豆油2012 1手(多)@6160 价差=22,[AU] 多carry 黄金2012 1手(多)@414.22 / 黄金2102 1手(空)@415.6 价差=-1.38 z=-0.87 | [Y] 空carry 豆油2011 1手(空)@6182 / 豆油2012 1手(多)@6160 价差=22 z=1.64
2020-07-23,False,2,4,-40.0,-507.54,0.0,-40.0,0.0,9044.4,0.0,17472.0,-146.88,47.54,-0.0001468842499999995,26516.4,,空carry 热卷2011 1手(空)@3822 / 热卷2012 1手(多)@3715 价差=107,,空carry 豆油2011 1手(空)@6262 / 豆油2012 1手(多)@6218 价差=44,[HC] 空carry 热卷2011 1手(空)@3822 / 热卷2012 1手(多)@3715 价差=107 z=0.90 | [Y] 空carry 豆油2011 1手(空)@6262 / 豆油2012 1手(多)@6218 价差=44 z=2.19
2020-07-24,False,2,4,0.0,240.0,0.0,-0.0,0.0,8984.4,0.0,17365.600000000002,60.0,0.0,5.999999999999995e-05,26350.0,,空carry 热卷2011 1手(空)@3822 / 热卷2012 1手(多)@3665 价差=157,,空carry 豆油2011 1手(空)@6226 / 豆油2012 1手(多)@6178 价差=48,[HC] 空carry 热卷2011 1手(空)@3822 / 热卷2012 1手(多)@3665 价差=157 z=1.73 | [Y] 空carry 豆油2011 1手(空)@6226 / 豆油2012 1手(多)@6178 价差=48 z=1.98
2020-07-27,False,3,6,-140.0,-0.0,0.0,260.0,189591.59999999998,8955.599999999999,0.0,17276.0,30.0,40.0,3.0000000000008596e-05,215823.2,多carry 黄金2012 1手(多)@430.06 / 黄金2102 1手(空)@431.72 价差=-1.66,空carry 热卷2011 1手(空)@3798 / 热卷2012 1手(多)@3665 价差=133,,空carry 豆油2011 1手(空)@6194 / 豆油2012 1手(多)@6146 价差=48,[AU] 多carry 黄金2012 1手(多)@430.06 / 黄金2102 1手(空)@431.72 价差=-1.66 z=-1.42 | [HC] 空carry 热卷2011 1手(空)@3798 / 热卷2012 1手(多)@3665 价差=133 z=1.32 | [Y] 空carry 豆油2011 1手(空)@6194 / 豆油2012 1手(多)@6146 价差=48 z=1.89
2020-07-28,False,3,6,400.0,-0.0,0.0,20.0,189560.8,8955.599999999999,0.0,16987.600000000002,105.0,0.0,0.00010499999999998516,215504.0,多carry 黄金2012 1手(多)@429.94 / 黄金2102 1手(空)@431.7 价差=-1.76,空carry 热卷2011 1手(空)@3798 / 热卷2012 1手(多)@3665 价差=133,,空carry 豆油2011 1手(空)@6078 / 豆油2012 1手(多)@6056 价差=22,[AU] 多carry 黄金2012 1手(多)@429.94 / 黄金2102 1手(空)@431.7 价差=-1.76 z=-1.63 | [HC] 空carry 热卷2011 1手(空)@3798 / 热卷2012 1手(多)@3665 价差=133 z=1.23 | [Y] 空carry 豆油2011 1手(空)@6078 / 豆油2012 1手(多)@6056 价差=22 z=0.79
2020-07-29,False,1,2,-40.0,-160.0,0.0,-5.0,0.0,8955.599999999999,0.0,0.0,-51.25,45.0,-5.125000000000065e-05,8955.6,,空carry 热卷2011 1手(空)@3798 / 热卷2012 1手(多)@3665 价差=133,,,[HC] 空carry 热卷2011 1手(空)@3798 / 热卷2012 1手(多)@3665 价差=133 z=1.11
2020-07-30,False,2,4,-220.0,550.0,0.0,0.0,189076.8,8974.8,0.0,0.0,82.5,40.0,8.250000000000844e-05,198051.6,多carry 黄金2012 1手(多)@428.94 / 黄金2102 1手(空)@430.5 价差=-1.56,空carry 热卷2011 1手(空)@3814 / 热卷2012 1手(多)@3665 价差=149,,,[AU] 多carry 黄金2012 1手(多)@428.94 / 黄金2102 1手(空)@430.5 价差=-1.56 z=-0.81 | [HC] 空carry 热卷2011 1手(空)@3814 / 热卷2012 1手(多)@3665 价差=149 z=1.39
2020-07-31,False,1,2,-40.0,-7.55,0.0,0.0,190841.2,0.0,0.0,0.0,-11.89,7.55,-1.1887000000004947e-05,190841.2,多carry 黄金2012 1手(多)@432.86 / 黄金2102 1手(空)@434.6 价差=-1.74,,,,[AU] 多carry 黄金2012 1手(多)@432.86 / 黄金2102 1手(空)@434.6 价差=-1.74 z=-1.34
2020-08-03,False,3,6,-0.0,732.53,0.0,-5.0,190207.6,8965.2,0.0,17959.200000000004,181.88,12.47,0.00018188224999998875,217132.0,多carry 黄金2012 1手(多)@431.4 / 黄金2102 1手(空)@433.18 价差=-1.78,多carry 热卷2012 1手(多)@3727 / 热卷2101 1手(空)@3744 价差=-17,,空carry 豆油2012 1手(空)@6432 / 豆油2101 1手(多)@6396 价差=36,[AU] 多carry 黄金2012 1手(多)@431.4 / 黄金2102 1手(空)@433.18 价差=-1.78 z=-1.45 | [HC] 多carry 热卷2012 1手(多)@3727 / 热卷2101 1手(空)@3744 价差=-17 z=-2.55 | [Y] 空carry 豆油2012 1手(空)@6432 / 豆油2101 1手(多)@6396 价差=36 z=1.22
2020-08-04,False,3,6,-180.0,310.0,0.0,-20.0,190454.0,9080.4,0.0,18054.4,27.5,0.0,2.7500000000014197e-05,217588.8,多carry 黄金2012 1手(多)@431.96 / 黄金2102 1手(空)@433.74 价差=-1.78,多carry 热卷2012 1手(多)@3812 / 热卷2101 1手(空)@3755 价差=57,,空carry 豆油2012 1手(空)@6466 / 豆油2101 1手(多)@6430 价差=36,[AU] 多carry 黄金2012 1手(多)@431.96 / 黄金2102 1手(空)@433.74 价差=-1.78 z=-1.34 | [HC] 多carry 热卷2012 1手(多)@3812 / 热卷2101 1手(空)@3755 价差=57 z=-0.79 | [Y] 空carry 豆油2012 1手(空)@6466 / 豆油2101 1手(多)@6430 价差=36 z=1.11
2020-08-05,False,2,4,60.0,-7.59,0.0,-20.0,195817.59999999998,0.0,0.0,17642.800000000003,8.1,7.59,8.10250000001655e-06,213460.4,多carry 黄金2012 1手(多)@444.06 / 黄金2102 1手(空)@446.02 价差=-1.96,,,空carry 豆油2012 1手(空)@6320 / 豆油2101 1手(多)@6282 价差=38,[AU] 多carry 黄金2012 1手(多)@444.06 / 黄金2102 1手(空)@446.02 价差=-1.96 z=-1.74 | [Y] 空carry 豆油2012 1手(空)@6320 / 豆油2101 1手(多)@6282 价差=38 z=1.09
2020-08-06,False,2,4,20.0,0.0,0.0,20.0,197344.4,0.0,0.0,17662.4,10.0,0.0,1.0000000000004e-05,215006.8,多carry 黄金2012 1手(多)@447.56 / 黄金2102 1手(空)@449.46 价差=-1.9,,,空carry 豆油2012 1手(空)@6328 / 豆油2101 1手(多)@6288 价差=40,[AU] 多carry 黄金2012 1手(多)@447.56 / 黄金2102 1手(空)@449.46 价差=-1.9 z=-1.36 | [Y] 空carry 豆油2012 1手(空)@6328 / 豆油2101 1手(多)@6288 价差=40 z=1.08
2020-08-07,False,3,6,-80.0,172.44,0.0,180.0,198290.4,9066.0,0.0,17592.4,68.11,7.56,6.81112500000014e-05,224948.8,多carry 黄金2012 1手(多)@449.72 / 黄金2102 1手(空)@451.6 价差=-1.88,多carry 热卷2012 1手(多)@3794 / 热卷2101 1手(空)@3761 价差=33,,空carry 豆油2012 1手(空)@6302 / 豆油2101 1手(多)@6264 价差=38,[AU] 多carry 黄金2012 1手(多)@449.72 / 黄金2102 1手(空)@451.6 价差=-1.88 z=-1.11 | [HC] 多carry 热卷2012 1手(多)@3794 / 热卷2101 1手(空)@3761 价差=33 z=-1.20 | [Y] 空carry 豆油2012 1手(空)@6302 / 豆油2101 1手(多)@6264 价差=38 z=0.89
2020-08-10,False,2,4,0.0,370.0,0.0,-5.0,196838.40000000002,9070.8,0.0,0.0,91.25,5.0,9.125000000000054e-05,205909.2,多carry 黄金2012 1手(多)@446.38 / 黄金2102 1手(空)@448.34 价差=-1.96,多carry 热卷2012 1手(多)@3805 / 热卷2101 1手(空)@3754 价差=51,,,[AU] 多carry 黄金2012 1手(多)@446.38 / 黄金2102 1手(空)@448.34 价差=-1.96 z=-1.42 | [HC] 多carry 热卷2012 1手(多)@3805 / 热卷2101 1手(空)@3754 价差=51 z=-0.79
2020-08-11,False,1,2,-780.0,-7.57,0.0,0.0,192684.8,0.0,0.0,0.0,-196.89,7.57,-0.0001968919999999918,192684.8,多carry 黄金2012 1手(多)@436.94 / 黄金2102 1手(空)@438.9 价差=-1.96,,,,[AU] 多carry 黄金2012 1手(多)@436.94 / 黄金2102 1手(空)@438.9 价差=-1.96 z=-1.53
2020-08-12,False,1,2,800.0,0.0,0.0,0.0,184153.2,0.0,0.0,0.0,200.0,0.0,0.0001999999999999868,184153.2,多carry 黄金2012 1手(多)@417.16 / 黄金2102 1手(空)@419.9 价差=-2.74,,,,[AU] 多carry 黄金2012 1手(多)@417.16 / 黄金2102 1手(空)@419.9 价差=-2.74 z=-3.50
2020-08-13,False,1,2,-180.0,0.0,0.0,0.0,183792.40000000002,0.0,0.0,0.0,-45.0,0.0,-4.4999999999990563e-05,183792.4,多carry 黄金2012 1手(多)@416.74 / 黄金2102 1手(空)@418.68 价差=-1.94,,,,[AU] 多carry 黄金2012 1手(多)@416.74 / 黄金2102 1手(空)@418.68 价差=-1.94 z=-0.82
2020-08-14,False,1,2,-80.0,0.0,0.0,0.0,185398.4,0.0,0.0,0.0,-20.0,0.0,-1.9999999999976125e-05,185398.4,多carry 黄金2012 1手(多)@420.3 / 黄金2102 1手(空)@422.42 价差=-2.12,,,,[AU] 多carry 黄金2012 1手(多)@420.3 / 黄金2102 1手(空)@422.42 价差=-2.12 z=-1.21
2020-08-17,False,2,4,260.0,-507.66,0.0,0.0,187237.6,9195.599999999999,0.0,0.0,-61.92,7.66,-6.191574999999949e-05,196433.2,多carry 黄金2012 1手(多)@424.44 / 黄金2102 1手(空)@426.64 价差=-2.2,多carry 热卷2012 1手(多)@3851 / 热卷2101 1手(空)@3812 价差=39,,,[AU] 多carry 黄金2012 1手(多)@424.44 / 黄金2102 1手(空)@426.64 价差=-2.2 z=-1.25 | [HC] 多carry 热卷2012 1手(多)@3851 / 热卷2101 1手(空)@3812 价差=39 z=-0.92
2020-08-18,False,1,2,-40.0,60.0,0.0,0.0,0.0,9255.599999999999,0.0,0.0,5.0,40.0,4.999999999999593e-06,9255.6,,多carry 热卷2012 1手(多)@3851 / 热卷2101 1手(空)@3862 价差=-11,,,[HC] 多carry 热卷2012 1手(多)@3851 / 热卷2101 1手(空)@3862 价差=-11 z=-1.86
2020-08-19,False,2,4,0.0,320.0,0.0,215.0,0.0,9248.4,0.0,18337.2,133.75,5.0,0.00013374999999999984,27585.6,,多carry 热卷2012 1手(多)@3851 / 热卷2101 1手(空)@3856 价差=-5,,空carry 豆油2012 1手(空)@6570 / 豆油2101 1手(多)@6528 价差=42,[HC] 多carry 热卷2012 1手(多)@3851 / 热卷2101 1手(空)@3856 价差=-5 z=-1.53 | [Y] 空carry 豆油2012 1手(空)@6570 / 豆油2101 1手(多)@6528 价差=42 z=0.89
2020-08-20,False,2,4,0.0,170.0,0.0,130.0,0.0,9301.2,0.0,17964.800000000003,75.0,10.0,7.500000000000012e-05,27266.0,,多carry 热卷2012 1手(多)@3889 / 热卷2101 1手(空)@3862 价差=27,,多carry 豆油2012 1手(多)@6426 / 豆油2101 1手(空)@6406 价差=20,[HC] 多carry 热卷2012 1手(多)@3889 / 热卷2101 1手(空)@3862 价差=27 z=-0.83 | [Y] 多carry 豆油2012 1手(多)@6426 / 豆油2101 1手(空)@6406 价差=20 z=-0.83
2020-08-21,True,0,0,0.0,-7.77,0.0,-5.0,0.0,0.0,0.0,0.0,-3.19,12.77,-3.192e-06,0.0,,,,,全品种空仓
2020-08-24,False,1,2,0.0,-57.76,0.0,0.0,0.0,9308.4,0.0,0.0,-14.44,7.76,-1.4439249999999979e-05,9308.4,,空carry 热卷2012 1手(空)@3928 / 热卷2101 1手(多)@3829 价差=99,,,[HC] 空carry 热卷2012 1手(空)@3928 / 热卷2101 1手(多)@3829 价差=99 z=0.78
2020-08-25,False,1,2,0.0,340.0,0.0,0.0,0.0,9302.4,0.0,0.0,85.0,0.0,8.499999999999978e-05,9302.4,,空carry 热卷2012 1手(空)@3928 / 热卷2101 1手(多)@3824 价差=104,,,[HC] 空carry 热卷2012 1手(空)@3928 / 热卷2101 1手(多)@3824 价差=104 z=0.96
2020-08-26,False,1,2,0.0,-7.7,0.0,415.0,0.0,0.0,0.0,18079.6,101.83,12.7,0.00010182599999999925,18079.6,,,,多carry 豆油2012 1手(多)@6430 / 豆油2101 1手(空)@6484 价差=-54,[Y] 多carry 豆油2012 1手(多)@6430 / 豆油2101 1手(空)@6484 价差=-54 z=-3.73
2020-08-27,False,1,2,0.0,0.0,0.0,0.0,0.0,0.0,0.0,18295.2,0.0,0.0,1.7621459846850485e-18,18295.2,,,,多carry 豆油2012 1手(多)@6528 / 豆油2101 1手(空)@6540 价差=-12,[Y] 多carry 豆油2012 1手(多)@6528 / 豆油2101 1手(空)@6540 价差=-12 z=-1.62
2020-08-28,False,2,4,260.0,0.0,0.0,40.0,185446.8,0.0,0.0,18597.600000000002,75.0,40.0,7.500000000001761e-05,204044.4,多carry 黄金2012 1手(多)@420.4 / 黄金2102 1手(空)@422.54 价差=-2.14,,,多carry 豆油2012 1手(多)@6636 / 豆油2101 1手(空)@6648 价差=-12,[AU] 多carry 黄金2012 1手(多)@420.4 / 黄金2102 1手(空)@422.54 价差=-2.14 z=-0.89 | [Y] 多carry 豆油2012 1手(多)@6636 / 豆油2101 1手(空)@6648 价差=-12 z=-1.50
2020-08-31,False,2,4,-40.0,332.21,0.0,-160.0,0.0,9354.0,0.0,18698.4,33.05,47.8,3.3051250000001704e-05,28052.4,,多carry 热卷2012 1手(多)@3885 / 热卷2101 1手(空)@3910 价差=-25,,多carry 豆油2012 1手(多)@6674 / 豆油2101 1手(空)@6682 价差=-8,[HC] 多carry 热卷2012 1手(多)@3885 / 热卷2101 1手(空)@3910 价差=-25 z=-2.13 | [Y] 多carry 豆油2012 1手(多)@6674 / 豆油2101 1手(空)@6682 价差=-8 z=-1.19
2020-09-01,False,1,2,0.0,-7.83,0.0,290.0,0.0,0.0,0.0,18709.6,70.54,17.83,7.054324999999788e-05,18709.6,,,,空carry 豆油2101 1手(空)@6710 / 豆油2103 1手(多)@6654 价差=56,[Y] 空carry 豆油2101 1手(空)@6710 / 豆油2103 1手(多)@6654 价差=56 z=1.35
2020-09-02,True,0,0,0.0,0.0,0.0,-5.0,0.0,0.0,0.0,0.0,-1.25,5.0,-1.25e-06,0.0,,,,,全品种空仓
2020-09-03,True,0,0,0.0,0.0,0.0,0.0,0.0,0.0,0.0,0.0,0.0,0.0,0.0,0.0,,,,,全品种空仓
2020-09-04,False,2,4,-40.0,192.19,0.0,0.0,184566.8,9376.8,0.0,0.0,38.05,47.81,3.804650000001709e-05,193943.6,多carry 黄金2102 1手(多)@418.4 / 黄金2104 1手(空)@420.54 价差=-2.14,多carry 热卷2101 1手(多)@3910 / 热卷2102 1手(空)@3904 价差=6,,,[AU] 多carry 黄金2102 1手(多)@418.4 / 黄金2104 1手(空)@420.54 价差=-2.14 z=-0.75 | [HC] 多carry 热卷2101 1手(多)@3910 / 热卷2102 1手(空)@3904 价差=6 z=-1.09
2020-09-07,False,1,2,-40.0,-7.7,0.0,75.0,0.0,0.0,0.0,18944.800000000003,6.82,52.7,6.824499999997101e-06,18944.8,,,,空carry 豆油2101 1手(空)@6786 / 豆油2103 1手(多)@6746 价差=40,[Y] 空carry 豆油2101 1手(空)@6786 / 豆油2103 1手(多)@6746 价差=40 z=0.80
2020-09-08,False,2,4,120.0,222.32,0.0,-5.0,184584.40000000002,9219.599999999999,0.0,0.0,84.33,52.68,8.432924999999622e-05,193804.0,多carry 黄金2102 1手(多)@418.38 / 黄金2104 1手(空)@420.64 价差=-2.26,多carry 热卷2101 1手(多)@3842 / 热卷2102 1手(空)@3841 价差=1,,,[AU] 多carry 黄金2102 1手(多)@418.38 / 黄金2104 1手(空)@420.64 价差=-2.26 z=-1.09 | [HC] 多carry 热卷2101 1手(多)@3842 / 热卷2102 1手(空)@3841 价差=1 z=-1.08
2020-09-09,False,1,2,320.0,-7.48,0.0,0.0,184593.2,0.0,0.0,0.0,78.13,7.48,7.813000000000045e-05,184593.2,多carry 黄金2102 1手(多)@418.48 / 黄金2104 1手(空)@420.58 价差=-2.1,,,,[AU] 多carry 黄金2102 1手(多)@418.48 / 黄金2104 1手(空)@420.58 价差=-2.1 z=-0.80
2020-09-10,False,1,2,240.0,0.0,0.0,0.0,185834.0,0.0,0.0,0.0,60.0,80.0,5.999999999998863e-05,185834.0,空carry 黄金2102 1手(空)@421.46 / 黄金2104 1手(多)@423.24 价差=-1.78,,,,[AU] 空carry 黄金2102 1手(空)@421.46 / 黄金2104 1手(多)@423.24 价差=-1.78 z=1.12
2020-09-11,False,1,2,-0.0,0.0,0.0,0.0,185288.4,0.0,0.0,0.0,-0.0,80.0,-3.3679725675028747e-18,185288.4,多carry 黄金2102 1手(多)@420.06 / 黄金2104 1手(空)@422.16 价差=-2.1,,,,[AU] 多carry 黄金2102 1手(多)@420.06 / 黄金2104 1手(空)@422.16 价差=-2.1 z=-0.79
2020-09-14,True,0,0,-40.0,0.0,0.0,0.0,0.0,0.0,0.0,0.0,-10.0,40.0,-1e-05,0.0,,,,,全品种空仓
2020-09-15,False,2,4,180.0,222.53,0.0,0.0,186001.2,8964.0,0.0,0.0,100.63,47.47,0.00010063250000000977,194965.2,多carry 黄金2102 1手(多)@421.64 / 黄金2104 1手(空)@423.82 价差=-2.18,多carry 热卷2101 1手(多)@3730 / 热卷2102 1手(空)@3740 价差=-10,,,[AU] 多carry 黄金2102 1手(多)@421.64 / 黄金2104 1手(空)@423.82 价差=-2.18 z=-1.18 | [HC] 多carry 热卷2101 1手(多)@3730 / 热卷2102 1手(空)@3740 价差=-10 z=-1.35
2020-09-16,False,1,2,-40.0,-7.36,0.0,315.0,0.0,0.0,0.0,19745.600000000002,66.91,52.36,6.69087499999983e-05,19745.6,,,,多carry 豆油2101 1手(多)@7040 / 豆油2103 1手(空)@7064 价差=-24,[Y] 多carry 豆油2101 1手(多)@7040 / 豆油2103 1手(空)@7064 价差=-24 z=-1.58
2020-09-17,False,2,4,40.0,0.0,95.0,-5.0,184091.6,0.0,17455.200000000004,0.0,32.5,50.0,3.250000000001989e-05,201546.8,空carry 黄金2102 1手(空)@417.5 / 黄金2104 1手(多)@419.28 价差=-1.78,,多carry 棕榈油2101 1手(多)@6232 / 棕榈油2102 1手(空)@6236 价差=-4,,[AU] 空carry 黄金2102 1手(空)@417.5 / 黄金2104 1手(多)@419.28 价差=-1.78 z=1.20 | [P] 多carry 棕榈油2101 1手(多)@6232 / 棕榈油2102 1手(空)@6236 价差=-4 z=-1.33
2020-09-18,False,2,4,160.0,0.0,-40.0,0.0,184698.8,0.0,17866.800000000003,0.0,30.0,0.0,2.9999999999992527e-05,202565.6,空carry 黄金2102 1手(空)@418.84 / 黄金2104 1手(多)@420.7 价差=-1.86,,多carry 棕榈油2101 1手(多)@6384 / 棕榈油2102 1手(空)@6378 价差=6,,[AU] 空carry 黄金2102 1手(空)@418.84 / 黄金2104 1手(多)@420.7 价差=-1.86 z=0.83 | [P] 多carry 棕榈油2101 1手(多)@6384 / 棕榈油2102 1手(空)@6378 价差=6 z=-0.91
2020-09-21,False,1,2,-40.0,0.0,260.0,0.0,0.0,0.0,18141.2,0.0,55.0,40.0,5.500000000000068e-05,18141.2,,,多carry 棕榈油2101 1手(多)@6480 / 棕榈油2102 1手(空)@6478 价差=2,,[P] 多carry 棕榈油2101 1手(多)@6480 / 棕榈油2102 1手(空)@6478 价差=2 z=-1.16
2020-09-22,False,1,2,60.0,0.0,-5.0,0.0,180694.8,0.0,0.0,0.0,13.75,45.0,1.375e-05,180694.8,多carry 黄金2102 1手(多)@409.56 / 黄金2104 1手(空)@411.78 价差=-2.22,,,,[AU] 多carry 黄金2102 1手(多)@409.56 / 黄金2104 1手(空)@411.78 价差=-2.22 z=-1.69
2020-09-23,False,2,4,300.0,0.0,0.0,75.0,177663.2,0.0,0.0,19580.4,93.75,5.0,9.374999999997641e-05,197243.6,多carry 黄金2102 1手(多)@402.72 / 黄金2104 1手(空)@404.84 价差=-2.12,,,空carry 豆油2101 1手(空)@7012 / 豆油2103 1手(多)@6974 价差=38,[AU] 多carry 黄金2102 1手(多)@402.72 / 黄金2104 1手(空)@404.84 价差=-2.12 z=-1.14 | [Y] 空carry 豆油2101 1手(空)@7012 / 豆油2103 1手(多)@6974 价差=38 z=0.82
2020-09-24,False,1,2,-40.0,0.0,-685.0,-5.0,0.0,0.0,16433.2,0.0,-182.5,50.0,-0.00018249999999999977,16433.2,,,空carry 棕榈油2101 1手(空)@5888 / 棕榈油2102 1手(多)@5850 价差=38,,[P] 空carry 棕榈油2101 1手(空)@5888 / 棕榈油2102 1手(多)@5850 价差=38 z=0.77
2020-09-25,False,3,6,180.0,0.0,520.0,55.0,177575.2,0.0,16343.6,19294.800000000003,188.75,45.0,0.0001887500000000043,213213.6,空carry 黄金2102 1手(空)@402.76 / 黄金2104 1手(多)@404.4 价差=-1.64,,空carry 棕榈油2101 1手(空)@5890 / 棕榈油2102 1手(多)@5784 价差=106,空carry 豆油2101 1手(空)@6914 / 豆油2103 1手(多)@6868 价差=46,[AU] 空carry 黄金2102 1手(空)@402.76 / 黄金2104 1手(多)@404.4 价差=-1.64 z=1.76 | [P] 空carry 棕榈油2101 1手(空)@5890 / 棕榈油2102 1手(多)@5784 价差=106 z=4.21 | [Y] 空carry 豆油2101 1手(空)@6914 / 豆油2103 1手(多)@6868 价差=46 z=1.11
2020-09-28,False,1,2,-40.0,0.0,-0.0,-5.0,0.0,0.0,16410.800000000003,0.0,-11.25,45.0,-1.125000000000084e-05,16410.8,,,空carry 棕榈油2101 1手(空)@5888 / 棕榈油2102 1手(多)@5834 价差=54,,[P] 空carry 棕榈油2101 1手(空)@5888 / 棕榈油2102 1手(多)@5834 价差=54 z=1.41
2020-09-29,False,2,4,20.0,0.0,80.0,0.0,179722.4,0.0,16539.6,0.0,25.0,40.0,2.499999999999837e-05,196262.0,空carry 黄金2102 1手(空)@407.56 / 黄金2104 1手(多)@409.36 价差=-1.8,,空carry 棕榈油2101 1手(空)@5934 / 棕榈油2102 1手(多)@5880 价差=54,,[AU] 空carry 黄金2102 1手(空)@407.56 / 黄金2104 1手(多)@409.36 价差=-1.8 z=0.90 | [P] 空carry 棕榈油2101 1手(空)@5934 / 棕榈油2102 1手(多)@5880 价差=54 z=1.36
2020-09-30,False,1,2,-40.0,0.0,40.0,0.0,0.0,0.0,15996.400000000001,0.0,-0.0,40.0,-9.094947017729282e-19,15996.4,,,空carry 棕榈油2101 1手(空)@5736 / 棕榈油2102 1手(多)@5690 价差=46,,[P] 空carry 棕榈油2101 1手(空)@5736 / 棕榈油2102 1手(多)@5690 价差=46 z=0.97
2020-10-09,False,1,2,0.0,0.0,-5.0,-5.0,0.0,0.0,0.0,19412.4,-2.5,10.0,-2.5000000000027285e-06,19412.4,,,,空carry 豆油2103 1手(空)@7022 / 豆油2105 1手(多)@6844 价差=178,[Y] 空carry 豆油2103 1手(空)@7022 / 豆油2105 1手(多)@6844 价差=178 z=3.88
2020-10-12,False,1,2,0.0,0.0,0.0,-60.0,0.0,0.0,0.0,19826.800000000003,-15.0,0.0,-1.500000000000118e-05,19826.8,,,,空carry 豆油2103 1手(空)@7170 / 豆油2105 1手(多)@6992 价差=178,[Y] 空carry 豆油2103 1手(空)@7170 / 豆油2105 1手(多)@6992 价差=178 z=2.78
2020-10-13,False,2,4,180.0,0.0,0.0,40.0,181086.4,0.0,0.0,19678.4,55.0,40.0,5.5000000000012165e-05,200764.8,空carry 黄金2102 1手(空)@410.66 / 黄金2104 1手(多)@412.46 价差=-1.8,,,空carry 豆油2103 1手(空)@7120 / 豆油2105 1手(多)@6936 价差=184,[AU] 空carry 黄金2102 1手(空)@410.66 / 黄金2104 1手(多)@412.46 价差=-1.8 z=0.94 | [Y] 空carry 豆油2103 1手(空)@7120 / 豆油2105 1手(多)@6936 价差=184 z=2.31
2020-10-14,False,2,4,-40.0,0.0,95.0,120.0,0.0,0.0,17360.0,19672.800000000003,43.75,45.0,4.374999999999885e-05,37032.8,,,空carry 棕榈油2102 1手(空)@6226 / 棕榈油2103 1手(多)@6174 价差=52,空carry 豆油2103 1手(空)@7116 / 豆油2105 1手(多)@6936 价差=180,[P] 空carry 棕榈油2102 1手(空)@6226 / 棕榈油2103 1手(多)@6174 价差=52 z=1.12 | [Y] 空carry 豆油2103 1手(空)@7116 / 豆油2105 1手(多)@6936 价差=180 z=1.90
2020-10-15,False,3,6,180.0,62.69,-5.0,-260.0,178807.2,8773.2,0.0,19516.0,-5.58,52.31,-5.5777499999901965e-06,207096.4,多carry 黄金2102 1手(多)@405.36 / 黄金2104 1手(空)@407.4 价差=-2.04,空carry 热卷2102 1手(空)@3676 / 热卷2103 1手(多)@3635 价差=41,,空carry 豆油2103 1手(空)@7054 / 豆油2105 1手(多)@6886 价差=168,[AU] 多carry 黄金2102 1手(多)@405.36 / 黄金2104 1手(空)@407.4 价差=-2.04 z=-0.79 | [HC] 空carry 热卷2102 1手(空)@3676 / 热卷2103 1手(多)@3635 价差=41 z=0.88 | [Y] 空carry 豆油2103 1手(空)@7054 / 豆油2105 1手(多)@6886 价差=168 z=1.51
2020-10-16,False,3,6,140.0,-7.35,95.0,-60.0,179445.2,0.0,16746.800000000003,19266.800000000003,41.91,92.35,4.1913499999999286e-05,215458.8,空carry 黄金2102 1手(空)@406.92 / 黄金2104 1手(多)@408.74 价差=-1.82,,空carry 棕榈油2102 1手(空)@6010 / 棕榈油2103 1手(多)@5952 价差=58,空carry 豆油2103 1手(空)@6978 / 豆油2105 1手(多)@6784 价差=194,[AU] 空carry 黄金2102 1手(空)@406.92 / 黄金2104 1手(多)@408.74 价差=-1.82 z=0.78 | [P] 空carry 棕榈油2102 1手(空)@6010 / 棕榈油2103 1手(多)@5952 价差=58 z=1.51 | [Y] 空carry 豆油2103 1手(空)@6978 / 豆油2105 1手(多)@6784 价差=194 z=1.64
2020-10-19,False,2,4,-40.0,0.0,-80.0,220.0,0.0,0.0,16172.800000000003,18872.0,25.0,40.0,2.5000000000000682e-05,35044.8,,,空carry 棕榈油2102 1手(空)@5800 / 棕榈油2103 1手(多)@5752 价差=48,空carry 豆油2103 1手(空)@6840 / 豆油2105 1手(多)@6640 价差=200,[P] 空carry 棕榈油2102 1手(空)@5800 / 棕榈油2103 1手(多)@5752 价差=48 z=1.04 | [Y] 空carry 豆油2103 1手(空)@6840 / 豆油2105 1手(多)@6640 价差=200 z=1.52
2020-10-20,False,4,8,260.0,-37.35,120.0,-220.0,178802.8,8821.2,16436.0,19110.0,30.66,47.35,3.066225000000709e-05,223170.0,空carry 黄金2102 1手(空)@405.54 / 黄金2104 1手(多)@407.2 价差=-1.66,空carry 热卷2102 1手(空)@3695 / 热卷2103 1手(多)@3656 价差=39,空carry 棕榈油2102 1手(空)@5898 / 棕榈油2103 1手(多)@5842 价差=56,空carry 豆油2103 1手(空)@6914 / 豆油2105 1手(多)@6736 价差=178,[AU] 空carry 黄金2102 1手(空)@405.54 / 黄金2104 1手(多)@407.2 价差=-1.66 z=1.60 | [HC] 空carry 热卷2102 1手(空)@3695 / 热卷2103 1手(多)@3656 价差=39 z=0.88 | [P] 空carry 棕榈油2102 1手(空)@5898 / 棕榈油2103 1手(多)@5842 价差=56 z=1.42 | [Y] 空carry 豆油2103 1手(空)@6914 / 豆油2105 1手(多)@6736 价差=178 z=1.12
2020-10-21,False,2,4,-40.0,0.0,-5.0,-180.0,0.0,8918.4,0.0,19387.2,-56.25,45.0,-5.6249999999997817e-05,28305.6,,空carry 热卷2102 1手(空)@3737 / 热卷2103 1手(多)@3695 价差=42,,空carry 豆油2103 1手(空)@7024 / 豆油2105 1手(多)@6824 价差=200,[HC] 空carry 热卷2102 1手(空)@3737 / 热卷2103 1手(多)@3695 价差=42 z=1.34 | [Y] 空carry 豆油2103 1手(空)@7024 / 豆油2105 1手(多)@6824 价差=200 z=1.24
2020-10-22,False,3,6,0.0,10.0,-105.0,-20.0,0.0,8949.599999999999,16931.600000000002,19552.4,-28.75,5.0,-2.875000000000061e-05,45433.6,,空carry 热卷2102 1手(空)@3750 / 热卷2103 1手(多)@3708 价差=42,空carry 棕榈油2102 1手(空)@6076 / 棕榈油2103 1手(多)@6018 价差=58,空carry 豆油2103 1手(空)@7092 / 豆油2105 1手(多)@6874 价差=218,[HC] 空carry 热卷2102 1手(空)@3750 / 热卷2103 1手(多)@3708 价差=42 z=1.30 | [P] 空carry 棕榈油2102 1手(空)@6076 / 棕榈油2103 1手(多)@6018 价差=58 z=1.39 | [Y] 空carry 豆油2103 1手(空)@7092 / 豆油2105 1手(多)@6874 价差=218 z=1.33
2020-10-23,False,3,6,0.0,-20.0,60.0,-120.0,0.0,8912.4,16749.600000000002,19448.800000000003,-20.0,0.0,-1.9999999999997244e-05,45110.8,,空carry 热卷2102 1手(空)@3734 / 热卷2103 1手(多)@3693 价差=41,空carry 棕榈油2102 1手(空)@6016 / 棕榈油2103 1手(多)@5948 价差=68,空carry 豆油2103 1手(空)@7056 / 豆油2105 1手(多)@6836 价差=220,[HC] 空carry 热卷2102 1手(空)@3734 / 热卷2103 1手(多)@3693 价差=41 z=1.05 | [P] 空carry 棕榈油2102 1手(空)@6016 / 棕榈油2103 1手(多)@5948 价差=68 z=1.90 | [Y] 空carry 豆油2103 1手(空)@7056 / 豆油2105 1手(多)@6836 价差=220 z=1.22
2020-10-26,False,4,8,-20.0,10.0,20.0,-220.0,177914.0,8912.4,17099.600000000002,19863.200000000004,-52.5,40.0,-5.2499999999987764e-05,223789.2,多carry 黄金2102 1手(多)@403.32 / 黄金2104 1手(空)@405.38 价差=-2.06,空carry 热卷2102 1手(空)@3735 / 热卷2103 1手(多)@3692 价差=43,空carry 棕榈油2102 1手(空)@6138 / 棕榈油2103 1手(多)@6076 价差=62,空carry 豆油2103 1手(空)@7210 / 豆油2105 1手(多)@6978 价差=232,[AU] 多carry 黄金2102 1手(多)@403.32 / 黄金2104 1手(空)@405.38 价差=-2.06 z=-0.89 | [HC] 空carry 热卷2102 1手(空)@3735 / 热卷2103 1手(多)@3692 价差=43 z=1.18 | [P] 空carry 棕榈油2102 1手(空)@6138 / 棕榈油2103 1手(多)@6076 价差=62 z=1.45 | [Y] 空carry 豆油2103 1手(空)@7210 / 豆油2105 1手(多)@6978 价差=232 z=1.24
2020-10-27,False,3,6,-40.0,90.0,-360.0,60.0,0.0,8942.4,17287.2,19927.600000000002,-62.5,40.0,-6.24999999999997e-05,46157.2,,空carry 热卷2102 1手(空)@3747 / 热卷2103 1手(多)@3705 价差=42,空carry 棕榈油2102 1手(空)@6204 / 棕榈油2103 1手(多)@6144 价差=60,空carry 豆油2103 1手(空)@7244 / 豆油2105 1手(多)@6990 价差=254,[HC] 空carry 热卷2102 1手(空)@3747 / 热卷2103 1手(多)@3705 价差=42 z=0.96 | [P] 空carry 棕榈油2102 1手(空)@6204 / 棕榈油2103 1手(多)@6144 价差=60 z=1.27 | [Y] 空carry 豆油2103 1手(空)@7244 / 豆油2105 1手(多)@6990 价差=254 z=1.35
2020-10-28,False,3,6,260.0,-7.53,60.0,-180.0,179577.2,0.0,17343.200000000004,19790.4,33.12,47.53,3.311774999999487e-05,216710.8,空carry 黄金2102 1手(空)@407.22 / 黄金2104 1手(多)@409.04 价差=-1.82,,空carry 棕榈油2102 1手(空)@6242 / 棕榈油2103 1手(多)@6146 价差=96,空carry 豆油2103 1手(空)@7192 / 豆油2105 1手(多)@6944 价差=248,[AU] 空carry 黄金2102 1手(空)@407.22 / 黄金2104 1手(多)@409.04 价差=-1.82 z=0.79 | [P] 空carry 棕榈油2102 1手(空)@6242 / 棕榈油2103 1手(多)@6146 价差=96 z=2.86 | [Y] 空carry 豆油2103 1手(空)@7192 / 豆油2105 1手(多)@6944 价差=248 z=1.17
2020-10-29,False,3,6,120.0,0.0,-280.0,-380.0,177249.6,0.0,17301.2,19686.800000000003,-135.0,80.0,-0.00013499999999999062,214237.6,多carry 黄金2102 1手(多)@401.78 / 黄金2104 1手(空)@403.9 价差=-2.12,,空carry 棕榈油2102 1手(空)@6224 / 棕榈油2103 1手(多)@6134 价差=90,空carry 豆油2103 1手(空)@7164 / 豆油2105 1手(多)@6898 价差=266,[AU] 多carry 黄金2102 1手(多)@401.78 / 黄金2104 1手(空)@403.9 价差=-2.12 z=-1.53 | [P] 空carry 棕榈油2102 1手(空)@6224 / 棕榈油2103 1手(多)@6134 价差=90 z=2.41 | [Y] 空carry 豆油2103 1手(空)@7164 / 豆油2105 1手(多)@6898 价差=266 z=1.26
2020-10-30,False,2,4,-40.0,0.0,120.0,360.0,0.0,0.0,17088.4,19482.4,110.0,40.0,0.0001099999999999999,36570.8,,,空carry 棕榈油2102 1手(空)@6162 / 棕榈油2103 1手(多)@6044 价差=118,空carry 豆油2103 1手(空)@7110 / 豆油2105 1手(多)@6806 价差=304,[P] 空carry 棕榈油2102 1手(空)@6162 / 棕榈油2103 1手(多)@6044 价差=118 z=3.36 | [Y] 空carry 豆油2103 1手(空)@7110 / 豆油2105 1手(多)@6806 价差=304 z=1.57
2020-11-02,False,3,6,0.0,2.48,80.0,-380.0,0.0,9021.599999999999,16534.0,19353.600000000002,-74.38,7.52,-7.437949999999747e-05,44909.2,,多carry 热卷2103 1手(多)@3773 / 热卷2104 1手(空)@3745 价差=28,空carry 棕榈油2103 1手(空)@5960 / 棕榈油2104 1手(多)@5850 价差=110,空carry 豆油2103 1手(空)@7046 / 豆油2105 1手(多)@6778 价差=268,[HC] 多carry 热卷2103 1手(多)@3773 / 热卷2104 1手(空)@3745 价差=28 z=-1.62 | [P] 空carry 棕榈油2103 1手(空)@5960 / 棕榈油2104 1手(多)@5850 价差=110 z=2.89 | [Y] 空carry 豆油2103 1手(空)@7046 / 豆油2105 1手(多)@6778 价差=268 z=1.03
2020-11-03,False,4,8,-280.0,60.0,-200.0,-240.0,179445.2,8994.0,17172.4,19826.800000000003,-165.0,40.0,-0.0001650000000000129,225438.4,多carry 黄金2104 1手(多)@406.8 / 黄金2106 1手(空)@408.86 价差=-2.06,多carry 热卷2103 1手(多)@3762 / 热卷2104 1手(空)@3733 价差=29,空carry 棕榈油2103 1手(空)@6184 / 棕榈油2104 1手(多)@6082 价差=102,空carry 豆油2103 1手(空)@7234 / 豆油2105 1手(多)@6928 价差=306,[AU] 多carry 黄金2104 1手(多)@406.8 / 黄金2106 1手(空)@408.86 价差=-2.06 z=-0.79 | [HC] 多carry 热卷2103 1手(多)@3762 / 热卷2104 1手(空)@3733 价差=29 z=-1.65 | [P] 空carry 棕榈油2103 1手(空)@6184 / 棕榈油2104 1手(多)@6082 价差=102 z=2.26 | [Y] 空carry 豆油2103 1手(空)@7234 / 豆油2105 1手(多)@6928 价差=306 z=1.43
2020-11-04,False,3,6,540.0,-7.53,60.0,200.0,180131.6,0.0,17256.4,19944.4,198.12,7.53,0.0001981172500000003,217332.4,多carry 黄金2104 1手(多)@408.24 / 黄金2106 1手(空)@410.54 价差=-2.3,,空carry 棕榈油2103 1手(空)@6224 / 棕榈油2104 1手(多)@6102 价差=122,空carry 豆油2103 1手(空)@7288 / 豆油2105 1手(多)@6958 价差=330,[AU] 多carry 黄金2104 1手(多)@408.24 / 黄金2106 1手(空)@410.54 价差=-2.3 z=-2.19 | [P] 空carry 棕榈油2103 1手(空)@6224 / 棕榈油2104 1手(多)@6102 价差=122 z=2.74 | [Y] 空carry 豆油2103 1手(空)@7288 / 豆油2105 1手(多)@6958 价差=330 z=1.70
2020-11-05,False,4,8,180.0,22.44,280.0,-180.0,180171.2,9068.4,17528.0,20140.4,75.61,87.56,7.561074999999699e-05,226908.0,空carry 黄金2104 1手(空)@408.6 / 黄金2106 1手(多)@410.36 价差=-1.76,多carry 热卷2103 1手(多)@3795 / 热卷2104 1手(空)@3762 价差=33,空carry 棕榈油2103 1手(空)@6318 / 棕榈油2104 1手(多)@6202 价差=116,空carry 豆油2103 1手(空)@7348 / 豆油2105 1手(多)@7038 价差=310,[AU] 空carry 黄金2104 1手(空)@408.6 / 黄金2106 1手(多)@410.36 价差=-1.76 z=1.55 | [HC] 多carry 热卷2103 1手(多)@3795 / 热卷2104 1手(空)@3762 价差=33 z=-0.79 | [P] 空carry 棕榈油2103 1手(空)@6318 / 棕榈油2104 1手(多)@6202 价差=116 z=2.32 | [Y] 空carry 豆油2103 1手(空)@7348 / 豆油2105 1手(多)@7038 价差=310 z=1.53
2020-11-06,False,2,4,-40.0,-7.6,-120.0,600.0,0.0,0.0,17701.600000000002,20400.800000000003,108.1,47.6,0.00010810049999999932,38102.4,,,空carry 棕榈油2103 1手(空)@6366 / 棕榈油2104 1手(多)@6278 价差=88,空carry 豆油2103 1手(空)@7450 / 豆油2105 1手(多)@7122 价差=328,[P] 空carry 棕榈油2103 1手(空)@6366 / 棕榈油2104 1手(多)@6278 价差=88 z=1.32 | [Y] 空carry 豆油2103 1手(空)@7450 / 豆油2105 1手(多)@7122 价差=328 z=1.64
2020-11-09,False,3,6,-20.0,-7.71,60.0,-5.0,181552.8,9250.8,17376.800000000003,0.0,6.82,52.71,6.822749999991729e-06,208180.4,多carry 黄金2104 1手(多)@411.54 / 黄金2106 1手(空)@413.7 价差=-2.16,多carry 热卷2103 1手(多)@3869 / 热卷2104 1手(空)@3840 价差=29,空carry 棕榈油2103 1手(空)@6256 / 棕榈油2104 1手(多)@6156 价差=100,,[AU] 多carry 黄金2104 1手(多)@411.54 / 黄金2106 1手(空)@413.7 价差=-2.16 z=-1.03 | [HC] 多carry 热卷2103 1手(多)@3869 / 热卷2104 1手(空)@3840 价差=29 z=-1.57 | [P] 空carry 棕榈油2103 1手(空)@6256 / 棕榈油2104 1手(多)@6156 价差=100 z=1.69
2020-11-10,False,3,6,-0.0,10.0,-40.0,0.0,176787.59999999998,9162.0,17536.4,0.0,-7.5,0.0,-7.500000000008818e-06,203486.0,多carry 黄金2104 1手(多)@400.72 / 黄金2106 1手(空)@402.86 价差=-2.14,多carry 热卷2103 1手(多)@3832 / 热卷2104 1手(空)@3803 价差=29,空carry 棕榈油2103 1手(空)@6310 / 棕榈油2104 1手(多)@6216 价差=94,,[AU] 多carry 黄金2104 1手(多)@400.72 / 黄金2106 1手(空)@402.86 价差=-2.14 z=-1.16 | [HC] 多carry 热卷2103 1手(多)@3832 / 热卷2104 1手(空)@3803 价差=29 z=-1.41 | [P] 空carry 棕榈油2103 1手(空)@6310 / 棕榈油2104 1手(多)@6216 价差=94 z=1.43
2020-11-11,False,3,6,220.0,-70.0,-360.0,0.0,176277.2,9184.8,18023.600000000002,0.0,-52.5,0.0,-5.250000000000469e-05,203485.6,多carry 黄金2104 1手(多)@399.56 / 黄金2106 1手(空)@401.7 价差=-2.14,多carry 热卷2103 1手(多)@3842 / 热卷2104 1手(空)@3812 价差=30,空carry 棕榈油2103 1手(空)@6486 / 棕榈油2104 1手(多)@6388 价差=98,,[AU] 多carry 黄金2104 1手(多)@399.56 / 黄金2106 1手(空)@401.7 价差=-2.14 z=-1.11 | [HC] 多carry 热卷2103 1手(多)@3842 / 热卷2104 1手(空)@3812 价差=30 z=-1.10 | [P] 空carry 棕榈油2103 1手(空)@6486 / 棕榈油2104 1手(多)@6388 价差=98 z=1.41
2020-11-12,False,2,4,-40.0,90.0,-40.0,0.0,0.0,9130.8,18180.4,0.0,2.5,40.0,2.500000000001464e-06,27311.2,,多carry 热卷2103 1手(多)@3816 / 热卷2104 1手(空)@3793 价差=23,空carry 棕榈油2103 1手(空)@6560 / 棕榈油2104 1手(多)@6426 价差=134,,[HC] 多carry 热卷2103 1手(多)@3816 / 热卷2104 1手(空)@3793 价差=23 z=-2.07 | [P] 空carry 棕榈油2103 1手(空)@6560 / 棕榈油2104 1手(多)@6426 价差=134 z=2.31
2020-11-13,False,1,2,0.0,-7.69,260.0,0.0,0.0,0.0,18376.4,0.0,63.08,7.69,6.307800000000006e-05,18376.4,,,空carry 棕榈油2103 1手(空)@6632 / 棕榈油2104 1手(多)@6494 价差=138,,[P] 空carry 棕榈油2103 1手(空)@6632 / 棕榈油2104 1手(多)@6494 价差=138 z=2.24
2020-11-16,False,3,6,80.0,-97.73,-160.0,0.0,176699.59999999998,9272.4,18295.2,0.0,-44.43,47.73,-4.443174999998399e-05,204267.2,空carry 黄金2104 1手(空)@400.66 / 黄金2106 1手(多)@402.52 价差=-1.86,多carry 热卷2103 1手(多)@3878 / 热卷2104 1手(空)@3849 价差=29,空carry 棕榈油2103 1手(空)@6590 / 棕榈油2104 1手(多)@6478 价差=112,,[AU] 空carry 黄金2104 1手(空)@400.66 / 黄金2106 1手(多)@402.52 价差=-1.86 z=0.78 | [HC] 多carry 热卷2103 1手(多)@3878 / 热卷2104 1手(空)@3849 价差=29 z=-0.90 | [P] 空carry 棕榈油2103 1手(空)@6590 / 棕榈油2104 1手(多)@6478 价差=112 z=1.49
2020-11-17,False,2,4,-40.0,80.0,140.0,0.0,0.0,9417.6,18631.2,0.0,45.0,40.0,4.500000000000015e-05,28048.8,,多carry 热卷2103 1手(多)@3934 / 热卷2104 1手(空)@3914 价差=20,空carry 棕榈油2103 1手(空)@6718 / 棕榈油2104 1手(多)@6590 价差=128,,[HC] 多carry 热卷2103 1手(多)@3934 / 热卷2104 1手(空)@3914 价差=20 z=-2.05 | [P] 空carry 棕榈油2103 1手(空)@6718 / 棕榈油2104 1手(多)@6590 价差=128 z=1.77
2020-11-18,False,2,4,0.0,-7.81,-100.0,0.0,175164.0,0.0,18421.200000000004,0.0,-26.95,47.81,-2.6952999999990677e-05,193585.2,空carry 黄金2104 1手(空)@397.22 / 黄金2106 1手(多)@398.98 价差=-1.76,,空carry 棕榈油2103 1手(空)@6636 / 棕榈油2104 1手(多)@6522 价差=114,,[AU] 空carry 黄金2104 1手(空)@397.22 / 黄金2106 1手(多)@398.98 价差=-1.76 z=1.57 | [P] 空carry 棕榈油2103 1手(空)@6636 / 棕榈油2104 1手(多)@6522 价差=114 z=1.39
2020-11-19,False,2,4,-240.0,0.0,340.0,0.0,174424.8,0.0,18961.6,0.0,25.0,0.0,2.499999999999504e-05,193386.4,空carry 黄金2104 1手(空)@395.52 / 黄金2106 1手(多)@397.32 价差=-1.8,,空carry 棕榈油2103 1手(空)@6834 / 棕榈油2104 1手(多)@6710 价差=124,,[AU] 空carry 黄金2104 1手(空)@395.52 / 黄金2106 1手(多)@397.32 价差=-1.8 z=1.11 | [P] 空carry 棕榈油2103 1手(空)@6834 / 棕榈油2104 1手(多)@6710 价差=124 z=1.50
2020-11-20,False,2,4,160.0,12.11,-5.0,0.0,174548.0,9471.599999999999,0.0,0.0,41.78,12.89,4.177674999999526e-05,184019.6,空carry 黄金2104 1手(空)@395.92 / 黄金2106 1手(多)@397.48 价差=-1.56,多carry 热卷2103 1手(多)@3958 / 热卷2104 1手(空)@3935 价差=23,,,[AU] 空carry 黄金2104 1手(空)@395.92 / 黄金2106 1手(多)@397.48 价差=-1.56 z=2.31 | [HC] 多carry 热卷2103 1手(多)@3958 / 热卷2104 1手(空)@3935 价差=23 z=-1.43
2020-11-23,False,4,8,0.0,-130.0,815.0,615.0,174688.8,9306.0,18132.800000000003,21072.800000000003,325.0,10.0,0.000325000000000004,223200.4,空carry 黄金2104 1手(空)@396.16 / 黄金2106 1手(多)@397.88 价差=-1.72,多carry 热卷2103 1手(多)@3890 / 热卷2104 1手(空)@3865 价差=25,多carry 棕榈油2103 1手(多)@6484 / 棕榈油2104 1手(空)@6468 价差=16,多carry 豆油2103 1手(多)@7626 / 豆油2105 1手(空)@7426 价差=200,[AU] 空carry 黄金2104 1手(空)@396.16 / 黄金2106 1手(多)@397.88 价差=-1.72 z=1.19 | [HC] 多carry 热卷2103 1手(多)@3890 / 热卷2104 1手(空)@3865 价差=25 z=-1.02 | [P] 多carry 棕榈油2103 1手(多)@6484 / 棕榈油2104 1手(空)@6468 价差=16 z=-1.17 | [Y] 多carry 豆油2103 1手(多)@7626 / 豆油2105 1手(空)@7426 价差=200 z=-2.51
2020-11-24,False,3,6,-220.0,160.0,-70.0,-5.0,170517.6,9345.599999999999,18320.4,0.0,-33.75,15.0,-3.374999999999676e-05,198183.6,空carry 黄金2104 1手(空)@386.68 / 黄金2106 1手(多)@388.4 价差=-1.72,多carry 热卷2103 1手(多)@3900 / 热卷2104 1手(空)@3888 价差=12,空carry 棕榈油2103 1手(空)@6592 / 棕榈油2104 1手(多)@6494 价差=98,,[AU] 空carry 黄金2104 1手(空)@386.68 / 黄金2106 1手(多)@388.4 价差=-1.72 z=0.86 | [HC] 多carry 热卷2103 1手(多)@3900 / 热卷2104 1手(空)@3888 价差=12 z=-2.79 | [P] 空carry 棕榈油2103 1手(空)@6592 / 棕榈油2104 1手(多)@6494 价差=98 z=0.89
2020-11-25,False,2,4,240.0,-7.8,80.0,0.0,168630.0,0.0,18328.800000000003,0.0,78.05,7.8,7.804950000001418e-05,186958.8,空carry 黄金2104 1手(空)@382.5 / 黄金2106 1手(多)@384 价差=-1.5,,空carry 棕榈油2103 1手(空)@6598 / 棕榈油2104 1手(多)@6494 价差=104,,[AU] 空carry 黄金2104 1手(空)@382.5 / 黄金2106 1手(多)@384 价差=-1.5 z=1.85 | [P] 空carry 棕榈油2103 1手(空)@6598 / 棕榈油2104 1手(多)@6494 价差=104 z=1.01
2020-11-26,False,1,2,-40.0,0.0,-120.0,0.0,0.0,0.0,18222.4,0.0,-40.0,40.0,-3.999999999999761e-05,18222.4,,,空carry 棕榈油2103 1手(空)@6556 / 棕榈油2104 1手(多)@6460 价差=96,,[P] 空carry 棕榈油2103 1手(空)@6556 / 棕榈油2104 1手(多)@6460 价差=96 z=0.79
2020-11-27,False,2,4,120.0,0.0,160.0,0.0,168872.0,0.0,18474.4,0.0,70.0,40.0,7.00000000000112e-05,187346.4,空carry 黄金2104 1手(空)@383.04 / 黄金2106 1手(多)@384.56 价差=-1.52,,空carry 棕榈油2103 1手(空)@6652 / 棕榈油2104 1手(多)@6544 价差=108,,[AU] 空carry 黄金2104 1手(空)@383.04 / 黄金2106 1手(多)@384.56 价差=-1.52 z=1.52 | [P] 空carry 棕榈油2103 1手(空)@6652 / 棕榈油2104 1手(多)@6544 价差=108 z=1.03
2020-11-30,False,1,2,-40.0,0.0,-5.0,55.0,0.0,0.0,0.0,20935.600000000002,2.5,50.0,2.500000000001439e-06,20935.6,,,,空carry 豆油2103 1手(空)@7628 / 豆油2105 1手(多)@7326 价差=302,[Y] 空carry 豆油2103 1手(空)@7628 / 豆油2105 1手(多)@7326 价差=302 z=0.77
2020-12-01,False,3,6,0.0,42.0,-45.0,-50.0,0.0,9602.4,18026.4,20202.000000000004,-13.25,23.0,-1.3250500000000425e-05,47830.8,,空carry 热卷2104 1手(空)@4021 / 热卷2105 1手(多)@3981 价差=40,空carry 棕榈油2104 1手(空)@6498 / 棕榈油2105 1手(多)@6378 价差=120,多carry 豆油2105 1手(多)@7320 / 豆油2107 1手(空)@7110 价差=210,[HC] 空carry 热卷2104 1手(空)@4021 / 热卷2105 1手(多)@3981 价差=40 z=1.79 | [P] 空carry 棕榈油2104 1手(空)@6498 / 棕榈油2105 1手(多)@6378 价差=120 z=1.34 | [Y] 多carry 豆油2105 1手(多)@7320 / 豆油2107 1手(空)@7110 价差=210 z=-1.99
2020-12-02,False,3,6,0.0,-10.0,-540.0,-20.0,0.0,9798.0,17712.800000000003,19905.200000000004,-142.5,0.0,-0.00014250000000000113,47416.0,,空carry 热卷2104 1手(空)@4100 / 热卷2105 1手(多)@4065 价差=35,空carry 棕榈油2104 1手(空)@6388 / 棕榈油2105 1手(多)@6264 价差=124,多carry 豆油2105 1手(多)@7212 / 豆油2107 1手(空)@7006 价差=206,[HC] 空carry 热卷2104 1手(空)@4100 / 热卷2105 1手(多)@4065 价差=35 z=1.00 | [P] 空carry 棕榈油2104 1手(空)@6388 / 棕榈油2105 1手(多)@6264 价差=124 z=1.44 | [Y] 多carry 豆油2105 1手(多)@7212 / 豆油2107 1手(空)@7006 价差=206 z=-1.88
2020-12-03,False,3,6,0.0,-100.0,360.0,80.0,0.0,9760.8,17962.0,20193.600000000002,85.0,0.0,8.499999999999849e-05,47916.4,,空carry 热卷2104 1手(空)@4085 / 热卷2105 1手(多)@4049 价差=36,空carry 棕榈油2104 1手(空)@6504 / 棕榈油2105 1手(多)@6326 价差=178,多carry 豆油2105 1手(多)@7314 / 豆油2107 1手(空)@7110 价差=204,[HC] 空carry 热卷2104 1手(空)@4085 / 热卷2105 1手(多)@4049 价差=36 z=1.11 | [P] 空carry 棕榈油2104 1手(空)@6504 / 棕榈油2105 1手(多)@6326 价差=178 z=2.57 | [Y] 多carry 豆油2105 1手(多)@7314 / 豆油2107 1手(空)@7110 价差=204 z=-1.71
2020-12-04,False,3,6,0.0,130.0,-60.0,120.0,0.0,9900.0,18034.800000000003,20389.600000000002,47.5,0.0,4.749999999999966e-05,48324.4,,空carry 热卷2104 1手(空)@4148 / 热卷2105 1手(多)@4102 价差=46,空carry 棕榈油2104 1手(空)@6512 / 棕榈油2105 1手(多)@6370 价差=142,多carry 豆油2105 1手(多)@7388 / 豆油2107 1手(空)@7176 价差=212,[HC] 空carry 热卷2104 1手(空)@4148 / 热卷2105 1手(多)@4102 价差=46 z=2.26 | [P] 空carry 棕榈油2104 1手(空)@6512 / 棕榈油2105 1手(多)@6370 价差=142 z=1.62 | [Y] 多carry 豆油2105 1手(多)@7388 / 豆油2107 1手(空)@7176 价差=212 z=-1.38
2020-12-07,False,2,4,0.0,-8.39,-220.0,-140.0,0.0,0.0,18188.800000000003,20468.0,-92.1,8.39,-9.209825000000012e-05,38656.8,,,空carry 棕榈油2104 1手(空)@6570 / 棕榈油2105 1手(多)@6422 价差=148,多carry 豆油2105 1手(多)@7422 / 豆油2107 1手(空)@7198 价差=224,[P] 空carry 棕榈油2104 1手(空)@6570 / 棕榈油2105 1手(多)@6422 价差=148 z=1.66 | [Y] 多carry 豆油2105 1手(多)@7422 / 豆油2107 1手(空)@7198 价差=224 z=-0.93
2020-12-08,False,4,8,40.0,351.55,-100.0,180.0,172180.8,10137.599999999999,17861.2,19989.2,117.89,48.45,0.00011788799999999662,220168.8,空carry 黄金2104 1手(空)@390.64 / 黄金2106 1手(多)@392 价差=-1.36,空carry 热卷2104 1手(空)@4255 / 热卷2105 1手(多)@4193 价差=62,空carry 棕榈油2104 1手(空)@6464 / 棕榈油2105 1手(多)@6294 价差=170,多carry 豆油2105 1手(多)@7244 / 豆油2107 1手(空)@7034 价差=210,[AU] 空carry 黄金2104 1手(空)@390.64 / 黄金2106 1手(多)@392 价差=-1.36 z=2.39 | [HC] 空carry 热卷2104 1手(空)@4255 / 热卷2105 1手(多)@4193 价差=62 z=2.96 | [P] 空carry 棕榈油2104 1手(空)@6464 / 棕榈油2105 1手(多)@6294 价差=170 z=2.12 | [Y] 多carry 豆油2105 1手(多)@7244 / 豆油2107 1手(空)@7034 价差=210 z=-1.24
2020-12-09,False,2,4,-60.0,-8.58,460.0,-5.0,171256.8,0.0,18048.800000000003,0.0,96.61,13.58,9.660600000000048e-05,189305.6,空carry 黄金2104 1手(空)@388.5 / 黄金2106 1手(多)@389.94 价差=-1.44,,空carry 棕榈油2104 1手(空)@6536 / 棕榈油2105 1手(多)@6356 价差=180,,[AU] 空carry 黄金2104 1手(空)@388.5 / 黄金2106 1手(多)@389.94 价差=-1.44 z=1.73 | [P] 空carry 棕榈油2104 1手(空)@6536 / 棕榈油2105 1手(多)@6356 价差=180 z=2.18
2020-12-10,False,3,6,0.0,71.26,-440.0,0.0,169580.4,10485.599999999999,17984.4,0.0,-92.18,8.74,-9.218449999999624e-05,198050.4,空carry 黄金2104 1手(空)@384.72 / 黄金2106 1手(多)@386.1 价差=-1.38,空carry 热卷2104 1手(空)@4390 / 热卷2105 1手(多)@4348 价差=42,空carry 棕榈油2104 1手(空)@6490 / 棕榈油2105 1手(多)@6356 价差=134,,[AU] 空carry 黄金2104 1手(空)@384.72 / 黄金2106 1手(多)@386.1 价差=-1.38 z=1.76 | [HC] 空carry 热卷2104 1手(空)@4390 / 热卷2105 1手(多)@4348 价差=42 z=0.96 | [P] 空carry 棕榈油2104 1手(空)@6490 / 棕榈油2105 1手(多)@6356 价差=134 z=1.14
2020-12-11,False,2,4,420.0,-8.68,360.0,0.0,169404.4,0.0,18639.600000000002,0.0,192.83,8.68,0.00019282900000000807,188044.0,空carry 黄金2104 1手(空)@384.32 / 黄金2106 1手(多)@385.7 价差=-1.38,,空carry 棕榈油2104 1手(空)@6746 / 棕榈油2105 1手(多)@6568 价差=178,,[AU] 空carry 黄金2104 1手(空)@384.32 / 黄金2106 1手(多)@385.7 价差=-1.38 z=1.56 | [P] 空carry 棕榈油2104 1手(空)@6746 / 棕榈油2105 1手(多)@6568 价差=178 z=1.88
2020-12-14,False,3,6,100.0,0.0,-340.0,195.0,169338.4,0.0,18796.4,20591.2,-11.25,85.0,-1.1249999999999645e-05,208726.0,多carry 黄金2104 1手(多)@383.96 / 黄金2106 1手(空)@385.76 价差=-1.8,,空carry 棕榈油2104 1手(空)@6784 / 棕榈油2105 1手(多)@6642 价差=142,空carry 豆油2105 1手(空)@7504 / 豆油2107 1手(多)@7204 价差=300,[AU] 多carry 黄金2104 1手(多)@383.96 / 黄金2106 1手(空)@385.76 价差=-1.8 z=-0.91 | [P] 空carry 棕榈油2104 1手(空)@6784 / 棕榈油2105 1手(多)@6642 价差=142 z=1.07 | [Y] 空carry 豆油2105 1手(空)@7504 / 豆油2107 1手(多)@7204 价差=300 z=1.35
2020-12-15,False,2,4,-40.0,0.0,400.0,100.0,0.0,0.0,18670.4,20490.4,115.0,40.0,0.00011499999999999775,39160.8,,,空carry 棕榈油2104 1手(空)@6756 / 棕榈油2105 1手(多)@6580 价差=176,空carry 豆油2105 1手(空)@7458 / 豆油2107 1手(多)@7178 价差=280,[P] 空carry 棕榈油2104 1手(空)@6756 / 棕榈油2105 1手(多)@6580 价差=176 z=1.72 | [Y] 空carry 豆油2105 1手(空)@7458 / 豆油2107 1手(多)@7178 价差=280 z=0.78
2020-12-16,False,2,4,40.0,0.0,-200.0,-5.0,171890.4,0.0,19006.4,0.0,-41.25,45.0,-4.124999999998768e-05,190896.8,空carry 黄金2104 1手(空)@389.92 / 黄金2106 1手(多)@391.4 价差=-1.48,,空carry 棕榈油2104 1手(空)@6856 / 棕榈油2105 1手(多)@6720 价差=136,,[AU] 空carry 黄金2104 1手(空)@389.92 / 黄金2106 1手(多)@391.4 价差=-1.48 z=0.98 | [P] 空carry 棕榈油2104 1手(空)@6856 / 棕榈油2105 1手(多)@6720 价差=136 z=0.83
2020-12-17,False,1,2,-40.0,0.0,-160.0,0.0,0.0,0.0,18900.0,0.0,-50.0,40.0,-5.0000000000000456e-05,18900.0,,,空carry 棕榈油2104 1手(空)@6828 / 棕榈油2105 1手(多)@6672 价差=156,,[P] 空carry 棕榈油2104 1手(空)@6828 / 棕榈油2105 1手(多)@6672 价差=156 z=1.22
2020-12-18,False,3,6,0.0,-9.24,-40.0,-105.0,0.0,11086.8,19241.600000000002,21212.800000000003,-38.56,14.24,-3.8559749999999e-05,51541.2,,多carry 热卷2104 1手(多)@4630 / 热卷2105 1手(空)@4609 价差=21,空carry 棕榈油2104 1手(空)@6958 / 棕榈油2105 1手(多)@6786 价差=172,空carry 豆油2105 1手(空)@7720 / 豆油2107 1手(多)@7432 价差=288,[HC] 多carry 热卷2104 1手(多)@4630 / 热卷2105 1手(空)@4609 价差=21 z=-1.04 | [P] 空carry 棕榈油2104 1手(空)@6958 / 棕榈油2105 1手(多)@6786 价差=172 z=1.45 | [Y] 空carry 豆油2105 1手(空)@7720 / 豆油2107 1手(多)@7432 价差=288 z=1.06
2020-12-21,False,4,8,140.0,-10.0,40.0,80.0,176189.2,11406.0,19230.4,21142.800000000003,62.5,40.0,6.250000000000626e-05,227968.4,多carry 黄金2104 1手(多)@399.52 / 黄金2106 1手(空)@401.34 价差=-1.82,多carry 热卷2104 1手(多)@4763 / 热卷2105 1手(空)@4742 价差=21,空carry 棕榈油2104 1手(空)@6956 / 棕榈油2105 1手(多)@6780 价差=176,空carry 豆油2105 1手(空)@7700 / 豆油2107 1手(多)@7402 价差=298,[AU] 多carry 黄金2104 1手(多)@399.52 / 黄金2106 1手(空)@401.34 价差=-1.82 z=-0.80 | [HC] 多carry 热卷2104 1手(多)@4763 / 热卷2105 1手(空)@4742 价差=21 z=-1.00 | [P] 空carry 棕榈油2104 1手(空)@6956 / 棕榈油2105 1手(多)@6780 价差=176 z=1.50 | [Y] 空carry 豆油2105 1手(空)@7700 / 豆油2107 1手(多)@7402 价差=298 z=1.22
2020-12-22,False,3,6,-40.0,-90.0,-160.0,-280.0,0.0,11299.199999999999,18642.4,20616.4,-142.5,40.0,-0.00014250000000000186,50558.0,,多carry 热卷2104 1手(多)@4718 / 热卷2105 1手(空)@4698 价差=20,空carry 棕榈油2104 1手(空)@6744 / 棕榈油2105 1手(多)@6572 价差=172,空carry 豆油2105 1手(空)@7508 / 豆油2107 1手(多)@7218 价差=290,[HC] 多carry 热卷2104 1手(多)@4718 / 热卷2105 1手(空)@4698 价差=20 z=-1.21 | [P] 空carry 棕榈油2104 1手(空)@6744 / 棕榈油2105 1手(多)@6572 价差=172 z=1.50 | [Y] 空carry 豆油2105 1手(空)@7508 / 豆油2107 1手(多)@7218 价差=290 z=0.93
2020-12-23,False,3,6,0.0,-150.0,-500.0,-100.0,0.0,11074.8,18984.0,21008.4,-187.5,0.0,-0.000187499999999998,51067.2,,多carry 热卷2104 1手(多)@4620 / 热卷2105 1手(空)@4609 价差=11,空carry 棕榈油2104 1手(空)@6874 / 棕榈油2105 1手(多)@6686 价差=188,空carry 豆油2105 1手(空)@7662 / 豆油2107 1手(多)@7344 价差=318,[HC] 多carry 热卷2104 1手(多)@4620 / 热卷2105 1手(空)@4609 价差=11 z=-1.84 | [P] 空carry 棕榈油2104 1手(空)@6874 / 棕榈油2105 1手(多)@6686 价差=188 z=1.72 | [Y] 空carry 豆油2105 1手(空)@7662 / 豆油2107 1手(多)@7344 价差=318 z=1.53
2020-12-24,False,4,8,20.0,140.0,60.0,-120.0,173725.2,10996.8,19759.600000000002,21548.800000000003,25.0,40.0,2.4999999999995624e-05,226030.4,多carry 黄金2104 1手(多)@393.88 / 黄金2106 1手(空)@395.78 价差=-1.9,多carry 热卷2104 1手(多)@4580 / 热卷2105 1手(空)@4584 价差=-4,空carry 棕榈油2104 1手(空)@7176 / 棕榈油2105 1手(多)@6938 价差=238,空carry 豆油2105 1手(空)@7860 / 豆油2107 1手(多)@7532 价差=328,[AU] 多carry 黄金2104 1手(多)@393.88 / 黄金2106 1手(空)@395.78 价差=-1.9 z=-1.35 | [HC] 多carry 热卷2104 1手(多)@4580 / 热卷2105 1手(空)@4584 价差=-4 z=-2.51 | [P] 空carry 棕榈油2104 1手(空)@7176 / 棕榈油2105 1手(多)@6938 价差=238 z=2.45 | [Y] 空carry 豆油2105 1手(空)@7860 / 豆油2107 1手(多)@7532 价差=328 z=1.63
2020-12-25,False,4,8,460.0,90.0,-160.0,-100.0,174618.40000000002,11025.6,20025.600000000002,21756.000000000004,72.5,0.0,7.250000000000122e-05,227425.6,多carry 黄金2104 1手(多)@395.94 / 黄金2106 1手(空)@397.78 价差=-1.84,多carry 热卷2104 1手(多)@4599 / 热卷2105 1手(空)@4589 价差=10,空carry 棕榈油2104 1手(空)@7268 / 棕榈油2105 1手(多)@7036 价差=232,空carry 豆油2105 1手(空)@7940 / 豆油2107 1手(多)@7600 价差=340,[AU] 多carry 黄金2104 1手(多)@395.94 / 黄金2106 1手(空)@397.78 价差=-1.84 z=-0.85 | [HC] 多carry 热卷2104 1手(多)@4599 / 热卷2105 1手(空)@4589 价差=10 z=-1.33 | [P] 空carry 棕榈油2104 1手(空)@7268 / 棕榈油2105 1手(多)@7036 价差=232 z=2.16 | [Y] 空carry 豆油2105 1手(空)@7940 / 豆油2107 1手(多)@7600 价差=340 z=1.70
2020-12-28,False,3,6,160.0,-8.86,-80.0,-180.0,174904.4,0.0,19476.800000000003,21182.000000000004,-27.21,88.86,-2.7213749999998235e-05,215563.2,空carry 黄金2104 1手(空)@396.82 / 黄金2106 1手(多)@398.2 价差=-1.38,,空carry 棕榈油2104 1手(空)@7080 / 棕榈油2105 1手(多)@6832 价差=248,空carry 豆油2105 1手(空)@7740 / 豆油2107 1手(多)@7390 价差=350,[AU] 空carry 黄金2104 1手(空)@396.82 / 黄金2106 1手(多)@398.2 价差=-1.38 z=1.58 | [P] 空carry 棕榈油2104 1手(空)@7080 / 棕榈油2105 1手(多)@6832 价差=248 z=2.43 | [Y] 空carry 豆油2105 1手(空)@7740 / 豆油2107 1手(多)@7390 价差=350 z=1.74
2020-12-29,False,2,4,-40.0,0.0,260.0,160.0,0.0,0.0,19387.200000000004,21078.4,95.0,40.0,9.499999999999835e-05,40465.6,,,空carry 棕榈油2104 1手(空)@7052 / 棕榈油2105 1手(多)@6796 价差=256,空carry 豆油2105 1手(空)@7712 / 豆油2107 1手(多)@7344 价差=368,[P] 空carry 棕榈油2104 1手(空)@7052 / 棕榈油2105 1手(多)@6796 价差=256 z=2.43 | [Y] 空carry 豆油2105 1手(空)@7712 / 豆油2107 1手(多)@7344 价差=368 z=1.83
2020-12-30,False,2,4,0.0,0.0,320.0,0.0,0.0,0.0,19681.2,21459.200000000004,80.0,0.0,8.00000000000053e-05,41140.4,,,空carry 棕榈油2104 1手(空)@7144 / 棕榈油2105 1手(多)@6914 价差=230,空carry 豆油2105 1手(空)@7840 / 豆油2107 1手(多)@7488 价差=352,[P] 空carry 棕榈油2104 1手(空)@7144 / 棕榈油2105 1手(多)@6914 价差=230 z=1.81 | [Y] 空carry 豆油2105 1手(空)@7840 / 豆油2107 1手(多)@7488 价差=352 z=1.37
2020-12-31,False,3,6,20.0,0.0,-160.0,180.0,174517.2,0.0,19703.600000000002,21610.4,10.0,40.0,1.00000000000056e-05,215831.2,多carry 黄金2104 1手(多)@395.66 / 黄金2106 1手(空)@397.6 价差=-1.94,,空carry 棕榈油2104 1手(空)@7136 / 棕榈油2105 1手(多)@6938 价差=198,空carry 豆油2105 1手(空)@7894 / 豆油2107 1手(多)@7542 价差=352,[AU] 多carry 黄金2104 1手(多)@395.66 / 黄金2106 1手(空)@397.6 价差=-1.94 z=-1.59 | [P] 空carry 棕榈油2104 1手(空)@7136 / 棕榈油2105 1手(多)@6938 价差=198 z=1.21 | [Y] 空carry 豆油2105 1手(空)@7894 / 豆油2107 1手(多)@7542 价差=352 z=1.26
2021-01-04,False,4,8,0.0,451.07,600.0,240.0,177381.6,10712.4,19306.0,21887.600000000002,322.77,88.93,0.0003227682499999984,229287.6,空carry 黄金2106 1手(空)@402.38 / 黄金2108 1手(多)@403.9 价差=-1.52,空carry 热卷2105 1手(空)@4492 / 热卷2106 1手(多)@4435 价差=57,空carry 棕榈油2105 1手(空)@7026 / 棕榈油2106 1手(多)@6764 价差=262,空carry 豆油2105 1手(空)@7984 / 豆油2107 1手(多)@7650 价差=334,[AU] 空carry 黄金2106 1手(空)@402.38 / 黄金2108 1手(多)@403.9 价差=-1.52 z=0.78 | [HC] 空carry 热卷2105 1手(空)@4492 / 热卷2106 1手(多)@4435 价差=57 z=2.03 | [P] 空carry 棕榈油2105 1手(空)@7026 / 棕榈油2106 1手(多)@6764 价差=262 z=2.30 | [Y] 空carry 豆油2105 1手(空)@7984 / 豆油2107 1手(多)@7650 价差=334 z=0.81
2021-01-05,False,2,4,-40.0,182.05,-160.0,-5.0,0.0,10772.4,19384.4,0.0,-5.74,62.95,-5.7384999999976285e-06,30156.8,,多carry 热卷2105 1手(多)@4494 / 热卷2106 1手(空)@4483 价差=11,空carry 棕榈油2105 1手(空)@7024 / 棕榈油2106 1手(多)@6822 价差=202,,[HC] 多carry 热卷2105 1手(多)@4494 / 热卷2106 1手(空)@4483 价差=11 z=-0.95 | [P] 空carry 棕榈油2105 1手(空)@7024 / 棕榈油2106 1手(多)@6822 价差=202 z=1.20
2021-01-06,False,2,4,360.0,-9.0,360.0,0.0,178446.4,0.0,19961.200000000004,0.0,177.75,49.0,0.0001777487500000001,198407.6,空carry 黄金2106 1手(空)@404.9 / 黄金2108 1手(多)@406.22 价差=-1.32,,空carry 棕榈油2105 1手(空)@7238 / 棕榈油2106 1手(多)@7020 价差=218,,[AU] 空carry 黄金2106 1手(空)@404.9 / 黄金2108 1手(多)@406.22 价差=-1.32 z=1.79 | [P] 空carry 棕榈油2105 1手(空)@7238 / 棕榈油2106 1手(多)@7020 价差=218 z=1.33
2021-01-07,False,1,2,-40.0,0.0,-5.0,195.0,0.0,0.0,0.0,22498.0,37.5,50.0,3.7499999999999895e-05,22498.0,,,,多carry 豆油2105 1手(多)@8164 / 豆油2107 1手(空)@7906 价差=258,[Y] 多carry 豆油2105 1手(多)@8164 / 豆油2107 1手(空)@7906 价差=258 z=-1.37
2021-01-08,False,2,4,-140.0,0.0,0.0,-60.0,175419.2,0.0,0.0,22425.200000000004,-50.0,40.0,-5.0000000000007985e-05,197844.4,空carry 黄金2106 1手(空)@398 / 黄金2108 1手(多)@399.36 价差=-1.36,,,多carry 豆油2105 1手(多)@8148 / 豆油2107 1手(空)@7870 价差=278,[AU] 空carry 黄金2106 1手(空)@398 / 黄金2108 1手(多)@399.36 价差=-1.36 z=1.49 | [Y] 多carry 豆油2105 1手(多)@8148 / 豆油2107 1手(空)@7870 价差=278 z=-0.93
2021-01-11,False,3,6,280.0,71.12,0.0,80.0,170601.2,10657.199999999999,0.0,22181.600000000002,107.78,8.88,0.00010777975000000687,203440.0,空carry 黄金2106 1手(空)@387.1 / 黄金2108 1手(多)@388.36 价差=-1.26,空carry 热卷2105 1手(空)@4458 / 热卷2106 1手(多)@4423 价差=35,,多carry 豆油2105 1手(多)@8058 / 豆油2107 1手(空)@7786 价差=272,[AU] 空carry 黄金2106 1手(空)@387.1 / 黄金2108 1手(多)@388.36 价差=-1.26 z=1.71 | [HC] 空carry 热卷2105 1手(空)@4458 / 热卷2106 1手(多)@4423 价差=35 z=0.95 | [Y] 多carry 豆油2105 1手(多)@8058 / 豆油2107 1手(空)@7786 价差=272 z=-1.10
2021-01-12,False,2,4,-40.0,-8.9,315.0,-320.0,0.0,0.0,19751.200000000004,22030.4,-13.47,53.9,-1.3474249999996772e-05,41781.6,,,多carry 棕榈油2105 1手(多)@7106 / 棕榈油2106 1手(空)@7002 价差=104,多carry 豆油2105 1手(多)@8008 / 豆油2107 1手(空)@7728 价差=280,[P] 多carry 棕榈油2105 1手(多)@7106 / 棕榈油2106 1手(空)@7002 价差=104 z=-0.75 | [Y] 多carry 豆油2105 1手(多)@8008 / 豆油2107 1手(空)@7728 价差=280 z=-0.82
2021-01-13,False,2,4,120.0,0.0,-5.0,20.0,171591.2,0.0,0.0,21991.200000000004,33.75,45.0,3.3750000000005686e-05,193582.4,空carry 黄金2106 1手(空)@389.32 / 黄金2108 1手(多)@390.64 价差=-1.32,,,多carry 豆油2105 1手(多)@7978 / 豆油2107 1手(空)@7730 价差=248,[AU] 空carry 黄金2106 1手(空)@389.32 / 黄金2108 1手(多)@390.64 价差=-1.32 z=1.27 | [Y] 多carry 豆油2105 1手(多)@7978 / 豆油2107 1手(空)@7730 价差=248 z=-1.62
2021-01-14,False,1,2,-40.0,0.0,0.0,300.0,0.0,0.0,0.0,21344.4,65.0,40.0,6.499999999999983e-05,21344.4,,,,多carry 豆油2105 1手(多)@7748 / 豆油2107 1手(空)@7498 价差=250,[Y] 多carry 豆油2105 1手(多)@7748 / 豆油2107 1手(空)@7498 价差=250 z=-1.48
2021-01-15,False,3,6,-200.0,161.03,555.0,-5.0,170975.2,10766.4,18320.4,0.0,127.76,58.97,0.00012775699999998855,200062.0,空carry 黄金2106 1手(空)@387.9 / 黄金2108 1手(多)@389.26 价差=-1.36,多carry 热卷2105 1手(多)@4489 / 热卷2106 1手(空)@4483 价差=6,空carry 棕榈油2105 1手(空)@6646 / 棕榈油2106 1手(多)@6440 价差=206,,[AU] 空carry 黄金2106 1手(空)@387.9 / 黄金2108 1手(多)@389.26 价差=-1.36 z=0.97 | [HC] 多carry 热卷2105 1手(多)@4489 / 热卷2106 1手(空)@4483 价差=6 z=-1.28 | [P] 空carry 棕榈油2105 1手(空)@6646 / 棕榈油2106 1手(多)@6440 价差=206 z=1.41
2021-01-18,False,1,2,-140.0,-8.98,-5.0,0.0,170464.8,0.0,0.0,0.0,-38.5,13.98,-3.849575000002413e-05,170464.8,空carry 黄金2106 1手(空)@386.82 / 黄金2108 1手(多)@388.02 价差=-1.2,,,,[AU] 空carry 黄金2106 1手(空)@386.82 / 黄金2108 1手(多)@388.02 价差=-1.2 z=1.54
2021-01-19,False,2,4,200.0,151.27,0.0,0.0,170830.0,10473.6,0.0,0.0,87.82,8.73,8.781800000002344e-05,181303.6,空carry 黄金2106 1手(空)@387.72 / 黄金2108 1手(多)@388.78 价差=-1.06,空carry 热卷2105 1手(空)@4384 / 热卷2106 1手(多)@4344 价差=40,,,[AU] 空carry 黄金2106 1手(空)@387.72 / 黄金2108 1手(多)@388.78 价差=-1.06 z=1.90 | [HC] 空carry 热卷2105 1手(空)@4384 / 热卷2106 1手(多)@4344 价差=40 z=1.27
2021-01-20,False,2,4,260.0,-8.8,0.0,215.0,171358.0,0.0,0.0,20734.0,116.55,13.8,0.00011654950000000815,192092.0,空carry 黄金2106 1手(空)@388.82 / 黄金2108 1手(多)@390.08 价差=-1.26,,,多carry 豆油2105 1手(多)@7542 / 豆油2107 1手(空)@7268 价差=274,[AU] 空carry 黄金2106 1手(空)@388.82 / 黄金2108 1手(多)@390.08 价差=-1.26 z=0.95 | [Y] 多carry 豆油2105 1手(多)@7542 / 豆油2107 1手(空)@7268 价差=274 z=-0.85
2021-01-21,False,1,2,-40.0,0.0,-205.0,-5.0,0.0,0.0,18345.6,0.0,-62.5,50.0,-6.249999999999992e-05,18345.6,,,多carry 棕榈油2105 1手(多)@6584 / 棕榈油2106 1手(空)@6520 价差=64,,[P] 多carry 棕榈油2105 1手(多)@6584 / 棕榈油2106 1手(空)@6520 价差=64 z=-1.71
2021-01-22,False,2,4,560.0,0.0,140.0,0.0,172260.0,0.0,18048.800000000003,0.0,175.0,40.0,0.000174999999999993,190308.8,空carry 黄金2106 1手(空)@390.9 / 黄金2108 1手(多)@392.1 价差=-1.2,,多carry 棕榈油2105 1手(多)@6468 / 棕榈油2106 1手(空)@6424 价差=44,,[AU] 空carry 黄金2106 1手(空)@390.9 / 黄金2108 1手(多)@392.1 价差=-1.2 z=1.14 | [P] 多carry 棕榈油2105 1手(多)@6468 / 棕榈油2106 1手(空)@6424 价差=44 z=-2.06
2021-01-25,False,3,6,480.0,0.0,400.0,115.0,171556.0,0.0,18270.0,20750.800000000003,248.75,85.0,0.0002487499999999869,210576.8,多carry 黄金2106 1手(多)@389 / 黄金2108 1手(空)@390.8 价差=-1.8,,多carry 棕榈油2105 1手(多)@6554 / 棕榈油2106 1手(空)@6496 价差=58,空carry 豆油2105 1手(空)@7588 / 豆油2107 1手(多)@7234 价差=354,[AU] 多carry 黄金2106 1手(多)@389 / 黄金2108 1手(空)@390.8 价差=-1.8 z=-1.70 | [P] 多carry 棕榈油2105 1手(多)@6554 / 棕榈油2106 1手(空)@6496 价差=58 z=-1.70 | [Y] 空carry 豆油2105 1手(空)@7588 / 豆油2107 1手(多)@7234 价差=354 z=1.34
2021-01-26,False,4,8,80.0,1.16,100.0,-0.0,171934.40000000002,10610.4,18107.600000000002,20812.4,45.29,88.84,4.5289499999996734e-05,221464.8,空carry 黄金2106 1手(空)@390.14 / 黄金2108 1手(多)@391.38 价差=-1.24,多carry 热卷2105 1手(多)@4428 / 热卷2106 1手(空)@4414 价差=14,多carry 棕榈油2105 1手(多)@6516 / 棕榈油2106 1手(空)@6418 价差=98,空carry 豆油2105 1手(空)@7604 / 豆油2107 1手(多)@7262 价差=342,[AU] 空carry 黄金2106 1手(空)@390.14 / 黄金2108 1手(多)@391.38 价差=-1.24 z=0.90 | [HC] 多carry 热卷2105 1手(多)@4428 / 热卷2106 1手(空)@4414 价差=14 z=-1.13 | [P] 多carry 棕榈油2105 1手(多)@6516 / 棕榈油2106 1手(空)@6418 价差=98 z=-0.83 | [Y] 空carry 豆油2105 1手(空)@7604 / 豆油2107 1手(多)@7262 价差=342 z=1.04
2021-01-27,False,2,4,-40.0,-40.0,-5.0,-220.0,0.0,10832.4,0.0,21411.600000000002,-76.25,45.0,-7.624999999999836e-05,32244.0,,多carry 热卷2105 1手(多)@4521 / 热卷2106 1手(空)@4506 价差=15,,空carry 豆油2105 1手(空)@7818 / 豆油2107 1手(多)@7476 价差=342,[HC] 多carry 热卷2105 1手(多)@4521 / 热卷2106 1手(空)@4506 价差=15 z=-1.00 | [Y] 空carry 豆油2105 1手(空)@7818 / 豆油2107 1手(多)@7476 价差=342 z=1.14
2021-01-28,False,2,4,0.0,50.0,0.0,-100.0,0.0,10602.0,0.0,21347.200000000004,-12.5,0.0,-1.2499999999999843e-05,31949.2,,多carry 热卷2105 1手(多)@4423 / 热卷2106 1手(空)@4412 价差=11,,空carry 豆油2105 1手(空)@7806 / 豆油2107 1手(多)@7442 价差=364,[HC] 多carry 热卷2105 1手(多)@4423 / 热卷2106 1手(空)@4412 价差=11 z=-1.27 | [Y] 空carry 豆油2105 1手(空)@7806 / 豆油2107 1手(多)@7442 价差=364 z=1.71
2021-01-29,False,3,6,0.0,230.0,75.0,140.0,0.0,10516.8,18830.0,21467.600000000002,111.25,5.0,0.00011124999999999719,50814.4,,多carry 热卷2105 1手(多)@4390 / 热卷2106 1手(空)@4374 价差=16,多carry 棕榈油2105 1手(多)@6772 / 棕榈油2106 1手(空)@6678 价差=94,空carry 豆油2105 1手(空)@7854 / 豆油2107 1手(多)@7480 价差=374,[HC] 多carry 热卷2105 1手(多)@4390 / 热卷2106 1手(空)@4374 价差=16 z=-0.77 | [P] 多carry 棕榈油2105 1手(多)@6772 / 棕榈油2106 1手(空)@6678 价差=94 z=-0.96 | [Y] 空carry 豆油2105 1手(空)@7854 / 豆油2107 1手(多)@7480 价差=374 z=1.86
2021-02-01,False,2,4,-20.0,-8.58,-5.0,-310.0,173025.6,0.0,0.0,20624.800000000003,-85.9,63.58,-8.589574999998791e-05,193650.4,空carry 黄金2106 1手(空)@392.64 / 黄金2108 1手(多)@393.84 价差=-1.2,,,多carry 豆油2107 1手(多)@7422 / 豆油2108 1手(空)@7310 价差=112,[AU] 空carry 黄金2106 1手(空)@392.64 / 黄金2108 1手(多)@393.84 价差=-1.2 z=0.98 | [Y] 多carry 豆油2107 1手(多)@7422 / 豆油2108 1手(空)@7310 价差=112 z=-3.21
2021-02-02,False,1,2,-40.0,0.0,0.0,120.0,0.0,0.0,0.0,20482.0,20.0,40.0,2.0000000000000113e-05,20482.0,,,,多carry 豆油2107 1手(多)@7356 / 豆油2108 1手(空)@7274 价差=82,[Y] 多carry 豆油2107 1手(多)@7356 / 豆油2108 1手(空)@7274 价差=82 z=-2.72
2021-02-03,False,1,2,0.0,0.0,0.0,80.0,0.0,0.0,0.0,19938.800000000003,20.0,0.0,2.0000000000001564e-05,19938.8,,,,多carry 豆油2107 1手(多)@7168 / 豆油2108 1手(空)@7074 价差=94,[Y] 多carry 豆油2107 1手(多)@7168 / 豆油2108 1手(空)@7074 价差=94 z=-2.10
2021-02-04,False,2,4,260.0,0.0,0.0,-100.0,168454.0,0.0,0.0,20123.600000000002,40.0,40.0,3.999999999998866e-05,188577.6,空carry 黄金2106 1手(空)@382.26 / 黄金2108 1手(多)@383.44 价差=-1.18,,,多carry 豆油2107 1手(多)@7238 / 豆油2108 1手(空)@7136 价差=102,[AU] 空carry 黄金2106 1手(空)@382.26 / 黄金2108 1手(多)@383.44 价差=-1.18 z=0.78 | [Y] 多carry 豆油2107 1手(多)@7238 / 豆油2108 1手(空)@7136 价差=102 z=-1.75
2021-02-05,False,2,4,260.0,0.0,0.0,120.0,166584.0,0.0,0.0,20378.4,95.0,80.0,9.499999999999144e-05,186962.4,多carry 黄金2106 1手(多)@377.86 / 黄金2108 1手(空)@379.34 价差=-1.48,,,多carry 豆油2107 1手(多)@7324 / 豆油2108 1手(空)@7232 价差=92,[AU] 多carry 黄金2106 1手(多)@377.86 / 黄金2108 1手(空)@379.34 价差=-1.48 z=-1.11 | [Y] 多carry 豆油2107 1手(多)@7324 / 豆油2108 1手(空)@7232 价差=92 z=-1.62
2021-02-08,False,2,4,80.0,0.0,0.0,160.0,167890.8,0.0,0.0,20451.200000000004,60.0,80.0,5.999999999999403e-05,188342.0,空carry 黄金2106 1手(空)@381 / 黄金2108 1手(多)@382.14 价差=-1.14,,,多carry 豆油2107 1手(多)@7356 / 豆油2108 1手(空)@7252 价差=104,[AU] 空carry 黄金2106 1手(空)@381 / 黄金2108 1手(多)@382.14 价差=-1.14 z=0.98 | [Y] 多carry 豆油2107 1手(多)@7356 / 豆油2108 1手(空)@7252 价差=104 z=-1.35
2021-02-09,False,1,2,-40.0,0.0,0.0,-0.0,0.0,0.0,0.0,21011.2,-10.0,40.0,-1.0000000000001193e-05,21011.2,,,,多carry 豆油2107 1手(多)@7564 / 豆油2108 1手(空)@7444 价差=120,[Y] 多carry 豆油2107 1手(多)@7564 / 豆油2108 1手(空)@7444 价差=120 z=-1.08
2021-02-10,False,1,2,0.0,0.0,0.0,-100.0,0.0,0.0,0.0,21044.800000000003,-25.0,0.0,-2.5e-05,21044.8,,,,多carry 豆油2107 1手(多)@7576 / 豆油2108 1手(空)@7456 价差=120,[Y] 多carry 豆油2107 1手(多)@7576 / 豆油2108 1手(空)@7456 价差=120 z=-1.00
2021-02-18,False,4,8,40.0,50.64,75.0,140.0,164960.40000000002,11228.4,19048.4,21462.000000000004,76.41,54.36,7.641074999999326e-05,216699.2,多carry 黄金2106 1手(多)@374.18 / 黄金2108 1手(空)@375.64 价差=-1.46,空carry 热卷2106 1手(空)@4693 / 热卷2107 1手(多)@4664 价差=29,空carry 棕榈油2106 1手(空)@6900 / 棕榈油2107 1手(多)@6706 价差=194,多carry 豆油2107 1手(多)@7720 / 豆油2108 1手(空)@7610 价差=110,[AU] 多carry 黄金2106 1手(多)@374.18 / 黄金2108 1手(空)@375.64 价差=-1.46 z=-1.12 | [HC] 空carry 热卷2106 1手(空)@4693 / 热卷2107 1手(多)@4664 价差=29 z=0.85 | [P] 空carry 棕榈油2106 1手(空)@6900 / 棕榈油2107 1手(多)@6706 价差=194 z=0.88 | [Y] 多carry 豆油2107 1手(多)@7720 / 豆油2108 1手(空)@7610 价差=110 z=-1.00
2021-02-19,False,1,2,-40.0,-9.32,-5.0,60.0,0.0,0.0,0.0,21649.600000000002,1.42,54.32,1.4207499999986358e-06,21649.6,,,,多carry 豆油2107 1手(多)@7794 / 豆油2108 1手(空)@7670 价差=124,[Y] 多carry 豆油2107 1手(多)@7794 / 豆油2108 1手(空)@7670 价差=124 z=-0.80
2021-02-22,False,1,2,-620.0,0.0,0.0,-5.0,166051.59999999998,0.0,0.0,0.0,-156.25,45.0,-0.00015625000000000228,166051.6,多carry 黄金2106 1手(多)@376.66 / 黄金2108 1手(空)@378.12 价差=-1.46,,,,[AU] 多carry 黄金2106 1手(多)@376.66 / 黄金2108 1手(空)@378.12 价差=-1.46 z=-0.93
2021-02-23,False,3,6,820.0,-49.56,195.0,0.0,167939.2,11469.599999999999,19888.4,0.0,241.36,14.56,0.00024136049999999454,199297.2,多carry 黄金2106 1手(多)@380.66 / 黄金2108 1手(空)@382.7 价差=-2.04,多carry 热卷2106 1手(多)@4785 / 热卷2107 1手(空)@4773 价差=12,空carry 棕榈油2106 1手(空)@7204 / 棕榈油2107 1手(多)@7002 价差=202,,[AU] 多carry 黄金2106 1手(多)@380.66 / 黄金2108 1手(空)@382.7 价差=-2.04 z=-3.03 | [HC] 多carry 热卷2106 1手(多)@4785 / 热卷2107 1手(空)@4773 价差=12 z=-1.68 | [P] 空carry 棕榈油2106 1手(空)@7204 / 棕榈油2107 1手(多)@7002 价差=202 z=0.83
2021-02-24,False,1,2,-40.0,100.0,-5.0,0.0,0.0,11491.2,0.0,0.0,13.75,45.0,1.3749999999999147e-05,11491.2,,多carry 热卷2106 1手(多)@4792 / 热卷2107 1手(空)@4784 价差=8,,,[HC] 多carry 热卷2106 1手(多)@4792 / 热卷2107 1手(空)@4784 价差=8 z=-1.98
2021-02-25,False,1,2,0.0,-9.76,-85.0,0.0,0.0,0.0,20333.600000000002,0.0,-23.69,14.76,-2.3690499999999163e-05,20333.6,,,空carry 棕榈油2106 1手(空)@7366 / 棕榈油2107 1手(多)@7158 价差=208,,[P] 空carry 棕榈油2106 1手(空)@7366 / 棕榈油2107 1手(多)@7158 价差=208 z=0.81
2021-02-26,False,2,4,740.0,0.0,180.0,0.0,162817.6,0.0,20227.200000000004,0.0,230.0,40.0,0.00023000000000000808,183044.8,空carry 黄金2106 1手(空)@369.5 / 黄金2108 1手(多)@370.58 价差=-1.08,,空carry 棕榈油2106 1手(空)@7332 / 棕榈油2107 1手(多)@7116 价差=216,,[AU] 空carry 黄金2106 1手(空)@369.5 / 黄金2108 1手(多)@370.58 价差=-1.08 z=1.09 | [P] 空carry 棕榈油2106 1手(空)@7332 / 棕榈油2107 1手(多)@7116 价差=216 z=0.97
2021-03-01,False,1,2,-40.0,140.4,-5.0,0.0,0.0,11514.0,0.0,0.0,23.85,54.6,2.3851249999997926e-05,11514.0,,多carry 热卷2107 1手(多)@4805 / 热卷2108 1手(空)@4790 价差=15,,,[HC] 多carry 热卷2107 1手(多)@4805 / 热卷2108 1手(空)@4790 价差=15 z=-0.79
2021-03-02,False,2,4,-200.0,110.49,0.0,0.0,160177.6,11704.8,0.0,0.0,-22.38,59.51,-2.2376999999996818e-05,171882.4,多carry 黄金2108 1手(多)@363.28 / 黄金2110 1手(空)@364.8 价差=-1.52,空carry 热卷2107 1手(空)@4892 / 热卷2108 1手(多)@4862 价差=30,,,[AU] 多carry 黄金2108 1手(多)@363.28 / 黄金2110 1手(空)@364.8 价差=-1.52 z=-1.16 | [HC] 空carry 热卷2107 1手(空)@4892 / 热卷2108 1手(多)@4862 价差=30 z=1.47
2021-03-03,False,1,2,260.0,-9.98,0.0,0.0,160899.2,0.0,0.0,0.0,62.5,9.98,6.250424999999011e-05,160899.2,多carry 黄金2108 1手(多)@364.84 / 黄金2110 1手(空)@366.52 价差=-1.68,,,,[AU] 多carry 黄金2108 1手(多)@364.84 / 黄金2110 1手(空)@366.52 价差=-1.68 z=-1.68
2021-03-04,False,2,4,-40.0,-49.95,0.0,-65.0,0.0,11938.8,0.0,23528.4,-38.74,54.95,-3.873724999999814e-05,35467.2,,多carry 热卷2107 1手(多)@4979 / 热卷2108 1手(空)@4970 价差=9,,空carry 豆油2107 1手(空)@8512 / 豆油2108 1手(多)@8294 价差=218,[HC] 多carry 热卷2107 1手(多)@4979 / 热卷2108 1手(空)@4970 价差=9 z=-1.81 | [Y] 空carry 豆油2107 1手(空)@8512 / 豆油2108 1手(多)@8294 价差=218 z=0.93
2021-03-05,False,4,8,220.0,140.0,1035.0,-500.0,157792.8,11564.4,19591.600000000002,23525.600000000002,223.75,45.0,0.0002237500000000075,212474.4,多carry 黄金2108 1手(多)@357.88 / 黄金2110 1手(空)@359.36 价差=-1.48,多carry 热卷2107 1手(多)@4821 / 热卷2108 1手(空)@4816 价差=5,空carry 棕榈油2107 1手(空)@7110 / 棕榈油2108 1手(多)@6884 价差=226,空carry 豆油2107 1手(空)@8514 / 豆油2108 1手(多)@8290 价差=224,[AU] 多carry 黄金2108 1手(多)@357.88 / 黄金2110 1手(空)@359.36 价差=-1.48 z=-0.78 | [HC] 多carry 热卷2107 1手(多)@4821 / 热卷2108 1手(空)@4816 价差=5 z=-2.08 | [P] 空carry 棕榈油2107 1手(空)@7110 / 棕榈油2108 1手(多)@6884 价差=226 z=1.28 | [Y] 空carry 豆油2107 1手(空)@8514 / 豆油2108 1手(多)@8290 价差=224 z=1.60
2021-03-08,False,2,4,-40.0,-9.83,-1150.0,-20.0,0.0,0.0,20465.200000000004,24469.200000000004,-304.96,59.83,-0.00030495825000000104,44934.4,,,多carry 棕榈油2107 1手(多)@7370 / 棕榈油2108 1手(空)@7248 价差=122,空carry 豆油2107 1手(空)@8876 / 豆油2108 1手(多)@8602 价差=274,[P] 多carry 棕榈油2107 1手(多)@7370 / 棕榈油2108 1手(空)@7248 价差=122 z=-1.07 | [Y] 空carry 豆油2107 1手(空)@8876 / 豆油2108 1手(多)@8602 价差=274 z=2.16
2021-03-09,False,4,8,-60.0,70.43,1540.0,-0.0,158910.4,11486.4,20266.4,24214.4,387.61,49.57,0.00038760700000000276,214877.6,空carry 黄金2108 1手(空)@360.6 / 黄金2110 1手(多)@361.72 价差=-1.12,空carry 热卷2107 1手(空)@4802 / 热卷2108 1手(多)@4770 价差=32,多carry 棕榈油2107 1手(多)@7242 / 棕榈油2108 1手(空)@7234 价差=8,空carry 豆油2107 1手(空)@8786 / 豆油2108 1手(多)@8510 价差=276,[AU] 空carry 黄金2108 1手(空)@360.6 / 黄金2110 1手(多)@361.72 价差=-1.12 z=0.94 | [HC] 空carry 热卷2107 1手(空)@4802 / 热卷2108 1手(多)@4770 价差=32 z=1.62 | [P] 多carry 棕榈油2107 1手(多)@7242 / 棕榈油2108 1手(空)@7234 价差=8 z=-3.11 | [Y] 空carry 豆油2107 1手(空)@8786 / 豆油2108 1手(多)@8510 价差=276 z=1.90
2021-03-10,False,2,4,180.0,-9.52,-5.0,260.0,160463.6,0.0,0.0,24259.200000000004,106.37,14.52,0.00010636900000000295,184722.8,空carry 黄金2108 1手(空)@364.14 / 黄金2110 1手(多)@365.24 价差=-1.1,,,空carry 豆油2107 1手(空)@8802 / 豆油2108 1手(多)@8526 价差=276,[AU] 空carry 黄金2108 1手(空)@364.14 / 黄金2110 1手(多)@365.24 价差=-1.1 z=1.02 | [Y] 空carry 豆油2107 1手(空)@8802 / 豆油2108 1手(多)@8526 价差=276 z=1.67
2021-03-11,False,2,4,-40.0,310.25,0.0,660.0,0.0,11698.8,0.0,24144.4,232.56,49.75,0.0002325627500000007,35843.2,,多carry 热卷2107 1手(多)@4875 / 热卷2108 1手(空)@4874 价差=1,,空carry 豆油2107 1手(空)@8748 / 豆油2108 1手(多)@8498 价差=250,[HC] 多carry 热卷2107 1手(多)@4875 / 热卷2108 1手(空)@4874 价差=1 z=-2.12 | [Y] 空carry 豆油2107 1手(空)@8748 / 豆油2108 1手(多)@8498 价差=250 z=1.13
2021-03-12,False,2,4,0.0,70.31,-485.0,-5.0,0.0,11811.599999999999,20627.600000000002,0.0,-104.92,29.69,-0.000104921500000001,32439.2,,空carry 热卷2107 1手(空)@4938 / 热卷2108 1手(多)@4905 价差=33,空carry 棕榈油2107 1手(空)@7502 / 棕榈油2108 1手(多)@7232 价差=270,,[HC] 空carry 热卷2107 1手(空)@4938 / 热卷2108 1手(多)@4905 价差=33 z=1.49 | [P] 空carry 棕榈油2107 1手(空)@7502 / 棕榈油2108 1手(多)@7232 价差=270 z=1.76
2021-03-15,False,1,2,0.0,-10.02,3180.0,0.0,0.0,0.0,20694.800000000003,0.0,792.5,10.02,0.0007924960000000016,20694.8,,,空carry 棕榈油2107 1手(空)@7550 / 棕榈油2108 1手(多)@7232 价差=318,,[P] 空carry 棕榈油2107 1手(空)@7550 / 棕榈油2108 1手(多)@7232 价差=318 z=2.44
2021-03-16,False,2,4,-300.0,0.0,2170.0,0.0,161282.0,0.0,20966.4,0.0,467.5,50.0,0.00046750000000001727,182248.4,空carry 黄金2108 1手(空)@366.04 / 黄金2110 1手(多)@367.06 价差=-1.02,,多carry 棕榈油2107 1手(多)@7488 / 棕榈油2108 1手(空)@7488 价差=0,,[AU] 空carry 黄金2108 1手(空)@366.04 / 黄金2110 1手(多)@367.06 价差=-1.02 z=1.44 | [P] 多carry 棕榈油2107 1手(多)@7488 / 棕榈油2108 1手(空)@7488 价差=0 z=-2.82
2021-03-17,False,2,4,320.0,0.0,-5.0,355.0,161752.8,0.0,0.0,24228.4,167.5,10.0,0.00016749999999999694,185981.2,空carry 黄金2108 1手(空)@367.24 / 黄金2110 1手(多)@368 价差=-0.76,,,多carry 豆油2107 1手(多)@8724 / 豆油2108 1手(空)@8582 价差=142,[AU] 空carry 黄金2108 1手(空)@367.24 / 黄金2110 1手(多)@368 价差=-0.76 z=2.14 | [Y] 多carry 豆油2107 1手(多)@8724 / 豆油2108 1手(空)@8582 价差=142 z=-1.04
2021-03-18,False,2,4,-140.0,100.12,0.0,-5.0,163222.4,11854.8,0.0,0.0,-11.22,14.88,-1.1219749999997046e-05,175077.2,空carry 黄金2108 1手(空)@370.42 / 黄金2110 1手(多)@371.5 价差=-1.08,空carry 热卷2107 1手(空)@4953 / 热卷2108 1手(多)@4926 价差=27,,,[AU] 空carry 黄金2108 1手(空)@370.42 / 黄金2110 1手(多)@371.5 价差=-1.08 z=0.86 | [HC] 空carry 热卷2107 1手(空)@4953 / 热卷2108 1手(多)@4926 价差=27 z=0.95
2021-03-19,False,3,6,-420.0,-9.92,1475.0,95.0,162373.2,0.0,20078.800000000003,23147.600000000002,285.02,19.92,0.00028501949999999444,205599.6,空carry 黄金2108 1手(空)@368.56 / 黄金2110 1手(多)@369.5 价差=-0.94,,多carry 棕榈油2107 1手(多)@7186 / 棕榈油2108 1手(空)@7156 价差=30,多carry 豆油2107 1手(多)@8342 / 豆油2108 1手(空)@8192 价差=150,[AU] 空carry 黄金2108 1手(空)@368.56 / 黄金2110 1手(多)@369.5 价差=-0.94 z=1.24 | [P] 多carry 棕榈油2107 1手(多)@7186 / 棕榈油2108 1手(空)@7156 价差=30 z=-2.17 | [Y] 多carry 豆油2107 1手(多)@8342 / 豆油2108 1手(空)@8192 价差=150 z=-1.11
2021-03-22,False,3,6,380.0,89.91,-5.0,340.0,161541.6,12103.2,0.0,23402.4,201.23,15.09,0.00020122849999999244,197047.2,空carry 黄金2108 1手(空)@366.88 / 黄金2110 1手(多)@367.4 价差=-0.52,空carry 热卷2107 1手(空)@5057 / 热卷2108 1手(多)@5029 价差=28,,多carry 豆油2107 1手(多)@8438 / 豆油2108 1手(空)@8278 价差=160,[AU] 空carry 黄金2108 1手(空)@366.88 / 黄金2110 1手(多)@367.4 价差=-0.52 z=2.21 | [HC] 空carry 热卷2107 1手(空)@5057 / 热卷2108 1手(多)@5029 价差=28 z=1.04 | [Y] 多carry 豆油2107 1手(多)@8438 / 豆油2108 1手(空)@8278 价差=160 z=-0.96
2021-03-23,False,2,4,100.0,-10.08,3035.0,-5.0,161994.8,0.0,20694.800000000003,0.0,779.98,20.08,0.0007799805000000024,182689.6,空carry 黄金2108 1手(空)@367.72 / 黄金2110 1手(多)@368.62 价差=-0.9,,空carry 棕榈油2107 1手(空)@7626 / 棕榈油2108 1手(多)@7156 价差=470,,[AU] 空carry 黄金2108 1手(空)@367.72 / 黄金2110 1手(多)@368.62 价差=-0.9 z=1.01 | [P] 空carry 棕榈油2107 1手(空)@7626 / 棕榈油2108 1手(多)@7156 价差=470 z=3.83
2021-03-24,True,0,0,-40.0,0.0,-5.0,0.0,0.0,0.0,0.0,0.0,-11.25,45.0,-1.125e-05,0.0,,,,,全品种空仓
2021-03-25,False,1,2,0.0,0.0,75.0,0.0,0.0,0.0,20871.200000000004,0.0,18.75,5.0,1.8749999999999887e-05,20871.2,,,多carry 棕榈油2107 1手(多)@7508 / 棕榈油2108 1手(空)@7400 价差=108,,[P] 多carry 棕榈油2107 1手(多)@7508 / 棕榈油2108 1手(空)@7400 价差=108 z=-0.88
2021-03-26,False,2,4,0.0,219.76,-5.0,335.0,0.0,12284.4,0.0,23158.800000000003,137.44,20.24,0.00013744074999999913,35443.2,,多carry 热卷2107 1手(多)@5117 / 热卷2108 1手(空)@5120 价差=-3,,多carry 豆油2107 1手(多)@8336 / 豆油2108 1手(空)@8206 价差=130,[HC] 多carry 热卷2107 1手(多)@5117 / 热卷2108 1手(空)@5120 价差=-3 z=-2.19 | [Y] 多carry 豆油2107 1手(多)@8336 / 豆油2108 1手(空)@8206 价差=130 z=-1.61
2021-03-29,False,2,4,100.0,-10.48,0.0,-60.0,161788.0,0.0,0.0,22943.200000000004,7.38,50.48,7.380500000000854e-06,184731.2,空carry 黄金2108 1手(空)@367.26 / 黄金2110 1手(多)@368.14 价差=-0.88,,,多carry 豆油2107 1手(多)@8276 / 豆油2108 1手(空)@8112 价差=164,[AU] 空carry 黄金2108 1手(空)@367.26 / 黄金2110 1手(多)@368.14 价差=-0.88 z=0.89 | [Y] 多carry 豆油2107 1手(多)@8276 / 豆油2108 1手(空)@8112 价差=164 z=-0.77
2021-03-30,False,1,2,-40.0,0.0,0.0,160.0,0.0,0.0,0.0,22587.600000000002,30.0,40.0,2.9999999999999147e-05,22587.6,,,,多carry 豆油2107 1手(多)@8146 / 豆油2108 1手(空)@7988 价差=158,[Y] 多carry 豆油2107 1手(多)@8146 / 豆油2108 1手(空)@7988 价差=158 z=-0.84
2021-03-31,False,1,2,0.0,199.49,0.0,-5.0,0.0,12608.4,0.0,0.0,48.62,15.51,4.862324999999731e-05,12608.4,,多carry 热卷2107 1手(多)@5252 / 热卷2108 1手(空)@5255 价差=-3,,,[HC] 多carry 热卷2107 1手(多)@5252 / 热卷2108 1手(空)@5255 价差=-3 z=-1.91
2021-04-01,False,3,6,200.0,138.85,0.0,-265.0,161251.2,12687.599999999999,0.0,22691.200000000004,18.46,66.15,1.8463500000007485e-05,196630.0,空carry 黄金2108 1手(空)@366.12 / 黄金2110 1手(多)@366.84 价差=-0.72,空carry 热卷2108 1手(空)@5300 / 热卷2109 1手(多)@5273 价差=27,,多carry 豆油2108 1手(多)@8160 / 豆油2109 1手(空)@8048 价差=112,[AU] 空carry 黄金2108 1手(空)@366.12 / 黄金2110 1手(多)@366.84 价差=-0.72 z=1.35 | [HC] 空carry 热卷2108 1手(空)@5300 / 热卷2109 1手(多)@5273 价差=27 z=0.81 | [Y] 多carry 豆油2108 1手(多)@8160 / 豆油2109 1手(空)@8048 价差=112 z=-1.61
2021-04-02,False,1,2,-40.0,-10.82,0.0,60.0,0.0,0.0,0.0,22778.0,2.3,50.82,2.29575000000324e-06,22778.0,,,,多carry 豆油2108 1手(多)@8178 / 豆油2109 1手(空)@8092 价差=86,[Y] 多carry 豆油2108 1手(多)@8178 / 豆油2109 1手(空)@8092 价差=86 z=-1.83
2021-04-06,False,2,4,0.0,39.15,0.0,-100.0,0.0,13024.8,0.0,23189.600000000002,-15.21,10.85,-1.5213500000001719e-05,36214.4,,多carry 热卷2108 1手(多)@5430 / 热卷2109 1手(空)@5424 价差=6,,多carry 豆油2108 1手(多)@8328 / 豆油2109 1手(空)@8236 价差=92,[HC] 多carry 热卷2108 1手(多)@5430 / 热卷2109 1手(空)@5424 价差=6 z=-1.11 | [Y] 多carry 豆油2108 1手(多)@8328 / 豆油2109 1手(空)@8236 价差=92 z=-1.57
2021-04-07,False,1,2,0.0,-10.8,0.0,160.0,0.0,0.0,0.0,23192.4,37.3,10.8,3.729975000000023e-05,23192.4,,,,多carry 豆油2108 1手(多)@8324 / 豆油2109 1手(空)@8242 价差=82,[Y] 多carry 豆油2108 1手(多)@8324 / 豆油2109 1手(空)@8242 价差=82 z=-1.65
2021-04-08,False,3,6,100.0,0.0,-45.0,0.0,163424.8,0.0,19555.200000000004,22716.4,13.75,45.0,1.3750000000013123e-05,205696.4,空carry 黄金2108 1手(空)@371.04 / 黄金2110 1手(多)@371.8 价差=-0.76,,空carry 棕榈油2108 1手(空)@7088 / 棕榈油2109 1手(多)@6880 价差=208,多carry 豆油2108 1手(多)@8162 / 豆油2109 1手(空)@8064 价差=98,[AU] 空carry 黄金2108 1手(空)@371.04 / 黄金2110 1手(多)@371.8 价差=-0.76 z=1.07 | [P] 空carry 棕榈油2108 1手(空)@7088 / 棕榈油2109 1手(多)@6880 价差=208 z=0.83 | [Y] 多carry 豆油2108 1手(多)@8162 / 豆油2109 1手(空)@8064 价差=98 z=-1.29
2021-04-09,False,3,6,-40.0,29.27,180.0,-600.0,0.0,12876.0,19566.4,22688.4,-107.68,50.73,-0.0001076824999999987,55130.8,,多carry 热卷2108 1手(多)@5368 / 热卷2109 1手(空)@5362 价差=6,空carry 棕榈油2108 1手(空)@7094 / 棕榈油2109 1手(多)@6882 价差=212,多carry 豆油2108 1手(多)@8152 / 豆油2109 1手(空)@8054 价差=98,[HC] 多carry 热卷2108 1手(多)@5368 / 热卷2109 1手(空)@5362 价差=6 z=-1.04 | [P] 空carry 棕榈油2108 1手(空)@7094 / 棕榈油2109 1手(多)@6882 价差=212 z=0.88 | [Y] 多carry 豆油2108 1手(多)@8152 / 豆油2109 1手(空)@8054 价差=98 z=-1.24
2021-04-12,False,2,4,-60.0,-10.58,-5.0,400.0,163160.8,0.0,0.0,22302.0,81.11,55.58,8.110599999999502e-05,185462.8,空carry 黄金2108 1手(空)@370.52 / 黄金2110 1手(多)@371.12 价差=-0.6,,,多carry 豆油2108 1手(多)@7984 / 豆油2109 1手(空)@7946 价差=38,[AU] 空carry 黄金2108 1手(空)@370.52 / 黄金2110 1手(多)@371.12 价差=-0.6 z=1.79 | [Y] 多carry 豆油2108 1手(多)@7984 / 豆油2109 1手(空)@7946 价差=38 z=-2.23
2021-04-13,False,4,8,300.0,-210.83,-145.0,-460.0,161484.4,12997.2,19266.800000000003,22587.600000000002,-128.96,15.83,-0.00012895774999999737,216336.0,空carry 黄金2108 1手(空)@366.72 / 黄金2110 1手(多)@367.3 价差=-0.58,多carry 热卷2108 1手(多)@5419 / 热卷2109 1手(空)@5412 价差=7,空carry 棕榈油2108 1手(空)@6988 / 棕榈油2109 1手(多)@6774 价差=214,多carry 豆油2108 1手(多)@8106 / 豆油2109 1手(空)@8028 价差=78,[AU] 空carry 黄金2108 1手(空)@366.72 / 黄金2110 1手(多)@367.3 价差=-0.58 z=1.76 | [HC] 多carry 热卷2108 1手(多)@5419 / 热卷2109 1手(空)@5412 价差=7 z=-0.80 | [P] 空carry 棕榈油2108 1手(空)@6988 / 棕榈油2109 1手(多)@6774 价差=214 z=0.91 | [Y] 多carry 豆油2108 1手(多)@8106 / 豆油2109 1手(空)@8028 价差=78 z=-1.24
2021-04-14,False,3,6,-40.0,240.0,220.0,700.0,0.0,13026.0,19420.800000000003,22640.800000000003,280.0,40.0,0.0002799999999999955,55087.6,,多carry 热卷2108 1手(多)@5421 / 热卷2109 1手(空)@5434 价差=-13,空carry 棕榈油2108 1手(空)@7050 / 棕榈油2109 1手(多)@6822 价差=228,多carry 豆油2108 1手(多)@8102 / 豆油2109 1手(空)@8070 价差=32,[HC] 多carry 热卷2108 1手(多)@5421 / 热卷2109 1手(空)@5434 价差=-13 z=-2.34 | [P] 空carry 棕榈油2108 1手(空)@7050 / 棕榈油2109 1手(多)@6822 价差=228 z=1.06 | [Y] 多carry 豆油2108 1手(多)@8102 / 豆油2109 1手(空)@8070 价差=32 z=-1.91
2021-04-15,True,0,0,0.0,-10.81,-5.0,-5.0,0.0,0.0,0.0,0.0,-5.2,20.81,-5.20325e-06,0.0,,,,,全品种空仓
2021-04-16,False,2,4,0.0,79.15,0.0,695.0,0.0,13023.599999999999,0.0,23128.0,193.54,15.85,0.00019353674999999973,36151.6,,多carry 热卷2108 1手(多)@5428 / 热卷2109 1手(空)@5425 价差=3,,多carry 豆油2108 1手(多)@8272 / 豆油2109 1手(空)@8248 价差=24,[HC] 多carry 热卷2108 1手(多)@5428 / 热卷2109 1手(空)@5425 价差=3 z=-0.79 | [Y] 多carry 豆油2108 1手(多)@8272 / 豆油2109 1手(空)@8248 价差=24 z=-1.76
2021-04-19,True,0,0,0.0,-10.78,0.0,-5.0,0.0,0.0,0.0,0.0,-3.94,15.78,-3.9445e-06,0.0,,,,,全品种空仓
2021-04-20,False,2,4,-20.0,0.0,0.0,-305.0,164243.2,0.0,0.0,23394.0,-81.25,45.0,-8.125000000001114e-05,187637.2,空carry 黄金2108 1手(空)@372.94 / 黄金2110 1手(多)@373.62 价差=-0.68,,,多carry 豆油2108 1手(多)@8348 / 豆油2109 1手(空)@8362 价差=-14,[AU] 空carry 黄金2108 1手(空)@372.94 / 黄金2110 1手(多)@373.62 价差=-0.68 z=1.41 | [Y] 多carry 豆油2108 1手(多)@8348 / 豆油2109 1手(空)@8362 价差=-14 z=-2.04
2021-04-21,False,3,6,360.0,0.0,1215.0,440.0,165884.4,0.0,20896.4,23704.800000000003,503.75,5.0,0.0005037500000000053,210485.6,空carry 黄金2108 1手(空)@376.66 / 黄金2110 1手(多)@377.36 价差=-0.7,,多carry 棕榈油2108 1手(多)@7494 / 棕榈油2109 1手(空)@7432 价差=62,多carry 豆油2108 1手(多)@8444 / 豆油2109 1手(空)@8488 价差=-44,[AU] 空carry 黄金2108 1手(空)@376.66 / 黄金2110 1手(多)@377.36 价差=-0.7 z=1.20 | [P] 多carry 棕榈油2108 1手(多)@7494 / 棕榈油2109 1手(空)@7432 价差=62 z=-1.47 | [Y] 多carry 豆油2108 1手(多)@8444 / 豆油2109 1手(空)@8488 价差=-44 z=-2.16
2021-04-22,False,2,4,80.0,0.0,-5.0,320.0,166095.59999999998,0.0,0.0,24046.4,98.75,85.0,9.875000000000373e-05,190142.0,多carry 黄金2108 1手(多)@376.96 / 黄金2110 1手(空)@378.02 价差=-1.06,,,多carry 豆油2108 1手(多)@8588 / 豆油2109 1手(空)@8588 价差=0,[AU] 多carry 黄金2108 1手(多)@376.96 / 黄金2110 1手(空)@378.02 价差=-1.06 z=-1.06 | [Y] 多carry 豆油2108 1手(多)@8588 / 豆油2109 1手(空)@8588 价差=0 z=-1.35
2021-04-23,False,1,2,-40.0,0.0,0.0,320.0,0.0,0.0,0.0,24427.200000000004,70.0,40.0,6.999999999999932e-05,24427.2,,,,多carry 豆油2108 1手(多)@8740 / 豆油2109 1手(空)@8708 价差=32,[Y] 多carry 豆油2108 1手(多)@8740 / 豆油2109 1手(空)@8708 价差=32 z=-0.75
2021-04-26,True,0,0,0.0,0.0,0.0,-5.0,0.0,0.0,0.0,0.0,-1.25,5.0,-1.25e-06,0.0,,,,,全品种空仓
2021-04-27,True,0,0,0.0,0.0,0.0,0.0,0.0,0.0,0.0,0.0,0.0,0.0,0.0,0.0,,,,,全品种空仓
2021-04-28,False,2,4,100.0,88.59,0.0,0.0,164010.0,13694.4,0.0,0.0,47.15,51.41,4.714699999998354e-05,177704.4,空carry 黄金2108 1手(空)@372.4 / 黄金2110 1手(多)@373.1 价差=-0.7,空carry 热卷2108 1手(空)@5713 / 热卷2109 1手(多)@5699 价差=14,,,[AU] 空carry 黄金2108 1手(空)@372.4 / 黄金2110 1手(多)@373.1 价差=-0.7 z=1.02 | [HC] 空carry 热卷2108 1手(空)@5713 / 热卷2109 1手(多)@5699 价差=14 z=0.80
2021-04-29,True,0,0,-40.0,-11.6,0.0,0.0,0.0,0.0,0.0,0.0,-12.9,51.6,-1.2900500000000001e-05,0.0,,,,,全品种空仓
2021-04-30,False,4,8,140.0,28.59,-345.0,395.0,163785.6,13698.0,21086.800000000003,23646.0,54.65,61.42,5.46462500000083e-05,222216.4,空carry 黄金2108 1手(空)@371.88 / 黄金2110 1手(多)@372.6 价差=-0.72,空carry 热卷2108 1手(空)@5714 / 热卷2109 1手(多)@5701 价差=13,空carry 棕榈油2108 1手(空)@7652 / 棕榈油2109 1手(多)@7410 价差=242,多carry 豆油2108 1手(多)@8444 / 豆油2109 1手(空)@8446 价差=-2,[AU] 空carry 黄金2108 1手(空)@371.88 / 黄金2110 1手(多)@372.6 价差=-0.72 z=0.85 | [HC] 空carry 热卷2108 1手(空)@5714 / 热卷2109 1手(多)@5701 价差=13 z=0.93 | [P] 空carry 棕榈油2108 1手(空)@7652 / 棕榈油2109 1手(多)@7410 价差=242 z=0.90 | [Y] 多carry 豆油2108 1手(多)@8444 / 豆油2109 1手(空)@8446 价差=-2 z=-1.19
2021-05-06,False,3,6,280.0,100.0,-5.0,10.0,166386.0,14262.0,0.0,24766.0,96.25,15.0,9.62500000000046e-05,205414.0,空carry 黄金2110 1手(空)@377.86 / 黄金2112 1手(多)@378.44 价差=-0.58,空carry 热卷2109 1手(空)@5950 / 热卷2110 1手(多)@5935 价差=15,,空carry 豆油2109 1手(空)@8896 / 豆油2111 1手(多)@8794 价差=102,[AU] 空carry 黄金2110 1手(空)@377.86 / 黄金2112 1手(多)@378.44 价差=-0.58 z=1.66 | [HC] 空carry 热卷2109 1手(空)@5950 / 热卷2110 1手(多)@5935 价差=15 z=1.20 | [Y] 空carry 豆油2109 1手(空)@8896 / 豆油2111 1手(多)@8794 价差=102 z=1.21
2021-05-07,False,1,2,-40.0,-12.0,0.0,120.0,0.0,0.0,0.0,25004.000000000004,17.0,52.0,1.699924999999852e-05,25004.0,,,,空carry 豆油2109 1手(空)@8980 / 豆油2111 1手(多)@8880 价差=100,[Y] 空carry 豆油2109 1手(空)@8980 / 豆油2111 1手(多)@8880 价差=100 z=1.14
2021-05-10,False,1,2,0.0,0.0,0.0,40.0,0.0,0.0,0.0,24656.800000000003,10.0,0.0,1.0000000000002217e-05,24656.8,,,,空carry 豆油2109 1手(空)@8850 / 豆油2111 1手(多)@8762 价差=88,[Y] 空carry 豆油2109 1手(空)@8850 / 豆油2111 1手(多)@8762 价差=88 z=0.86
2021-05-11,False,2,4,0.0,36.93,0.0,-140.0,0.0,15686.4,0.0,24662.4,-25.77,13.07,-2.5767999999997728e-05,40348.8,,多carry 热卷2109 1手(多)@6532 / 热卷2110 1手(空)@6540 价差=-8,,空carry 豆油2109 1手(空)@8850 / 豆油2111 1手(多)@8766 价差=84,[HC] 多carry 热卷2109 1手(多)@6532 / 热卷2110 1手(空)@6540 价差=-8 z=-2.16 | [Y] 空carry 豆油2109 1手(空)@8850 / 豆油2111 1手(多)@8766 价差=84 z=0.79
2021-05-12,False,3,6,280.0,40.0,0.0,0.0,168968.8,16035.599999999999,0.0,25544.4,80.0,40.0,8.000000000000025e-05,210548.8,空carry 黄金2110 1手(空)@383.8 / 黄金2112 1手(多)@384.24 价差=-0.44,多carry 热卷2109 1手(多)@6680 / 热卷2110 1手(空)@6683 价差=-3,,空carry 豆油2109 1手(空)@9172 / 豆油2111 1手(多)@9074 价差=98,[AU] 空carry 黄金2110 1手(空)@383.8 / 黄金2112 1手(多)@384.24 价差=-0.44 z=2.24 | [HC] 多carry 热卷2109 1手(多)@6680 / 热卷2110 1手(空)@6683 价差=-3 z=-1.31 | [Y] 空carry 豆油2109 1手(空)@9172 / 豆油2111 1手(多)@9074 价差=98 z=1.12
2021-05-13,False,1,2,-40.0,-12.88,0.0,-160.0,0.0,0.0,0.0,25589.200000000004,-53.22,52.88,-5.321925000000034e-05,25589.2,,,,空carry 豆油2109 1手(空)@9188 / 豆油2111 1手(多)@9090 价差=98,[Y] 空carry 豆油2109 1手(空)@9188 / 豆油2111 1手(多)@9090 价差=98 z=1.02
2021-05-14,False,3,6,680.0,157.7,0.0,60.0,169373.6,14762.4,0.0,24939.600000000002,224.42,52.3,0.00022442450000001392,209075.6,空carry 黄金2110 1手(空)@384.88 / 黄金2112 1手(多)@385 价差=-0.12,空carry 热卷2109 1手(空)@6167 / 热卷2110 1手(多)@6135 价差=32,,空carry 豆油2109 1手(空)@8964 / 豆油2111 1手(多)@8850 价差=114,[AU] 空carry 黄金2110 1手(空)@384.88 / 黄金2112 1手(多)@385 价差=-0.12 z=3.08 | [HC] 空carry 热卷2109 1手(空)@6167 / 热卷2110 1手(多)@6135 价差=32 z=2.63 | [Y] 空carry 豆油2109 1手(空)@8964 / 豆油2111 1手(多)@8850 价差=114 z=1.28
2021-05-17,False,2,4,-40.0,-40.0,0.0,-60.0,0.0,14295.6,0.0,24746.4,-35.0,40.0,-3.4999999999998594e-05,39042.0,,空carry 热卷2109 1手(空)@5964 / 热卷2110 1手(多)@5949 价差=15,,空carry 豆油2109 1手(空)@8892 / 豆油2111 1手(多)@8784 价差=108,[HC] 空carry 热卷2109 1手(空)@5964 / 热卷2110 1手(多)@5949 价差=15 z=0.76 | [Y] 空carry 豆油2109 1手(空)@8892 / 豆油2111 1手(多)@8784 价差=108 z=1.05
2021-05-18,False,2,4,0.0,80.0,0.0,40.0,0.0,14374.8,0.0,25376.4,30.0,0.0,3.0000000000001363e-05,39751.2,,空carry 热卷2109 1手(空)@5999 / 热卷2110 1手(多)@5980 价差=19,,空carry 豆油2109 1手(空)@9120 / 豆油2111 1手(多)@9006 价差=114,[HC] 空carry 热卷2109 1手(空)@5999 / 热卷2110 1手(多)@5980 价差=19 z=1.16 | [Y] 空carry 豆油2109 1手(空)@9120 / 豆油2111 1手(多)@9006 价差=114 z=1.15
2021-05-19,False,2,4,300.0,-11.37,0.0,20.0,172497.59999999998,0.0,0.0,24962.000000000004,77.16,51.37,7.715825000001171e-05,197459.6,多carry 黄金2110 1手(多)@391.56 / 黄金2112 1手(空)@392.52 价差=-0.96,,,空carry 豆油2109 1手(空)@8970 / 豆油2111 1手(多)@8860 价差=110,[AU] 多carry 黄金2110 1手(多)@391.56 / 黄金2112 1手(空)@392.52 价差=-0.96 z=-0.81 | [Y] 空carry 豆油2109 1手(空)@8970 / 豆油2111 1手(多)@8860 价差=110 z=0.96
2021-05-20,False,2,4,-40.0,168.83,0.0,-0.0,0.0,13400.4,0.0,24712.800000000003,32.21,51.17,3.220824999999861e-05,38113.2,,空carry 热卷2109 1手(空)@5612 / 热卷2110 1手(多)@5555 价差=57,,空carry 豆油2109 1手(空)@8880 / 豆油2111 1手(多)@8772 价差=108,[HC] 空carry 热卷2109 1手(空)@5612 / 热卷2110 1手(多)@5555 价差=57 z=3.34 | [Y] 空carry 豆油2109 1手(空)@8880 / 豆油2111 1手(多)@8772 价差=108 z=0.90
2021-05-21,False,2,4,0.0,180.0,0.0,-200.0,0.0,13230.0,0.0,23682.4,-5.0,0.0,-5.00000000000135e-06,36912.4,,空carry 热卷2109 1手(空)@5532 / 热卷2110 1手(多)@5493 价差=39,,空carry 豆油2109 1手(空)@8512 / 豆油2111 1手(多)@8404 价差=108,[HC] 空carry 热卷2109 1手(空)@5532 / 热卷2110 1手(多)@5493 价差=39 z=1.74 | [Y] 空carry 豆油2109 1手(空)@8512 / 豆油2111 1手(多)@8404 价差=108 z=0.82
2021-05-24,False,1,2,0.0,-10.65,0.0,-480.0,0.0,0.0,0.0,23581.600000000002,-122.66,10.65,-0.00012266325000000097,23581.6,,,,空carry 豆油2109 1手(空)@8486 / 豆油2111 1手(多)@8358 价差=128,[Y] 空carry 豆油2109 1手(空)@8486 / 豆油2111 1手(多)@8358 价差=128 z=1.24
2021-05-25,False,2,4,0.0,-10.62,0.0,-280.0,0.0,12744.0,0.0,23766.4,-72.65,10.62,-7.265499999999943e-05,36510.4,,空carry 热卷2109 1手(空)@5339 / 热卷2110 1手(多)@5281 价差=58,,空carry 豆油2109 1手(空)@8576 / 豆油2111 1手(多)@8400 价差=176,[HC] 空carry 热卷2109 1手(空)@5339 / 热卷2110 1手(多)@5281 价差=58 z=2.35 | [Y] 空carry 豆油2109 1手(空)@8576 / 豆油2111 1手(多)@8400 价差=176 z=2.15
2021-05-26,False,3,6,80.0,40.0,0.0,40.0,174204.8,12110.4,0.0,23906.4,40.0,40.0,4.000000000000023e-05,210221.6,多carry 黄金2110 1手(多)@395.42 / 黄金2112 1手(空)@396.42 价差=-1,空carry 热卷2109 1手(空)@5075 / 热卷2110 1手(多)@5017 价差=58,,空carry 豆油2109 1手(空)@8640 / 豆油2111 1手(多)@8436 价差=204,[AU] 多carry 黄金2110 1手(多)@395.42 / 黄金2112 1手(空)@396.42 价差=-1 z=-1.07 | [HC] 空carry 热卷2109 1手(空)@5075 / 热卷2110 1手(多)@5017 价差=58 z=1.97 | [Y] 空carry 豆油2109 1手(空)@8640 / 豆油2111 1手(多)@8436 价差=204 z=2.32
2021-05-27,False,2,4,-40.0,-10.0,0.0,300.0,0.0,12511.2,0.0,23329.600000000002,62.5,40.0,6.249999999999642e-05,35840.8,,空carry 热卷2109 1手(空)@5240 / 热卷2110 1手(多)@5186 价差=54,,空carry 豆油2109 1手(空)@8432 / 豆油2111 1手(多)@8232 价差=200,[HC] 空carry 热卷2109 1手(空)@5240 / 热卷2110 1手(多)@5186 价差=54 z=1.55 | [Y] 空carry 豆油2109 1手(空)@8432 / 豆油2111 1手(多)@8232 价差=200 z=1.89
2021-05-28,False,3,6,40.0,10.0,0.0,40.0,171974.0,12853.199999999999,0.0,23858.800000000003,22.5,40.0,2.249999999998456e-05,208686.0,多carry 黄金2110 1手(多)@390.32 / 黄金2112 1手(空)@391.38 价差=-1.06,空carry 热卷2109 1手(空)@5383 / 热卷2110 1手(多)@5328 价差=55,,空carry 豆油2109 1手(空)@8606 / 豆油2111 1手(多)@8436 价差=170,[AU] 多carry 黄金2110 1手(多)@390.32 / 黄金2112 1手(空)@391.38 价差=-1.06 z=-1.39 | [HC] 空carry 热卷2109 1手(空)@5383 / 热卷2110 1手(多)@5328 价差=55 z=1.42 | [Y] 空carry 豆油2109 1手(空)@8606 / 豆油2111 1手(多)@8436 价差=170 z=1.18
2021-05-31,False,4,8,-80.0,110.0,35.0,60.0,173311.6,12914.4,20991.600000000002,23696.4,31.25,5.0,3.125000000002105e-05,230914.0,多carry 黄金2110 1手(多)@393.4 / 黄金2112 1手(空)@394.38 价差=-0.98,空carry 热卷2109 1手(空)@5408 / 热卷2110 1手(多)@5354 价差=54,多carry 棕榈油2109 1手(多)@7546 / 棕榈油2110 1手(空)@7448 价差=98,空carry 豆油2109 1手(空)@8546 / 豆油2111 1手(多)@8380 价差=166,[AU] 多carry 黄金2110 1手(多)@393.4 / 黄金2112 1手(空)@394.38 价差=-0.98 z=-0.89 | [HC] 空carry 热卷2109 1手(空)@5408 / 热卷2110 1手(多)@5354 价差=54 z=1.23 | [P] 多carry 棕榈油2109 1手(多)@7546 / 棕榈油2110 1手(空)@7448 价差=98 z=-1.11 | [Y] 空carry 豆油2109 1手(空)@8546 / 豆油2111 1手(多)@8380 价差=166 z=1.02
2021-06-01,False,4,8,420.0,180.0,-80.0,30.0,174402.8,12990.0,20893.600000000002,23646.0,137.5,10.0,0.00013749999999997892,231932.4,多carry 黄金2110 1手(多)@395.84 / 黄金2112 1手(空)@396.9 价差=-1.06,空carry 热卷2110 1手(空)@5437 / 热卷2111 1手(多)@5388 价差=49,多carry 棕榈油2110 1手(多)@7488 / 棕榈油2111 1手(空)@7436 价差=52,多carry 豆油2111 1手(多)@8476 / 豆油2112 1手(空)@8414 价差=62,[AU] 多carry 黄金2110 1手(多)@395.84 / 黄金2112 1手(空)@396.9 价差=-1.06 z=-1.16 | [HC] 空carry 热卷2110 1手(空)@5437 / 热卷2111 1手(多)@5388 价差=49 z=0.92 | [P] 多carry 棕榈油2110 1手(多)@7488 / 棕榈油2111 1手(空)@7436 价差=52 z=-1.72 | [Y] 多carry 豆油2111 1手(多)@8476 / 豆油2112 1手(空)@8414 价差=62 z=-1.14
2021-06-02,False,2,4,-40.0,-10.58,280.0,60.0,0.0,0.0,21576.800000000003,24194.800000000003,72.36,50.58,7.235525000000137e-05,45771.6,,,多carry 棕榈油2110 1手(多)@7728 / 棕榈油2111 1手(空)@7684 价差=44,多carry 豆油2111 1手(多)@8674 / 豆油2112 1手(空)@8608 价差=66,[P] 多carry 棕榈油2110 1手(多)@7728 / 棕榈油2111 1手(空)@7684 价差=44 z=-1.78 | [Y] 多carry 豆油2111 1手(多)@8674 / 豆油2112 1手(空)@8608 价差=66 z=-1.32
2021-06-03,False,2,4,0.0,0.0,-200.0,-140.0,0.0,0.0,22439.200000000004,24920.0,-85.0,0.0,-8.500000000000051e-05,47359.2,,,多carry 棕榈油2110 1手(多)@8050 / 棕榈油2111 1手(空)@7978 价差=72,多carry 豆油2111 1手(多)@8936 / 豆油2112 1手(空)@8864 价差=72,[P] 多carry 棕榈油2110 1手(多)@8050 / 棕榈油2111 1手(空)@7978 价差=72 z=-1.38 | [Y] 多carry 豆油2111 1手(多)@8936 / 豆油2112 1手(空)@8864 价差=72 z=-1.10
2021-06-04,False,3,6,0.0,29.18,-140.0,-20.0,0.0,12981.6,21974.4,24486.0,-32.7,10.82,-3.270449999999947e-05,59442.0,,空carry 热卷2110 1手(空)@5434 / 热卷2111 1手(多)@5384 价差=50,多carry 棕榈油2110 1手(多)@7874 / 棕榈油2111 1手(空)@7822 价差=52,多carry 豆油2111 1手(多)@8774 / 豆油2112 1手(空)@8716 价差=58,[HC] 空carry 热卷2110 1手(空)@5434 / 热卷2111 1手(多)@5384 价差=50 z=0.78 | [P] 多carry 棕榈油2110 1手(多)@7874 / 棕榈油2111 1手(空)@7822 价差=52 z=-1.58 | [Y] 多carry 豆油2111 1手(多)@8774 / 豆油2112 1手(空)@8716 价差=58 z=-1.32
2021-06-07,False,2,4,0.0,-10.46,-280.0,140.0,0.0,0.0,22122.800000000003,24796.800000000003,-37.61,10.46,-3.761449999999944e-05,46919.6,,,多carry 棕榈油2110 1手(多)@7920 / 棕榈油2111 1手(空)@7882 价差=38,多carry 豆油2111 1手(多)@8884 / 豆油2112 1手(空)@8828 价差=56,[P] 多carry 棕榈油2110 1手(多)@7920 / 棕榈油2111 1手(空)@7882 价差=38 z=-1.79 | [Y] 多carry 豆油2111 1手(多)@8884 / 豆油2112 1手(空)@8828 价差=56 z=-1.28
2021-06-08,False,2,4,0.0,0.0,400.0,-120.0,0.0,0.0,21260.4,24054.800000000003,70.0,0.0,7.000000000000154e-05,45315.2,,,多carry 棕榈油2110 1手(多)@7598 / 棕榈油2111 1手(空)@7588 价差=10,多carry 豆油2111 1手(多)@8626 / 豆油2112 1手(空)@8556 价差=70,[P] 多carry 棕榈油2110 1手(多)@7598 / 棕榈油2111 1手(空)@7588 价差=10 z=-2.04 | [Y] 多carry 豆油2111 1手(多)@8626 / 豆油2112 1手(空)@8556 价差=70 z=-0.95
2021-06-09,False,2,4,0.0,0.0,-100.0,40.0,0.0,0.0,21271.600000000002,23993.200000000004,-15.0,0.0,-1.500000000000012e-05,45264.8,,,多carry 棕榈油2110 1手(多)@7622 / 棕榈油2111 1手(空)@7572 价差=50,多carry 豆油2111 1手(多)@8598 / 豆油2112 1手(空)@8540 价差=58,[P] 多carry 棕榈油2110 1手(多)@7622 / 棕榈油2111 1手(空)@7572 价差=50 z=-1.46 | [Y] 多carry 豆油2111 1手(多)@8598 / 豆油2112 1手(空)@8540 价差=58 z=-1.13
2021-06-10,False,2,4,0.0,0.0,20.0,-120.0,0.0,0.0,21341.600000000002,24256.4,-25.0,0.0,-2.500000000000074e-05,45598.0,,,多carry 棕榈油2110 1手(多)@7642 / 棕榈油2111 1手(空)@7602 价差=40,多carry 豆油2111 1手(多)@8694 / 豆油2112 1手(空)@8632 价差=62,[P] 多carry 棕榈油2110 1手(多)@7642 / 棕榈油2111 1手(空)@7602 价差=40 z=-1.54 | [Y] 多carry 豆油2111 1手(多)@8694 / 豆油2112 1手(空)@8632 价差=62 z=-0.98
2021-06-11,False,3,6,0.0,-21.16,-200.0,-120.0,0.0,13396.8,20734.0,23830.800000000003,-85.29,11.16,-8.5291e-05,57961.6,,空carry 热卷2110 1手(空)@5610 / 热卷2111 1手(多)@5554 价差=56,多carry 棕榈油2110 1手(多)@7426 / 棕榈油2111 1手(空)@7384 价差=42,多carry 豆油2111 1手(多)@8536 / 豆油2112 1手(空)@8486 价差=50,[HC] 空carry 热卷2110 1手(空)@5610 / 热卷2111 1手(多)@5554 价差=56 z=0.84 | [P] 多carry 棕榈油2110 1手(多)@7426 / 棕榈油2111 1手(空)@7384 价差=42 z=-1.46 | [Y] 多carry 豆油2111 1手(多)@8536 / 豆油2112 1手(空)@8486 价差=50 z=-1.12
2021-06-15,False,4,8,-100.0,130.0,280.0,40.0,168251.59999999998,12978.0,19698.0,22822.800000000003,87.5,40.0,8.749999999999687e-05,223750.4,空carry 黄金2110 1手(空)@382.12 / 黄金2112 1手(多)@382.66 价差=-0.54,空carry 热卷2110 1手(空)@5436 / 热卷2111 1手(多)@5379 价差=57,多carry 棕榈油2110 1手(多)@7046 / 棕榈油2111 1手(空)@7024 价差=22,多carry 豆油2111 1手(多)@8170 / 豆油2112 1手(空)@8132 价差=38,[AU] 空carry 黄金2110 1手(空)@382.12 / 黄金2112 1手(多)@382.66 价差=-0.54 z=1.52 | [HC] 空carry 热卷2110 1手(空)@5436 / 热卷2111 1手(多)@5379 价差=57 z=0.84 | [P] 多carry 棕榈油2110 1手(多)@7046 / 棕榈油2111 1手(空)@7024 价差=22 z=-1.74 | [Y] 多carry 豆油2111 1手(多)@8170 / 豆油2112 1手(空)@8132 价差=38 z=-1.23
2021-06-16,False,3,6,160.0,-10.52,100.0,60.0,168080.0,0.0,19138.0,22240.4,77.37,10.52,7.737100000000435e-05,209458.4,空carry 黄金2110 1手(空)@381.76 / 黄金2112 1手(多)@382.24 价差=-0.48,,多carry 棕榈油2110 1手(多)@6860 / 棕榈油2111 1手(空)@6810 价差=50,多carry 豆油2111 1手(多)@7964 / 豆油2112 1手(空)@7922 价差=42,[AU] 空carry 黄金2110 1手(空)@381.76 / 黄金2112 1手(多)@382.24 价差=-0.48 z=1.66 | [P] 多carry 棕榈油2110 1手(多)@6860 / 棕榈油2111 1手(空)@6810 价差=50 z=-1.27 | [Y] 多carry 豆油2111 1手(多)@7964 / 豆油2112 1手(空)@7922 价差=42 z=-1.06
2021-06-17,False,3,6,-40.0,-10.7,240.0,-80.0,0.0,12844.8,19152.0,22125.600000000002,27.32,50.7,2.732399999999843e-05,54122.4,,多carry 热卷2110 1手(多)@5371 / 热卷2111 1手(空)@5333 价差=38,多carry 棕榈油2110 1手(多)@6870 / 棕榈油2111 1手(空)@6810 价差=60,多carry 豆油2111 1手(多)@7926 / 豆油2112 1手(空)@7878 价差=48,[HC] 多carry 热卷2110 1手(多)@5371 / 热卷2111 1手(空)@5333 价差=38 z=-1.02 | [P] 多carry 棕榈油2110 1手(多)@6870 / 棕榈油2111 1手(空)@6810 价差=60 z=-1.10 | [Y] 多carry 豆油2111 1手(多)@7926 / 豆油2112 1手(空)@7878 价差=48 z=-0.87
2021-06-18,False,3,6,-80.0,-90.0,-5.0,0.0,163424.8,12787.2,0.0,21476.000000000004,-43.75,45.0,-4.3750000000004235e-05,197688.0,空carry 黄金2110 1手(空)@371.22 / 黄金2112 1手(多)@371.62 价差=-0.4,多carry 热卷2110 1手(多)@5347 / 热卷2111 1手(空)@5309 价差=38,,多carry 豆油2111 1手(多)@7690 / 豆油2112 1手(空)@7650 价差=40,[AU] 空carry 黄金2110 1手(空)@371.22 / 黄金2112 1手(多)@371.62 价差=-0.4 z=1.81 | [HC] 多carry 热卷2110 1手(多)@5347 / 热卷2111 1手(空)@5309 价差=38 z=-0.92 | [Y] 多carry 豆油2111 1手(多)@7690 / 豆油2112 1手(空)@7650 价差=40 z=-0.93
2021-06-21,False,4,8,220.0,-80.0,155.0,-120.0,163574.40000000002,12373.2,18790.800000000003,21851.2,43.75,5.0,4.3749999999989855e-05,216589.6,空carry 黄金2110 1手(空)@371.58 / 黄金2112 1手(多)@371.94 价差=-0.36,多carry 热卷2110 1手(多)@5170 / 热卷2111 1手(空)@5141 价差=29,多carry 棕榈油2110 1手(多)@6740 / 棕榈油2111 1手(空)@6682 价差=58,多carry 豆油2111 1手(多)@7824 / 豆油2112 1手(空)@7784 价差=40,[AU] 空carry 黄金2110 1手(空)@371.58 / 黄金2112 1手(多)@371.94 价差=-0.36 z=1.78 | [HC] 多carry 热卷2110 1手(多)@5170 / 热卷2111 1手(空)@5141 价差=29 z=-1.68 | [P] 多carry 棕榈油2110 1手(多)@6740 / 棕榈油2111 1手(空)@6682 价差=58 z=-1.11 | [Y] 多carry 豆油2111 1手(多)@7824 / 豆油2112 1手(空)@7784 价差=40 z=-0.86
2021-06-22,False,3,6,-40.0,140.0,-100.0,240.0,0.0,12342.0,19110.0,22198.4,60.0,40.0,5.999999999999872e-05,53650.4,,多carry 热卷2110 1手(多)@5153 / 热卷2111 1手(空)@5132 价差=21,多carry 棕榈油2110 1手(多)@6862 / 棕榈油2111 1手(空)@6788 价差=74,多carry 豆油2111 1手(多)@7942 / 豆油2112 1手(空)@7914 价差=28,[HC] 多carry 热卷2110 1手(多)@5153 / 热卷2111 1手(空)@5132 价差=21 z=-2.46 | [P] 多carry 棕榈油2110 1手(多)@6862 / 棕榈油2111 1手(空)@6788 价差=74 z=-0.96 | [Y] 多carry 豆油2111 1手(多)@7942 / 豆油2112 1手(空)@7914 价差=28 z=-0.96
2021-06-23,False,3,6,0.0,-130.0,-180.0,-5.0,164489.59999999998,12325.199999999999,19280.800000000003,0.0,-78.75,45.0,-7.874999999999606e-05,196095.6,空carry 黄金2110 1手(空)@373.66 / 黄金2112 1手(多)@374.02 价差=-0.36,多carry 热卷2110 1手(多)@5153 / 热卷2111 1手(空)@5118 价差=35,多carry 棕榈油2110 1手(多)@6918 / 棕榈油2111 1手(空)@6854 价差=64,,[AU] 空carry 黄金2110 1手(空)@373.66 / 黄金2112 1手(多)@374.02 价差=-0.36 z=1.53 | [HC] 多carry 热卷2110 1手(多)@5153 / 热卷2111 1手(空)@5118 价差=35 z=-1.00 | [P] 多carry 棕榈油2110 1手(多)@6918 / 棕榈油2111 1手(空)@6854 价差=64 z=-1.11
2021-06-24,False,3,6,220.0,120.0,80.0,0.0,163565.6,12357.599999999999,18970.0,0.0,105.0,0.0,0.00010500000000001177,194893.2,空carry 黄金2110 1手(空)@371.54 / 黄金2112 1手(多)@371.94 价差=-0.4,多carry 热卷2110 1手(多)@5160 / 热卷2111 1手(空)@5138 价差=22,多carry 棕榈油2110 1手(多)@6798 / 棕榈油2111 1手(空)@6752 价差=46,,[AU] 空carry 黄金2110 1手(空)@371.54 / 黄金2112 1手(多)@371.94 价差=-0.4 z=1.20 | [HC] 多carry 热卷2110 1手(多)@5160 / 热卷2111 1手(空)@5138 价差=22 z=-1.94 | [P] 多carry 棕榈油2110 1手(多)@6798 / 棕榈油2111 1手(空)@6752 价差=46 z=-1.37
2021-06-25,False,2,4,-40.0,-30.0,100.0,0.0,0.0,12650.4,19401.200000000004,0.0,7.5,40.0,7.500000000000824e-06,32051.6,,多carry 热卷2110 1手(多)@5288 / 热卷2111 1手(空)@5254 价差=34,多carry 棕榈油2110 1手(多)@6956 / 棕榈油2111 1手(空)@6902 价差=54,,[HC] 多carry 热卷2110 1手(多)@5288 / 热卷2111 1手(空)@5254 价差=34 z=-0.77 | [P] 多carry 棕榈油2110 1手(多)@6956 / 棕榈油2111 1手(空)@6902 价差=54 z=-1.22
2021-06-28,False,2,4,0.0,-10.0,-140.0,0.0,0.0,12742.8,19465.600000000002,0.0,-37.5,0.0,-3.7499999999999665e-05,32208.4,,多carry 热卷2110 1手(多)@5325 / 热卷2111 1手(空)@5294 价差=31,多carry 棕榈油2110 1手(多)@6984 / 棕榈油2111 1手(空)@6920 价差=64,,[HC] 多carry 热卷2110 1手(多)@5325 / 热卷2111 1手(空)@5294 价差=31 z=-0.95 | [P] 多carry 棕榈油2110 1手(多)@6984 / 棕榈油2111 1手(空)@6920 价差=64 z=-1.03
2021-06-29,False,3,6,-60.0,-70.0,140.0,0.0,163068.4,12720.0,19401.2,0.0,2.5,40.0,2.5000000000013076e-06,195189.6,空carry 黄金2110 1手(空)@370.42 / 黄金2112 1手(多)@370.8 价差=-0.38,多carry 热卷2110 1手(多)@5315 / 热卷2111 1手(空)@5285 价差=30,多carry 棕榈油2110 1手(多)@6954 / 棕榈油2111 1手(空)@6904 价差=50,,[AU] 空carry 黄金2110 1手(空)@370.42 / 黄金2112 1手(多)@370.8 价差=-0.38 z=1.17 | [HC] 多carry 热卷2110 1手(多)@5315 / 热卷2111 1手(空)@5285 价差=30 z=-0.94 | [P] 多carry 棕榈油2110 1手(多)@6954 / 棕榈油2111 1手(空)@6904 价差=50 z=-1.22
2021-06-30,False,3,6,120.0,70.0,100.0,0.0,161620.8,12999.599999999999,19880.0,0.0,72.5,0.0,7.249999999998883e-05,194500.4,空carry 黄金2110 1手(空)@367.14 / 黄金2112 1手(多)@367.5 价差=-0.36,多carry 热卷2110 1手(多)@5428 / 热卷2111 1手(空)@5405 价差=23,多carry 棕榈油2110 1手(多)@7132 / 棕榈油2111 1手(空)@7068 价差=64,,[AU] 空carry 黄金2110 1手(空)@367.14 / 黄金2112 1手(多)@367.5 价差=-0.36 z=1.28 | [HC] 多carry 热卷2110 1手(多)@5428 / 热卷2111 1手(空)@5405 价差=23 z=-1.42 | [P] 多carry 棕榈油2110 1手(多)@7132 / 棕榈油2111 1手(空)@7068 价差=64 z=-1.00
2021-07-01,False,1,2,-40.0,-10.76,-0.0,0.0,0.0,0.0,20280.4,0.0,-12.69,50.76,-1.2690000000000341e-05,20280.4,,,多carry 棕榈油2111 1手(多)@7282 / 棕榈油2112 1手(空)@7204 价差=78,,[P] 多carry 棕榈油2111 1手(多)@7282 / 棕榈油2112 1手(空)@7204 价差=78 z=-0.78
2021-07-02,False,3,6,0.0,-100.75,140.0,135.0,0.0,12904.8,20577.200000000004,23786.0,43.56,15.75,4.3561499999999214e-05,57268.0,,多carry 热卷2111 1手(多)@5391 / 热卷2112 1手(空)@5363 价差=28,多carry 棕榈油2111 1手(多)@7388 / 棕榈油2112 1手(空)@7310 价差=78,空carry 豆油2111 1手(空)@8528 / 豆油2112 1手(多)@8462 价差=66,[HC] 多carry 热卷2111 1手(多)@5391 / 热卷2112 1手(空)@5363 价差=28 z=-0.91 | [P] 多carry 棕榈油2111 1手(多)@7388 / 棕榈油2112 1手(空)@7310 价差=78 z=-0.77 | [Y] 空carry 豆油2111 1手(空)@8528 / 豆油2112 1手(多)@8462 价差=66 z=1.54
2021-07-05,False,1,2,0.0,-90.0,-5.0,-5.0,0.0,13076.4,0.0,0.0,-25.0,10.0,-2.5000000000002102e-05,13076.4,,多carry 热卷2111 1手(多)@5458 / 热卷2112 1手(空)@5439 价差=19,,,[HC] 多carry 热卷2111 1手(多)@5458 / 热卷2112 1手(空)@5439 价差=19 z=-1.53
2021-07-06,False,3,6,-120.0,240.0,0.0,35.0,166232.0,13365.6,0.0,23870.0,38.75,45.0,3.8750000000005895e-05,203467.6,多carry 黄金2112 1手(多)@377.46 / 黄金2202 1手(空)@378.14 价差=-0.68,多carry 热卷2111 1手(多)@5574 / 热卷2112 1手(空)@5564 价差=10,,空carry 豆油2111 1手(空)@8558 / 豆油2112 1手(多)@8492 价差=66,[AU] 多carry 黄金2112 1手(多)@377.46 / 黄金2202 1手(空)@378.14 价差=-0.68 z=-0.92 | [HC] 多carry 热卷2111 1手(多)@5574 / 热卷2112 1手(空)@5564 价差=10 z=-1.95 | [Y] 空carry 豆油2111 1手(空)@8558 / 豆油2112 1手(多)@8492 价差=66 z=1.46
2021-07-07,False,2,4,100.0,-11.43,0.0,-100.0,166179.2,0.0,0.0,23433.200000000004,-2.86,11.43,-2.857999999995233e-06,189612.4,多carry 黄金2112 1手(多)@377.3 / 黄金2202 1手(空)@378.06 价差=-0.76,,,空carry 豆油2111 1手(空)@8400 / 豆油2112 1手(多)@8338 价差=62,[AU] 多carry 黄金2112 1手(多)@377.3 / 黄金2202 1手(空)@378.06 价差=-0.76 z=-1.36 | [Y] 空carry 豆油2111 1手(空)@8400 / 豆油2112 1手(多)@8338 价差=62 z=1.20
2021-07-08,False,3,6,-20.0,198.58,0.0,0.0,165858.0,13700.4,0.0,23469.600000000002,44.65,11.42,4.4645749999992826e-05,203028.0,多carry 黄金2112 1手(多)@376.62 / 黄金2202 1手(空)@377.28 价差=-0.66,多carry 热卷2111 1手(多)@5708 / 热卷2112 1手(空)@5709 价差=-1,,空carry 豆油2111 1手(空)@8418 / 豆油2112 1手(多)@8346 价差=72,[AU] 多carry 黄金2112 1手(多)@376.62 / 黄金2202 1手(空)@377.28 价差=-0.66 z=-0.84 | [HC] 多carry 热卷2111 1手(多)@5708 / 热卷2112 1手(空)@5709 价差=-1 z=-2.30 | [Y] 空carry 豆油2111 1手(空)@8418 / 豆油2112 1手(多)@8346 价差=72 z=1.92
2021-07-09,False,2,4,-20.0,-11.45,0.0,40.0,166372.8,0.0,0.0,23800.0,2.14,11.45,2.1374999999946e-06,190172.8,多carry 黄金2112 1手(多)@377.78 / 黄金2202 1手(空)@378.46 价差=-0.68,,,空carry 豆油2111 1手(空)@8536 / 豆油2112 1手(多)@8464 价差=72,[AU] 多carry 黄金2112 1手(多)@377.78 / 黄金2202 1手(空)@378.46 价差=-0.68 z=-0.97 | [Y] 空carry 豆油2111 1手(空)@8536 / 豆油2112 1手(多)@8464 价差=72 z=1.76
2021-07-12,False,2,4,100.0,0.0,0.0,40.0,166034.0,0.0,0.0,23889.600000000002,35.0,0.0,3.5000000000006936e-05,189923.6,多carry 黄金2112 1手(多)@377 / 黄金2202 1手(空)@377.7 价差=-0.7,,,空carry 豆油2111 1手(空)@8566 / 豆油2112 1手(多)@8498 价差=68,[AU] 多carry 黄金2112 1手(多)@377 / 黄金2202 1手(空)@377.7 价差=-0.7 z=-1.11 | [Y] 空carry 豆油2111 1手(空)@8566 / 豆油2112 1手(多)@8498 价差=68 z=1.29
2021-07-13,False,3,6,-40.0,108.39,55.0,-60.0,0.0,13928.4,21095.200000000004,24225.600000000002,15.85,56.61,1.5848250000004322e-05,59249.2,,空carry 热卷2111 1手(空)@5824 / 热卷2112 1手(多)@5783 价差=41,多carry 棕榈油2111 1手(多)@7570 / 棕榈油2112 1手(空)@7498 价差=72,空carry 豆油2111 1手(空)@8684 / 豆油2112 1手(多)@8620 价差=64,[HC] 空carry 热卷2111 1手(空)@5824 / 热卷2112 1手(多)@5783 价差=41 z=1.18 | [P] 多carry 棕榈油2111 1手(多)@7570 / 棕榈油2112 1手(空)@7498 价差=72 z=-0.77 | [Y] 空carry 豆油2111 1手(空)@8684 / 豆油2112 1手(多)@8620 价差=64 z=0.88
2021-07-14,False,2,4,-60.0,-11.88,-5.0,140.0,167134.0,0.0,0.0,24446.800000000003,15.78,56.88,1.5779250000013332e-05,191580.8,多carry 黄金2112 1手(多)@379.5 / 黄金2202 1手(空)@380.2 价差=-0.7,,,空carry 豆油2111 1手(空)@8766 / 豆油2112 1手(多)@8696 价差=70,[AU] 多carry 黄金2112 1手(多)@379.5 / 黄金2202 1手(空)@380.2 价差=-0.7 z=-0.95 | [Y] 空carry 豆油2111 1手(空)@8766 / 豆油2112 1手(多)@8696 价差=70 z=1.22
2021-07-15,False,2,4,-40.0,48.18,0.0,-5.0,168449.6,14188.8,0.0,0.0,0.79,16.82,7.939999999983484e-07,182638.4,多carry 黄金2112 1手(多)@382.48 / 黄金2202 1手(空)@383.2 价差=-0.72,多carry 热卷2111 1手(多)@5918 / 热卷2112 1手(空)@5906 价差=12,,,[AU] 多carry 黄金2112 1手(多)@382.48 / 黄金2202 1手(空)@383.2 价差=-0.72 z=-1.01 | [HC] 多carry 热卷2111 1手(多)@5918 / 热卷2112 1手(空)@5906 价差=12 z=-1.35
2021-07-16,False,2,4,-120.0,-11.82,0.0,95.0,168018.40000000002,0.0,0.0,24645.600000000002,-9.2,16.82,-9.204000000017522e-06,192664.0,多carry 黄金2112 1手(多)@381.48 / 黄金2202 1手(空)@382.24 价差=-0.76,,,空carry 豆油2111 1手(空)@8840 / 豆油2112 1手(多)@8764 价差=76,[AU] 多carry 黄金2112 1手(多)@381.48 / 黄金2202 1手(空)@382.24 价差=-0.76 z=-1.19 | [Y] 空carry 豆油2111 1手(空)@8840 / 豆油2112 1手(多)@8764 价差=76 z=1.49
2021-07-19,False,1,2,-120.0,0.0,0.0,-5.0,166443.2,0.0,0.0,0.0,-31.25,5.0,-3.124999999997908e-05,166443.2,多carry 黄金2112 1手(多)@377.84 / 黄金2202 1手(空)@378.72 价差=-0.88,,,,[AU] 多carry 黄金2112 1手(多)@377.84 / 黄金2202 1手(空)@378.72 价差=-0.88 z=-1.87
2021-07-20,False,2,4,120.0,0.0,0.0,435.0,167719.2,0.0,0.0,24931.200000000004,138.75,5.0,0.00013874999999998443,192650.4,多carry 黄金2112 1手(多)@380.68 / 黄金2202 1手(空)@381.68 价差=-1,,,空carry 豆油2111 1手(空)@8960 / 豆油2112 1手(多)@8848 价差=112,[AU] 多carry 黄金2112 1手(多)@380.68 / 黄金2202 1手(空)@381.68 价差=-1 z=-2.17 | [Y] 空carry 豆油2111 1手(空)@8960 / 豆油2112 1手(多)@8848 价差=112 z=3.18
2021-07-21,False,2,4,-40.0,-151.76,0.0,-5.0,167076.8,14115.599999999999,0.0,0.0,-49.19,16.76,-4.91907499999915e-05,181192.4,多carry 黄金2112 1手(多)@379.28 / 黄金2202 1手(空)@380.16 价差=-0.88,多carry 热卷2111 1手(多)@5887 / 热卷2112 1手(空)@5876 价差=11,,,[AU] 多carry 黄金2112 1手(多)@379.28 / 黄金2202 1手(空)@380.16 价差=-0.88 z=-1.35 | [HC] 多carry 热卷2111 1手(多)@5887 / 热卷2112 1手(空)@5876 价差=11 z=-1.20
2021-07-22,False,2,4,80.0,-50.0,0.0,0.0,165774.4,14245.2,0.0,0.0,7.5,0.0,7.499999999989154e-06,180019.6,多carry 黄金2112 1手(多)@376.3 / 黄金2202 1手(空)@377.22 价差=-0.92,多carry 热卷2111 1手(多)@5934 / 热卷2112 1手(空)@5937 价差=-3,,,[AU] 多carry 黄金2112 1手(多)@376.3 / 黄金2202 1手(空)@377.22 价差=-0.92 z=-1.49 | [HC] 多carry 热卷2111 1手(多)@5934 / 热卷2112 1手(空)@5937 价差=-3 z=-2.11
2021-07-23,False,3,6,20.0,90.0,0.0,35.0,166513.59999999998,14263.2,0.0,24802.4,36.25,5.0,3.6250000000019956e-05,205579.2,多carry 黄金2112 1手(多)@378.02 / 黄金2202 1手(空)@378.86 价差=-0.84,多carry 热卷2111 1手(多)@5939 / 热卷2112 1手(空)@5947 价差=-8,,空carry 豆油2111 1手(空)@8898 / 豆油2112 1手(多)@8818 价差=80,[AU] 多carry 黄金2112 1手(多)@378.02 / 黄金2202 1手(空)@378.86 价差=-0.84 z=-0.88 | [HC] 多carry 热卷2111 1手(多)@5939 / 热卷2112 1手(空)@5947 价差=-8 z=-2.10 | [Y] 空carry 豆油2111 1手(空)@8898 / 豆油2112 1手(多)@8818 价差=80 z=0.96
2021-07-26,False,1,2,-40.0,-170.0,0.0,-5.0,0.0,14305.2,0.0,0.0,-53.75,45.0,-5.3750000000001164e-05,14305.2,,多carry 热卷2111 1手(多)@5961 / 热卷2112 1手(空)@5960 价差=1,,,[HC] 多carry 热卷2111 1手(多)@5961 / 热卷2112 1手(空)@5960 价差=1 z=-1.28
2021-07-27,False,2,4,0.0,310.0,0.0,-65.0,0.0,14083.2,0.0,25253.200000000004,61.25,5.0,6.12500000000004e-05,39336.4,,多carry 热卷2111 1手(多)@5860 / 热卷2112 1手(空)@5876 价差=-16,,多carry 豆油2111 1手(多)@9042 / 豆油2112 1手(空)@8996 价差=46,[HC] 多carry 热卷2111 1手(多)@5860 / 热卷2112 1手(空)@5876 价差=-16 z=-2.08 | [Y] 多carry 豆油2111 1手(多)@9042 / 豆油2112 1手(空)@8996 价差=46 z=-1.52
2021-07-28,False,2,4,-40.0,-11.7,0.0,200.0,167362.8,0.0,0.0,24763.2,37.08,51.7,3.7076249999992186e-05,192126.0,多carry 黄金2112 1手(多)@379.9 / 黄金2202 1手(空)@380.84 价差=-0.94,,,多carry 豆油2111 1手(多)@8864 / 豆油2112 1手(空)@8824 价差=40,[AU] 多carry 黄金2112 1手(多)@379.9 / 黄金2202 1手(空)@380.84 价差=-0.94 z=-1.51 | [Y] 多carry 豆油2111 1手(多)@8864 / 豆油2112 1手(空)@8824 价差=40 z=-1.85
2021-07-29,False,1,2,120.0,0.0,0.0,-5.0,167917.2,0.0,0.0,0.0,28.75,5.0,2.874999999998971e-05,167917.2,多carry 黄金2112 1手(多)@381.16 / 黄金2202 1手(空)@382.1 价差=-0.94,,,,[AU] 多carry 黄金2112 1手(多)@381.16 / 黄金2202 1手(空)@382.1 价差=-0.94 z=-1.33
2021-07-30,False,1,2,-40.0,0.0,0.0,15.0,0.0,0.0,0.0,24819.200000000004,-6.25,45.0,-6.250000000000455e-06,24819.2,,,,多carry 豆油2111 1手(多)@8890 / 豆油2112 1手(空)@8838 价差=52,[Y] 多carry 豆油2111 1手(多)@8890 / 豆油2112 1手(空)@8838 价差=52 z=-0.97
2021-08-02,False,3,6,-120.0,98.53,0.0,170.0,166443.2,13762.8,0.0,23688.0,37.13,61.47,3.713275000001278e-05,203894.0,多carry 黄金2112 1手(多)@377.84 / 黄金2202 1手(空)@378.72 价差=-0.88,空carry 热卷2112 1手(空)@5758 / 热卷2201 1手(多)@5711 价差=47,,空carry 豆油2112 1手(空)@8516 / 豆油2201 1手(多)@8404 价差=112,[AU] 多carry 黄金2112 1手(多)@377.84 / 黄金2202 1手(空)@378.72 价差=-0.88 z=-0.77 | [HC] 空carry 热卷2112 1手(空)@5758 / 热卷2201 1手(多)@5711 价差=47 z=1.92 | [Y] 空carry 豆油2112 1手(空)@8516 / 豆油2201 1手(多)@8404 价差=112 z=2.40
2021-08-03,False,3,6,120.0,-20.0,0.0,-320.0,166452.0,13317.599999999999,0.0,23640.4,-55.0,0.0,-5.4999999999997156e-05,203410.0,多carry 黄金2112 1手(多)@377.82 / 黄金2202 1手(空)@378.78 价差=-0.96,空carry 热卷2112 1手(空)@5567 / 热卷2201 1手(多)@5531 价差=36,,空carry 豆油2112 1手(空)@8490 / 豆油2201 1手(多)@8396 价差=94,[AU] 多carry 黄金2112 1手(多)@377.82 / 黄金2202 1手(空)@378.78 价差=-0.96 z=-1.34 | [HC] 空carry 热卷2112 1手(空)@5567 / 热卷2201 1手(多)@5531 价差=36 z=1.12 | [Y] 空carry 豆油2112 1手(空)@8490 / 豆油2201 1手(多)@8396 价差=94 z=1.25
2021-08-04,False,2,4,-40.0,150.0,0.0,-80.0,0.0,13965.599999999999,0.0,24060.4,7.5,40.0,7.499999999998621e-06,38026.0,,空carry 热卷2112 1手(空)@5838 / 热卷2201 1手(多)@5800 价差=38,,空carry 豆油2112 1手(空)@8656 / 豆油2201 1手(多)@8530 价差=126,[HC] 空carry 热卷2112 1手(空)@5838 / 热卷2201 1手(多)@5800 价差=38 z=1.21 | [Y] 空carry 豆油2112 1手(空)@8656 / 豆油2201 1手(多)@8530 价差=126 z=2.35
2021-08-05,False,2,4,140.0,-11.41,0.0,-40.0,166557.6,0.0,0.0,24150.0,22.15,51.41,2.2148249999987094e-05,190707.6,多carry 黄金2112 1手(多)@378.04 / 黄金2202 1手(空)@379.04 价差=-1,,,空carry 豆油2112 1手(空)@8692 / 豆油2201 1手(多)@8558 价差=134,[AU] 多carry 黄金2112 1手(多)@378.04 / 黄金2202 1手(空)@379.04 价差=-1 z=-1.50 | [Y] 空carry 豆油2112 1手(空)@8692 / 豆油2201 1手(多)@8558 价差=134 z=2.20
2021-08-06,False,1,2,-40.0,0.0,0.0,160.0,0.0,0.0,0.0,24312.4,30.0,40.0,2.999999999999666e-05,24312.4,,,,空carry 豆油2112 1手(空)@8752 / 豆油2201 1手(多)@8614 价差=138,[Y] 空carry 豆油2112 1手(空)@8752 / 豆油2201 1手(多)@8614 价差=138 z=1.98
2021-08-09,False,1,2,0.0,0.0,0.0,40.0,0.0,0.0,0.0,24474.800000000003,10.0,0.0,1.0000000000001022e-05,24474.8,,,,空carry 豆油2112 1手(空)@8802 / 豆油2201 1手(多)@8680 价差=122,[Y] 空carry 豆油2112 1手(空)@8802 / 豆油2201 1手(多)@8680 价差=122 z=1.28
2021-08-10,False,1,2,0.0,0.0,0.0,-20.0,0.0,0.0,0.0,24609.200000000004,-5.0,0.0,-5.0000000000036376e-06,24609.2,,,,空carry 豆油2112 1手(空)@8848 / 豆油2201 1手(多)@8730 价差=118,[Y] 空carry 豆油2112 1手(空)@8848 / 豆油2201 1手(多)@8730 价差=118 z=1.04
2021-08-11,False,2,4,40.0,0.0,0.0,-100.0,160107.2,0.0,0.0,25334.4,-15.0,40.0,-1.5000000000009977e-05,185441.6,空carry 黄金2112 1手(空)@363.52 / 黄金2202 1手(多)@364.24 价差=-0.72,,,空carry 豆油2112 1手(空)@9108 / 豆油2201 1手(多)@8988 价差=120,[AU] 空carry 黄金2112 1手(空)@363.52 / 黄金2202 1手(多)@364.24 价差=-0.72 z=1.27 | [Y] 空carry 豆油2112 1手(空)@9108 / 豆油2201 1手(多)@8988 价差=120 z=1.00
2021-08-12,False,1,2,-40.0,0.0,0.0,-40.0,0.0,0.0,0.0,25225.2,-20.0,40.0,-1.9999999999999012e-05,25225.2,,,,空carry 豆油2112 1手(空)@9074 / 豆油2201 1手(多)@8944 价差=130,[Y] 空carry 豆油2112 1手(空)@9074 / 豆油2201 1手(多)@8944 价差=130 z=1.19
2021-08-13,False,3,6,-20.0,0.0,335.0,180.0,162153.2,0.0,23077.600000000002,25174.800000000003,123.75,45.0,0.00012374999999999377,210405.6,多carry 黄金2112 1手(多)@368.04 / 黄金2202 1手(空)@369.02 价差=-0.98,,空carry 棕榈油2112 1手(空)@8312 / 棕榈油2201 1手(多)@8172 价差=140,空carry 豆油2112 1手(空)@9058 / 豆油2201 1手(多)@8924 价差=134,[AU] 多carry 黄金2112 1手(多)@368.04 / 黄金2202 1手(空)@369.02 价差=-0.98 z=-1.69 | [P] 空carry 棕榈油2112 1手(空)@8312 / 棕榈油2201 1手(多)@8172 价差=140 z=0.99 | [Y] 空carry 豆油2112 1手(空)@9058 / 豆油2201 1手(多)@8924 价差=134 z=1.18
2021-08-16,False,2,4,140.0,88.7,-5.0,-5.0,163556.8,13560.0,0.0,0.0,54.67,21.3,5.467499999998336e-05,177116.8,多carry 黄金2112 1手(多)@371.24 / 黄金2202 1手(空)@372.2 价差=-0.96,空carry 热卷2112 1手(空)@5671 / 热卷2201 1手(多)@5629 价差=42,,,[AU] 多carry 黄金2112 1手(多)@371.24 / 黄金2202 1手(空)@372.2 价差=-0.96 z=-1.21 | [HC] 空carry 热卷2112 1手(空)@5671 / 热卷2201 1手(多)@5629 价差=42 z=1.36
2021-08-17,True,0,0,-40.0,-11.37,0.0,0.0,0.0,0.0,0.0,0.0,-12.84,51.37,-1.2843e-05,0.0,,,,,全品种空仓
2021-08-18,False,3,6,-40.0,0.0,-105.0,-45.0,165352.0,0.0,23055.200000000004,25480.0,-47.5,50.0,-4.7499999999998146e-05,213887.2,空carry 黄金2112 1手(空)@375.4 / 黄金2202 1手(多)@376.2 价差=-0.8,,空carry 棕榈油2112 1手(空)@8302 / 棕榈油2201 1手(多)@8166 价差=136,空carry 豆油2112 1手(空)@9176 / 豆油2201 1手(多)@9024 价差=152,[AU] 空carry 黄金2112 1手(空)@375.4 / 黄金2202 1手(多)@376.2 价差=-0.8 z=0.75 | [P] 空carry 棕榈油2112 1手(空)@8302 / 棕榈油2201 1手(多)@8166 价差=136 z=1.11 | [Y] 空carry 豆油2112 1手(空)@9176 / 豆油2201 1手(多)@9024 价差=152 z=1.47
2021-08-19,False,3,6,-40.0,29.16,-100.0,-80.0,0.0,13008.0,23086.0,25485.600000000002,-47.71,50.84,-4.771000000000317e-05,61579.6,,空carry 热卷2112 1手(空)@5451 / 热卷2201 1手(多)@5389 价差=62,空carry 棕榈油2112 1手(空)@8318 / 棕榈油2201 1手(多)@8172 价差=146,空carry 豆油2112 1手(空)@9180 / 豆油2201 1手(多)@9024 价差=156,[HC] 空carry 热卷2112 1手(空)@5451 / 热卷2201 1手(多)@5389 价差=62 z=2.07 | [P] 空carry 棕榈油2112 1手(空)@8318 / 棕榈油2201 1手(多)@8172 价差=146 z=1.47 | [Y] 空carry 豆油2112 1手(空)@9180 / 豆油2201 1手(多)@9024 价差=156 z=1.41
2021-08-20,False,3,6,0.0,-300.0,-120.0,120.0,0.0,13168.8,22786.4,25362.4,-75.0,0.0,-7.50000000000021e-05,61317.6,,空carry 热卷2112 1手(空)@5516 / 热卷2201 1手(多)@5458 价差=58,空carry 棕榈油2112 1手(空)@8216 / 棕榈油2201 1手(多)@8060 价差=156,空carry 豆油2112 1手(空)@9140 / 豆油2201 1手(多)@8976 价差=164,[HC] 空carry 热卷2112 1手(空)@5516 / 热卷2201 1手(多)@5458 价差=58 z=1.69 | [P] 空carry 棕榈油2112 1手(空)@8216 / 棕榈油2201 1手(多)@8060 价差=156 z=1.87 | [Y] 空carry 豆油2112 1手(空)@9140 / 豆油2201 1手(多)@8976 价差=164 z=1.45
2021-08-23,False,3,6,0.0,280.0,80.0,-20.0,0.0,13219.2,22870.4,25233.600000000002,85.0,0.0,8.500000000000384e-05,61323.2,,空carry 热卷2112 1手(空)@5552 / 热卷2201 1手(多)@5464 价差=88,空carry 棕榈油2112 1手(空)@8252 / 棕榈油2201 1手(多)@8084 价差=168,空carry 豆油2112 1手(空)@9088 / 豆油2201 1手(多)@8936 价差=152,[HC] 空carry 热卷2112 1手(空)@5552 / 热卷2201 1手(多)@5464 价差=88 z=2.64 | [P] 空carry 棕榈油2112 1手(空)@8252 / 棕榈油2201 1手(多)@8084 价差=168 z=2.18 | [Y] 空carry 豆油2112 1手(空)@9088 / 豆油2201 1手(多)@8936 价差=152 z=1.02
2021-08-24,False,4,8,180.0,40.0,-260.0,-120.0,166315.6,13521.6,23094.4,25387.600000000002,-40.0,40.0,-4.000000000000951e-05,228319.2,空carry 黄金2112 1手(空)@377.68 / 黄金2202 1手(多)@378.3 价差=-0.62,空carry 热卷2112 1手(空)@5664 / 热卷2201 1手(多)@5604 价差=60,空carry 棕榈油2112 1手(空)@8328 / 棕榈油2201 1手(多)@8168 价差=160,空carry 豆油2112 1手(空)@9144 / 豆油2201 1手(多)@8990 价差=154,[AU] 空carry 黄金2112 1手(空)@377.68 / 黄金2202 1手(多)@378.3 价差=-0.62 z=2.50 | [HC] 空carry 热卷2112 1手(空)@5664 / 热卷2201 1手(多)@5604 价差=60 z=1.28 | [P] 空carry 棕榈油2112 1手(空)@8328 / 棕榈油2201 1手(多)@8168 价差=160 z=1.82 | [Y] 空carry 豆油2112 1手(空)@9144 / 豆油2201 1手(多)@8990 价差=154 z=1.00
2021-08-25,False,3,6,-40.0,-330.0,-660.0,-40.0,0.0,13432.8,23472.4,25740.4,-267.5,40.0,-0.00026749999999999956,62645.6,,空carry 热卷2112 1手(空)@5625 / 热卷2201 1手(多)@5569 价差=56,空carry 棕榈油2112 1手(空)@8476 / 棕榈油2201 1手(多)@8290 价差=186,空carry 豆油2112 1手(空)@9276 / 豆油2201 1手(多)@9110 价差=166,[HC] 空carry 热卷2112 1手(空)@5625 / 热卷2201 1手(多)@5569 价差=56 z=0.97 | [P] 空carry 棕榈油2112 1手(空)@8476 / 棕榈油2201 1手(多)@8290 价差=186 z=2.32 | [Y] 空carry 豆油2112 1手(空)@9276 / 豆油2201 1手(多)@9110 价差=166 z=1.31
2021-08-26,False,3,6,0.0,190.0,-60.0,-40.0,0.0,13071.599999999999,23475.200000000004,25729.2,22.5,0.0,2.2500000000000157e-05,62276.0,,空carry 热卷2112 1手(空)@5491 / 热卷2201 1手(多)@5402 价差=89,空carry 棕榈油2112 1手(空)@8510 / 棕榈油2201 1手(多)@8258 价差=252,空carry 豆油2112 1手(空)@9274 / 豆油2201 1手(多)@9104 价差=170,[HC] 空carry 热卷2112 1手(空)@5491 / 热卷2201 1手(多)@5402 价差=89 z=2.25 | [P] 空carry 棕榈油2112 1手(空)@8510 / 棕榈油2201 1手(多)@8258 价差=252 z=3.57 | [Y] 空carry 豆油2112 1手(空)@9274 / 豆油2201 1手(多)@9104 价差=170 z=1.39
2021-08-27,False,3,6,0.0,210.0,-180.0,20.0,0.0,13272.0,23506.0,25650.800000000003,12.5,0.0,1.2499999999998664e-05,62428.8,,空carry 热卷2112 1手(空)@5565 / 热卷2201 1手(多)@5495 价差=70,空carry 棕榈油2112 1手(空)@8524 / 棕榈油2201 1手(多)@8266 价差=258,空carry 豆油2112 1手(空)@9248 / 豆油2201 1手(多)@9074 价差=174,[HC] 空carry 热卷2112 1手(空)@5565 / 热卷2201 1手(多)@5495 价差=70 z=1.21 | [P] 空carry 棕榈油2112 1手(空)@8524 / 棕榈油2201 1手(多)@8266 价差=258 z=3.29 | [Y] 空carry 豆油2112 1手(空)@9248 / 豆油2201 1手(多)@9074 价差=174 z=1.64
2021-08-30,False,2,4,0.0,-11.32,-20.0,160.0,0.0,0.0,23363.200000000004,25474.4,32.17,11.32,3.216924999999673e-05,48837.6,,,空carry 棕榈油2112 1手(空)@8482 / 棕榈油2201 1手(多)@8206 价差=276,空carry 豆油2112 1手(空)@9184 / 豆油2201 1手(多)@9012 价差=172,[P] 空carry 棕榈油2112 1手(空)@8482 / 棕榈油2201 1手(多)@8206 价差=276 z=3.30 | [Y] 空carry 豆油2112 1手(空)@9184 / 豆油2201 1手(多)@9012 价差=172 z=1.39
2021-08-31,False,2,4,0.0,-91.19,-200.0,-5.0,0.0,13432.8,23646.0,0.0,-74.05,16.19,-7.404850000000038e-05,37078.8,,空carry 热卷2112 1手(空)@5630 / 热卷2201 1手(多)@5564 价差=66,空carry 棕榈油2112 1手(空)@8584 / 棕榈油2201 1手(多)@8306 价差=278,,[HC] 空carry 热卷2112 1手(空)@5630 / 热卷2201 1手(多)@5564 价差=66 z=0.93 | [P] 空carry 棕榈油2112 1手(空)@8584 / 棕榈油2201 1手(多)@8306 价差=278 z=2.99
2021-09-01,False,3,6,140.0,-10.93,-0.0,-85.0,167318.8,0.0,22282.4,24603.600000000002,11.02,55.93,1.10169999999882e-05,214204.8,空carry 黄金2202 1手(空)@379.88 / 黄金2204 1手(多)@380.66 价差=-0.78,,空carry 棕榈油2201 1手(空)@8054 / 棕榈油2202 1手(多)@7862 价差=192,空carry 豆油2201 1手(空)@8940 / 豆油2203 1手(多)@8634 价差=306,[AU] 空carry 黄金2202 1手(空)@379.88 / 黄金2204 1手(多)@380.66 价差=-0.78 z=0.79 | [P] 空carry 棕榈油2201 1手(空)@8054 / 棕榈油2202 1手(多)@7862 价差=192 z=1.60 | [Y] 空carry 豆油2201 1手(空)@8940 / 豆油2203 1手(多)@8634 价差=306 z=3.73
2021-09-02,False,3,6,180.0,0.0,-20.0,-460.0,167217.59999999998,0.0,22176.0,24508.4,-75.0,80.0,-7.500000000000939e-05,213902.0,多carry 黄金2202 1手(多)@379.56 / 黄金2204 1手(空)@380.52 价差=-0.96,,空carry 棕榈油2201 1手(空)@8016 / 棕榈油2202 1手(多)@7824 价差=192,空carry 豆油2201 1手(空)@8910 / 豆油2203 1手(多)@8596 价差=314,[AU] 多carry 黄金2202 1手(多)@379.56 / 黄金2204 1手(空)@380.52 价差=-0.96 z=-1.26 | [P] 空carry 棕榈油2201 1手(空)@8016 / 棕榈油2202 1手(多)@7824 价差=192 z=1.56 | [Y] 空carry 豆油2201 1手(空)@8910 / 豆油2203 1手(多)@8596 价差=314 z=2.80
2021-09-03,False,4,8,40.0,-181.48,-80.0,-40.0,167107.6,13774.8,23018.800000000003,25121.600000000002,-65.37,91.48,-6.536974999999592e-05,229022.8,空carry 黄金2202 1手(空)@379.44 / 黄金2204 1手(多)@380.14 价差=-0.7,空carry 热卷2201 1手(空)@5784 / 热卷2202 1手(多)@5695 价差=89,空carry 棕榈油2201 1手(空)@8318 / 棕榈油2202 1手(多)@8124 价差=194,空carry 豆油2201 1手(空)@9152 / 豆油2203 1手(多)@8792 价差=360,[AU] 空carry 黄金2202 1手(空)@379.44 / 黄金2204 1手(多)@380.14 价差=-0.7 z=1.52 | [HC] 空carry 热卷2201 1手(空)@5784 / 热卷2202 1手(多)@5695 价差=89 z=1.67 | [P] 空carry 棕榈油2201 1手(空)@8318 / 棕榈油2202 1手(多)@8124 价差=194 z=1.41 | [Y] 空carry 豆油2201 1手(空)@9152 / 豆油2203 1手(多)@8792 价差=360 z=2.68
2021-09-06,False,3,6,-40.0,110.0,-260.0,-100.0,0.0,13845.599999999999,23097.200000000004,25144.0,-72.5,40.0,-7.25000000000028e-05,62086.8,,空carry 热卷2201 1手(空)@5822 / 热卷2202 1手(多)@5716 价差=106,空carry 棕榈油2201 1手(空)@8350 / 棕榈油2202 1手(多)@8148 价差=202,空carry 豆油2201 1手(空)@9162 / 豆油2203 1手(多)@8798 价差=364,[HC] 空carry 热卷2201 1手(空)@5822 / 热卷2202 1手(多)@5716 价差=106 z=2.04 | [P] 空carry 棕榈油2201 1手(空)@8350 / 棕榈油2202 1手(多)@8148 价差=202 z=1.49 | [Y] 空carry 豆油2201 1手(空)@9162 / 豆油2203 1手(多)@8798 价差=364 z=2.22
2021-09-07,False,4,8,80.0,90.0,-40.0,-60.0,167530.0,13856.4,23178.4,25253.200000000004,17.5,40.0,1.7500000000001242e-05,229818.0,空carry 黄金2202 1手(空)@380.4 / 黄金2204 1手(多)@381.1 价差=-0.7,空carry 热卷2201 1手(空)@5821 / 热卷2202 1手(多)@5726 价差=95,空carry 棕榈油2201 1手(空)@8392 / 棕榈油2202 1手(多)@8164 价差=228,空carry 豆油2201 1手(空)@9206 / 豆油2203 1手(多)@8832 价差=374,[AU] 空carry 黄金2202 1手(空)@380.4 / 黄金2204 1手(多)@381.1 价差=-0.7 z=1.44 | [HC] 空carry 热卷2201 1手(空)@5821 / 热卷2202 1手(多)@5726 价差=95 z=1.44 | [P] 空carry 棕榈油2201 1手(空)@8392 / 棕榈油2202 1手(多)@8164 价差=228 z=1.89 | [Y] 空carry 豆油2201 1手(空)@9206 / 豆油2203 1手(多)@8832 价差=374 z=1.97
2021-09-08,False,3,6,-40.0,-290.0,-20.0,-20.0,0.0,13759.2,23312.800000000003,25205.600000000002,-92.5,40.0,-9.249999999999684e-05,62277.6,,空carry 热卷2201 1手(空)@5776 / 热卷2202 1手(多)@5690 价差=86,空carry 棕榈油2201 1手(空)@8442 / 棕榈油2202 1手(多)@8210 价差=232,空carry 豆油2201 1手(空)@9192 / 豆油2203 1手(多)@8812 价差=380,[HC] 空carry 热卷2201 1手(空)@5776 / 热卷2202 1手(多)@5690 价差=86 z=0.98 | [P] 空carry 棕榈油2201 1手(空)@8442 / 棕榈油2202 1手(多)@8210 价差=232 z=1.86 | [Y] 空carry 豆油2201 1手(空)@9192 / 豆油2203 1手(多)@8812 价差=380 z=1.76
2021-09-09,False,3,6,0.0,290.0,320.0,-60.0,0.0,14005.199999999999,23438.800000000003,25135.600000000002,137.5,0.0,0.0001374999999999972,62579.6,,空carry 热卷2201 1手(空)@5893 / 热卷2202 1手(多)@5778 价差=115,空carry 棕榈油2201 1手(空)@8488 / 棕榈油2202 1手(多)@8254 价差=234,空carry 豆油2201 1手(空)@9168 / 豆油2203 1手(多)@8786 价差=382,[HC] 空carry 热卷2201 1手(空)@5893 / 热卷2202 1手(多)@5778 价差=115 z=1.93 | [P] 空carry 棕榈油2201 1手(空)@8488 / 棕榈油2202 1手(多)@8254 价差=234 z=1.79 | [Y] 空carry 豆油2201 1手(空)@9168 / 豆油2203 1手(多)@8786 价差=382 z=1.57
2021-09-10,False,3,6,100.0,-11.63,-260.0,120.0,165770.0,0.0,22548.4,24539.200000000004,-12.91,51.63,-1.2907500000008497e-05,212857.6,空carry 黄金2202 1手(空)@376.42 / 黄金2204 1手(多)@377.08 价差=-0.66,,空carry 棕榈油2201 1手(空)@8154 / 棕榈油2202 1手(多)@7952 价差=202,空carry 豆油2201 1手(空)@8958 / 豆油2203 1手(多)@8570 价差=388,[AU] 空carry 黄金2202 1手(空)@376.42 / 黄金2204 1手(多)@377.08 价差=-0.66 z=1.69 | [P] 空carry 棕榈油2201 1手(空)@8154 / 棕榈油2202 1手(多)@7952 价差=202 z=1.32 | [Y] 空carry 豆油2201 1手(空)@8958 / 豆油2203 1手(多)@8570 价差=388 z=1.44
2021-09-13,False,2,4,-40.0,0.0,180.0,160.0,0.0,0.0,22831.200000000004,24684.800000000003,75.0,40.0,7.500000000000028e-05,47516.0,,,空carry 棕榈油2201 1手(空)@8268 / 棕榈油2202 1手(多)@8040 价差=228,空carry 豆油2201 1手(空)@9004 / 豆油2203 1手(多)@8628 价差=376,[P] 空carry 棕榈油2201 1手(空)@8268 / 棕榈油2202 1手(多)@8040 价差=228 z=1.66 | [Y] 空carry 豆油2201 1手(空)@9004 / 豆油2203 1手(多)@8628 价差=376 z=1.20
2021-09-14,False,2,4,0.0,0.0,-440.0,40.0,0.0,0.0,22884.4,24634.4,-100.0,0.0,-9.999999999999758e-05,47518.8,,,空carry 棕榈油2201 1手(空)@8278 / 棕榈油2202 1手(多)@8068 价差=210,空carry 豆油2201 1手(空)@8978 / 豆油2203 1手(多)@8618 价差=360,[P] 空carry 棕榈油2201 1手(空)@8278 / 棕榈油2202 1手(多)@8068 价差=210 z=1.29 | [Y] 空carry 豆油2201 1手(空)@8978 / 豆油2203 1手(多)@8618 价差=360 z=0.95
2021-09-15,False,2,4,0.0,0.0,-40.0,-40.0,0.0,0.0,23282.0,24785.600000000002,-20.0,0.0,-1.9999999999999802e-05,48067.6,,,空carry 棕榈油2201 1手(空)@8442 / 棕榈油2202 1手(多)@8188 价差=254,空carry 豆油2201 1手(空)@9030 / 豆油2203 1手(多)@8674 价差=356,[P] 空carry 棕榈油2201 1手(空)@8442 / 棕榈油2202 1手(多)@8188 价差=254 z=1.89 | [Y] 空carry 豆油2201 1手(空)@9030 / 豆油2203 1手(多)@8674 价差=356 z=0.83
2021-09-16,False,3,6,0.0,-181.39,-20.0,200.0,0.0,13666.8,23618.0,25004.000000000004,-0.35,11.39,-3.47249999999292e-07,62288.8,,空carry 热卷2201 1手(空)@5743 / 热卷2202 1手(多)@5646 价差=97,空carry 棕榈油2201 1手(空)@8564 / 棕榈油2202 1手(多)@8306 价差=258,空carry 豆油2201 1手(空)@9110 / 豆油2203 1手(多)@8750 价差=360,[HC] 空carry 热卷2201 1手(空)@5743 / 热卷2202 1手(多)@5646 价差=97 z=0.93 | [P] 空carry 棕榈油2201 1手(空)@8564 / 棕榈油2202 1手(多)@8306 价差=258 z=1.81 | [Y] 空carry 豆油2201 1手(空)@9110 / 豆油2203 1手(多)@8750 价差=360 z=0.78
2021-09-17,False,2,4,0.0,-490.0,60.0,-5.0,0.0,13488.0,22568.000000000004,0.0,-108.75,5.0,-0.00010874999999999882,36056.0,,空carry 热卷2201 1手(空)@5677 / 热卷2202 1手(多)@5563 价差=114,空carry 棕榈油2201 1手(空)@8190 / 棕榈油2202 1手(多)@7930 价差=260,,[HC] 空carry 热卷2201 1手(空)@5677 / 热卷2202 1手(多)@5563 价差=114 z=1.62 | [P] 空carry 棕榈油2201 1手(空)@8190 / 棕榈油2202 1手(多)@7930 价差=260 z=1.95
2021-09-22,False,2,4,0.0,240.0,-20.0,0.0,0.0,13630.8,23074.800000000003,0.0,55.0,0.0,5.500000000000142e-05,36705.6,,空carry 热卷2201 1手(空)@5761 / 热卷2202 1手(多)@5598 价差=163,空carry 棕榈油2201 1手(空)@8368 / 棕榈油2202 1手(多)@8114 价差=254,,[HC] 空carry 热卷2201 1手(空)@5761 / 热卷2202 1手(多)@5598 价差=163 z=2.89 | [P] 空carry 棕榈油2201 1手(空)@8368 / 棕榈油2202 1手(多)@8114 价差=254 z=1.69
2021-09-23,False,4,8,80.0,300.0,-280.0,35.0,163046.4,13302.0,23900.800000000003,25138.4,33.75,45.0,3.3750000000014705e-05,225387.6,空carry 黄金2202 1手(空)@370.22 / 黄金2204 1手(多)@370.9 价差=-0.68,空carry 热卷2201 1手(空)@5612 / 热卷2202 1手(多)@5473 价差=139,空carry 棕榈油2201 1手(空)@8664 / 棕榈油2202 1手(多)@8408 价差=256,空carry 豆油2201 1手(空)@9176 / 豆油2203 1手(多)@8780 价差=396,[AU] 空carry 黄金2202 1手(空)@370.22 / 黄金2204 1手(多)@370.9 价差=-0.68 z=1.47 | [HC] 空carry 热卷2201 1手(空)@5612 / 热卷2202 1手(多)@5473 价差=139 z=1.73 | [P] 空carry 棕榈油2201 1手(空)@8664 / 棕榈油2202 1手(多)@8408 价差=256 z=1.52 | [Y] 空carry 豆油2201 1手(空)@9176 / 豆油2203 1手(多)@8780 价差=396 z=0.94
2021-09-24,False,2,4,-40.0,-10.91,140.0,600.0,0.0,0.0,23979.200000000004,25272.800000000003,172.27,50.91,0.0001722717499999984,49252.0,,,空carry 棕榈油2201 1手(空)@8706 / 棕榈油2202 1手(多)@8422 价差=284,空carry 豆油2201 1手(空)@9222 / 豆油2203 1手(多)@8830 价差=392,[P] 空carry 棕榈油2201 1手(空)@8706 / 棕榈油2202 1手(多)@8422 价差=284 z=1.86 | [Y] 空carry 豆油2201 1手(空)@9222 / 豆油2203 1手(多)@8830 价差=392 z=0.81
2021-09-27,False,1,2,0.0,0.0,-140.0,-5.0,0.0,0.0,23646.000000000004,0.0,-36.25,5.0,-3.624999999999719e-05,23646.0,,,空carry 棕榈油2201 1手(空)@8580 / 棕榈油2202 1手(多)@8310 价差=270,,[P] 空carry 棕榈油2201 1手(空)@8580 / 棕榈油2202 1手(多)@8310 价差=270 z=1.63
2021-09-28,False,3,6,460.0,138.78,180.0,0.0,160789.2,13464.0,23822.4,0.0,194.7,51.22,0.00019469500000000823,198075.6,空carry 黄金2202 1手(空)@365.28 / 黄金2204 1手(多)@365.58 价差=-0.3,空carry 热卷2201 1手(空)@5671 / 热卷2202 1手(多)@5549 价差=122,空carry 棕榈油2201 1手(空)@8650 / 棕榈油2202 1手(多)@8366 价差=284,,[AU] 空carry 黄金2202 1手(空)@365.28 / 黄金2204 1手(多)@365.58 价差=-0.3 z=3.49 | [HC] 空carry 热卷2201 1手(空)@5671 / 热卷2202 1手(多)@5549 价差=122 z=0.92 | [P] 空carry 棕榈油2201 1手(空)@8650 / 棕榈油2202 1手(多)@8366 价差=284 z=1.74
2021-09-29,False,1,2,-40.0,-11.29,-580.0,0.0,0.0,0.0,23746.800000000003,0.0,-157.82,51.29,-0.00015782175000000182,23746.8,,,空carry 棕榈油2201 1手(空)@8614 / 棕榈油2202 1手(多)@8348 价差=266,,[P] 空carry 棕榈油2201 1手(空)@8614 / 棕榈油2202 1手(多)@8348 价差=266 z=1.43
2021-09-30,False,2,4,160.0,0.0,520.0,0.0,160296.4,0.0,24432.800000000003,0.0,170.0,40.0,0.00017000000000000045,184729.2,多carry 黄金2202 1手(多)@363.8 / 黄金2204 1手(空)@364.82 价差=-1.02,,空carry 棕榈油2201 1手(空)@8888 / 棕榈油2202 1手(多)@8564 价差=324,,[AU] 多carry 黄金2202 1手(多)@363.8 / 黄金2204 1手(空)@364.82 价差=-1.02 z=-1.85 | [P] 空carry 棕榈油2201 1手(空)@8888 / 棕榈油2202 1手(多)@8564 价差=324 z=2.03
2021-10-08,False,2,4,-40.0,48.63,-5.0,295.0,0.0,13648.8,0.0,25908.4,74.66,61.37,7.465650000000236e-05,39557.2,,多carry 热卷2202 1手(多)@5700 / 热卷2203 1手(空)@5674 价差=26,,多carry 豆油2203 1手(多)@9336 / 豆油2205 1手(空)@9170 价差=166,[HC] 多carry 热卷2202 1手(多)@5700 / 热卷2203 1手(空)@5674 价差=26 z=-2.66 | [Y] 多carry 豆油2203 1手(多)@9336 / 豆油2205 1手(空)@9170 价差=166 z=-3.87
2021-10-11,False,2,4,0.0,40.0,0.0,320.0,0.0,13713.599999999999,0.0,25939.200000000004,90.0,0.0,9.000000000000063e-05,39652.8,,多carry 热卷2202 1手(多)@5730 / 热卷2203 1手(空)@5698 价差=32,,多carry 豆油2203 1手(多)@9362 / 豆油2205 1手(空)@9166 价差=196,[HC] 多carry 热卷2202 1手(多)@5730 / 热卷2203 1手(空)@5698 价差=32 z=-2.16 | [Y] 多carry 豆油2203 1手(多)@9362 / 豆油2205 1手(空)@9166 价差=196 z=-2.55
2021-10-12,False,3,6,40.0,80.0,0.0,-240.0,162610.8,13291.2,0.0,25636.800000000003,-30.0,40.0,-3.000000000000291e-05,201538.8,多carry 黄金2202 1手(多)@369.12 / 黄金2204 1手(空)@370.02 价差=-0.9,多carry 热卷2202 1手(多)@5556 / 热卷2203 1手(空)@5520 价差=36,,多carry 豆油2203 1手(多)@9270 / 豆油2205 1手(空)@9042 价差=228,[AU] 多carry 黄金2202 1手(多)@369.12 / 黄金2204 1手(空)@370.02 价差=-0.9 z=-0.89 | [HC] 多carry 热卷2202 1手(多)@5556 / 热卷2203 1手(空)@5520 价差=36 z=-1.77 | [Y] 多carry 豆油2203 1手(多)@9270 / 豆油2205 1手(空)@9042 价差=228 z=-1.74
2021-10-13,False,2,4,-40.0,-90.0,0.0,120.0,0.0,13291.2,0.0,25732.0,-2.5,40.0,-2.5000000000003695e-06,39023.2,,多carry 热卷2202 1手(多)@5560 / 热卷2203 1手(空)@5516 价差=44,,多carry 豆油2203 1手(多)@9292 / 豆油2205 1手(空)@9088 价差=204,[HC] 多carry 热卷2202 1手(多)@5560 / 热卷2203 1手(空)@5516 价差=44 z=-1.37 | [Y] 多carry 豆油2203 1手(多)@9292 / 豆油2205 1手(空)@9088 价差=204 z=-1.80
2021-10-14,False,2,4,0.0,10.0,0.0,20.0,0.0,13381.199999999999,0.0,25424.0,7.5,0.0,7.499999999998153e-06,38805.2,,多carry 热卷2202 1手(多)@5593 / 热卷2203 1手(空)@5558 价差=35,,多carry 豆油2203 1手(多)@9188 / 豆油2205 1手(空)@8972 价差=216,[HC] 多carry 热卷2202 1手(多)@5593 / 热卷2203 1手(空)@5558 价差=35 z=-1.45 | [Y] 多carry 豆油2203 1手(多)@9188 / 豆油2205 1手(空)@8972 价差=216 z=-1.45
2021-10-15,False,3,6,80.0,-60.0,0.0,-60.0,164573.2,13560.0,0.0,25858.0,-10.0,40.0,-1.000000000000486e-05,203991.2,多carry 黄金2202 1手(多)@373.54 / 黄金2204 1手(空)@374.52 价差=-0.98,多carry 热卷2202 1手(多)@5668 / 热卷2203 1手(空)@5632 价差=36,,多carry 豆油2203 1手(多)@9344 / 豆油2205 1手(空)@9126 价差=218,[AU] 多carry 黄金2202 1手(多)@373.54 / 黄金2204 1手(空)@374.52 价差=-0.98 z=-1.20 | [HC] 多carry 热卷2202 1手(多)@5668 / 热卷2203 1手(空)@5632 价差=36 z=-1.29 | [Y] 多carry 豆油2203 1手(多)@9344 / 豆油2205 1手(空)@9126 价差=218 z=-1.27
2021-10-18,False,2,4,-40.0,360.0,0.0,140.0,0.0,13411.199999999999,0.0,26247.200000000004,115.0,40.0,0.00011499999999999941,39658.4,,多carry 热卷2202 1手(多)@5603 / 热卷2203 1手(空)@5573 价差=30,,多carry 豆油2203 1手(多)@9480 / 豆油2205 1手(空)@9268 价差=212,[HC] 多carry 热卷2202 1手(多)@5603 / 热卷2203 1手(空)@5573 价差=30 z=-1.29 | [Y] 多carry 豆油2203 1手(多)@9480 / 豆油2205 1手(空)@9268 价差=212 z=-1.21
2021-10-19,False,1,2,0.0,-11.27,0.0,140.0,0.0,0.0,0.0,26597.200000000004,32.18,11.27,3.2181999999998067e-05,26597.2,,,,多carry 豆油2203 1手(多)@9612 / 豆油2205 1手(空)@9386 价差=226,[Y] 多carry 豆油2203 1手(多)@9612 / 豆油2205 1手(空)@9386 价差=226 z=-0.94
2021-10-20,False,2,4,200.0,9.06,0.0,-5.0,162456.8,13125.599999999999,0.0,0.0,51.02,55.94,5.101550000000432e-05,175582.4,多carry 黄金2202 1手(多)@368.74 / 黄金2204 1手(空)@369.7 价差=-0.96,多carry 热卷2202 1手(多)@5488 / 热卷2203 1手(空)@5450 价差=38,,,[AU] 多carry 黄金2202 1手(多)@368.74 / 黄金2204 1手(空)@369.7 价差=-0.96 z=-1.03 | [HC] 多carry 热卷2202 1手(多)@5488 / 热卷2203 1手(空)@5450 价差=38 z=-0.98
2021-10-21,False,1,2,-40.0,10.0,0.0,0.0,0.0,12439.199999999999,0.0,0.0,-7.5,40.0,-7.500000000001378e-06,12439.2,,多carry 热卷2202 1手(多)@5203 / 热卷2203 1手(空)@5163 价差=40,,,[HC] 多carry 热卷2202 1手(多)@5203 / 热卷2203 1手(空)@5163 价差=40 z=-0.85
2021-10-22,False,1,2,0.0,-130.0,0.0,0.0,0.0,12514.8,0.0,0.0,-32.5,0.0,-3.250000000000017e-05,12514.8,,多carry 热卷2202 1手(多)@5235 / 热卷2203 1手(空)@5194 价差=41,,,[HC] 多carry 热卷2202 1手(多)@5235 / 热卷2203 1手(空)@5194 价差=41 z=-0.76
2021-10-25,False,2,4,-100.0,150.0,0.0,0.0,163570.0,12244.8,0.0,0.0,12.5,40.0,1.2500000000004476e-05,175814.8,多carry 黄金2202 1手(多)@371.24 / 黄金2204 1手(空)@372.26 价差=-1.02,多carry 热卷2202 1手(多)@5116 / 热卷2203 1手(空)@5088 价差=28,,,[AU] 多carry 黄金2202 1手(多)@371.24 / 黄金2204 1手(空)@372.26 价差=-1.02 z=-1.29 | [HC] 多carry 热卷2202 1手(多)@5116 / 热卷2203 1手(空)@5088 价差=28 z=-0.97
2021-10-26,False,1,2,180.0,-10.27,0.0,0.0,164252.0,0.0,0.0,0.0,42.43,10.27,4.243225000000318e-05,164252.0,多carry 黄金2202 1手(多)@372.76 / 黄金2204 1手(空)@373.84 价差=-1.08,,,,[AU] 多carry 黄金2202 1手(多)@372.76 / 黄金2204 1手(空)@373.84 价差=-1.08 z=-1.48
2021-10-27,True,0,0,-40.0,0.0,0.0,0.0,0.0,0.0,0.0,0.0,-10.0,40.0,-1e-05,0.0,,,,,全品种空仓
2021-10-28,False,1,2,0.0,0.0,0.0,-125.0,0.0,0.0,0.0,25684.4,-31.25,5.0,-3.124999999999824e-05,25684.4,,,,空carry 豆油2203 1手(空)@9352 / 豆油2205 1手(多)@8994 价差=358,[Y] 空carry 豆油2203 1手(空)@9352 / 豆油2205 1手(多)@8994 价差=358 z=1.11
2021-10-29,False,2,4,220.0,0.0,0.0,-0.0,163900.0,0.0,0.0,26222.000000000004,55.0,40.0,5.49999999999863e-05,190122.0,多carry 黄金2202 1手(多)@371.72 / 黄金2204 1手(空)@373.28 价差=-1.56,,,空carry 豆油2203 1手(空)@9550 / 豆油2205 1手(多)@9180 价差=370,[AU] 多carry 黄金2202 1手(多)@371.72 / 黄金2204 1手(空)@373.28 价差=-1.56 z=-2.96 | [Y] 空carry 豆油2203 1手(空)@9550 / 豆油2205 1手(多)@9180 价差=370 z=1.33
2021-11-01,False,1,2,-40.0,0.0,0.0,-80.0,0.0,0.0,0.0,25656.4,-30.0,40.0,-2.9999999999995935e-05,25656.4,,,,空carry 豆油2203 1手(空)@9348 / 豆油2205 1手(多)@8978 价差=370,[Y] 空carry 豆油2203 1手(空)@9348 / 豆油2205 1手(多)@8978 价差=370 z=1.27
2021-11-02,False,1,2,0.0,0.0,0.0,-280.0,0.0,0.0,0.0,25919.600000000002,-70.0,0.0,-6.999999999999739e-05,25919.6,,,,空carry 豆油2203 1手(空)@9446 / 豆油2205 1手(多)@9068 价差=378,[Y] 空carry 豆油2203 1手(空)@9446 / 豆油2205 1手(多)@9068 价差=378 z=1.34
2021-11-03,False,3,6,100.0,0.0,735.0,620.0,163341.2,0.0,26031.600000000002,26429.200000000004,363.75,45.0,0.0003637500000000101,215802.0,多carry 黄金2204 1手(多)@370.52 / 黄金2206 1手(空)@371.94 价差=-1.42,,空carry 棕榈油2203 1手(空)@9448 / 棕榈油2204 1手(多)@9146 价差=302,空carry 豆油2203 1手(空)@9642 / 豆油2205 1手(多)@9236 价差=406,[AU] 多carry 黄金2204 1手(多)@370.52 / 黄金2206 1手(空)@371.94 价差=-1.42 z=-2.23 | [P] 空carry 棕榈油2203 1手(空)@9448 / 棕榈油2204 1手(多)@9146 价差=302 z=1.36 | [Y] 空carry 豆油2203 1手(空)@9642 / 豆油2205 1手(多)@9236 价差=406 z=1.64
2021-11-04,False,2,4,260.0,0.0,-5.0,60.0,162641.6,0.0,0.0,25491.200000000004,78.75,5.0,7.87499999999967e-05,188132.8,多carry 黄金2204 1手(多)@369 / 黄金2206 1手(空)@370.28 价差=-1.28,,,空carry 豆油2203 1手(空)@9276 / 豆油2205 1手(多)@8932 价差=344,[AU] 多carry 黄金2204 1手(多)@369 / 黄金2206 1手(空)@370.28 价差=-1.28 z=-1.43 | [Y] 空carry 豆油2203 1手(空)@9276 / 豆油2205 1手(多)@8932 价差=344 z=0.82
2021-11-05,False,2,4,-40.0,51.1,135.0,-5.0,0.0,10674.0,24869.600000000002,0.0,35.28,58.9,3.527625000000009e-05,35543.6,,多carry 热卷2203 1手(多)@4464 / 热卷2204 1手(空)@4431 价差=33,空carry 棕榈油2203 1手(空)@9010 / 棕榈油2204 1手(多)@8754 价差=256,,[HC] 多carry 热卷2203 1手(多)@4464 / 热卷2204 1手(空)@4431 价差=33 z=-0.84 | [P] 空carry 棕榈油2203 1手(空)@9010 / 棕榈油2204 1手(多)@8754 价差=256 z=0.78
2021-11-08,True,0,0,0.0,-8.88,-5.0,0.0,0.0,0.0,0.0,0.0,-3.47,13.88,-3.47125e-06,0.0,,,,,全品种空仓
2021-11-09,True,0,0,0.0,0.0,0.0,0.0,0.0,0.0,0.0,0.0,0.0,0.0,0.0,0.0,,,,,全品种空仓
2021-11-10,False,2,4,100.0,11.47,0.0,0.0,167283.6,10238.4,0.0,0.0,27.87,48.53,2.7866999999985905e-05,177522.0,空carry 黄金2204 1手(空)@379.78 / 黄金2206 1手(多)@380.6 价差=-0.82,空carry 热卷2203 1手(空)@4300 / 热卷2204 1手(多)@4232 价差=68,,,[AU] 空carry 黄金2204 1手(空)@379.78 / 黄金2206 1手(多)@380.6 价差=-0.82 z=0.94 | [HC] 空carry 热卷2203 1手(空)@4300 / 热卷2204 1手(多)@4232 价差=68 z=1.68
2021-11-11,False,2,4,-40.0,300.0,-285.0,0.0,0.0,10819.2,24399.200000000004,0.0,-6.25,45.0,-6.249999999998778e-06,35218.4,,空carry 热卷2203 1手(空)@4541 / 热卷2204 1手(多)@4475 价差=66,空carry 棕榈油2203 1手(空)@8850 / 棕榈油2204 1手(多)@8578 价差=272,,[HC] 空carry 热卷2203 1手(空)@4541 / 热卷2204 1手(多)@4475 价差=66 z=1.36 | [P] 空carry 棕榈油2203 1手(空)@8850 / 棕榈油2204 1手(多)@8578 价差=272 z=1.08
2021-11-12,False,3,6,0.0,42.47,-20.0,-65.0,0.0,10516.8,24539.2,24830.4,-10.63,22.53,-1.0632000000000767e-05,59886.4,,多carry 热卷2203 1手(多)@4400 / 热卷2204 1手(空)@4364 价差=36,空carry 棕榈油2203 1手(空)@8914 / 棕榈油2204 1手(多)@8614 价差=300,空carry 豆油2203 1手(空)@9054 / 豆油2205 1手(多)@8682 价差=372,[HC] 多carry 热卷2203 1手(多)@4400 / 热卷2204 1手(空)@4364 价差=36 z=-0.82 | [P] 空carry 棕榈油2203 1手(空)@8914 / 棕榈油2204 1手(多)@8614 价差=300 z=1.56 | [Y] 空carry 豆油2203 1手(空)@9054 / 豆油2205 1手(多)@8682 价差=372 z=1.02
2021-11-15,False,3,6,660.0,-8.57,-0.0,380.0,169118.4,0.0,24609.200000000004,24861.200000000004,257.86,48.57,0.00025785750000000403,218588.8,空carry 黄金2204 1手(空)@384.2 / 黄金2206 1手(多)@384.52 价差=-0.32,,空carry 棕榈油2203 1手(空)@8940 / 棕榈油2204 1手(多)@8638 价差=302,空carry 豆油2203 1手(空)@9068 / 豆油2205 1手(多)@8690 价差=378,[AU] 空carry 黄金2204 1手(空)@384.2 / 黄金2206 1手(多)@384.52 价差=-0.32 z=2.54 | [P] 空carry 棕榈油2203 1手(空)@8940 / 棕榈油2204 1手(多)@8638 价差=302 z=1.55 | [Y] 空carry 豆油2203 1手(空)@9068 / 豆油2205 1手(多)@8690 价差=378 z=1.07
2021-11-16,False,1,2,-40.0,0.0,20.0,-5.0,0.0,0.0,24626.0,0.0,-6.25,45.0,-6.250000000003297e-06,24626.0,,,空carry 棕榈油2203 1手(空)@8946 / 棕榈油2204 1手(多)@8644 价差=302,,[P] 空carry 棕榈油2203 1手(空)@8946 / 棕榈油2204 1手(多)@8644 价差=302 z=1.50
2021-11-17,False,2,4,0.0,-8.49,-20.0,0.0,0.0,10183.199999999999,25093.600000000002,0.0,-7.12,8.49,-7.12149999999821e-06,35276.8,,空carry 热卷2203 1手(空)@4273 / 热卷2204 1手(多)@4213 价差=60,空carry 棕榈油2203 1手(空)@9112 / 棕榈油2204 1手(多)@8812 价差=300,,[HC] 空carry 热卷2203 1手(空)@4273 / 热卷2204 1手(多)@4213 价差=60 z=0.96 | [P] 空carry 棕榈油2203 1手(空)@9112 / 棕榈油2204 1手(多)@8812 价差=300 z=1.33
2021-11-18,False,2,4,0.0,30.0,-280.0,0.0,0.0,9847.199999999999,25354.0,0.0,-62.5,0.0,-6.24999999999984e-05,35201.2,,空carry 热卷2203 1手(空)@4133 / 热卷2204 1手(多)@4073 价差=60,空carry 棕榈油2203 1手(空)@9206 / 棕榈油2204 1手(多)@8904 价差=302,,[HC] 空carry 热卷2203 1手(空)@4133 / 热卷2204 1手(多)@4073 价差=60 z=0.87 | [P] 空carry 棕榈油2203 1手(空)@9206 / 棕榈油2204 1手(多)@8904 价差=302 z=1.29
2021-11-19,False,2,4,140.0,-8.6,-240.0,0.0,169567.2,0.0,25880.4,0.0,-27.15,48.6,-2.7150249999998407e-05,195447.6,空carry 黄金2204 1手(空)@385.02 / 黄金2206 1手(多)@385.74 价差=-0.72,,空carry 棕榈油2203 1手(空)@9408 / 棕榈油2204 1手(多)@9078 价差=330,,[AU] 空carry 黄金2204 1手(空)@385.02 / 黄金2206 1手(多)@385.74 价差=-0.72 z=1.08 | [P] 空carry 棕榈油2203 1手(空)@9408 / 棕榈油2204 1手(多)@9078 价差=330 z=1.67
2021-11-22,False,1,2,-40.0,0.0,40.0,0.0,0.0,0.0,25236.4,0.0,-0.0,40.0,-7.958078640513122e-19,25236.4,,,空carry 棕榈油2203 1手(空)@9190 / 棕榈油2204 1手(多)@8836 价差=354,,[P] 空carry 棕榈油2203 1手(空)@9190 / 棕榈油2204 1手(多)@8836 价差=354 z=2.23
2021-11-23,False,2,4,0.0,0.0,-40.0,135.0,0.0,0.0,24844.4,24768.800000000003,23.75,5.0,2.3750000000001706e-05,49613.2,,,空carry 棕榈油2203 1手(空)@9048 / 棕榈油2204 1手(多)@8698 价差=350,空carry 豆油2203 1手(空)@9036 / 豆油2205 1手(多)@8656 价差=380,[P] 空carry 棕榈油2203 1手(空)@9048 / 棕榈油2204 1手(多)@8698 价差=350 z=2.15 | [Y] 空carry 豆油2203 1手(空)@9036 / 豆油2205 1手(多)@8656 价差=380 z=0.99
2021-11-24,False,2,4,0.0,60.97,120.0,-5.0,0.0,10831.2,25118.800000000003,0.0,43.99,14.03,4.399349999999724e-05,35950.0,,多carry 热卷2203 1手(多)@4527 / 热卷2204 1手(空)@4499 价差=28,空carry 棕榈油2203 1手(空)@9148 / 棕榈油2204 1手(多)@8794 价差=354,,[HC] 多carry 热卷2203 1手(多)@4527 / 热卷2204 1手(空)@4499 价差=28 z=-1.74 | [P] 空carry 棕榈油2203 1手(空)@9148 / 棕榈油2204 1手(多)@8794 价差=354 z=2.04
2021-11-25,False,3,6,200.0,110.0,220.0,0.0,163886.8,10844.4,25516.4,0.0,132.5,40.0,0.00013250000000002387,200247.6,多carry 黄金2204 1手(多)@371.84 / 黄金2206 1手(空)@373.1 价差=-1.26,多carry 热卷2203 1手(多)@4536 / 热卷2204 1手(空)@4501 价差=35,空carry 棕榈油2203 1手(空)@9284 / 棕榈油2204 1手(多)@8942 价差=342,,[AU] 多carry 黄金2204 1手(多)@371.84 / 黄金2206 1手(空)@373.1 价差=-1.26 z=-1.04 | [HC] 多carry 热卷2203 1手(多)@4536 / 热卷2204 1手(空)@4501 价差=35 z=-1.12 | [P] 空carry 棕榈油2203 1手(空)@9284 / 棕榈油2204 1手(多)@8942 价差=342 z=1.65
2021-11-26,False,1,2,-40.0,-8.79,-240.0,0.0,0.0,0.0,25099.2,0.0,-72.2,48.79,-7.21974999999998e-05,25099.2,,,空carry 棕榈油2203 1手(空)@9124 / 棕榈油2204 1手(多)@8804 价差=320,,[P] 空carry 棕榈油2203 1手(空)@9124 / 棕榈油2204 1手(多)@8804 价差=320 z=1.28
2021-11-29,False,1,2,0.0,0.0,-40.0,0.0,0.0,0.0,24785.600000000002,0.0,-10.0,0.0,-9.999999999999545e-06,24785.6,,,空carry 棕榈油2203 1手(空)@9024 / 棕榈油2204 1手(多)@8680 价差=344,,[P] 空carry 棕榈油2203 1手(空)@9024 / 棕榈油2204 1手(多)@8680 价差=344 z=1.76
2021-11-30,False,1,2,0.0,0.0,40.0,0.0,0.0,0.0,23956.800000000003,0.0,10.0,0.0,1.000000000000037e-05,23956.8,,,空carry 棕榈油2203 1手(空)@8730 / 棕榈油2204 1手(多)@8382 价差=348,,[P] 空carry 棕榈油2203 1手(空)@8730 / 棕榈油2204 1手(多)@8382 价差=348 z=1.97
2021-12-01,False,4,8,-80.0,-189.07,-220.0,15.0,162998.0,10880.4,23100.000000000004,23310.0,-118.52,54.07,-0.00011851674999998951,220288.4,多carry 黄金2204 1手(多)@369.88 / 黄金2206 1手(空)@371.02 价差=-1.14,空carry 热卷2204 1手(空)@4564 / 热卷2205 1手(多)@4503 价差=61,空carry 棕榈油2204 1手(空)@8410 / 棕榈油2205 1手(多)@8090 价差=320,多carry 豆油2205 1手(多)@8436 / 豆油2207 1手(空)@8214 价差=222,[AU] 多carry 黄金2204 1手(多)@369.88 / 黄金2206 1手(空)@371.02 价差=-1.14 z=-1.00 | [HC] 空carry 热卷2204 1手(空)@4564 / 热卷2205 1手(多)@4503 价差=61 z=1.09 | [P] 空carry 棕榈油2204 1手(空)@8410 / 棕榈油2205 1手(多)@8090 价差=320 z=1.62 | [Y] 多carry 豆油2205 1手(多)@8436 / 豆油2207 1手(空)@8214 价差=222 z=-3.01
2021-12-02,False,4,8,60.0,150.0,340.0,-60.0,162250.0,10906.8,22520.4,22814.4,122.5,0.0,0.0001224999999999996,218491.6,多carry 黄金2204 1手(多)@368.16 / 黄金2206 1手(空)@369.34 价差=-1.18,空carry 热卷2204 1手(空)@4584 / 热卷2205 1手(多)@4505 价差=79,空carry 棕榈油2204 1手(空)@8214 / 棕榈油2205 1手(多)@7872 价差=342,多carry 豆油2205 1手(多)@8260 / 豆油2207 1手(空)@8036 价差=224,[AU] 多carry 黄金2204 1手(多)@368.16 / 黄金2206 1手(空)@369.34 价差=-1.18 z=-1.29 | [HC] 空carry 热卷2204 1手(空)@4584 / 热卷2205 1手(多)@4505 价差=79 z=2.17 | [P] 空carry 棕榈油2204 1手(空)@8214 / 棕榈油2205 1手(多)@7872 价差=342 z=2.11 | [Y] 多carry 豆油2205 1手(多)@8260 / 豆油2207 1手(空)@8036 价差=224 z=-2.34
2021-12-03,False,4,8,100.0,-60.0,-120.0,40.0,161796.8,11107.2,23542.4,23550.800000000003,-10.0,0.0,-1.0000000000002401e-05,219997.2,多carry 黄金2204 1手(多)@367.16 / 黄金2206 1手(空)@368.28 价差=-1.12,空carry 热卷2204 1手(空)@4660 / 热卷2205 1手(多)@4596 价差=64,空carry 棕榈油2204 1手(空)@8562 / 棕榈油2205 1手(多)@8254 价差=308,多carry 豆油2205 1手(多)@8520 / 豆油2207 1手(空)@8302 价差=218,[AU] 多carry 黄金2204 1手(多)@367.16 / 黄金2206 1手(空)@368.28 价差=-1.12 z=-0.95 | [HC] 空carry 热卷2204 1手(空)@4660 / 热卷2205 1手(多)@4596 价差=64 z=0.94 | [P] 空carry 棕榈油2204 1手(空)@8562 / 棕榈油2205 1手(多)@8254 价差=308 z=1.16 | [Y] 多carry 豆油2205 1手(多)@8520 / 豆油2207 1手(空)@8302 价差=218 z=-2.05
2021-12-06,False,3,6,-40.0,20.0,140.0,-80.0,0.0,10994.4,23548.000000000004,23735.600000000002,10.0,40.0,9.999999999996931e-06,58278.0,,空carry 热卷2204 1手(空)@4616 / 热卷2205 1手(多)@4546 价差=70,空carry 棕榈油2204 1手(空)@8570 / 棕榈油2205 1手(多)@8250 价差=320,多carry 豆油2205 1手(多)@8588 / 豆油2207 1手(空)@8366 价差=222,[HC] 空carry 热卷2204 1手(空)@4616 / 热卷2205 1手(多)@4546 价差=70 z=1.26 | [P] 空carry 棕榈油2204 1手(空)@8570 / 棕榈油2205 1手(多)@8250 价差=320 z=1.33 | [Y] 多carry 豆油2205 1手(多)@8588 / 豆油2207 1手(空)@8366 价差=222 z=-1.72
2021-12-07,False,4,8,-20.0,-70.0,60.0,-420.0,162610.8,11203.2,23998.800000000003,24178.0,-112.5,40.0,-0.00011249999999999458,221990.8,多carry 黄金2204 1手(多)@369.02 / 黄金2206 1手(空)@370.12 价差=-1.1,空carry 热卷2204 1手(空)@4702 / 热卷2205 1手(多)@4634 价差=68,空carry 棕榈油2204 1手(空)@8724 / 棕榈油2205 1手(多)@8418 价差=306,多carry 豆油2205 1手(多)@8742 / 豆油2207 1手(空)@8528 价差=214,[AU] 多carry 黄金2204 1手(多)@369.02 / 黄金2206 1手(空)@370.12 价差=-1.1 z=-0.79 | [HC] 空carry 热卷2204 1手(空)@4702 / 热卷2205 1手(多)@4634 价差=68 z=1.01 | [P] 空carry 棕榈油2204 1手(空)@8724 / 棕榈油2205 1手(多)@8418 价差=306 z=0.94 | [Y] 多carry 豆油2205 1手(多)@8742 / 豆油2207 1手(空)@8528 价差=214 z=-1.69
2021-12-08,False,3,6,-40.0,-0.0,-60.0,-460.0,0.0,10957.199999999999,23436.000000000004,23755.200000000004,-140.0,40.0,-0.00014000000000000058,58148.4,,空carry 热卷2204 1手(空)@4603 / 热卷2205 1手(多)@4528 价差=75,空carry 棕榈油2204 1手(空)@8520 / 棕榈油2205 1手(多)@8220 价差=300,多carry 豆油2205 1手(多)@8570 / 豆油2207 1手(空)@8398 价差=172,[HC] 空carry 热卷2204 1手(空)@4603 / 热卷2205 1手(多)@4528 价差=75 z=1.46 | [P] 空carry 棕榈油2204 1手(空)@8520 / 棕榈油2205 1手(多)@8220 价差=300 z=0.93 | [Y] 多carry 豆油2205 1手(多)@8570 / 豆油2207 1手(空)@8398 价差=172 z=-2.03
2021-12-09,False,4,8,-120.0,60.0,60.0,-0.0,162113.6,10753.199999999999,23164.4,23550.800000000003,0.0,40.0,1.8900436771218666e-18,219582.0,多carry 黄金2204 1手(多)@367.88 / 黄金2206 1手(空)@369 价差=-1.12,空carry 热卷2204 1手(空)@4518 / 热卷2205 1手(多)@4443 价差=75,空carry 棕榈油2204 1手(空)@8426 / 棕榈油2205 1手(多)@8120 价差=306,多carry 豆油2205 1手(多)@8474 / 豆油2207 1手(空)@8348 价差=126,[AU] 多carry 黄金2204 1手(多)@367.88 / 黄金2206 1手(空)@369 价差=-1.12 z=-0.78 | [HC] 空carry 热卷2204 1手(空)@4518 / 热卷2205 1手(多)@4443 价差=75 z=1.38 | [P] 空carry 棕榈油2204 1手(空)@8426 / 棕榈油2205 1手(多)@8120 价差=306 z=1.07 | [Y] 多carry 豆油2205 1手(多)@8474 / 豆油2207 1手(空)@8348 价差=126 z=-2.19
2021-12-10,False,4,8,180.0,120.0,80.0,-80.0,161620.8,10746.0,22920.800000000003,23326.800000000003,75.0,0.0,7.499999999999891e-05,218614.4,多carry 黄金2204 1手(多)@366.72 / 黄金2206 1手(空)@367.92 价差=-1.2,空carry 热卷2204 1手(空)@4512 / 热卷2205 1手(多)@4443 价差=69,空carry 棕榈油2204 1手(空)@8336 / 棕榈油2205 1手(多)@8036 价差=300,多carry 豆油2205 1手(多)@8394 / 豆油2207 1手(空)@8268 价差=126,[AU] 多carry 黄金2204 1手(多)@366.72 / 黄金2206 1手(空)@367.92 价差=-1.2 z=-1.07 | [HC] 空carry 热卷2204 1手(空)@4512 / 热卷2205 1手(多)@4443 价差=69 z=0.87 | [P] 空carry 棕榈油2204 1手(空)@8336 / 棕榈油2205 1手(多)@8036 价差=300 z=0.99 | [Y] 多carry 豆油2205 1手(多)@8394 / 豆油2207 1手(空)@8268 价差=126 z=-1.87
2021-12-13,False,2,4,-40.0,-9.13,-20.0,40.0,0.0,0.0,22769.600000000002,23298.800000000003,-7.28,49.13,-7.2817499999997715e-06,46068.4,,,空carry 棕榈油2204 1手(空)@8278 / 棕榈油2205 1手(多)@7986 价差=292,多carry 豆油2205 1手(多)@8380 / 豆油2207 1手(空)@8262 价差=118,[P] 空carry 棕榈油2204 1手(空)@8278 / 棕榈油2205 1手(多)@7986 价差=292 z=0.86 | [Y] 多carry 豆油2205 1手(多)@8380 / 豆油2207 1手(空)@8262 价差=118 z=-1.71
2021-12-14,False,3,6,0.0,130.83,60.0,-280.0,0.0,11005.2,22330.0,22968.4,-22.29,9.17,-2.2292749999997866e-05,56303.6,,空carry 热卷2204 1手(空)@4621 / 热卷2205 1手(多)@4550 价差=71,空carry 棕榈油2204 1手(空)@8122 / 棕榈油2205 1手(多)@7828 价差=294,多carry 豆油2205 1手(多)@8264 / 豆油2207 1手(空)@8142 价差=122,[HC] 空carry 热卷2204 1手(空)@4621 / 热卷2205 1手(多)@4550 价差=71 z=0.90 | [P] 空carry 棕榈油2204 1手(空)@8122 / 棕榈油2205 1手(多)@7828 价差=294 z=0.97 | [Y] 多carry 豆油2205 1手(多)@8264 / 豆油2207 1手(空)@8142 价差=122 z=-1.47
2021-12-15,False,2,4,0.0,-9.28,280.0,-40.0,0.0,0.0,21901.600000000002,22800.4,57.68,9.28,5.768125000000276e-05,44702.0,,,空carry 棕榈油2204 1手(空)@7966 / 棕榈油2205 1手(多)@7678 价差=288,多carry 豆油2205 1手(多)@8190 / 豆油2207 1手(空)@8096 价差=94,[P] 空carry 棕榈油2204 1手(空)@7966 / 棕榈油2205 1手(多)@7678 价差=288 z=0.93 | [Y] 多carry 豆油2205 1手(多)@8190 / 豆油2207 1手(空)@8096 价差=94 z=-1.55
2021-12-16,False,2,4,0.0,160.52,-5.0,-0.0,0.0,11380.8,0.0,23074.800000000003,38.88,14.48,3.8878999999999985e-05,34455.6,,多carry 热卷2204 1手(多)@4765 / 热卷2205 1手(空)@4719 价差=46,,多carry 豆油2205 1手(多)@8286 / 豆油2207 1手(空)@8196 价差=90,[HC] 多carry 热卷2204 1手(多)@4765 / 热卷2205 1手(空)@4719 价差=46 z=-0.87 | [Y] 多carry 豆油2205 1手(多)@8286 / 豆油2207 1手(空)@8196 价差=90 z=-1.41
2021-12-17,False,2,4,-100.0,-9.42,0.0,-120.0,164670.0,0.0,0.0,23422.000000000004,-57.36,49.42,-5.7355750000000685e-05,188092.0,空carry 黄金2204 1手(空)@373.8 / 黄金2206 1手(多)@374.7 价差=-0.9,,,多carry 豆油2205 1手(多)@8410 / 豆油2207 1手(空)@8320 价差=90,[AU] 空carry 黄金2204 1手(空)@373.8 / 黄金2206 1手(多)@374.7 价差=-0.9 z=1.41 | [Y] 多carry 豆油2205 1手(多)@8410 / 豆油2207 1手(空)@8320 价差=90 z=-1.27
2021-12-20,False,3,6,60.0,0.0,135.0,200.0,164463.2,0.0,21994.0,22912.4,98.75,5.0,9.874999999999739e-05,209369.6,空carry 黄金2204 1手(空)@373.36 / 黄金2206 1手(多)@374.2 价差=-0.84,,空carry 棕榈油2204 1手(空)@8002 / 棕榈油2205 1手(多)@7708 价差=294,多carry 豆油2205 1手(多)@8222 / 豆油2207 1手(空)@8144 价差=78,[AU] 空carry 黄金2204 1手(空)@373.36 / 黄金2206 1手(多)@374.2 价差=-0.84 z=1.86 | [P] 空carry 棕榈油2204 1手(空)@8002 / 棕榈油2205 1手(多)@7708 价差=294 z=0.98 | [Y] 多carry 豆油2205 1手(多)@8222 / 豆油2207 1手(空)@8144 价差=78 z=-1.25
2021-12-21,False,2,4,-20.0,0.0,-5.0,-40.0,163323.6,0.0,0.0,23315.600000000002,-16.25,5.0,-1.6249999999992667e-05,186639.2,空carry 黄金2204 1手(空)@370.74 / 黄金2206 1手(多)@371.64 价差=-0.9,,,多carry 豆油2205 1手(多)@8376 / 豆油2207 1手(空)@8278 价差=98,[AU] 空carry 黄金2204 1手(空)@370.74 / 黄金2206 1手(多)@371.64 价差=-0.9 z=1.20 | [Y] 多carry 豆油2205 1手(多)@8376 / 豆油2207 1手(空)@8278 价差=98 z=-0.98
2021-12-22,False,4,8,-120.0,-39.19,-25.0,320.0,162949.6,11028.0,22892.800000000003,23584.4,33.95,14.19,3.395250000000064e-05,220454.8,空carry 黄金2204 1手(空)@369.9 / 黄金2206 1手(多)@370.78 价差=-0.88,空carry 热卷2204 1手(空)@4632 / 热卷2205 1手(多)@4558 价差=74,空carry 棕榈油2204 1手(空)@8326 / 棕榈油2205 1手(多)@8026 价差=300,多carry 豆油2205 1手(多)@8470 / 豆油2207 1手(空)@8376 价差=94,[AU] 空carry 黄金2204 1手(空)@369.9 / 黄金2206 1手(多)@370.78 价差=-0.88 z=1.27 | [HC] 空carry 热卷2204 1手(空)@4632 / 热卷2205 1手(多)@4558 价差=74 z=1.03 | [P] 空carry 棕榈油2204 1手(空)@8326 / 棕榈油2205 1手(多)@8026 价差=300 z=0.84 | [Y] 多carry 豆油2205 1手(多)@8470 / 豆油2207 1手(空)@8376 价差=94 z=-0.94
2021-12-23,False,3,6,80.0,50.0,60.0,-5.0,164656.8,11094.0,23175.600000000002,0.0,46.25,5.0,4.625000000001066e-05,198926.4,空carry 黄金2204 1手(空)@373.84 / 黄金2206 1手(多)@374.6 价差=-0.76,空carry 热卷2204 1手(空)@4661 / 热卷2205 1手(多)@4584 价差=77,空carry 棕榈油2204 1手(空)@8428 / 棕榈油2205 1手(多)@8126 价差=302,,[AU] 空carry 黄金2204 1手(空)@373.84 / 黄金2206 1手(多)@374.6 价差=-0.76 z=2.06 | [HC] 空carry 热卷2204 1手(空)@4661 / 热卷2205 1手(多)@4584 价差=77 z=1.24 | [P] 空carry 棕榈油2204 1手(空)@8428 / 棕榈油2205 1手(多)@8126 价差=302 z=0.80
2021-12-24,False,1,2,-120.0,-9.3,-5.0,0.0,164947.2,0.0,0.0,0.0,-33.58,14.3,-3.3576000000008496e-05,164947.2,空carry 黄金2204 1手(空)@374.46 / 黄金2206 1手(多)@375.3 价差=-0.84,,,,[AU] 空carry 黄金2204 1手(空)@374.46 / 黄金2206 1手(多)@375.3 价差=-0.84 z=1.30
2021-12-27,False,3,6,40.0,61.09,55.0,0.0,164806.4,10695.599999999999,23822.4,0.0,39.02,13.91,3.902175000001655e-05,199324.4,空carry 黄金2204 1手(空)@374.2 / 黄金2206 1手(多)@374.92 价差=-0.72,空carry 热卷2204 1手(空)@4500 / 热卷2205 1手(多)@4413 价差=87,空carry 棕榈油2204 1手(空)@8666 / 棕榈油2205 1手(多)@8350 价差=316,,[AU] 空carry 黄金2204 1手(空)@374.2 / 黄金2206 1手(多)@374.92 价差=-0.72 z=1.97 | [HC] 空carry 热卷2204 1手(空)@4500 / 热卷2205 1手(多)@4413 价差=87 z=2.01 | [P] 空carry 棕榈油2204 1手(空)@8666 / 棕榈油2205 1手(多)@8350 价差=316 z=0.87
2021-12-28,False,2,4,120.0,-20.0,-5.0,0.0,165290.40000000002,10756.8,0.0,0.0,23.75,5.0,2.3749999999993903e-05,176047.2,空carry 黄金2204 1手(空)@375.28 / 黄金2206 1手(多)@376.04 价差=-0.76,空carry 热卷2204 1手(空)@4522 / 热卷2205 1手(多)@4442 价差=80,,,[AU] 空carry 黄金2204 1手(空)@375.28 / 黄金2206 1手(多)@376.04 价差=-0.76 z=1.51 | [HC] 空carry 热卷2204 1手(空)@4522 / 热卷2205 1手(多)@4442 价差=80 z=1.18
2021-12-29,False,2,4,-40.0,10.0,55.0,0.0,0.0,10792.8,23777.600000000002,0.0,6.25,45.0,6.2499999999997445e-06,34570.4,,空carry 热卷2204 1手(空)@4538 / 热卷2205 1手(多)@4456 价差=82,空carry 棕榈油2204 1手(空)@8654 / 棕榈油2205 1手(多)@8330 价差=324,,[HC] 空carry 热卷2204 1手(空)@4538 / 热卷2205 1手(多)@4456 价差=82 z=1.24 | [P] 空carry 棕榈油2204 1手(空)@8654 / 棕榈油2205 1手(多)@8330 价差=324 z=0.98
2021-12-30,False,2,4,0.0,-70.0,-140.0,0.0,0.0,10683.599999999999,24161.200000000004,0.0,-52.5,0.0,-5.2499999999995794e-05,34844.8,,空carry 热卷2204 1手(空)@4492 / 热卷2205 1手(多)@4411 价差=81,空carry 棕榈油2204 1手(空)@8788 / 棕榈油2205 1手(多)@8470 价差=318,,[HC] 空carry 热卷2204 1手(空)@4492 / 热卷2205 1手(多)@4411 价差=81 z=1.12 | [P] 空carry 棕榈油2204 1手(空)@8788 / 棕榈油2205 1手(多)@8470 价差=318 z=0.79
2021-12-31,False,2,4,0.0,150.0,60.0,0.0,0.0,10692.0,24404.800000000003,0.0,52.5,0.0,5.2499999999999914e-05,35096.8,,空carry 热卷2204 1手(空)@4499 / 热卷2205 1手(多)@4411 价差=88,空carry 棕榈油2204 1手(空)@8882 / 棕榈油2205 1手(多)@8550 价差=332,,[HC] 空carry 热卷2204 1手(空)@4499 / 热卷2205 1手(多)@4411 价差=88 z=1.58 | [P] 空carry 棕榈油2204 1手(空)@8882 / 棕榈油2205 1手(多)@8550 价差=332 z=0.94
2022-01-04,False,3,6,-60.0,-7.92,190.0,0.0,164529.2,10753.2,23998.800000000003,0.0,30.52,67.92,3.051950000000958e-05,199281.2,多carry 黄金2206 1手(多)@373.4 / 黄金2208 1手(空)@374.46 价差=-1.06,多carry 热卷2205 1手(多)@4499 / 热卷2206 1手(空)@4462 价差=37,多carry 棕榈油2205 1手(多)@8682 / 棕榈油2206 1手(空)@8460 价差=222,,[AU] 多carry 黄金2206 1手(多)@373.4 / 黄金2208 1手(空)@374.46 价差=-1.06 z=-0.79 | [HC] 多carry 热卷2205 1手(多)@4499 / 热卷2206 1手(空)@4462 价差=37 z=-2.42 | [P] 多carry 棕榈油2205 1手(多)@8682 / 棕榈油2206 1手(空)@8460 价差=222 z=-0.85
2022-01-05,False,3,6,-60.0,-40.0,-5.0,215.0,165114.4,10917.599999999999,0.0,25096.4,27.5,10.0,2.749999999998394e-05,201128.4,多carry 黄金2206 1手(多)@374.72 / 黄金2208 1手(空)@375.8 价差=-1.08,多carry 热卷2205 1手(多)@4568 / 热卷2206 1手(空)@4530 价差=38,,空carry 豆油2205 1手(空)@9044 / 豆油2207 1手(多)@8882 价差=162,[AU] 多carry 黄金2206 1手(多)@374.72 / 黄金2208 1手(空)@375.8 价差=-1.08 z=-0.93 | [HC] 多carry 热卷2205 1手(多)@4568 / 热卷2206 1手(空)@4530 价差=38 z=-1.98 | [Y] 空carry 豆油2205 1手(空)@9044 / 豆油2207 1手(多)@8882 价差=162 z=0.85
2022-01-06,False,2,4,-40.0,10.0,0.0,-5.0,163886.8,11090.4,0.0,0.0,-8.75,5.0,-8.749999999994785e-06,174977.2,多carry 黄金2206 1手(多)@371.9 / 黄金2208 1手(空)@373.04 价差=-1.14,多carry 热卷2205 1手(多)@4638 / 热卷2206 1手(空)@4604 价差=34,,,[AU] 多carry 黄金2206 1手(多)@371.9 / 黄金2208 1手(空)@373.04 价差=-1.14 z=-1.38 | [HC] 多carry 热卷2205 1手(多)@4638 / 热卷2206 1手(空)@4604 价差=34 z=-1.90
2022-01-07,False,3,6,20.0,-0.0,-65.0,0.0,162927.6,11182.8,24488.800000000003,0.0,-11.25,5.0,-1.1249999999991446e-05,198599.2,多carry 黄金2206 1手(多)@369.7 / 黄金2208 1手(空)@370.88 价差=-1.18,多carry 热卷2205 1手(多)@4677 / 热卷2206 1手(空)@4642 价差=35,多carry 棕榈油2205 1手(多)@8858 / 棕榈油2206 1手(空)@8634 价差=224,,[AU] 多carry 黄金2206 1手(多)@369.7 / 黄金2208 1手(空)@370.88 价差=-1.18 z=-1.65 | [HC] 多carry 热卷2205 1手(多)@4677 / 热卷2206 1手(空)@4642 价差=35 z=-1.60 | [P] 多carry 棕榈油2205 1手(多)@8858 / 棕榈油2206 1手(空)@8634 价差=224 z=-0.98
2022-01-10,False,4,8,80.0,60.0,260.0,15.0,163108.0,11074.8,24833.200000000004,25404.4,103.75,5.0,0.00010374999999999896,224420.4,多carry 黄金2206 1手(多)@370.12 / 黄金2208 1手(空)@371.28 价差=-1.16,多carry 热卷2205 1手(多)@4632 / 热卷2206 1手(空)@4597 价差=35,多carry 棕榈油2205 1手(多)@8978 / 棕榈油2206 1手(空)@8760 价差=218,空carry 豆油2205 1手(空)@9162 / 豆油2207 1手(多)@8984 价差=178,[AU] 多carry 黄金2206 1手(多)@370.12 / 黄金2208 1手(空)@371.28 价差=-1.16 z=-1.57 | [HC] 多carry 热卷2205 1手(多)@4632 / 热卷2206 1手(空)@4597 价差=35 z=-1.42 | [P] 多carry 棕榈油2205 1手(多)@8978 / 棕榈油2206 1手(空)@8760 价差=218 z=-1.17 | [Y] 空carry 豆油2205 1手(空)@9162 / 豆油2207 1手(多)@8984 价差=178 z=1.23
2022-01-11,False,3,6,80.0,-40.0,-5.0,180.0,164498.4,11276.4,0.0,25272.800000000003,53.75,5.0,5.374999999998443e-05,201047.6,多carry 黄金2206 1手(多)@373.32 / 黄金2208 1手(空)@374.4 价差=-1.08,多carry 热卷2205 1手(多)@4719 / 热卷2206 1手(空)@4678 价差=41,,空carry 豆油2205 1手(空)@9114 / 豆油2207 1手(多)@8938 价差=176,[AU] 多carry 黄金2206 1手(多)@373.32 / 黄金2208 1手(空)@374.4 价差=-1.08 z=-0.89 | [HC] 多carry 热卷2205 1手(多)@4719 / 热卷2206 1手(空)@4678 价差=41 z=-1.03 | [Y] 空carry 豆油2205 1手(空)@9114 / 豆油2207 1手(多)@8938 价差=176 z=1.06
2022-01-12,False,1,2,-40.0,0.0,0.0,-5.0,0.0,11358.0,0.0,0.0,-11.25,45.0,-1.1249999999999706e-05,11358.0,,多carry 热卷2205 1手(多)@4751 / 热卷2206 1手(空)@4714 价差=37,,,[HC] 多carry 热卷2205 1手(多)@4751 / 热卷2206 1手(空)@4714 价差=37 z=-1.12
2022-01-13,False,3,6,260.0,30.0,0.0,-105.0,165822.8,11329.2,0.0,25292.4,46.25,45.0,4.6250000000004675e-05,202444.4,多carry 黄金2206 1手(多)@376.24 / 黄金2208 1手(空)@377.5 价差=-1.26,多carry 热卷2205 1手(多)@4739 / 热卷2206 1手(空)@4702 价差=37,,空carry 豆油2205 1手(空)@9118 / 豆油2207 1手(多)@8948 价差=170,[AU] 多carry 黄金2206 1手(多)@376.24 / 黄金2208 1手(空)@377.5 价差=-1.26 z=-1.83 | [HC] 多carry 热卷2205 1手(多)@4739 / 热卷2206 1手(空)@4702 价差=37 z=-1.04 | [Y] 空carry 豆油2205 1手(空)@9118 / 豆油2207 1手(多)@8948 价差=170 z=0.76
2022-01-14,False,2,4,-40.0,-10.0,0.0,60.0,0.0,11404.8,0.0,25407.2,2.5,40.0,2.5000000000002984e-06,36812.0,,多carry 热卷2205 1手(多)@4772 / 热卷2206 1手(空)@4732 价差=40,,空carry 豆油2205 1手(空)@9164 / 豆油2207 1手(多)@8984 价差=180,[HC] 多carry 热卷2205 1手(多)@4772 / 热卷2206 1手(空)@4732 价差=40 z=-0.87 | [Y] 空carry 豆油2205 1手(空)@9164 / 豆油2207 1手(多)@8984 价差=180 z=0.96
2022-01-17,False,1,2,0.0,-50.0,0.0,-5.0,0.0,11149.2,0.0,0.0,-13.75,5.0,-1.3749999999998764e-05,11149.2,,多carry 热卷2205 1手(多)@4665 / 热卷2206 1手(空)@4626 价差=39,,,[HC] 多carry 热卷2205 1手(多)@4665 / 热卷2206 1手(空)@4626 价差=39 z=-0.84
2022-01-18,False,2,4,-100.0,70.0,0.0,0.0,164582.0,11260.8,0.0,0.0,-7.5,40.0,-7.499999999998991e-06,175842.8,多carry 黄金2206 1手(多)@373.46 / 黄金2208 1手(空)@374.64 价差=-1.18,多carry 热卷2205 1手(多)@4709 / 热卷2206 1手(空)@4675 价差=34,,,[AU] 多carry 黄金2206 1手(多)@373.46 / 黄金2208 1手(空)@374.64 价差=-1.18 z=-1.26 | [HC] 多carry 热卷2205 1手(多)@4709 / 热卷2206 1手(空)@4675 价差=34 z=-1.00
2022-01-19,False,1,2,240.0,-9.59,0.0,0.0,164419.2,0.0,0.0,0.0,57.6,9.59,5.760275000000341e-05,164419.2,多carry 黄金2206 1手(多)@373.06 / 黄金2208 1手(空)@374.3 价差=-1.24,,,,[AU] 多carry 黄金2206 1手(多)@373.06 / 黄金2208 1手(空)@374.3 价差=-1.24 z=-1.46
2022-01-20,False,2,4,-40.0,50.4,0.0,155.0,0.0,11516.4,0.0,26107.200000000004,41.35,54.6,4.135074999999919e-05,37623.6,,多carry 热卷2205 1手(多)@4815 / 热卷2206 1手(空)@4782 价差=33,,空carry 豆油2205 1手(空)@9416 / 豆油2207 1手(多)@9232 价差=184,[HC] 多carry 热卷2205 1手(多)@4815 / 热卷2206 1手(空)@4782 价差=33 z=-0.89 | [Y] 空carry 豆油2205 1手(空)@9416 / 豆油2207 1手(多)@9232 价差=184 z=1.33
2022-01-21,False,1,2,0.0,-9.6,-125.0,-5.0,0.0,0.0,26280.800000000003,0.0,-34.9,19.6,-3.4901250000000224e-05,26280.8,,,多carry 棕榈油2205 1手(多)@9526 / 棕榈油2206 1手(空)@9246 价差=280,,[P] 多carry 棕榈油2205 1手(多)@9526 / 棕榈油2206 1手(空)@9246 价差=280 z=-0.81
2022-01-24,False,4,8,140.0,80.48,120.0,-205.0,166240.8,11422.8,26140.800000000003,26222.0,33.87,54.52,3.387024999999134e-05,230026.4,多carry 黄金2206 1手(多)@377.2 / 黄金2208 1手(空)@378.44 价差=-1.24,多carry 热卷2205 1手(多)@4773 / 热卷2206 1手(空)@4746 价差=27,多carry 棕榈油2205 1手(多)@9470 / 棕榈油2206 1手(空)@9202 价差=268,多carry 豆油2205 1手(多)@9436 / 豆油2207 1手(空)@9294 价差=142,[AU] 多carry 黄金2206 1手(多)@377.2 / 黄金2208 1手(空)@378.44 价差=-1.24 z=-1.25 | [HC] 多carry 热卷2205 1手(多)@4773 / 热卷2206 1手(空)@4746 价差=27 z=-1.00 | [P] 多carry 棕榈油2205 1手(多)@9470 / 棕榈油2206 1手(空)@9202 价差=268 z=-1.07 | [Y] 多carry 豆油2205 1手(多)@9436 / 豆油2207 1手(空)@9294 价差=142 z=-2.01
2022-01-25,False,2,4,-40.0,-9.65,40.0,180.0,0.0,0.0,26017.600000000002,25930.800000000003,42.59,49.65,4.258700000000192e-05,51948.4,,,多carry 棕榈油2205 1手(多)@9432 / 棕榈油2206 1手(空)@9152 价差=280,多carry 豆油2205 1手(多)@9322 / 豆油2207 1手(空)@9200 价差=122,[P] 多carry 棕榈油2205 1手(多)@9432 / 棕榈油2206 1手(空)@9152 价差=280 z=-0.77 | [Y] 多carry 豆油2205 1手(多)@9322 / 豆油2207 1手(空)@9200 价差=122 z=-2.73
2022-01-26,False,3,6,60.0,0.0,140.0,-60.0,166848.0,0.0,26409.600000000006,26090.4,35.0,40.0,3.49999999999859e-05,219348.0,多carry 黄金2206 1手(多)@378.58 / 黄金2208 1手(空)@379.82 价差=-1.24,,多carry 棕榈油2205 1手(多)@9574 / 棕榈油2206 1手(空)@9290 价差=284,多carry 豆油2205 1手(多)@9388 / 豆油2207 1手(空)@9248 价差=140,[AU] 多carry 黄金2206 1手(多)@378.58 / 黄金2208 1手(空)@379.82 价差=-1.24 z=-1.20 | [P] 多carry 棕榈油2205 1手(多)@9574 / 棕榈油2206 1手(空)@9290 价差=284 z=-0.80 | [Y] 多carry 豆油2205 1手(多)@9388 / 豆油2207 1手(空)@9248 价差=140 z=-1.39
2022-01-27,False,1,2,-40.0,0.0,-5.0,0.0,0.0,0.0,0.0,26569.200000000004,-11.25,45.0,-1.1249999999995794e-05,26569.2,,,,多carry 豆油2205 1手(多)@9556 / 豆油2207 1手(空)@9422 价差=134,[Y] 多carry 豆油2205 1手(多)@9556 / 豆油2207 1手(空)@9422 价差=134 z=-1.58
2022-01-28,False,2,4,280.0,0.0,0.0,-120.0,163178.4,0.0,0.0,27353.200000000004,40.0,40.0,4.0000000000001704e-05,190531.6,多carry 黄金2206 1手(多)@370.1 / 黄金2208 1手(空)@371.62 价差=-1.52,,,多carry 豆油2205 1手(多)@9836 / 豆油2207 1手(空)@9702 价差=134,[AU] 多carry 黄金2206 1手(多)@370.1 / 黄金2208 1手(空)@371.62 价差=-1.52 z=-2.83 | [Y] 多carry 豆油2205 1手(多)@9836 / 豆油2207 1手(空)@9702 价差=134 z=-1.40
2022-02-07,False,3,6,-40.0,120.14,-45.0,-60.0,0.0,11834.4,27300.0,27714.4,-6.22,54.86,-6.215499999998407e-06,66848.8,,多carry 热卷2206 1手(多)@4942 / 热卷2207 1手(空)@4920 价差=22,多carry 棕榈油2206 1手(多)@9858 / 棕榈油2207 1手(空)@9642 价差=216,多carry 豆油2207 1手(多)@9920 / 豆油2208 1手(空)@9876 价差=44,[HC] 多carry 热卷2206 1手(多)@4942 / 热卷2207 1手(空)@4920 价差=22 z=-2.72 | [P] 多carry 棕榈油2206 1手(多)@9858 / 棕榈油2207 1手(空)@9642 价差=216 z=-2.56 | [Y] 多carry 豆油2207 1手(多)@9920 / 豆油2208 1手(空)@9876 价差=44 z=-3.48
2022-02-08,False,2,4,0.0,-9.99,0.0,100.0,0.0,0.0,26824.0,27482.000000000004,22.5,9.99,2.2502750000000112e-05,54306.0,,,多carry 棕榈油2206 1手(多)@9686 / 棕榈油2207 1手(空)@9474 价差=212,多carry 豆油2207 1手(多)@9834 / 豆油2208 1手(空)@9796 价差=38,[P] 多carry 棕榈油2206 1手(多)@9686 / 棕榈油2207 1手(空)@9474 价差=212 z=-2.45 | [Y] 多carry 豆油2207 1手(多)@9834 / 豆油2208 1手(空)@9796 价差=38 z=-2.69
2022-02-09,False,3,6,-40.0,0.0,0.0,20.0,165919.6,0.0,26555.200000000004,27227.200000000004,-5.0,40.0,-4.999999999996096e-06,219702.0,空carry 黄金2206 1手(空)@376.58 / 黄金2208 1手(多)@377.6 价差=-1.02,,多carry 棕榈油2206 1手(多)@9590 / 棕榈油2207 1手(空)@9378 价差=212,多carry 豆油2207 1手(多)@9748 / 豆油2208 1手(空)@9700 价差=48,[AU] 空carry 黄金2206 1手(空)@376.58 / 黄金2208 1手(多)@377.6 价差=-1.02 z=0.77 | [P] 多carry 棕榈油2206 1手(多)@9590 / 棕榈油2207 1手(空)@9378 价差=212 z=-2.31 | [Y] 多carry 豆油2207 1手(多)@9748 / 豆油2208 1手(空)@9700 价差=48 z=-2.03
2022-02-10,False,2,4,-40.0,0.0,240.0,-120.0,0.0,0.0,26779.200000000004,27252.4,20.0,40.0,1.9999999999998423e-05,54031.6,,,多carry 棕榈油2206 1手(多)@9670 / 棕榈油2207 1手(空)@9458 价差=212,多carry 豆油2207 1手(多)@9758 / 豆油2208 1手(空)@9708 价差=50,[P] 多carry 棕榈油2206 1手(多)@9670 / 棕榈油2207 1手(空)@9458 价差=212 z=-2.25 | [Y] 多carry 豆油2207 1手(多)@9758 / 豆油2208 1手(空)@9708 价差=50 z=-1.73
2022-02-11,False,4,8,-200.0,159.99,0.0,80.0,165321.2,12014.4,26611.200000000004,26927.600000000002,10.0,50.01,9.996999999991075e-06,230874.4,空carry 黄金2206 1手(空)@375.24 / 黄金2208 1手(多)@376.22 价差=-0.98,多carry 热卷2206 1手(多)@5010 / 热卷2207 1手(空)@5002 价差=8,多carry 棕榈油2206 1手(多)@9622 / 棕榈油2207 1手(空)@9386 价差=236,多carry 豆油2207 1手(多)@9636 / 豆油2208 1手(空)@9598 价差=38,[AU] 空carry 黄金2206 1手(空)@375.24 / 黄金2208 1手(多)@376.22 价差=-0.98 z=0.87 | [HC] 多carry 热卷2206 1手(多)@5010 / 热卷2207 1手(空)@5002 价差=8 z=-3.27 | [P] 多carry 棕榈油2206 1手(多)@9622 / 棕榈油2207 1手(空)@9386 价差=236 z=-1.65 | [Y] 多carry 豆油2207 1手(多)@9636 / 豆油2208 1手(空)@9598 价差=38 z=-1.70
2022-02-14,False,4,8,100.0,-550.0,120.0,-100.0,168128.4,11725.199999999999,26997.600000000002,27330.800000000003,-107.5,0.0,-0.00010749999999998647,234182.0,空carry 黄金2206 1手(空)@381.7 / 黄金2208 1手(多)@382.52 价差=-0.82,多carry 热卷2206 1手(多)@4898 / 热卷2207 1手(空)@4873 价差=25,多carry 棕榈油2206 1手(多)@9760 / 棕榈油2207 1手(空)@9524 价差=236,多carry 豆油2207 1手(多)@9784 / 豆油2208 1手(空)@9738 价差=46,[AU] 空carry 黄金2206 1手(空)@381.7 / 黄金2208 1手(多)@382.52 价差=-0.82 z=1.74 | [HC] 多carry 热卷2206 1手(多)@4898 / 热卷2207 1手(空)@4873 价差=25 z=-1.10 | [P] 多carry 棕榈油2206 1手(多)@9760 / 棕榈油2207 1手(空)@9524 价差=236 z=-1.65 | [Y] 多carry 豆油2207 1手(多)@9784 / 豆油2208 1手(空)@9738 价差=46 z=-1.38
2022-02-15,False,4,8,60.0,560.0,-100.0,-60.0,169857.6,11457.6,27372.800000000003,27496.0,115.0,0.0,0.00011500000000000273,236184.0,空carry 黄金2206 1手(空)@385.58 / 黄金2208 1手(多)@386.5 价差=-0.92,多carry 热卷2206 1手(多)@4759 / 热卷2207 1手(空)@4789 价差=-30,多carry 棕榈油2206 1手(多)@9900 / 棕榈油2207 1手(空)@9652 价差=248,多carry 豆油2207 1手(多)@9838 / 豆油2208 1手(空)@9802 价差=36,[AU] 空carry 黄金2206 1手(空)@385.58 / 黄金2208 1手(多)@386.5 价差=-0.92 z=1.10 | [HC] 多carry 热卷2206 1手(多)@4759 / 热卷2207 1手(空)@4789 价差=-30 z=-3.67 | [P] 多carry 棕榈油2206 1手(多)@9900 / 棕榈油2207 1手(空)@9652 价差=248 z=-1.42 | [Y] 多carry 豆油2207 1手(多)@9838 / 豆油2208 1手(空)@9802 价差=36 z=-1.39
2022-02-16,False,2,4,-40.0,-9.77,-100.0,140.0,0.0,0.0,27252.4,27487.600000000002,-2.44,49.77,-2.44250000000028e-06,54740.0,,,多carry 棕榈油2206 1手(多)@9852 / 棕榈油2207 1手(空)@9614 价差=238,多carry 豆油2207 1手(多)@9832 / 豆油2208 1手(空)@9802 价差=30,[P] 多carry 棕榈油2206 1手(多)@9852 / 棕榈油2207 1手(空)@9614 价差=238 z=-1.54 | [Y] 多carry 豆油2207 1手(多)@9832 / 豆油2208 1手(空)@9802 价差=30 z=-1.33
2022-02-17,False,2,4,0.0,0.0,320.0,60.0,0.0,0.0,27126.4,27451.200000000004,95.0,0.0,9.500000000000318e-05,54577.6,,,多carry 棕榈油2206 1手(多)@9802 / 棕榈油2207 1手(空)@9574 价差=228,多carry 豆油2207 1手(多)@9826 / 豆油2208 1手(空)@9782 价差=44,[P] 多carry 棕榈油2206 1手(多)@9802 / 棕榈油2207 1手(空)@9574 价差=228 z=-1.64 | [Y] 多carry 豆油2207 1手(多)@9826 / 豆油2208 1手(空)@9782 价差=44 z=-1.00
2022-02-18,False,2,4,0.0,0.0,280.0,140.0,0.0,0.0,27764.800000000003,27846.000000000004,105.0,0.0,0.00010499999999999542,55610.8,,,多carry 棕榈油2206 1手(多)@10046 / 棕榈油2207 1手(空)@9786 价差=260,多carry 豆油2207 1手(多)@9970 / 豆油2208 1手(空)@9920 价差=50,[P] 多carry 棕榈油2206 1手(多)@10046 / 棕榈油2207 1手(空)@9786 价差=260 z=-1.12 | [Y] 多carry 豆油2207 1手(多)@9970 / 豆油2208 1手(空)@9920 价差=50 z=-0.81
2022-02-21,True,0,0,0.0,0.0,-5.0,-5.0,0.0,0.0,0.0,0.0,-2.5,10.0,-2.5e-06,0.0,,,,,全品种空仓
2022-02-22,True,0,0,0.0,0.0,0.0,0.0,0.0,0.0,0.0,0.0,0.0,0.0,0.0,0.0,,,,,全品种空仓
2022-02-23,False,1,2,0.0,0.0,0.0,135.0,0.0,0.0,0.0,28515.200000000004,33.75,5.0,3.375000000000409e-05,28515.2,,,,多carry 豆油2207 1手(多)@10202 / 豆油2208 1手(空)@10166 价差=36,[Y] 多carry 豆油2207 1手(多)@10202 / 豆油2208 1手(空)@10166 价差=36 z=-0.85
2022-02-24,False,2,4,-60.0,160.49,0.0,-5.0,174429.2,11415.599999999999,0.0,0.0,23.87,54.51,2.387174999999867e-05,185844.8,空carry 黄金2206 1手(空)@396.04 / 黄金2208 1手(多)@396.82 价差=-0.78,空carry 热卷2206 1手(空)@4778 / 热卷2207 1手(多)@4735 价差=43,,,[AU] 空carry 黄金2206 1手(空)@396.04 / 黄金2208 1手(多)@396.82 价差=-0.78 z=1.68 | [HC] 空carry 热卷2206 1手(空)@4778 / 热卷2207 1手(多)@4735 价差=43 z=1.01
2022-02-25,False,1,2,180.0,-9.49,0.0,0.0,172392.0,0.0,0.0,0.0,42.63,9.49,4.262650000000068e-05,172392.0,空carry 黄金2206 1手(空)@391.42 / 黄金2208 1手(多)@392.18 价差=-0.76,,,,[AU] 空carry 黄金2206 1手(空)@391.42 / 黄金2208 1手(多)@392.18 价差=-0.76 z=1.56
2022-02-28,True,0,0,-40.0,0.0,0.0,0.0,0.0,0.0,0.0,0.0,-10.0,40.0,-1e-05,0.0,,,,,全品种空仓
2022-03-01,False,4,8,140.0,129.99,-205.0,-85.0,171749.59999999998,12009.6,30018.800000000003,29590.4,-5.0,60.01,-5.002000000009076e-06,243368.4,空carry 黄金2208 1手(空)@389.96 / 黄金2210 1手(多)@390.72 价差=-0.76,空carry 热卷2207 1手(空)@5029 / 热卷2208 1手(多)@4979 价差=50,空carry 棕榈油2207 1手(空)@10914 / 棕榈油2208 1手(多)@10528 价差=386,空carry 豆油2207 1手(空)@10618 / 豆油2208 1手(多)@10518 价差=100,[AU] 空carry 黄金2208 1手(空)@389.96 / 黄金2210 1手(多)@390.72 价差=-0.76 z=1.34 | [HC] 空carry 热卷2207 1手(空)@5029 / 热卷2208 1手(多)@4979 价差=50 z=1.36 | [P] 空carry 棕榈油2207 1手(空)@10914 / 棕榈油2208 1手(多)@10528 价差=386 z=0.80 | [Y] 空carry 豆油2207 1手(空)@10618 / 豆油2208 1手(多)@10518 价差=100 z=1.09
2022-03-02,False,2,4,-40.0,-10.07,220.0,0.0,0.0,0.0,30657.200000000004,29993.600000000002,42.48,50.07,4.248249999999887e-05,60650.8,,,空carry 棕榈油2207 1手(空)@11152 / 棕榈油2208 1手(多)@10746 价差=406,空carry 豆油2207 1手(空)@10766 / 豆油2208 1手(多)@10658 价差=108,[P] 空carry 棕榈油2207 1手(空)@11152 / 棕榈油2208 1手(多)@10746 价差=406 z=1.03 | [Y] 空carry 豆油2207 1手(空)@10766 / 豆油2208 1手(多)@10658 价差=108 z=1.50
2022-03-03,False,1,2,0.0,0.0,-5.0,-20.0,0.0,0.0,0.0,30615.200000000004,-6.25,5.0,-6.249999999998863e-06,30615.2,,,,空carry 豆油2207 1手(空)@10988 / 豆油2208 1手(多)@10880 价差=108,[Y] 空carry 豆油2207 1手(空)@10988 / 豆油2208 1手(多)@10880 价差=108 z=1.69
2022-03-04,False,1,2,0.0,0.0,0.0,120.0,0.0,0.0,0.0,29554.000000000004,30.0,0.0,2.999999999999693e-05,29554.0,,,,空carry 豆油2207 1手(空)@10610 / 豆油2208 1手(多)@10500 价差=110,[Y] 空carry 豆油2207 1手(空)@10610 / 豆油2208 1手(多)@10500 价差=110 z=2.00
2022-03-07,False,2,4,1100.0,0.0,0.0,-20.0,178015.2,0.0,0.0,29722.000000000004,270.0,40.0,0.0002700000000000106,207737.2,空carry 黄金2208 1手(空)@404.24 / 黄金2210 1手(多)@404.92 价差=-0.68,,,空carry 豆油2207 1手(空)@10664 / 豆油2208 1手(多)@10566 价差=98,[AU] 空carry 黄金2208 1手(空)@404.24 / 黄金2210 1手(多)@404.92 价差=-0.68 z=2.28 | [Y] 空carry 豆油2207 1手(空)@10664 / 豆油2208 1手(多)@10566 价差=98 z=1.37
2022-03-08,False,2,4,740.0,0.0,0.0,-520.0,182076.4,0.0,0.0,29674.4,55.0,80.0,5.50000000000245e-05,211750.8,多carry 黄金2208 1手(多)@412.9 / 黄金2210 1手(空)@414.72 价差=-1.82,,,空carry 豆油2207 1手(空)@10648 / 豆油2208 1手(多)@10548 价差=100,[AU] 多carry 黄金2208 1手(多)@412.9 / 黄金2210 1手(空)@414.72 价差=-1.82 z=-3.60 | [Y] 空carry 豆油2207 1手(空)@10648 / 豆油2208 1手(多)@10548 价差=100 z=1.29
2022-03-09,False,1,2,-40.0,0.0,0.0,180.0,0.0,0.0,0.0,30251.200000000004,35.0,40.0,3.5000000000000566e-05,30251.2,,,,空carry 豆油2207 1手(空)@10880 / 豆油2208 1手(多)@10728 价差=152,[Y] 空carry 豆油2207 1手(空)@10880 / 豆油2208 1手(多)@10728 价差=152 z=2.43
2022-03-10,False,2,4,0.0,0.0,575.0,120.0,0.0,0.0,30774.800000000003,29285.200000000004,173.75,5.0,0.00017374999999999924,60060.0,,,多carry 棕榈油2207 1手(多)@11136 / 棕榈油2208 1手(空)@10846 价差=290,空carry 豆油2207 1手(空)@10526 / 豆油2208 1手(多)@10392 价差=134,[P] 多carry 棕榈油2207 1手(多)@11136 / 棕榈油2208 1手(空)@10846 价差=290 z=-0.97 | [Y] 空carry 豆油2207 1手(空)@10526 / 豆油2208 1手(多)@10392 价差=134 z=1.66
2022-03-11,False,2,4,120.0,0.0,-5.0,140.0,178626.8,0.0,0.0,29038.800000000003,63.75,45.0,6.375000000002195e-05,207665.6,空carry 黄金2208 1手(空)@405.6 / 黄金2210 1手(多)@406.34 价差=-0.74,,,空carry 豆油2207 1手(空)@10432 / 豆油2208 1手(多)@10310 价差=122,[AU] 空carry 黄金2208 1手(空)@405.6 / 黄金2210 1手(多)@406.34 价差=-0.74 z=1.05 | [Y] 空carry 豆油2207 1手(空)@10432 / 豆油2208 1手(多)@10310 价差=122 z=1.20
2022-03-14,True,0,0,-40.0,0.0,0.0,-5.0,0.0,0.0,0.0,0.0,-11.25,45.0,-1.125e-05,0.0,,,,,全品种空仓
2022-03-15,False,2,4,1100.0,-49.8,0.0,0.0,174020.0,11757.599999999999,0.0,0.0,262.55,49.8,0.0002625505000000018,185777.6,多carry 黄金2208 1手(多)@394.62 / 黄金2210 1手(空)@396.38 价差=-1.76,多carry 热卷2207 1手(多)@4908 / 热卷2208 1手(空)@4890 价差=18,,,[AU] 多carry 黄金2208 1手(多)@394.62 / 黄金2210 1手(空)@396.38 价差=-1.76 z=-2.70 | [HC] 多carry 热卷2207 1手(多)@4908 / 热卷2208 1手(空)@4890 价差=18 z=-1.04
2022-03-16,False,2,4,260.0,-130.0,0.0,0.0,172660.4,12084.0,0.0,0.0,32.5,80.0,3.249999999999613e-05,184744.4,空carry 黄金2208 1手(空)@392.1 / 黄金2210 1手(多)@392.72 价差=-0.62,多carry 热卷2207 1手(多)@5042 / 热卷2208 1手(空)@5028 价差=14,,,[AU] 空carry 黄金2208 1手(空)@392.1 / 黄金2210 1手(多)@392.72 价差=-0.62 z=1.18 | [HC] 多carry 热卷2207 1手(多)@5042 / 热卷2208 1手(空)@5028 价差=14 z=-1.34
2022-03-17,False,2,4,-40.0,150.0,-185.0,0.0,0.0,12075.599999999999,28478.800000000003,0.0,-18.75,45.0,-1.875000000000051e-05,40554.4,,多carry 热卷2207 1手(多)@5032 / 热卷2208 1手(空)@5031 价差=1,多carry 棕榈油2207 1手(多)@10296 / 棕榈油2208 1手(空)@10046 价差=250,,[HC] 多carry 热卷2207 1手(多)@5032 / 热卷2208 1手(空)@5031 价差=1 z=-2.25 | [P] 多carry 棕榈油2207 1手(多)@10296 / 棕榈油2208 1手(空)@10046 价差=250 z=-1.27
2022-03-18,False,3,6,100.0,60.0,-460.0,0.0,174772.4,12235.2,28968.800000000003,0.0,-75.0,40.0,-7.500000000000994e-05,215976.4,空carry 黄金2208 1手(空)@396.86 / 黄金2210 1手(多)@397.56 价差=-0.7,多carry 热卷2207 1手(多)@5106 / 热卷2208 1手(空)@5090 价差=16,多carry 棕榈油2207 1手(多)@10462 / 棕榈油2208 1手(空)@10230 价差=232,,[AU] 空carry 黄金2208 1手(空)@396.86 / 黄金2210 1手(多)@397.56 价差=-0.7 z=0.87 | [HC] 多carry 热卷2207 1手(多)@5106 / 热卷2208 1手(空)@5090 价差=16 z=-0.90 | [P] 多carry 棕榈油2207 1手(多)@10462 / 棕榈油2208 1手(空)@10230 价差=232 z=-1.67
2022-03-21,False,2,4,-40.0,-10.2,860.0,-45.0,0.0,0.0,28730.800000000003,28655.200000000004,191.2,55.2,0.00019119949999999938,57386.0,,,多carry 棕榈油2207 1手(多)@10354 / 棕榈油2208 1手(空)@10168 价差=186,多carry 豆油2207 1手(多)@10264 / 豆油2208 1手(空)@10204 价差=60,[P] 多carry 棕榈油2207 1手(多)@10354 / 棕榈油2208 1手(空)@10168 价差=186 z=-2.43 | [Y] 多carry 豆油2207 1手(多)@10264 / 豆油2208 1手(空)@10204 价差=60 z=-1.01
2022-03-22,False,2,4,0.0,0.0,-20.0,-180.0,0.0,0.0,29187.200000000004,28851.200000000004,-50.0,0.0,-4.999999999999937e-05,58038.4,,,多carry 棕榈油2207 1手(多)@10560 / 棕榈油2208 1手(空)@10288 价差=272,多carry 豆油2207 1手(多)@10332 / 豆油2208 1手(空)@10276 价差=56,[P] 多carry 棕榈油2207 1手(多)@10560 / 棕榈油2208 1手(空)@10288 价差=272 z=-0.76 | [Y] 多carry 豆油2207 1手(多)@10332 / 豆油2208 1手(空)@10276 价差=56 z=-1.15
2022-03-23,False,4,8,20.0,79.7,120.0,-60.0,174169.6,12357.599999999999,29520.4,28613.200000000004,39.93,50.3,3.9925500000018305e-05,244660.8,空carry 黄金2208 1手(空)@395.54 / 黄金2210 1手(多)@396.14 价差=-0.6,多carry 热卷2207 1手(多)@5152 / 热卷2208 1手(空)@5146 价差=6,多carry 棕榈油2207 1手(多)@10678 / 棕榈油2208 1手(空)@10408 价差=270,多carry 豆油2207 1手(多)@10238 / 豆油2208 1手(空)@10200 价差=38,[AU] 空carry 黄金2208 1手(空)@395.54 / 黄金2210 1手(多)@396.14 价差=-0.6 z=1.00 | [HC] 多carry 热卷2207 1手(多)@5152 / 热卷2208 1手(空)@5146 价差=6 z=-1.60 | [P] 多carry 棕榈油2207 1手(多)@10678 / 棕榈油2208 1手(空)@10408 价差=270 z=-0.83 | [Y] 多carry 豆油2207 1手(多)@10238 / 豆油2208 1手(空)@10200 价差=38 z=-1.73
2022-03-24,False,3,6,-180.0,-10.0,-5.0,220.0,176039.59999999998,12337.199999999999,0.0,28778.4,6.25,5.0,6.249999999974562e-06,217155.2,空carry 黄金2208 1手(空)@399.76 / 黄金2210 1手(多)@400.42 价差=-0.66,多carry 热卷2207 1手(多)@5148 / 热卷2208 1手(空)@5133 价差=15,,多carry 豆油2207 1手(多)@10294 / 豆油2208 1手(空)@10262 价差=32,[AU] 空carry 黄金2208 1手(空)@399.76 / 黄金2210 1手(多)@400.42 价差=-0.66 z=0.80 | [HC] 多carry 热卷2207 1手(多)@5148 / 热卷2208 1手(空)@5133 价差=15 z=-0.76 | [Y] 多carry 豆油2207 1手(多)@10294 / 豆油2208 1手(空)@10262 价差=32 z=-1.80
2022-03-25,False,3,6,140.0,-80.0,0.0,-100.0,177223.2,12588.0,0.0,28596.4,-10.0,0.0,-9.999999999989526e-06,218407.6,空carry 黄金2208 1手(空)@402.54 / 黄金2210 1手(多)@403.02 价差=-0.48,多carry 热卷2207 1手(多)@5252 / 热卷2208 1手(空)@5238 价差=14,,多carry 豆油2207 1手(多)@10240 / 豆油2208 1手(空)@10186 价差=54,[AU] 空carry 黄金2208 1手(空)@402.54 / 黄金2210 1手(多)@403.02 价差=-0.48 z=1.27 | [HC] 多carry 热卷2207 1手(多)@5252 / 热卷2208 1手(空)@5238 价差=14 z=-0.79 | [Y] 多carry 豆油2207 1手(多)@10240 / 豆油2208 1手(空)@10186 价差=54 z=-1.14
2022-03-28,False,3,6,-20.0,-70.0,0.0,-60.0,175529.2,12703.2,0.0,28638.4,-37.5,0.0,-3.74999999999979e-05,216870.8,空carry 黄金2208 1手(空)@398.62 / 黄金2210 1手(多)@399.24 价差=-0.62,多carry 热卷2207 1手(多)@5296 / 热卷2208 1手(空)@5290 价差=6,,多carry 豆油2207 1手(多)@10250 / 豆油2208 1手(空)@10206 价差=44,[AU] 空carry 黄金2208 1手(空)@398.62 / 黄金2210 1手(多)@399.24 价差=-0.62 z=0.77 | [HC] 多carry 热卷2207 1手(多)@5296 / 热卷2208 1手(空)@5290 价差=6 z=-1.33 | [Y] 多carry 豆油2207 1手(多)@10250 / 豆油2208 1手(空)@10206 价差=44 z=-1.43
2022-03-29,False,4,8,20.0,-130.0,135.0,220.0,174548.0,12627.599999999999,29635.200000000004,28635.600000000002,61.25,5.0,6.124999999999588e-05,245446.4,空carry 黄金2208 1手(空)@396.4 / 黄金2210 1手(多)@397 价差=-0.6,多carry 热卷2207 1手(多)@5261 / 热卷2208 1手(空)@5262 价差=-1,空carry 棕榈油2207 1手(空)@10766 / 棕榈油2208 1手(多)@10402 价差=364,多carry 豆油2207 1手(多)@10246 / 豆油2208 1手(空)@10208 价差=38,[AU] 空carry 黄金2208 1手(空)@396.4 / 黄金2210 1手(多)@397 价差=-0.6 z=0.78 | [HC] 多carry 热卷2207 1手(多)@5261 / 热卷2208 1手(空)@5262 价差=-1 z=-1.86 | [P] 空carry 棕榈油2207 1手(空)@10766 / 棕榈油2208 1手(多)@10402 价差=364 z=1.15 | [Y] 多carry 豆油2207 1手(多)@10246 / 豆油2208 1手(空)@10208 价差=38 z=-1.43
2022-03-30,False,2,4,-40.0,70.0,400.0,-5.0,0.0,12604.8,29184.4,0.0,106.25,45.0,0.00010624999999999872,41789.2,,多carry 热卷2207 1手(多)@5245 / 热卷2208 1手(空)@5259 价差=-14,空carry 棕榈油2207 1手(空)@10598 / 棕榈油2208 1手(多)@10248 价差=350,,[HC] 多carry 热卷2207 1手(多)@5245 / 热卷2208 1手(空)@5259 价差=-14 z=-2.47 | [P] 空carry 棕榈油2207 1手(空)@10598 / 棕榈油2208 1手(多)@10248 价差=350 z=0.99
2022-03-31,False,2,4,0.0,-170.0,-5.0,235.0,0.0,12608.4,0.0,28744.800000000003,15.0,10.0,1.4999999999996846e-05,41353.2,,多carry 热卷2207 1手(多)@5250 / 热卷2208 1手(空)@5257 价差=-7,,多carry 豆油2207 1手(多)@10286 / 豆油2208 1手(空)@10246 价差=40,[HC] 多carry 热卷2207 1手(多)@5250 / 热卷2208 1手(空)@5257 价差=-7 z=-1.71 | [Y] 多carry 豆油2207 1手(多)@10286 / 豆油2208 1手(空)@10246 价差=40 z=-1.17
2022-04-01,False,2,4,0.0,-51.4,95.0,-5.0,0.0,12837.599999999999,27014.4,0.0,9.65,31.4,9.651000000000411e-06,39852.0,,空carry 热卷2208 1手(空)@5362 / 热卷2209 1手(多)@5336 价差=26,多carry 棕榈油2208 1手(多)@9734 / 棕榈油2209 1手(空)@9562 价差=172,,[HC] 空carry 热卷2208 1手(空)@5362 / 热卷2209 1手(多)@5336 价差=26 z=0.95 | [P] 多carry 棕榈油2208 1手(多)@9734 / 棕榈油2209 1手(空)@9562 价差=172 z=-2.48
2022-04-06,False,2,4,0.0,-50.0,-60.0,0.0,0.0,12733.2,28820.4,0.0,-27.5,0.0,-2.7499999999998693e-05,41553.6,,空carry 热卷2208 1手(空)@5320 / 热卷2209 1手(多)@5291 价差=29,多carry 棕榈油2208 1手(多)@10384 / 棕榈油2209 1手(空)@10202 价差=182,,[HC] 空carry 热卷2208 1手(空)@5320 / 热卷2209 1手(多)@5291 价差=29 z=1.23 | [P] 多carry 棕榈油2208 1手(多)@10384 / 棕榈油2209 1手(空)@10202 价差=182 z=-2.40
2022-04-07,False,2,4,0.0,300.0,-60.0,0.0,0.0,12660.0,28750.4,0.0,60.0,0.0,6.000000000000047e-05,41410.4,,空carry 热卷2208 1手(空)@5292 / 热卷2209 1手(多)@5258 价差=34,多carry 棕榈油2208 1手(多)@10356 / 棕榈油2209 1手(空)@10180 价差=176,,[HC] 空carry 热卷2208 1手(空)@5292 / 热卷2209 1手(多)@5258 价差=34 z=1.50 | [P] 多carry 棕榈油2208 1手(多)@10356 / 棕榈油2209 1手(空)@10180 价差=176 z=-2.38
2022-04-08,False,2,4,0.0,309.1,260.0,0.0,0.0,12540.0,29251.600000000002,0.0,142.28,20.9,0.00014227500000000157,41791.6,,多carry 热卷2208 1手(多)@5227 / 热卷2209 1手(空)@5223 价差=4,多carry 棕榈油2208 1手(多)@10532 / 棕榈油2209 1手(空)@10362 价差=170,,[HC] 多carry 热卷2208 1手(多)@5227 / 热卷2209 1手(空)@5223 价差=4 z=-0.76 | [P] 多carry 棕榈油2208 1手(多)@10532 / 棕榈油2209 1手(空)@10362 价差=170 z=-2.39
2022-04-11,False,2,4,0.0,249.61,140.0,0.0,0.0,12231.599999999999,29120.0,0.0,97.4,20.39,9.740350000000097e-05,41351.6,,空carry 热卷2208 1手(空)@5115 / 热卷2209 1手(多)@5078 价差=37,多carry 棕榈油2208 1手(多)@10498 / 棕榈油2209 1手(空)@10302 价差=196,,[HC] 空carry 热卷2208 1手(空)@5115 / 热卷2209 1手(多)@5078 价差=37 z=1.74 | [P] 多carry 棕榈油2208 1手(多)@10498 / 棕榈油2209 1手(空)@10302 价差=196 z=-1.78
2022-04-12,False,1,2,0.0,-10.43,80.0,0.0,0.0,0.0,30080.4,0.0,17.39,10.43,1.7391999999999054e-05,30080.4,,,多carry 棕榈油2208 1手(多)@10848 / 棕榈油2209 1手(空)@10638 价差=210,,[P] 多carry 棕榈油2208 1手(多)@10848 / 棕榈油2209 1手(空)@10638 价差=210 z=-1.59
2022-04-13,False,1,2,0.0,0.0,40.0,0.0,0.0,0.0,30046.800000000003,0.0,10.0,0.0,9.999999999996931e-06,30046.8,,,多carry 棕榈油2208 1手(多)@10840 / 棕榈油2209 1手(空)@10622 价差=218,,[P] 多carry 棕榈油2208 1手(多)@10840 / 棕榈油2209 1手(空)@10622 价差=218 z=-1.41
2022-04-14,False,2,4,0.0,299.59,120.0,0.0,0.0,12487.2,30881.200000000004,0.0,104.9,10.41,0.00010489850000000497,43368.4,,空carry 热卷2208 1手(空)@5222 / 热卷2209 1手(多)@5184 价差=38,多carry 棕榈油2208 1手(多)@11140 / 棕榈油2209 1手(空)@10918 价差=222,,[HC] 空carry 热卷2208 1手(空)@5222 / 热卷2209 1手(多)@5184 价差=38 z=1.66 | [P] 多carry 棕榈油2208 1手(多)@11140 / 棕榈油2209 1手(空)@10918 价差=222 z=-1.40
2022-04-15,False,2,4,180.0,-10.45,-200.0,0.0,179132.8,0.0,31794.0,0.0,-7.61,50.45,-7.613250000006289e-06,210926.8,多carry 黄金2208 1手(多)@406.72 / 黄金2210 1手(空)@407.52 价差=-0.8,,多carry 棕榈油2208 1手(多)@11472 / 棕榈油2209 1手(空)@11238 价差=234,,[AU] 多carry 黄金2208 1手(多)@406.72 / 黄金2210 1手(空)@407.52 价差=-0.8 z=-0.93 | [P] 多carry 棕榈油2208 1手(多)@11472 / 棕榈油2209 1手(空)@11238 价差=234 z=-1.27
2022-04-18,False,2,4,40.0,0.0,20.0,0.0,180052.4,0.0,31855.600000000006,0.0,15.0,80.0,1.500000000001171e-05,211908.0,空carry 黄金2208 1手(空)@408.92 / 黄金2210 1手(多)@409.5 价差=-0.58,,多carry 棕榈油2208 1手(多)@11484 / 棕榈油2209 1手(空)@11270 价差=214,,[AU] 空carry 黄金2208 1手(空)@408.92 / 黄金2210 1手(多)@409.5 价差=-0.58 z=1.01 | [P] 多carry 棕榈油2208 1手(多)@11484 / 棕榈油2209 1手(空)@11270 价差=214 z=-1.54
2022-04-19,False,1,2,-40.0,0.0,-20.0,0.0,0.0,0.0,32384.800000000003,0.0,-15.0,40.0,-1.4999999999999431e-05,32384.8,,,多carry 棕榈油2208 1手(多)@11674 / 棕榈油2209 1手(空)@11458 价差=216,,[P] 多carry 棕榈油2208 1手(多)@11674 / 棕榈油2209 1手(空)@11458 价差=216 z=-1.50
2022-04-20,False,3,6,-80.0,0.0,180.0,115.0,176545.6,0.0,31446.800000000003,30735.600000000006,53.75,45.0,5.3750000000015774e-05,238728.0,多carry 黄金2208 1手(多)@400.88 / 黄金2210 1手(空)@401.6 价差=-0.72,,多carry 棕榈油2208 1手(多)@11338 / 棕榈油2209 1手(空)@11124 价差=214,空carry 豆油2208 1手(空)@11014 / 豆油2209 1手(多)@10940 价差=74,[AU] 多carry 黄金2208 1手(多)@400.88 / 黄金2210 1手(空)@401.6 价差=-0.72 z=-0.77 | [P] 多carry 棕榈油2208 1手(多)@11338 / 棕榈油2209 1手(空)@11124 价差=214 z=-1.38 | [Y] 空carry 豆油2208 1手(空)@11014 / 豆油2209 1手(多)@10940 价差=74 z=1.07
2022-04-21,False,2,4,40.0,0.0,260.0,-5.0,178728.0,0.0,31701.600000000002,0.0,73.75,5.0,7.375000000001669e-05,210429.6,多carry 黄金2208 1手(多)@405.82 / 黄金2210 1手(空)@406.58 价差=-0.76,,多carry 棕榈油2208 1手(多)@11438 / 棕榈油2209 1手(空)@11206 价差=232,,[AU] 多carry 黄金2208 1手(多)@405.82 / 黄金2210 1手(空)@406.58 价差=-0.76 z=-1.11 | [P] 多carry 棕榈油2208 1手(多)@11438 / 棕榈油2209 1手(空)@11206 价差=232 z=-1.09
2022-04-22,False,2,4,-40.0,149.76,-5.0,-105.0,0.0,12291.599999999999,0.0,31110.800000000003,-0.06,60.24,-6.075000000113562e-08,43402.4,,空carry 热卷2208 1手(空)@5145 / 热卷2209 1手(多)@5098 价差=47,,空carry 豆油2208 1手(空)@11150 / 豆油2209 1手(多)@11072 价差=78,[HC] 空carry 热卷2208 1手(空)@5145 / 热卷2209 1手(多)@5098 价差=47 z=1.90 | [Y] 空carry 豆油2208 1手(空)@11150 / 豆油2209 1手(多)@11072 价差=78 z=1.20
2022-04-25,False,4,8,240.0,60.0,-65.0,80.0,178499.2,11828.4,31673.600000000002,30760.800000000003,78.75,45.0,7.875000000000572e-05,252762.0,多carry 黄金2208 1手(多)@405.18 / 黄金2210 1手(空)@406.18 价差=-1,空carry 热卷2208 1手(空)@4944 / 热卷2209 1手(多)@4913 价差=31,空carry 棕榈油2208 1手(空)@11488 / 棕榈油2209 1手(多)@11136 价差=352,空carry 豆油2208 1手(空)@11030 / 豆油2209 1手(多)@10942 价差=88,[AU] 多carry 黄金2208 1手(多)@405.18 / 黄金2210 1手(空)@406.18 价差=-1 z=-2.78 | [HC] 空carry 热卷2208 1手(空)@4944 / 热卷2209 1手(多)@4913 价差=31 z=0.81 | [P] 空carry 棕榈油2208 1手(空)@11488 / 棕榈油2209 1手(多)@11136 价差=352 z=0.84 | [Y] 空carry 豆油2208 1手(空)@11030 / 豆油2209 1手(多)@10942 价差=88 z=1.75
2022-04-26,False,2,4,-40.0,-9.92,-160.0,340.0,0.0,0.0,32421.200000000004,31276.000000000004,32.52,49.92,3.251924999999801e-05,63697.2,,,空carry 棕榈油2208 1手(空)@11758 / 棕榈油2209 1手(多)@11400 价差=358,空carry 豆油2208 1手(空)@11210 / 豆油2209 1手(多)@11130 价差=80,[P] 空carry 棕榈油2208 1手(空)@11758 / 棕榈油2209 1手(多)@11400 价差=358 z=0.80 | [Y] 空carry 豆油2208 1手(空)@11210 / 豆油2209 1手(多)@11130 价差=80 z=1.06
2022-04-27,False,3,6,160.0,0.0,-620.0,50.0,177034.0,0.0,33143.600000000006,31665.200000000004,-102.5,50.0,-0.00010249999999999582,241842.8,多carry 黄金2208 1手(多)@401.96 / 黄金2210 1手(空)@402.74 价差=-0.78,,空carry 棕榈油2208 1手(空)@12024 / 棕榈油2209 1手(多)@11650 价差=374,多carry 豆油2208 1手(多)@11332 / 豆油2209 1手(空)@11286 价差=46,[AU] 多carry 黄金2208 1手(多)@401.96 / 黄金2210 1手(空)@402.74 价差=-0.78 z=-0.78 | [P] 空carry 棕榈油2208 1手(空)@12024 / 棕榈油2209 1手(多)@11650 价差=374 z=0.91 | [Y] 多carry 豆油2208 1手(多)@11332 / 豆油2209 1手(空)@11286 价差=46 z=-1.32
2022-04-28,False,4,8,80.0,220.01,480.0,-140.0,176954.8,11988.0,34148.8,32043.200000000004,160.0,89.99,0.0001600025000000076,255134.8,空carry 黄金2208 1手(空)@401.88 / 黄金2210 1手(多)@402.46 价差=-0.58,空carry 热卷2208 1手(空)@5012 / 热卷2209 1手(多)@4978 价差=34,空carry 棕榈油2208 1手(空)@12414 / 棕榈油2209 1手(多)@11978 价差=436,多carry 豆油2208 1手(多)@11470 / 豆油2209 1手(空)@11418 价差=52,[AU] 空carry 黄金2208 1手(空)@401.88 / 黄金2210 1手(多)@402.46 价差=-0.58 z=1.14 | [HC] 空carry 热卷2208 1手(空)@5012 / 热卷2209 1手(多)@4978 价差=34 z=0.85 | [P] 空carry 棕榈油2208 1手(空)@12414 / 棕榈油2209 1手(多)@11978 价差=436 z=1.60 | [Y] 多carry 豆油2208 1手(多)@11470 / 豆油2209 1手(空)@11418 价差=52 z=-1.03
2022-04-29,False,3,6,-40.0,229.85,-500.0,500.0,0.0,12092.4,34955.2,32320.4,47.46,60.15,4.7461499999996035e-05,79368.0,,多carry 热卷2208 1手(多)@5044 / 热卷2209 1手(空)@5033 价差=11,空carry 棕榈油2208 1手(空)@12678 / 棕榈油2209 1手(多)@12290 价差=388,多carry 豆油2208 1手(多)@11562 / 豆油2209 1手(空)@11524 价差=38,[HC] 多carry 热卷2208 1手(多)@5044 / 热卷2209 1手(空)@5033 价差=11 z=-0.86 | [P] 空carry 棕榈油2208 1手(空)@12678 / 棕榈油2209 1手(多)@12290 价差=388 z=0.78 | [Y] 多carry 豆油2208 1手(多)@11562 / 豆油2209 1手(空)@11524 价差=38 z=-1.82
2022-05-05,False,4,8,-120.0,-80.13,-270.0,270.0,178877.6,12079.2,32942.0,31396.4,-50.03,80.13,-5.00329999999911e-05,255295.2,多carry 黄金2210 1手(多)@406.1 / 黄金2212 1手(空)@406.98 价差=-0.88,空carry 热卷2209 1手(空)@5051 / 热卷2210 1手(多)@5015 价差=36,多carry 棕榈油2209 1手(多)@11884 / 棕榈油2210 1手(空)@11646 价差=238,空carry 豆油2209 1手(空)@11278 / 豆油2211 1手(多)@11148 价差=130,[AU] 多carry 黄金2210 1手(多)@406.1 / 黄金2212 1手(空)@406.98 价差=-0.88 z=-1.50 | [HC] 空carry 热卷2209 1手(空)@5051 / 热卷2210 1手(多)@5015 价差=36 z=1.01 | [P] 多carry 棕榈油2209 1手(多)@11884 / 棕榈油2210 1手(空)@11646 价差=238 z=-1.08 | [Y] 空carry 豆油2209 1手(空)@11278 / 豆油2211 1手(多)@11148 价差=130 z=3.12
2022-05-06,False,4,8,280.0,60.0,-0.0,60.0,178455.2,11642.4,32076.800000000003,30970.800000000003,100.0,0.0,0.00010000000000000423,253145.2,多carry 黄金2210 1手(多)@405.1 / 黄金2212 1手(空)@406.06 价差=-0.96,空carry 热卷2209 1手(空)@4872 / 热卷2210 1手(多)@4830 价差=42,多carry 棕榈油2209 1手(多)@11562 / 棕榈油2210 1手(空)@11350 价差=212,空carry 豆油2209 1手(空)@11112 / 豆油2211 1手(多)@11010 价差=102,[AU] 多carry 黄金2210 1手(多)@405.1 / 黄金2212 1手(空)@406.06 价差=-0.96 z=-1.93 | [HC] 空carry 热卷2209 1手(空)@4872 / 热卷2210 1手(多)@4830 价差=42 z=1.38 | [P] 多carry 棕榈油2209 1手(多)@11562 / 棕榈油2210 1手(空)@11350 价差=212 z=-1.33 | [Y] 空carry 豆油2209 1手(空)@11112 / 豆油2211 1手(多)@11010 价差=102 z=1.55
2022-05-09,False,3,6,-40.0,-30.0,40.0,-160.0,0.0,11438.4,32093.600000000002,30912.0,-47.5,40.0,-4.7499999999999894e-05,74444.0,,空carry 热卷2209 1手(空)@4784 / 热卷2210 1手(多)@4748 价差=36,多carry 棕榈油2209 1手(多)@11568 / 棕榈油2210 1手(空)@11356 价差=212,空carry 豆油2209 1手(空)@11088 / 豆油2211 1手(多)@10992 价差=96,[HC] 空carry 热卷2209 1手(空)@4784 / 热卷2210 1手(多)@4748 价差=36 z=0.85 | [P] 多carry 棕榈油2209 1手(多)@11568 / 棕榈油2210 1手(空)@11356 价差=212 z=-1.31 | [Y] 空carry 豆油2209 1手(空)@11088 / 豆油2211 1手(多)@10992 价差=96 z=1.14
2022-05-10,False,4,8,-60.0,-140.0,100.0,20.0,177790.8,11322.0,32043.200000000004,30637.600000000002,-20.0,40.0,-2.0000000000001984e-05,251793.6,空carry 黄金2210 1手(空)@403.76 / 黄金2212 1手(多)@404.38 价差=-0.62,空carry 热卷2209 1手(空)@4737 / 热卷2210 1手(多)@4698 价差=39,多carry 棕榈油2209 1手(多)@11552 / 棕榈油2210 1手(空)@11336 价差=216,空carry 豆油2209 1手(空)@10998 / 豆油2211 1手(多)@10886 价差=112,[AU] 空carry 黄金2210 1手(空)@403.76 / 黄金2212 1手(多)@404.38 价差=-0.62 z=0.76 | [HC] 空carry 热卷2209 1手(空)@4737 / 热卷2210 1手(多)@4698 价差=39 z=1.05 | [P] 多carry 棕榈油2209 1手(多)@11552 / 棕榈油2210 1手(空)@11336 价差=216 z=-1.22 | [Y] 空carry 豆油2209 1手(空)@10998 / 豆油2211 1手(多)@10886 价差=112 z=1.65
2022-05-11,False,4,8,60.0,90.0,-380.0,-320.0,176748.0,11523.599999999999,32107.600000000006,30713.200000000004,-137.5,0.0,-0.00013750000000000532,251092.4,空carry 黄金2210 1手(空)@401.4 / 黄金2212 1手(多)@402 价差=-0.6,空carry 热卷2209 1手(空)@4828 / 热卷2210 1手(多)@4775 价差=53,多carry 棕榈油2209 1手(多)@11580 / 棕榈油2210 1手(空)@11354 价差=226,空carry 豆油2209 1手(空)@11024 / 豆油2211 1手(多)@10914 价差=110,[AU] 空carry 黄金2210 1手(空)@401.4 / 黄金2212 1手(多)@402 价差=-0.6 z=0.82 | [HC] 空carry 热卷2209 1手(空)@4828 / 热卷2210 1手(多)@4775 价差=53 z=1.92 | [P] 多carry 棕榈油2209 1手(多)@11580 / 棕榈油2210 1手(空)@11354 价差=226 z=-1.06 | [Y] 空carry 豆油2209 1手(空)@11024 / 豆油2211 1手(多)@10914 价差=110 z=1.39
2022-05-12,False,3,6,-40.0,-30.0,280.0,-320.0,0.0,11404.8,31656.800000000003,30746.800000000003,-27.5,40.0,-2.7500000000007645e-05,73808.4,,空carry 热卷2209 1手(空)@4774 / 热卷2210 1手(多)@4730 价差=44,多carry 棕榈油2209 1手(多)@11400 / 棕榈油2210 1手(空)@11212 价差=188,空carry 豆油2209 1手(空)@11052 / 豆油2211 1手(多)@10910 价差=142,[HC] 空carry 热卷2209 1手(空)@4774 / 热卷2210 1手(多)@4730 价差=44 z=1.16 | [P] 多carry 棕榈油2209 1手(多)@11400 / 棕榈油2210 1手(空)@11212 价差=188 z=-1.54 | [Y] 空carry 豆油2209 1手(空)@11052 / 豆油2211 1手(多)@10910 价差=142 z=2.21
2022-05-13,False,3,6,0.0,-80.0,-240.0,20.0,0.0,11497.2,32379.200000000004,31469.200000000004,-75.0,0.0,-7.499999999999431e-05,75345.6,,空carry 热卷2209 1手(空)@4814 / 热卷2210 1手(多)@4767 价差=47,多carry 棕榈油2209 1手(多)@11672 / 棕榈油2210 1手(空)@11456 价差=216,空carry 豆油2209 1手(空)@11326 / 豆油2211 1手(多)@11152 价差=174,[HC] 空carry 热卷2209 1手(空)@4814 / 热卷2210 1手(多)@4767 价差=47 z=1.27 | [P] 多carry 棕榈油2209 1手(多)@11672 / 棕榈油2210 1手(空)@11456 价差=216 z=-1.17 | [Y] 空carry 豆油2209 1手(空)@11326 / 豆油2211 1手(多)@11152 价差=174 z=2.54
2022-05-16,False,4,8,40.0,60.0,80.0,-60.0,174944.0,11523.6,32323.200000000004,31600.800000000003,30.0,40.0,2.999999999999249e-05,250391.6,空carry 黄金2210 1手(空)@397.34 / 黄金2212 1手(多)@397.86 价差=-0.52,空carry 热卷2209 1手(空)@4829 / 热卷2210 1手(多)@4774 价差=55,多carry 棕榈油2209 1手(多)@11640 / 棕榈油2210 1手(空)@11448 价差=192,空carry 豆油2209 1手(空)@11372 / 豆油2211 1手(多)@11200 价差=172,[AU] 空carry 黄金2210 1手(空)@397.34 / 黄金2212 1手(多)@397.86 价差=-0.52 z=1.47 | [HC] 空carry 热卷2209 1手(空)@4829 / 热卷2210 1手(多)@4774 价差=55 z=1.64 | [P] 多carry 棕榈油2209 1手(多)@11640 / 棕榈油2210 1手(空)@11448 价差=192 z=-1.46 | [Y] 空carry 豆油2209 1手(空)@11372 / 豆油2211 1手(多)@11200 价差=172 z=2.07
2022-05-17,False,4,8,120.0,-70.0,80.0,240.0,176035.2,11506.8,31684.800000000003,31351.600000000002,92.5,0.0,9.250000000000546e-05,250578.4,空carry 黄金2210 1手(空)@399.78 / 黄金2212 1手(多)@400.38 价差=-0.6,空carry 热卷2209 1手(空)@4819 / 热卷2210 1手(多)@4770 价差=49,多carry 棕榈油2209 1手(多)@11416 / 棕榈油2210 1手(空)@11216 价差=200,空carry 豆油2209 1手(空)@11286 / 豆油2211 1手(多)@11108 价差=178,[AU] 空carry 黄金2210 1手(空)@399.78 / 黄金2212 1手(多)@400.38 价差=-0.6 z=0.86 | [HC] 空carry 热卷2209 1手(空)@4819 / 热卷2210 1手(多)@4770 价差=49 z=1.13 | [P] 多carry 棕榈油2209 1手(多)@11416 / 棕榈油2210 1手(空)@11216 价差=200 z=-1.25 | [Y] 空carry 豆油2209 1手(空)@11286 / 豆油2211 1手(多)@11108 价差=178 z=1.89
2022-05-18,False,3,6,-40.0,-30.0,220.0,-260.0,0.0,11289.599999999999,31948.000000000004,31357.200000000004,-27.5,40.0,-2.750000000000346e-05,74594.8,,空carry 热卷2209 1手(空)@4732 / 热卷2210 1手(多)@4676 价差=56,多carry 棕榈油2209 1手(多)@11514 / 棕榈油2210 1手(空)@11306 价差=208,空carry 豆油2209 1手(空)@11276 / 豆油2211 1手(多)@11122 价差=154,[HC] 空carry 热卷2209 1手(空)@4732 / 热卷2210 1手(多)@4676 价差=56 z=1.50 | [P] 多carry 棕榈油2209 1手(多)@11514 / 棕榈油2210 1手(空)@11306 价差=208 z=-1.14 | [Y] 空carry 豆油2209 1手(空)@11276 / 豆油2211 1手(多)@11122 价差=154 z=1.20
2022-05-19,False,4,8,100.0,-10.0,20.0,-80.0,174649.2,11386.8,32023.600000000002,31376.800000000003,7.5,40.0,7.499999999993406e-06,249436.4,空carry 黄金2210 1手(空)@396.66 / 黄金2212 1手(多)@397.2 价差=-0.54,空carry 热卷2209 1手(空)@4774 / 热卷2210 1手(多)@4715 价差=59,多carry 棕榈油2209 1手(多)@11552 / 棕榈油2210 1手(空)@11322 价差=230,空carry 豆油2209 1手(空)@11296 / 豆油2211 1手(多)@11116 价差=180,[AU] 空carry 黄金2210 1手(空)@396.66 / 黄金2212 1手(多)@397.2 价差=-0.54 z=1.28 | [HC] 空carry 热卷2209 1手(空)@4774 / 热卷2210 1手(多)@4715 价差=59 z=1.52 | [P] 多carry 棕榈油2209 1手(多)@11552 / 棕榈油2210 1手(空)@11322 价差=230 z=-0.83 | [Y] 空carry 豆油2209 1手(空)@11296 / 豆油2211 1手(多)@11116 价差=180 z=1.57
2022-05-20,False,3,6,-40.0,-10.0,-0.0,-20.0,0.0,11520.0,32608.800000000003,31735.200000000004,-17.5,40.0,-1.750000000000019e-05,75864.0,,空carry 热卷2209 1手(空)@4830 / 热卷2210 1手(多)@4770 价差=60,多carry 棕榈油2209 1手(多)@11762 / 棕榈油2210 1手(空)@11530 价差=232,空carry 豆油2209 1手(空)@11428 / 豆油2211 1手(多)@11240 价差=188,[HC] 空carry 热卷2209 1手(空)@4830 / 热卷2210 1手(多)@4770 价差=60 z=1.42 | [P] 多carry 棕榈油2209 1手(多)@11762 / 棕榈油2210 1手(空)@11530 价差=232 z=-0.84 | [Y] 空carry 豆油2209 1手(空)@11428 / 豆油2211 1手(多)@11240 价差=188 z=1.53
2022-05-23,False,4,8,-20.0,-40.0,480.0,-220.0,175590.8,11427.599999999999,32480.000000000004,31805.200000000004,50.0,40.0,4.999999999999051e-05,251303.6,空carry 黄金2210 1手(空)@398.82 / 黄金2212 1手(多)@399.32 价差=-0.5,空carry 热卷2209 1手(空)@4792 / 热卷2210 1手(多)@4731 价差=61,多carry 棕榈油2209 1手(多)@11716 / 棕榈油2210 1手(空)@11484 价差=232,空carry 豆油2209 1手(空)@11454 / 豆油2211 1手(多)@11264 价差=190,[AU] 空carry 黄金2210 1手(空)@398.82 / 黄金2212 1手(多)@399.32 价差=-0.5 z=1.44 | [HC] 空carry 热卷2209 1手(空)@4792 / 热卷2210 1手(多)@4731 价差=61 z=1.36 | [P] 多carry 棕榈油2209 1手(多)@11716 / 棕榈油2210 1手(空)@11484 价差=232 z=-0.80 | [Y] 空carry 豆油2209 1手(空)@11454 / 豆油2211 1手(多)@11264 价差=190 z=1.40
2022-05-24,False,3,6,-20.0,30.0,-5.0,0.0,175964.8,11139.6,0.0,31847.200000000004,1.25,5.0,1.2500000000059969e-06,218951.6,空carry 黄金2210 1手(空)@399.66 / 黄金2212 1手(多)@400.18 价差=-0.52,空carry 热卷2209 1手(空)@4674 / 热卷2210 1手(多)@4609 价差=65,,空carry 豆油2209 1手(空)@11480 / 豆油2211 1手(多)@11268 价差=212,[AU] 空carry 黄金2210 1手(空)@399.66 / 黄金2212 1手(多)@400.18 价差=-0.52 z=1.17 | [HC] 空carry 热卷2209 1手(空)@4674 / 热卷2210 1手(多)@4609 价差=65 z=1.47 | [Y] 空carry 豆油2209 1手(空)@11480 / 豆油2211 1手(多)@11268 价差=212 z=1.61
2022-05-25,False,3,6,120.0,40.0,0.0,-80.0,176259.6,11289.599999999999,0.0,32104.800000000003,20.0,0.0,2.0000000000006168e-05,219654.0,空carry 黄金2210 1手(空)@400.34 / 黄金2212 1手(多)@400.84 价差=-0.5,空carry 热卷2209 1手(空)@4735 / 热卷2210 1手(多)@4673 价差=62,,空carry 豆油2209 1手(空)@11572 / 豆油2211 1手(多)@11360 价差=212,[AU] 空carry 黄金2210 1手(空)@400.34 / 黄金2212 1手(多)@400.84 价差=-0.5 z=1.20 | [HC] 空carry 热卷2209 1手(空)@4735 / 热卷2210 1手(多)@4673 价差=62 z=1.17 | [Y] 空carry 豆油2209 1手(空)@11572 / 豆油2211 1手(多)@11360 价差=212 z=1.43
2022-05-26,False,2,4,-40.0,-20.0,0.0,-100.0,0.0,11186.4,0.0,32032.000000000004,-40.0,40.0,-4.0000000000000315e-05,43218.4,,空carry 热卷2209 1手(空)@4690 / 热卷2210 1手(多)@4632 价差=58,,空carry 豆油2209 1手(空)@11550 / 豆油2211 1手(多)@11330 价差=220,[HC] 空carry 热卷2209 1手(空)@4690 / 热卷2210 1手(多)@4632 价差=58 z=0.82 | [Y] 空carry 豆油2209 1手(空)@11550 / 豆油2211 1手(多)@11330 价差=220 z=1.40
2022-05-27,False,2,4,0.0,50.0,0.0,220.0,0.0,11347.199999999999,0.0,32550.0,67.5,0.0,6.750000000000056e-05,43897.2,,空carry 热卷2209 1手(空)@4758 / 热卷2210 1手(多)@4698 价差=60,,空carry 豆油2209 1手(空)@11740 / 豆油2211 1手(多)@11510 价差=230,[HC] 空carry 热卷2209 1手(空)@4758 / 热卷2210 1手(多)@4698 价差=60 z=0.86 | [Y] 空carry 豆油2209 1手(空)@11740 / 豆油2211 1手(多)@11510 价差=230 z=1.41
2022-05-30,False,2,4,0.0,-9.52,455.0,-440.0,0.0,0.0,32530.400000000005,32200.000000000004,1.37,14.52,1.36975000000389e-06,64730.4,,,多carry 棕榈油2209 1手(多)@11732 / 棕榈油2210 1手(空)@11504 价差=228,空carry 豆油2209 1手(空)@11604 / 豆油2211 1手(多)@11396 价差=208,[P] 多carry 棕榈油2209 1手(多)@11732 / 棕榈油2210 1手(空)@11504 价差=228 z=-0.80 | [Y] 空carry 豆油2209 1手(空)@11604 / 豆油2211 1手(多)@11396 价差=208 z=0.95
2022-05-31,False,2,4,0.0,510.32,-5.0,140.0,0.0,11614.8,0.0,32620.000000000004,161.33,14.68,0.0001613302500000002,44234.8,,空carry 热卷2209 1手(空)@4890 / 热卷2210 1手(多)@4789 价差=101,,空carry 豆油2209 1手(空)@11776 / 豆油2211 1手(多)@11524 价差=252,[HC] 空carry 热卷2209 1手(空)@4890 / 热卷2210 1手(多)@4789 价差=101 z=2.84 | [Y] 空carry 豆油2209 1手(空)@11776 / 豆油2211 1手(多)@11524 价差=252 z=1.61
2022-06-01,False,3,6,0.0,10.79,315.0,190.0,0.0,11528.4,32107.600000000002,31962.0,128.95,34.21,0.00012894649999999647,75598.0,,多carry 热卷2210 1手(多)@4816 / 热卷2211 1手(空)@4791 价差=25,多carry 棕榈油2210 1手(多)@11568 / 棕榈油2211 1手(空)@11366 价差=202,多carry 豆油2211 1手(多)@11468 / 豆油2212 1手(空)@11362 价差=106,[HC] 多carry 热卷2210 1手(多)@4816 / 热卷2211 1手(空)@4791 价差=25 z=-1.81 | [P] 多carry 棕榈油2210 1手(多)@11568 / 棕榈油2211 1手(空)@11366 价差=202 z=-1.11 | [Y] 多carry 豆油2211 1手(多)@11468 / 豆油2212 1手(空)@11362 价差=106 z=-1.32
2022-06-02,False,2,4,0.0,-60.0,-5.0,-300.0,0.0,11676.0,0.0,32124.4,-91.25,5.0,-9.12499999999997e-05,43800.4,,多carry 热卷2210 1手(多)@4879 / 热卷2211 1手(空)@4851 价差=28,,多carry 豆油2211 1手(多)@11536 / 豆油2212 1手(空)@11410 价差=126,[HC] 多carry 热卷2210 1手(多)@4879 / 热卷2211 1手(空)@4851 价差=28 z=-1.54 | [Y] 多carry 豆油2211 1手(多)@11536 / 豆油2212 1手(空)@11410 价差=126 z=-0.89
2022-06-06,False,3,6,0.0,30.0,15.0,100.0,0.0,11601.599999999999,32664.800000000003,32530.4,36.25,5.0,3.624999999999997e-05,76796.8,,多carry 热卷2210 1手(多)@4845 / 热卷2211 1手(空)@4823 价差=22,多carry 棕榈油2210 1手(多)@11768 / 棕榈油2211 1手(空)@11564 价差=204,多carry 豆油2211 1手(多)@11666 / 豆油2212 1手(空)@11570 价差=96,[HC] 多carry 热卷2210 1手(多)@4845 / 热卷2211 1手(空)@4823 价差=22 z=-1.71 | [P] 多carry 棕榈油2210 1手(多)@11768 / 棕榈油2211 1手(空)@11564 价差=204 z=-1.08 | [Y] 多carry 豆油2211 1手(多)@11666 / 豆油2212 1手(空)@11570 价差=96 z=-1.50
2022-06-07,False,4,8,40.0,-70.0,-120.0,100.0,174693.2,11514.0,32942.0,32796.4,-12.5,40.0,-1.2499999999989037e-05,251945.6,空carry 黄金2210 1手(空)@396.76 / 黄金2212 1手(多)@397.3 价差=-0.54,多carry 热卷2210 1手(多)@4810 / 热卷2211 1手(空)@4785 价差=25,多carry 棕榈油2210 1手(多)@11868 / 棕榈油2211 1手(空)@11662 价差=206,多carry 豆油2211 1手(多)@11766 / 豆油2212 1手(空)@11660 价差=106,[AU] 空carry 黄金2210 1手(空)@396.76 / 黄金2212 1手(多)@397.3 价差=-0.54 z=0.86 | [HC] 多carry 热卷2210 1手(多)@4810 / 热卷2211 1手(空)@4785 价差=25 z=-1.45 | [P] 多carry 棕榈油2210 1手(多)@11868 / 棕榈油2211 1手(空)@11662 价差=206 z=-1.04 | [Y] 多carry 豆油2211 1手(多)@11766 / 豆油2212 1手(空)@11660 价差=106 z=-1.32
2022-06-08,False,3,6,-40.0,-20.0,-100.0,20.0,0.0,11661.599999999999,32958.8,33185.600000000006,-35.0,40.0,-3.500000000000004e-05,77806.0,,多carry 热卷2210 1手(多)@4868 / 热卷2211 1手(空)@4850 价差=18,多carry 棕榈油2210 1手(多)@11868 / 棕榈油2211 1手(空)@11674 价差=194,多carry 豆油2211 1手(多)@11910 / 豆油2212 1手(空)@11794 价差=116,[HC] 多carry 热卷2210 1手(多)@4868 / 热卷2211 1手(空)@4850 价差=18 z=-1.66 | [P] 多carry 棕榈油2210 1手(多)@11868 / 棕榈油2211 1手(空)@11674 价差=194 z=-1.18 | [Y] 多carry 豆油2211 1手(多)@11910 / 豆油2212 1手(空)@11794 价差=116 z=-1.12
2022-06-09,False,4,8,120.0,30.0,0.0,-140.0,175890.0,11676.0,31410.4,32393.200000000004,2.5,40.0,2.49999999998893e-06,251369.6,空carry 黄金2210 1手(空)@399.52 / 黄金2212 1手(多)@399.98 价差=-0.46,多carry 热卷2210 1手(多)@4873 / 热卷2211 1手(空)@4857 价差=16,多carry 棕榈油2210 1手(多)@11310 / 棕榈油2211 1手(空)@11126 价差=184,多carry 豆油2211 1手(多)@11628 / 豆油2212 1手(空)@11510 价差=118,[AU] 空carry 黄金2210 1手(空)@399.52 / 黄金2212 1手(多)@399.98 价差=-0.46 z=1.89 | [HC] 多carry 热卷2210 1手(多)@4873 / 热卷2211 1手(空)@4857 价差=16 z=-1.55 | [P] 多carry 棕榈油2210 1手(多)@11310 / 棕榈油2211 1手(空)@11126 价差=184 z=-1.16 | [Y] 多carry 豆油2211 1手(多)@11628 / 豆油2212 1手(空)@11510 价差=118 z=-1.10
2022-06-10,False,3,6,-40.0,-20.0,-140.0,-80.0,0.0,11689.2,31393.600000000006,32614.4,-70.0,40.0,-7.000000000000017e-05,75697.2,,多carry 热卷2210 1手(多)@4880 / 热卷2211 1手(空)@4861 价差=19,多carry 棕榈油2210 1手(多)@11304 / 棕榈油2211 1手(空)@11120 价差=184,多carry 豆油2211 1手(多)@11700 / 豆油2212 1手(空)@11596 价差=104,[HC] 多carry 热卷2210 1手(多)@4880 / 热卷2211 1手(空)@4861 价差=19 z=-1.29 | [P] 多carry 棕榈油2210 1手(多)@11304 / 棕榈油2211 1手(空)@11120 价差=184 z=-1.12 | [Y] 多carry 豆油2211 1手(多)@11700 / 豆油2212 1手(空)@11596 价差=104 z=-1.31
2022-06-13,False,3,6,0.0,-70.0,60.0,20.0,0.0,11451.599999999999,30746.800000000003,32155.200000000004,2.5,0.0,2.5000000000060823e-06,74353.6,,多carry 热卷2210 1手(多)@4780 / 热卷2211 1手(空)@4763 价差=17,多carry 棕榈油2210 1手(多)@11066 / 棕榈油2211 1手(空)@10896 价差=170,多carry 豆油2211 1手(多)@11532 / 豆油2212 1手(空)@11436 价差=96,[HC] 多carry 热卷2210 1手(多)@4780 / 热卷2211 1手(空)@4763 价差=17 z=-1.25 | [P] 多carry 棕榈油2210 1手(多)@11066 / 棕榈油2211 1手(空)@10896 价差=170 z=-1.25 | [Y] 多carry 豆油2211 1手(多)@11532 / 豆油2212 1手(空)@11436 价差=96 z=-1.32
2022-06-14,False,3,6,0.0,-0.0,-340.0,-120.0,0.0,11260.8,31136.0,32393.200000000004,-115.0,0.0,-0.00011499999999999899,74790.0,,多carry 热卷2210 1手(多)@4697 / 热卷2211 1手(空)@4687 价差=10,多carry 棕榈油2210 1手(多)@11208 / 棕榈油2211 1手(空)@11032 价差=176,多carry 豆油2211 1手(多)@11618 / 豆油2212 1手(空)@11520 价差=98,[HC] 多carry 热卷2210 1手(多)@4697 / 热卷2211 1手(空)@4687 价差=10 z=-1.39 | [P] 多carry 棕榈油2210 1手(多)@11208 / 棕榈油2211 1手(空)@11032 价差=176 z=-1.15 | [Y] 多carry 豆油2211 1手(多)@11618 / 豆油2212 1手(空)@11520 价差=98 z=-1.16
2022-06-15,False,4,8,40.0,30.0,-220.0,-160.0,173945.2,11155.199999999999,30181.200000000004,31928.4,-77.5,40.0,-7.74999999999914e-05,247210.0,空carry 黄金2210 1手(空)@395.08 / 黄金2212 1手(多)@395.58 价差=-0.5,多carry 热卷2210 1手(多)@4653 / 热卷2211 1手(空)@4643 价差=10,多carry 棕榈油2210 1手(多)@10850 / 棕榈油2211 1手(空)@10708 价差=142,多carry 豆油2211 1手(多)@11446 / 豆油2212 1手(空)@11360 价差=86,[AU] 空carry 黄金2210 1手(空)@395.08 / 黄金2212 1手(多)@395.58 价差=-0.5 z=1.14 | [HC] 多carry 热卷2210 1手(多)@4653 / 热卷2211 1手(空)@4643 价差=10 z=-1.25 | [P] 多carry 棕榈油2210 1手(多)@10850 / 棕榈油2211 1手(空)@10708 价差=142 z=-1.56 | [Y] 多carry 豆油2211 1手(多)@11446 / 豆油2212 1手(空)@11360 价差=86 z=-1.25
2022-06-16,False,3,6,-40.0,-10.0,-60.0,200.0,0.0,11046.0,29612.800000000003,31458.000000000004,22.5,40.0,2.2500000000001628e-05,72116.8,,多carry 热卷2210 1手(多)@4609 / 热卷2211 1手(空)@4596 价差=13,多carry 棕榈油2210 1手(多)@10636 / 棕榈油2211 1手(空)@10516 价差=120,多carry 豆油2211 1手(多)@11270 / 豆油2212 1手(空)@11200 价差=70,[HC] 多carry 热卷2210 1手(多)@4609 / 热卷2211 1手(空)@4596 价差=13 z=-1.02 | [P] 多carry 棕榈油2210 1手(多)@10636 / 棕榈油2211 1手(空)@10516 价差=120 z=-1.81 | [Y] 多carry 豆油2211 1手(多)@11270 / 豆油2212 1手(空)@11200 价差=70 z=-1.39
2022-06-17,False,3,6,0.0,-30.0,-860.0,-280.0,0.0,10672.8,29632.4,31385.200000000004,-292.5,0.0,-0.0002924999999999998,71690.4,,多carry 热卷2210 1手(多)@4453 / 热卷2211 1手(空)@4441 价差=12,多carry 棕榈油2210 1手(多)@10640 / 棕榈油2211 1手(空)@10526 价差=114,多carry 豆油2211 1手(多)@11254 / 豆油2212 1手(空)@11164 价差=90,[HC] 多carry 热卷2210 1手(多)@4453 / 热卷2211 1手(空)@4441 价差=12 z=-0.96 | [P] 多carry 棕榈油2210 1手(多)@10640 / 棕榈油2211 1手(空)@10526 价差=114 z=-1.82 | [Y] 多carry 豆油2211 1手(多)@11254 / 豆油2212 1手(空)@11164 价差=90 z=-0.95
2022-06-20,False,4,8,80.0,30.0,-80.0,20.0,175045.2,10117.2,28285.600000000002,30786.000000000004,12.5,40.0,1.2499999999994373e-05,244234.0,多carry 黄金2210 1手(多)@397.52 / 黄金2212 1手(空)@398.14 价差=-0.62,多carry 热卷2210 1手(多)@4220 / 热卷2211 1手(空)@4211 价差=9,多carry 棕榈油2210 1手(多)@10116 / 棕榈油2211 1手(空)@10088 价差=28,多carry 豆油2211 1手(多)@11026 / 豆油2212 1手(空)@10964 价差=62,[AU] 多carry 黄金2210 1手(多)@397.52 / 黄金2212 1手(空)@398.14 价差=-0.62 z=-0.81 | [HC] 多carry 热卷2210 1手(多)@4220 / 热卷2211 1手(空)@4211 价差=9 z=-0.98 | [P] 多carry 棕榈油2210 1手(多)@10116 / 棕榈油2211 1手(空)@10088 价差=28 z=-2.91 | [Y] 多carry 豆油2211 1手(多)@11026 / 豆油2212 1手(空)@10964 价差=62 z=-1.27
2022-06-21,False,4,8,-160.0,-70.0,140.0,40.0,174710.8,10284.0,27714.4,29965.600000000006,-12.5,80.0,-1.2499999999990536e-05,242674.8,空carry 黄金2210 1手(空)@396.82 / 黄金2212 1手(多)@397.32 价差=-0.5,多carry 热卷2210 1手(多)@4291 / 热卷2211 1手(空)@4279 价差=12,多carry 棕榈油2210 1手(多)@9908 / 棕榈油2211 1手(空)@9888 价差=20,多carry 豆油2211 1手(多)@10734 / 豆油2212 1手(空)@10670 价差=64,[AU] 空carry 黄金2210 1手(空)@396.82 / 黄金2212 1手(多)@397.32 价差=-0.5 z=1.32 | [HC] 多carry 热卷2210 1手(多)@4291 / 热卷2211 1手(空)@4279 价差=12 z=-0.78 | [P] 多carry 棕榈油2210 1手(多)@9908 / 棕榈油2211 1手(空)@9888 价差=20 z=-2.79 | [Y] 多carry 豆油2211 1手(多)@10734 / 豆油2212 1手(空)@10670 价差=64 z=-1.12
2022-06-22,False,4,8,140.0,30.0,40.0,-160.0,174658.0,10062.0,26944.4,28845.600000000002,12.5,0.0,1.249999999997702e-05,240510.0,空carry 黄金2210 1手(空)@396.74 / 黄金2212 1手(多)@397.16 价差=-0.42,多carry 热卷2210 1手(多)@4195 / 热卷2211 1手(空)@4190 价差=5,多carry 棕榈油2210 1手(多)@9640 / 棕榈油2211 1手(空)@9606 价差=34,多carry 豆油2211 1手(多)@10336 / 豆油2212 1手(空)@10268 价差=68,[AU] 空carry 黄金2210 1手(空)@396.74 / 黄金2212 1手(多)@397.16 价差=-0.42 z=2.31 | [HC] 多carry 热卷2210 1手(多)@4195 / 热卷2211 1手(空)@4190 价差=5 z=-0.95 | [P] 多carry 棕榈油2210 1手(多)@9640 / 棕榈油2211 1手(空)@9606 价差=34 z=-2.39 | [Y] 多carry 豆油2211 1手(多)@10336 / 豆油2212 1手(空)@10268 价差=68 z=-0.96
2022-06-23,False,3,6,-40.0,-30.0,-160.0,-160.0,0.0,10274.4,26703.600000000002,28571.200000000004,-97.5,40.0,-9.750000000000141e-05,65549.2,,多carry 热卷2210 1手(多)@4285 / 热卷2211 1手(空)@4277 价差=8,多carry 棕榈油2210 1手(多)@9556 / 棕榈油2211 1手(空)@9518 价差=38,多carry 豆油2211 1手(多)@10230 / 豆油2212 1手(空)@10178 价差=52,[HC] 多carry 热卷2210 1手(多)@4285 / 热卷2211 1手(空)@4277 价差=8 z=-0.75 | [P] 多carry 棕榈油2210 1手(多)@9556 / 棕榈油2211 1手(空)@9518 价差=38 z=-2.19 | [Y] 多carry 豆油2211 1手(多)@10230 / 豆油2212 1手(空)@10178 价差=52 z=-1.11
2022-06-24,False,4,8,140.0,0.0,40.0,320.0,173544.8,10196.4,25337.200000000004,27624.800000000003,125.0,40.0,0.00012500000000001803,236703.2,空carry 黄金2210 1手(空)@394.18 / 黄金2212 1手(多)@394.66 价差=-0.48,多carry 热卷2210 1手(多)@4251 / 热卷2211 1手(空)@4246 价差=5,多carry 棕榈油2210 1手(多)@9060 / 棕榈油2211 1手(空)@9038 价差=22,多carry 豆油2211 1手(多)@9884 / 豆油2212 1手(空)@9848 价差=36,[AU] 空carry 黄金2210 1手(空)@394.18 / 黄金2212 1手(多)@394.66 价差=-0.48 z=1.28 | [HC] 多carry 热卷2210 1手(多)@4251 / 热卷2211 1手(空)@4246 价差=5 z=-0.79 | [P] 多carry 棕榈油2210 1手(多)@9060 / 棕榈油2211 1手(空)@9038 价差=22 z=-2.26 | [Y] 多carry 豆油2211 1手(多)@9884 / 豆油2212 1手(空)@9848 价差=36 z=-1.27
2022-06-27,False,2,4,-60.0,-8.67,-400.0,-5.0,174754.8,0.0,25908.4,0.0,-118.42,93.67,-0.00011841825000000148,200663.2,多carry 黄金2210 1手(多)@396.84 / 黄金2212 1手(空)@397.5 价差=-0.66,,多carry 棕榈油2210 1手(多)@9266 / 棕榈油2211 1手(空)@9240 价差=26,,[AU] 多carry 黄金2210 1手(多)@396.84 / 黄金2212 1手(空)@397.5 价差=-0.66 z=-1.40 | [P] 多carry 棕榈油2210 1手(多)@9266 / 棕榈油2211 1手(空)@9240 价差=26 z=-2.10
2022-06-28,False,2,4,-100.0,0.0,580.0,0.0,173703.2,0.0,27000.4,0.0,120.0,0.0,0.00012000000000000847,200703.6,多carry 黄金2210 1手(多)@394.46 / 黄金2212 1手(空)@395.1 价差=-0.64,,多carry 棕榈油2210 1手(多)@9636 / 棕榈油2211 1手(空)@9650 价差=-14,,[AU] 多carry 黄金2210 1手(多)@394.46 / 黄金2212 1手(空)@395.1 价差=-0.64 z=-1.09 | [P] 多carry 棕榈油2210 1手(多)@9636 / 棕榈油2211 1手(空)@9650 价差=-14 z=-2.49
2022-06-29,False,3,6,140.0,0.0,-180.0,-45.0,173434.8,0.0,26348.0,28669.200000000004,-21.25,5.0,-2.1249999999985826e-05,228452.0,多carry 黄金2210 1手(多)@393.8 / 黄金2212 1手(空)@394.54 价差=-0.74,,多carry 棕榈油2210 1手(多)@9432 / 棕榈油2211 1手(空)@9388 价差=44,多carry 豆油2211 1手(多)@10260 / 豆油2212 1手(空)@10218 价差=42,[AU] 多carry 黄金2210 1手(多)@393.8 / 黄金2212 1手(空)@394.54 价差=-0.74 z=-2.24 | [P] 多carry 棕榈油2210 1手(多)@9432 / 棕榈油2211 1手(空)@9388 价差=44 z=-1.68 | [Y] 多carry 豆油2211 1手(多)@10260 / 豆油2212 1手(空)@10218 价差=42 z=-1.60
2022-06-30,False,3,6,-40.0,1.18,0.0,-40.0,0.0,10579.2,26474.0,28602.000000000004,-19.7,48.82,-1.9704000000002446e-05,65655.2,,多carry 热卷2210 1手(多)@4412 / 热卷2211 1手(空)@4404 价差=8,多carry 棕榈油2210 1手(多)@9468 / 棕榈油2211 1手(空)@9442 价差=26,多carry 豆油2211 1手(多)@10234 / 豆油2212 1手(空)@10196 价差=38,[HC] 多carry 热卷2210 1手(多)@4412 / 热卷2211 1手(空)@4404 价差=8 z=-0.79 | [P] 多carry 棕榈油2210 1手(多)@9468 / 棕榈油2211 1手(空)@9442 价差=26 z=-1.86 | [Y] 多carry 豆油2211 1手(多)@10234 / 豆油2212 1手(空)@10196 价差=38 z=-1.54
2022-07-01,False,3,6,-100.0,-8.6,100.0,-40.0,171925.59999999998,0.0,24718.4,27185.200000000004,-12.15,48.6,-1.2148999999987001e-05,223829.2,多carry 黄金2212 1手(多)@390.42 / 黄金2302 1手(空)@391.06 价差=-0.64,,多carry 棕榈油2211 1手(多)@8844 / 棕榈油2212 1手(空)@8812 价差=32,多carry 豆油2211 1手(多)@9726 / 豆油2212 1手(空)@9692 价差=34,[AU] 多carry 黄金2212 1手(多)@390.42 / 黄金2302 1手(空)@391.06 价差=-0.64 z=-0.94 | [P] 多carry 棕榈油2211 1手(多)@8844 / 棕榈油2212 1手(空)@8812 价差=32 z=-1.69 | [Y] 多carry 豆油2211 1手(多)@9726 / 豆油2212 1手(空)@9692 价差=34 z=-1.54
2022-07-04,False,4,8,-100.0,81.64,-560.0,-80.0,172801.2,10029.6,24676.4,27123.600000000002,-164.59,8.36,-0.00016458949999998844,234630.8,多carry 黄金2212 1手(多)@392.38 / 黄金2302 1手(空)@393.08 价差=-0.7,多carry 热卷2211 1手(多)@4179 / 热卷2212 1手(空)@4179 价差=0,多carry 棕榈油2211 1手(多)@8834 / 棕榈油2212 1手(空)@8792 价差=42,多carry 豆油2211 1手(多)@9702 / 豆油2212 1手(空)@9672 价差=30,[AU] 多carry 黄金2212 1手(多)@392.38 / 黄金2302 1手(空)@393.08 价差=-0.7 z=-1.49 | [HC] 多carry 热卷2211 1手(多)@4179 / 热卷2212 1手(空)@4179 价差=0 z=-1.88 | [P] 多carry 棕榈油2211 1手(多)@8834 / 棕榈油2212 1手(空)@8792 价差=42 z=-1.49 | [Y] 多carry 豆油2211 1手(多)@9702 / 豆油2212 1手(空)@9672 价差=30 z=-1.49
2022-07-05,False,3,6,80.0,-8.5,40.0,-0.0,172673.6,0.0,23416.4,25678.800000000003,27.87,8.5,2.7874749999981924e-05,221768.8,多carry 黄金2212 1手(多)@392.04 / 黄金2302 1手(空)@392.84 价差=-0.8,,多carry 棕榈油2211 1手(多)@8356 / 棕榈油2212 1手(空)@8370 价差=-14,多carry 豆油2211 1手(多)@9182 / 豆油2212 1手(空)@9160 价差=22,[AU] 多carry 黄金2212 1手(多)@392.04 / 黄金2302 1手(空)@392.84 价差=-0.8 z=-2.20 | [P] 多carry 棕榈油2211 1手(多)@8356 / 棕榈油2212 1手(空)@8370 价差=-14 z=-2.15 | [Y] 多carry 豆油2211 1手(多)@9182 / 豆油2212 1手(空)@9160 价差=22 z=-1.57
2022-07-06,False,3,6,20.0,0.0,-260.0,260.0,169241.6,0.0,22173.2,24838.800000000003,5.0,0.0,5.0000000000065226e-06,216253.6,多carry 黄金2212 1手(多)@384.28 / 黄金2302 1手(空)@385 价差=-0.72,,多carry 棕榈油2211 1手(多)@7914 / 棕榈油2212 1手(空)@7924 价差=-10,多carry 豆油2211 1手(多)@8882 / 豆油2212 1手(空)@8860 价差=22,[AU] 多carry 黄金2212 1手(多)@384.28 / 黄金2302 1手(空)@385 价差=-0.72 z=-1.37 | [P] 多carry 棕榈油2211 1手(多)@7914 / 棕榈油2212 1手(空)@7924 价差=-10 z=-1.99 | [Y] 多carry 豆油2211 1手(多)@8882 / 豆油2212 1手(空)@8860 价差=22 z=-1.44
2022-07-07,False,3,6,-80.0,71.61,-120.0,-5.0,166826.0,10072.8,22086.4,0.0,-33.35,13.39,-3.334850000001374e-05,198985.2,多carry 黄金2212 1手(多)@378.8 / 黄金2302 1手(空)@379.5 价差=-0.7,多carry 热卷2211 1手(多)@4200 / 热卷2212 1手(空)@4194 价差=6,多carry 棕榈油2211 1手(多)@7870 / 棕榈油2212 1手(空)@7906 价差=-36,,[AU] 多carry 黄金2212 1手(多)@378.8 / 黄金2302 1手(空)@379.5 价差=-0.7 z=-1.16 | [HC] 多carry 热卷2211 1手(多)@4200 / 热卷2212 1手(空)@4194 价差=6 z=-0.75 | [P] 多carry 棕榈油2211 1手(多)@7870 / 棕榈油2212 1手(空)@7906 价差=-36 z=-2.23
2022-07-08,False,4,8,0.0,-46.78,140.0,-185.0,166694.0,10068.0,23072.0,25513.600000000002,-22.94,21.78,-2.2944999999989004e-05,225347.6,多carry 黄金2212 1手(多)@378.46 / 黄金2302 1手(空)@379.24 价差=-0.78,空carry 热卷2211 1手(空)@4202 / 热卷2212 1手(多)@4188 价差=14,多carry 棕榈油2211 1手(多)@8216 / 棕榈油2212 1手(空)@8264 价差=-48,多carry 豆油2211 1手(多)@9130 / 豆油2212 1手(空)@9094 价差=36,[AU] 多carry 黄金2212 1手(多)@378.46 / 黄金2302 1手(空)@379.24 价差=-0.78 z=-1.74 | [HC] 空carry 热卷2211 1手(空)@4202 / 热卷2212 1手(多)@4188 价差=14 z=1.19 | [P] 多carry 棕榈油2211 1手(多)@8216 / 棕榈油2212 1手(空)@8264 价差=-48 z=-2.22 | [Y] 多carry 豆油2211 1手(多)@9130 / 豆油2212 1手(空)@9094 价差=36 z=-0.85
2022-07-11,False,4,8,60.0,60.0,20.0,560.0,166729.2,9668.4,22990.800000000003,25779.600000000002,175.0,0.0,0.0001749999999999841,225168.0,多carry 黄金2212 1手(多)@378.54 / 黄金2302 1手(空)@379.32 价差=-0.78,空carry 热卷2211 1手(空)@4037 / 热卷2212 1手(多)@4020 价差=17,多carry 棕榈油2211 1手(多)@8194 / 棕榈油2212 1手(空)@8228 价差=-34,多carry 豆油2211 1手(多)@9216 / 豆油2212 1手(空)@9198 价差=18,[AU] 多carry 黄金2212 1手(多)@378.54 / 黄金2302 1手(空)@379.32 价差=-0.78 z=-1.54 | [HC] 空carry 热卷2211 1手(空)@4037 / 热卷2212 1手(多)@4020 价差=17 z=1.92 | [P] 多carry 棕榈油2211 1手(多)@8194 / 棕榈油2212 1手(空)@8228 价差=-34 z=-1.94 | [Y] 多carry 豆油2211 1手(多)@9216 / 豆油2212 1手(空)@9198 价差=18 z=-1.46
2022-07-12,False,3,6,-80.0,-7.82,40.0,130.0,166566.4,0.0,22478.4,25555.600000000002,20.55,17.82,2.0545750000008523e-05,214600.4,多carry 黄金2212 1手(多)@378.2 / 黄金2302 1手(空)@378.92 价差=-0.72,,多carry 棕榈油2211 1手(多)@8012 / 棕榈油2212 1手(空)@8044 价差=-32,空carry 豆油2211 1手(空)@9164 / 豆油2212 1手(多)@9090 价差=74,[AU] 多carry 黄金2212 1手(多)@378.2 / 黄金2302 1手(空)@378.92 价差=-0.72 z=-0.91 | [P] 多carry 棕榈油2211 1手(多)@8012 / 棕榈油2212 1手(空)@8044 价差=-32 z=-1.83 | [Y] 空carry 豆油2211 1手(空)@9164 / 豆油2212 1手(多)@9090 价差=74 z=1.05
2022-07-13,False,3,6,200.0,-7.8,-280.0,-5.0,165440.0,9361.199999999999,21476.0,0.0,-23.2,12.8,-2.3200250000006094e-05,196277.2,多carry 黄金2212 1手(多)@375.6 / 黄金2302 1手(空)@376.4 价差=-0.8,多carry 热卷2211 1手(多)@3903 / 热卷2212 1手(空)@3898 价差=5,多carry 棕榈油2211 1手(多)@7656 / 棕榈油2212 1手(空)@7684 价差=-28,,[AU] 多carry 黄金2212 1手(多)@375.6 / 黄金2302 1手(空)@376.4 价差=-0.8 z=-1.49 | [HC] 多carry 热卷2211 1手(多)@3903 / 热卷2212 1手(空)@3898 价差=5 z=-0.94 | [P] 多carry 棕榈油2211 1手(多)@7656 / 棕榈油2212 1手(空)@7684 价差=-28 z=-1.72
2022-07-14,False,3,6,-40.0,70.0,0.0,-85.0,0.0,9085.199999999999,21492.800000000003,24872.4,-13.75,45.0,-1.3749999999999531e-05,55450.4,,多carry 热卷2211 1手(多)@3788 / 热卷2212 1手(空)@3783 价差=5,多carry 棕榈油2211 1手(多)@7648 / 棕榈油2212 1手(空)@7704 价差=-56,空carry 豆油2211 1手(空)@8922 / 豆油2212 1手(多)@8844 价差=78,[HC] 多carry 热卷2211 1手(多)@3788 / 热卷2212 1手(空)@3783 价差=5 z=-0.85 | [P] 多carry 棕榈油2211 1手(多)@7648 / 棕榈油2212 1手(空)@7704 价差=-56 z=-1.96 | [Y] 空carry 豆油2211 1手(空)@8922 / 豆油2212 1手(多)@8844 价差=78 z=1.33
2022-07-15,False,4,8,-20.0,15.73,-20.0,-60.0,164458.8,8563.2,20636.0,24738.0,-21.07,54.27,-2.106799999997709e-05,218396.0,多carry 黄金2212 1手(多)@373.38 / 黄金2302 1手(空)@374.16 价差=-0.78,空carry 热卷2211 1手(空)@3574 / 热卷2212 1手(多)@3562 价差=12,多carry 棕榈油2211 1手(多)@7342 / 棕榈油2212 1手(空)@7398 价差=-56,空carry 豆油2211 1手(空)@8878 / 豆油2212 1手(多)@8792 价差=86,[AU] 多carry 黄金2212 1手(多)@373.38 / 黄金2302 1手(空)@374.16 价差=-0.78 z=-1.22 | [HC] 空carry 热卷2211 1手(空)@3574 / 热卷2212 1手(多)@3562 价差=12 z=0.83 | [P] 多carry 棕榈油2211 1手(多)@7342 / 棕榈油2212 1手(空)@7398 价差=-56 z=-1.89 | [Y] 空carry 豆油2211 1手(空)@8878 / 豆油2212 1手(多)@8792 价差=86 z=1.76
2022-07-18,False,3,6,-20.0,-7.54,180.0,100.0,165158.40000000002,0.0,22128.4,25664.800000000003,63.12,7.54,6.311524999998947e-05,212951.6,多carry 黄金2212 1手(多)@374.98 / 黄金2302 1手(空)@375.74 价差=-0.76,,多carry 棕榈油2211 1手(多)@7874 / 棕榈油2212 1手(空)@7932 价差=-58,空carry 豆油2211 1手(空)@9212 / 豆油2212 1手(多)@9120 价差=92,[AU] 多carry 黄金2212 1手(多)@374.98 / 黄金2302 1手(空)@375.74 价差=-0.76 z=-0.92 | [P] 多carry 棕榈油2211 1手(多)@7874 / 棕榈油2212 1手(空)@7932 价差=-58 z=-1.78 | [Y] 空carry 豆油2211 1手(空)@9212 / 豆油2212 1手(多)@9120 价差=92 z=1.81
2022-07-19,False,3,6,20.0,0.0,160.0,0.0,164661.2,0.0,21666.4,25667.600000000002,45.0,0.0,4.5000000000017946e-05,211995.2,多carry 黄金2212 1手(多)@373.84 / 黄金2302 1手(空)@374.62 价差=-0.78,,多carry 棕榈油2211 1手(多)@7718 / 棕榈油2212 1手(空)@7758 价差=-40,空carry 豆油2211 1手(空)@9208 / 豆油2212 1手(多)@9126 价差=82,[AU] 多carry 黄金2212 1手(多)@373.84 / 黄金2302 1手(空)@374.62 价差=-0.78 z=-1.02 | [P] 多carry 棕榈油2211 1手(多)@7718 / 棕榈油2212 1手(空)@7758 价差=-40 z=-1.53 | [Y] 空carry 豆油2211 1手(空)@9208 / 豆油2212 1手(多)@9126 价差=82 z=1.27
2022-07-20,False,3,6,140.0,0.0,100.0,-100.0,164516.0,0.0,22321.600000000002,25852.4,35.0,0.0,3.4999999999994996e-05,212690.0,多carry 黄金2212 1手(多)@373.52 / 黄金2302 1手(空)@374.28 价差=-0.76,,多carry 棕榈油2211 1手(多)@7960 / 棕榈油2212 1手(空)@7984 价差=-24,空carry 豆油2211 1手(空)@9274 / 豆油2212 1手(多)@9192 价差=82,[AU] 多carry 黄金2212 1手(多)@373.52 / 黄金2302 1手(空)@374.28 价差=-0.76 z=-0.81 | [P] 多carry 棕榈油2211 1手(多)@7960 / 棕榈油2212 1手(空)@7984 价差=-24 z=-1.29 | [Y] 空carry 豆油2211 1手(空)@9274 / 豆油2212 1手(多)@9192 价差=82 z=1.20
2022-07-21,False,2,4,-40.0,0.0,-20.0,-200.0,0.0,0.0,21803.600000000002,25496.800000000003,-65.0,40.0,-6.500000000000012e-05,47300.4,,,多carry 棕榈油2211 1手(多)@7780 / 棕榈油2212 1手(空)@7794 价差=-14,空carry 豆油2211 1手(空)@9152 / 豆油2212 1手(多)@9060 价差=92,[P] 多carry 棕榈油2211 1手(多)@7780 / 棕榈油2212 1手(空)@7794 价差=-14 z=-1.15 | [Y] 空carry 豆油2211 1手(空)@9152 / 豆油2212 1手(多)@9060 价差=92 z=1.45
2022-07-22,False,2,4,0.0,0.0,-160.0,-300.0,0.0,0.0,21470.4,25121.600000000002,-115.0,0.0,-0.00011500000000000252,46592.0,,,多carry 棕榈油2211 1手(多)@7660 / 棕榈油2212 1手(空)@7676 价差=-16,空carry 豆油2211 1手(空)@9028 / 豆油2212 1手(多)@8916 价差=112,[P] 多carry 棕榈油2211 1手(多)@7660 / 棕榈油2212 1手(空)@7676 价差=-16 z=-1.14 | [Y] 空carry 豆油2211 1手(空)@9028 / 豆油2212 1手(多)@8916 价差=112 z=1.90
2022-07-25,False,4,8,40.0,42.32,160.0,260.0,166139.6,9210.0,21179.200000000004,25085.200000000004,125.58,47.68,0.0001255812499999888,221614.0,多carry 黄金2212 1手(多)@377.18 / 黄金2302 1手(空)@378 价差=-0.82,空carry 热卷2211 1手(空)@3845 / 热卷2212 1手(多)@3830 价差=15,多carry 棕榈油2211 1手(多)@7548 / 棕榈油2212 1手(空)@7580 价差=-32,空carry 豆油2211 1手(空)@9030 / 豆油2212 1手(多)@8888 价差=142,[AU] 多carry 黄金2212 1手(多)@377.18 / 黄金2302 1手(空)@378 价差=-0.82 z=-1.39 | [HC] 空carry 热卷2211 1手(空)@3845 / 热卷2212 1手(多)@3830 价差=15 z=1.40 | [P] 多carry 棕榈油2211 1手(多)@7548 / 棕榈油2212 1手(空)@7580 价差=-32 z=-1.29 | [Y] 空carry 豆油2211 1手(空)@9030 / 豆油2212 1手(多)@8888 价差=142 z=2.37
2022-07-26,False,2,4,-40.0,-7.72,-20.0,-240.0,0.0,0.0,22052.800000000003,25933.600000000002,-76.93,47.72,-7.693050000000188e-05,47986.4,,,多carry 棕榈油2211 1手(多)@7868 / 棕榈油2212 1手(空)@7884 价差=-16,空carry 豆油2211 1手(空)@9320 / 豆油2212 1手(多)@9204 价差=116,[P] 多carry 棕榈油2211 1手(多)@7868 / 棕榈油2212 1手(空)@7884 价差=-16 z=-1.07 | [Y] 空carry 豆油2211 1手(空)@9320 / 豆油2212 1手(多)@9204 价差=116 z=1.43
2022-07-27,False,3,6,60.0,0.0,-80.0,140.0,165932.8,0.0,21641.200000000004,25793.600000000002,30.0,40.0,3.000000000000057e-05,213367.6,多carry 黄金2212 1手(多)@376.64 / 黄金2302 1手(空)@377.6 价差=-0.96,,多carry 棕榈油2211 1手(多)@7720 / 棕榈油2212 1手(空)@7738 价差=-18,空carry 豆油2211 1手(空)@9282 / 豆油2212 1手(多)@9142 价差=140,[AU] 多carry 黄金2212 1手(多)@376.64 / 黄金2302 1手(空)@377.6 价差=-0.96 z=-2.55 | [P] 多carry 棕榈油2211 1手(多)@7720 / 棕榈油2212 1手(空)@7738 价差=-18 z=-1.08 | [Y] 空carry 豆油2211 1手(空)@9282 / 豆油2212 1手(多)@9142 价差=140 z=1.80
2022-07-28,False,4,8,40.0,12.0,20.0,140.0,167706.0,9602.4,23007.600000000002,27179.600000000006,53.0,8.0,5.299949999999235e-05,227495.6,多carry 黄金2212 1手(多)@380.72 / 黄金2302 1手(空)@381.58 价差=-0.86,空carry 热卷2211 1手(空)@4008 / 热卷2212 1手(多)@3994 价差=14,多carry 棕榈油2211 1手(多)@8204 / 棕榈油2212 1手(空)@8230 价差=-26,空carry 豆油2211 1手(空)@9770 / 豆油2212 1手(多)@9644 价差=126,[AU] 多carry 黄金2212 1手(多)@380.72 / 黄金2302 1手(空)@381.58 价差=-0.86 z=-1.23 | [HC] 空carry 热卷2211 1手(空)@4008 / 热卷2212 1手(多)@3994 价差=14 z=1.16 | [P] 多carry 棕榈油2211 1手(多)@8204 / 棕榈油2212 1手(空)@8230 价差=-26 z=-1.13 | [Y] 空carry 豆油2211 1手(空)@9770 / 豆油2212 1手(多)@9644 价差=126 z=1.29
2022-07-29,False,2,4,-40.0,-7.9,60.0,100.0,0.0,0.0,23665.600000000002,27759.200000000004,28.03,47.9,2.8025000000001278e-05,51424.8,,,多carry 棕榈油2211 1手(多)@8440 / 棕榈油2212 1手(空)@8464 价差=-24,空carry 豆油2211 1手(空)@9970 / 豆油2212 1手(多)@9858 价差=112,[P] 多carry 棕榈油2211 1手(多)@8440 / 棕榈油2212 1手(空)@8464 价差=-24 z=-1.06 | [Y] 空carry 豆油2211 1手(空)@9970 / 豆油2212 1手(多)@9858 价差=112 z=0.85
2022-08-01,False,4,8,-280.0,-97.97,-100.0,-10.0,169954.4,9559.199999999999,23273.600000000002,27288.800000000003,-121.99,57.97,-0.00012199149999998815,230076.0,多carry 黄金2212 1手(多)@385.8 / 黄金2302 1手(空)@386.72 价差=-0.92,空carry 热卷2212 1手(空)@4008 / 热卷2301 1手(多)@3958 价差=50,多carry 棕榈油2212 1手(多)@8306 / 棕榈油2301 1手(空)@8318 价差=-12,多carry 豆油2212 1手(多)@9762 / 豆油2301 1手(空)@9730 价差=32,[AU] 多carry 黄金2212 1手(多)@385.8 / 黄金2302 1手(空)@386.72 价差=-0.92 z=-1.59 | [HC] 空carry 热卷2212 1手(空)@4008 / 热卷2301 1手(多)@3958 价差=50 z=3.98 | [P] 多carry 棕榈油2212 1手(多)@8306 / 棕榈油2301 1手(空)@8318 价差=-12 z=-0.90 | [Y] 多carry 豆油2212 1手(多)@9762 / 豆油2301 1手(空)@9730 价差=32 z=-1.18
2022-08-02,False,4,8,180.0,-100.0,40.0,80.0,171485.59999999998,9565.2,22352.4,26924.800000000003,50.0,0.0,5.000000000000323e-05,230328.0,多carry 黄金2212 1手(多)@389.16 / 黄金2302 1手(空)@390.32 价差=-1.16,空carry 热卷2212 1手(空)@4015 / 热卷2301 1手(多)@3956 价差=59,多carry 棕榈油2212 1手(多)@7972 / 棕榈油2301 1手(空)@7994 价差=-22,多carry 豆油2212 1手(多)@9632 / 豆油2301 1手(空)@9600 价差=32,[AU] 多carry 黄金2212 1手(多)@389.16 / 黄金2302 1手(空)@390.32 价差=-1.16 z=-2.95 | [HC] 空carry 热卷2212 1手(空)@4015 / 热卷2301 1手(多)@3956 价差=59 z=3.14 | [P] 多carry 棕榈油2212 1手(多)@7972 / 棕榈油2301 1手(空)@7994 价差=-22 z=-0.99 | [Y] 多carry 豆油2212 1手(多)@9632 / 豆油2301 1手(空)@9600 价差=32 z=-1.22
2022-08-03,False,4,8,40.0,30.0,-80.0,20.0,170627.6,9514.8,22302.0,27132.000000000004,2.5,0.0,2.499999999987409e-06,229576.4,多carry 黄金2212 1手(多)@387.3 / 黄金2302 1手(空)@388.28 价差=-0.98,空carry 热卷2212 1手(空)@3999 / 热卷2301 1手(多)@3930 价差=69,多carry 棕榈油2212 1手(多)@7956 / 棕榈油2301 1手(空)@7974 价差=-18,多carry 豆油2212 1手(多)@9710 / 豆油2301 1手(空)@9670 价差=40,[AU] 多carry 黄金2212 1手(多)@387.3 / 黄金2302 1手(空)@388.28 价差=-0.98 z=-1.31 | [HC] 空carry 热卷2212 1手(空)@3999 / 热卷2301 1手(多)@3930 价差=69 z=2.77 | [P] 多carry 棕榈油2212 1手(多)@7956 / 棕榈油2301 1手(空)@7974 价差=-18 z=-0.91 | [Y] 多carry 豆油2212 1手(多)@9710 / 豆油2301 1手(空)@9670 价差=40 z=-1.07
2022-08-04,False,4,8,40.0,10.0,180.0,40.0,170882.8,9295.2,21394.800000000003,25947.600000000002,67.5,0.0,6.749999999999997e-05,227520.4,多carry 黄金2212 1手(多)@387.9 / 黄金2302 1手(空)@388.84 价差=-0.94,空carry 热卷2212 1手(空)@3906 / 热卷2301 1手(多)@3840 价差=66,多carry 棕榈油2212 1手(多)@7628 / 棕榈油2301 1手(空)@7654 价差=-26,多carry 豆油2212 1手(多)@9288 / 豆油2301 1手(空)@9246 价差=42,[AU] 多carry 黄金2212 1手(多)@387.9 / 黄金2302 1手(空)@388.84 价差=-0.94 z=-0.88 | [HC] 空carry 热卷2212 1手(空)@3906 / 热卷2301 1手(多)@3840 价差=66 z=2.14 | [P] 多carry 棕榈油2212 1手(多)@7628 / 棕榈油2301 1手(空)@7654 价差=-26 z=-0.98 | [Y] 多carry 豆油2212 1手(多)@9288 / 豆油2301 1手(空)@9246 价差=42 z=-1.00
2022-08-05,False,2,4,-40.0,60.0,-5.0,0.0,0.0,9447.6,0.0,26306.0,3.75,45.0,3.7499999999979537e-06,35753.6,,空carry 热卷2212 1手(空)@3969 / 热卷2301 1手(多)@3904 价差=65,,多carry 豆油2212 1手(多)@9418 / 豆油2301 1手(空)@9372 价差=46,[HC] 空carry 热卷2212 1手(空)@3969 / 热卷2301 1手(多)@3904 价差=65 z=1.79 | [Y] 多carry 豆油2212 1手(多)@9418 / 豆油2301 1手(空)@9372 价差=46 z=-0.92
2022-08-08,False,4,8,160.0,30.0,75.0,-40.0,171265.6,9690.0,22834.0,26905.200000000004,56.25,45.0,5.624999999999371e-05,230694.8,多carry 黄金2212 1手(多)@388.7 / 黄金2302 1手(空)@389.78 价差=-1.08,空carry 热卷2212 1手(空)@4067 / 热卷2301 1手(多)@4008 价差=59,多carry 棕榈油2212 1手(多)@8146 / 棕榈油2301 1手(空)@8164 价差=-18,多carry 豆油2212 1手(多)@9632 / 豆油2301 1手(空)@9586 价差=46,[AU] 多carry 黄金2212 1手(多)@388.7 / 黄金2302 1手(空)@389.78 价差=-1.08 z=-1.70 | [HC] 空carry 热卷2212 1手(空)@4067 / 热卷2301 1手(多)@4008 价差=59 z=1.37 | [P] 多carry 棕榈油2212 1手(多)@8146 / 棕榈油2301 1手(空)@8164 价差=-18 z=-0.82 | [Y] 多carry 豆油2212 1手(多)@9632 / 豆油2301 1手(空)@9586 价差=46 z=-1.01
2022-08-09,False,2,4,-40.0,50.0,-5.0,260.0,0.0,9566.4,0.0,26927.600000000002,66.25,45.0,6.625000000000196e-05,36494.0,,空carry 热卷2212 1手(空)@4014 / 热卷2301 1手(多)@3958 价差=56,,多carry 豆油2212 1手(多)@9638 / 豆油2301 1手(空)@9596 价差=42,[HC] 空carry 热卷2212 1手(空)@4014 / 热卷2301 1手(多)@3958 价差=56 z=1.13 | [Y] 多carry 豆油2212 1手(多)@9638 / 豆油2301 1手(空)@9596 价差=42 z=-1.05
2022-08-10,False,2,4,0.0,-70.0,75.0,-5.0,0.0,9490.8,22834.000000000004,0.0,0.0,10.0,8.526512829121202e-19,32324.8,,空carry 热卷2212 1手(空)@3980 / 热卷2301 1手(多)@3929 价差=51,多carry 棕榈油2212 1手(多)@8140 / 棕榈油2301 1手(空)@8170 价差=-30,,[HC] 空carry 热卷2212 1手(空)@3980 / 热卷2301 1手(多)@3929 价差=51 z=0.84 | [P] 多carry 棕榈油2212 1手(多)@8140 / 棕榈油2301 1手(空)@8170 价差=-30 z=-0.90
2022-08-11,False,3,6,0.0,20.0,-120.0,55.0,0.0,9580.8,23455.600000000002,27302.800000000003,-11.25,5.0,-1.124999999999686e-05,60339.2,,空carry 热卷2212 1手(空)@4021 / 热卷2301 1手(多)@3963 价差=58,多carry 棕榈油2212 1手(多)@8366 / 棕榈油2301 1手(空)@8388 价差=-22,多carry 豆油2212 1手(多)@9770 / 豆油2301 1手(空)@9732 价差=38,[HC] 空carry 热卷2212 1手(空)@4021 / 热卷2301 1手(多)@3963 价差=58 z=1.01 | [P] 多carry 棕榈油2212 1手(多)@8366 / 棕榈油2301 1手(空)@8388 价差=-22 z=-0.77 | [Y] 多carry 豆油2212 1手(多)@9770 / 豆油2301 1手(空)@9732 价差=38 z=-1.08
2022-08-12,False,3,6,0.0,-120.0,100.0,360.0,0.0,9631.2,24110.800000000003,27725.600000000006,85.0,0.0,8.499999999999978e-05,61467.6,,空carry 热卷2212 1手(空)@4041 / 热卷2301 1手(多)@3985 价差=56,多carry 棕榈油2212 1手(多)@8594 / 棕榈油2301 1手(空)@8628 价差=-34,多carry 豆油2212 1手(多)@9924 / 豆油2301 1手(空)@9880 价差=44,[HC] 空carry 热卷2212 1手(空)@4041 / 热卷2301 1手(多)@3985 价差=56 z=0.84 | [P] 多carry 棕榈油2212 1手(多)@8594 / 棕榈油2301 1手(空)@8628 价差=-34 z=-0.87 | [Y] 多carry 豆油2212 1手(多)@9924 / 豆油2301 1手(空)@9880 价差=44 z=-0.85
2022-08-15,False,1,2,0.0,40.0,-5.0,-5.0,0.0,9477.599999999999,0.0,0.0,7.5,10.0,7.499999999998998e-06,9477.6,,空carry 热卷2212 1手(空)@3983 / 热卷2301 1手(多)@3915 价差=68,,,[HC] 空carry 热卷2212 1手(空)@3983 / 热卷2301 1手(多)@3915 价差=68 z=1.19
2022-08-16,False,2,4,60.0,10.0,0.0,0.0,172440.4,9542.4,0.0,0.0,17.5,40.0,1.7499999999985446e-05,181982.8,空carry 黄金2212 1手(空)@391.52 / 黄金2302 1手(多)@392.3 价差=-0.78,空carry 热卷2212 1手(空)@4008 / 热卷2301 1手(多)@3944 价差=64,,,[AU] 空carry 黄金2212 1手(空)@391.52 / 黄金2302 1手(多)@392.3 价差=-0.78 z=0.88 | [HC] 空carry 热卷2212 1手(空)@4008 / 热卷2301 1手(多)@3944 价差=64 z=0.94
2022-08-17,False,2,4,-40.0,-40.0,555.0,0.0,0.0,9193.2,23662.800000000003,0.0,118.75,45.0,0.00011875000000000165,32856.0,,空carry 热卷2212 1手(空)@3862 / 热卷2301 1手(多)@3799 价差=63,多carry 棕榈油2212 1手(多)@8436 / 棕榈油2301 1手(空)@8466 价差=-30,,[HC] 空carry 热卷2212 1手(空)@3862 / 热卷2301 1手(多)@3799 价差=63 z=0.81 | [P] 多carry 棕榈油2212 1手(多)@8436 / 棕榈油2301 1手(空)@8466 价差=-30 z=-0.76
2022-08-18,False,1,2,0.0,-80.0,-5.0,0.0,0.0,9178.8,0.0,0.0,-21.25,5.0,-2.1250000000000483e-05,9178.8,,空carry 热卷2212 1手(空)@3858 / 热卷2301 1手(多)@3791 价差=67,,,[HC] 空carry 热卷2212 1手(空)@3858 / 热卷2301 1手(多)@3791 价差=67 z=0.89
2022-08-19,False,1,2,0.0,50.0,0.0,0.0,0.0,8979.6,0.0,0.0,12.5,0.0,1.250000000000074e-05,8979.6,,空carry 热卷2212 1手(空)@3779 / 热卷2301 1手(多)@3704 价差=75,,,[HC] 空carry 热卷2212 1手(空)@3779 / 热卷2301 1手(多)@3704 价差=75 z=1.13
2022-08-22,False,1,2,0.0,60.0,0.0,0.0,0.0,9170.4,0.0,0.0,15.0,0.0,1.5000000000000214e-05,9170.4,,空carry 热卷2212 1手(空)@3856 / 热卷2301 1手(多)@3786 价差=70,,,[HC] 空carry 热卷2212 1手(空)@3856 / 热卷2301 1手(多)@3786 价差=70 z=0.82
2022-08-23,False,1,2,-20.0,-7.74,0.0,0.0,170588.0,0.0,0.0,0.0,-6.93,47.74,-6.934999999995339e-06,170588.0,空carry 黄金2212 1手(空)@387.32 / 黄金2302 1手(多)@388.08 价差=-0.76,,,,[AU] 空carry 黄金2212 1手(空)@387.32 / 黄金2302 1手(多)@388.08 价差=-0.76 z=1.41
2022-08-24,False,2,4,100.0,-67.81,0.0,0.0,171569.2,9372.0,0.0,0.0,8.05,7.81,8.047500000003726e-06,180941.2,空carry 黄金2212 1手(空)@389.54 / 黄金2302 1手(多)@390.32 价差=-0.78,空carry 热卷2212 1手(空)@3942 / 热卷2301 1手(多)@3868 价差=74,,,[AU] 空carry 黄金2212 1手(空)@389.54 / 黄金2302 1手(多)@390.32 价差=-0.78 z=1.13 | [HC] 空carry 热卷2212 1手(空)@3942 / 热卷2301 1手(多)@3868 价差=74 z=0.95
2022-08-25,False,2,4,-40.0,30.0,0.0,95.0,0.0,9352.8,0.0,28103.600000000002,21.25,45.0,2.1250000000000483e-05,37456.4,,空carry 热卷2212 1手(空)@3937 / 热卷2301 1手(多)@3857 价差=80,,空carry 豆油2212 1手(空)@10088 / 豆油2301 1手(多)@9986 价差=102,[HC] 空carry 热卷2212 1手(空)@3937 / 热卷2301 1手(多)@3857 价差=80 z=1.34 | [Y] 空carry 豆油2212 1手(空)@10088 / 豆油2301 1手(多)@9986 价差=102 z=1.77
2022-08-26,False,3,6,40.0,80.0,0.0,-140.0,172343.6,9483.599999999999,0.0,27927.200000000004,-5.0,40.0,-5.000000000023846e-06,209754.4,空carry 黄金2212 1手(空)@391.28 / 黄金2302 1手(多)@392.1 价差=-0.82,空carry 热卷2212 1手(空)@3990 / 热卷2301 1手(多)@3913 价差=77,,空carry 豆油2212 1手(空)@10020 / 豆油2301 1手(多)@9928 价差=92,[AU] 空carry 黄金2212 1手(空)@391.28 / 黄金2302 1手(多)@392.1 价差=-0.82 z=0.75 | [HC] 空carry 热卷2212 1手(空)@3990 / 热卷2301 1手(多)@3913 价差=77 z=1.50 | [Y] 空carry 豆油2212 1手(空)@10020 / 豆油2301 1手(多)@9928 价差=92 z=1.50
2022-08-29,False,1,2,-40.0,-7.72,0.0,-180.0,0.0,0.0,0.0,28098.0,-56.93,47.72,-5.693025000000074e-05,28098.0,,,,空carry 豆油2212 1手(空)@10088 / 豆油2301 1手(多)@9982 价差=106,[Y] 空carry 豆油2212 1手(空)@10088 / 豆油2301 1手(多)@9982 价差=106 z=1.88
2022-08-30,False,2,4,-100.0,0.0,0.0,160.0,171507.6,0.0,0.0,27680.800000000003,15.0,40.0,1.499999999999767e-05,199188.4,多carry 黄金2212 1手(多)@389.3 / 黄金2302 1手(空)@390.28 价差=-0.98,,,空carry 豆油2212 1手(空)@9948 / 豆油2301 1手(多)@9824 价差=124,[AU] 多carry 黄金2212 1手(多)@389.3 / 黄金2302 1手(空)@390.28 价差=-0.98 z=-1.27 | [Y] 空carry 豆油2212 1手(空)@9948 / 豆油2301 1手(多)@9824 价差=124 z=2.24
2022-08-31,False,2,4,-20.0,0.0,0.0,-180.0,170473.59999999998,0.0,0.0,27921.600000000002,-50.0,0.0,-5.000000000001421e-05,198395.2,多carry 黄金2212 1手(多)@386.92 / 黄金2302 1手(空)@387.96 价差=-1.04,,,空carry 豆油2212 1手(空)@10026 / 豆油2301 1手(多)@9918 价差=108,[AU] 多carry 黄金2212 1手(多)@386.92 / 黄金2302 1手(空)@387.96 价差=-1.04 z=-1.95 | [Y] 空carry 豆油2212 1手(空)@10026 / 豆油2301 1手(多)@9918 价差=108 z=1.43
2022-09-01,False,3,6,-160.0,-47.43,0.0,-140.0,169400.0,8919.599999999999,0.0,26104.4,-86.86,87.43,-8.685825000000173e-05,204424.0,空carry 黄金2302 1手(空)@384.76 / 黄金2304 1手(多)@385.24 价差=-0.48,多carry 热卷2301 1手(多)@3727 / 热卷2302 1手(空)@3706 价差=21,,空carry 豆油2301 1手(空)@9514 / 豆油2303 1手(多)@9132 价差=382,[AU] 空carry 黄金2302 1手(空)@384.76 / 黄金2304 1手(多)@385.24 价差=-0.48 z=3.10 | [HC] 多carry 热卷2301 1手(多)@3727 / 热卷2302 1手(空)@3706 价差=21 z=-3.40 | [Y] 空carry 豆油2301 1手(空)@9514 / 豆油2303 1手(多)@9132 价差=382 z=4.01
2022-09-02,False,3,6,20.0,-20.0,0.0,-220.0,169048.0,8859.599999999999,0.0,25558.4,-55.0,0.0,-5.500000000000294e-05,203466.0,空carry 黄金2302 1手(空)@384 / 黄金2304 1手(多)@384.4 价差=-0.4,多carry 热卷2301 1手(多)@3700 / 热卷2302 1手(空)@3683 价差=17,,空carry 豆油2301 1手(空)@9326 / 豆油2303 1手(多)@8930 价差=396,[AU] 空carry 黄金2302 1手(空)@384 / 黄金2304 1手(多)@384.4 价差=-0.4 z=2.73 | [HC] 多carry 热卷2301 1手(多)@3700 / 热卷2302 1手(空)@3683 价差=17 z=-2.72 | [Y] 空carry 豆油2301 1手(空)@9326 / 豆油2303 1手(多)@8930 价差=396 z=2.91
2022-09-05,False,3,6,60.0,-10.0,0.0,-180.0,170715.6,8962.8,0.0,26070.800000000003,-32.5,0.0,-3.250000000000111e-05,205749.2,空carry 黄金2302 1手(空)@387.78 / 黄金2304 1手(多)@388.2 价差=-0.42,多carry 热卷2301 1手(多)@3742 / 热卷2302 1手(空)@3727 价差=15,,空carry 豆油2301 1手(空)@9520 / 豆油2303 1手(多)@9102 价差=418,[AU] 空carry 黄金2302 1手(空)@387.78 / 黄金2304 1手(多)@388.2 价差=-0.42 z=2.22 | [HC] 多carry 热卷2301 1手(多)@3742 / 热卷2302 1手(空)@3727 价差=15 z=-2.28 | [Y] 空carry 豆油2301 1手(空)@9520 / 豆油2303 1手(多)@9102 价差=418 z=2.44
2022-09-06,False,3,6,0.0,10.0,0.0,240.0,171617.6,9028.8,0.0,26152.0,62.5,0.0,6.250000000000991e-05,206798.4,空carry 黄金2302 1手(空)@389.8 / 黄金2304 1手(多)@390.28 价差=-0.48,多carry 热卷2301 1手(多)@3769 / 热卷2302 1手(空)@3755 价差=14,,空carry 豆油2301 1手(空)@9558 / 豆油2303 1手(多)@9122 价差=436,[AU] 空carry 黄金2302 1手(空)@389.8 / 黄金2304 1手(多)@390.28 价差=-0.48 z=1.64 | [HC] 多carry 热卷2301 1手(多)@3769 / 热卷2302 1手(空)@3755 价差=14 z=-1.97 | [Y] 空carry 豆油2301 1手(空)@9558 / 豆油2303 1手(多)@9122 价差=436 z=2.13
2022-09-07,False,3,6,-0.0,-10.0,0.0,-600.0,170464.8,9008.4,0.0,25188.800000000003,-152.5,0.0,-0.00015250000000001523,204662.0,空carry 黄金2302 1手(空)@387.18 / 黄金2304 1手(多)@387.66 价差=-0.48,多carry 热卷2301 1手(多)@3761 / 热卷2302 1手(空)@3746 价差=15,,空carry 豆油2301 1手(空)@9202 / 豆油2303 1手(多)@8790 价差=412,[AU] 空carry 黄金2302 1手(空)@387.18 / 黄金2304 1手(多)@387.66 价差=-0.48 z=1.44 | [HC] 多carry 热卷2301 1手(多)@3761 / 热卷2302 1手(空)@3746 价差=15 z=-1.69 | [Y] 空carry 豆油2301 1手(空)@9202 / 豆油2303 1手(多)@8790 价差=412 z=1.69
2022-09-08,False,3,6,-140.0,40.0,0.0,180.0,171811.2,9108.0,0.0,24875.200000000004,20.0,0.0,2.0000000000003746e-05,205794.4,空carry 黄金2302 1手(空)@390.24 / 黄金2304 1手(多)@390.72 价差=-0.48,多carry 热卷2301 1手(多)@3802 / 热卷2302 1手(空)@3788 价差=14,,空carry 豆油2301 1手(空)@9120 / 豆油2303 1手(多)@8648 价差=472,[AU] 空carry 黄金2302 1手(空)@390.24 / 黄金2304 1手(多)@390.72 价差=-0.48 z=1.30 | [HC] 多carry 热卷2301 1手(多)@3802 / 热卷2302 1手(空)@3788 价差=14 z=-1.53 | [Y] 空carry 豆油2301 1手(空)@9120 / 豆油2303 1手(多)@8648 价差=472 z=1.80
2022-09-09,False,3,6,-0.0,-0.0,0.0,160.0,171762.8,9189.599999999999,0.0,24945.200000000004,40.0,0.0,3.999999999999375e-05,205897.6,空carry 黄金2302 1手(空)@390.2 / 黄金2304 1手(多)@390.54 价差=-0.34,多carry 热卷2301 1手(多)@3838 / 热卷2302 1手(空)@3820 价差=18,,空carry 豆油2301 1手(空)@9136 / 豆油2303 1手(多)@8682 价差=454,[AU] 空carry 黄金2302 1手(空)@390.2 / 黄金2304 1手(多)@390.54 价差=-0.34 z=1.72 | [HC] 多carry 热卷2301 1手(多)@3838 / 热卷2302 1手(空)@3820 价差=18 z=-1.24 | [Y] 空carry 豆油2301 1手(空)@9136 / 豆油2303 1手(多)@8682 价差=454 z=1.49
2022-09-13,False,3,6,40.0,20.0,0.0,220.0,171815.59999999998,9252.0,0.0,25813.200000000004,70.0,0.0,6.999999999999575e-05,206880.8,空carry 黄金2302 1手(空)@390.32 / 黄金2304 1手(多)@390.66 价差=-0.34,多carry 热卷2301 1手(多)@3864 / 热卷2302 1手(空)@3846 价差=18,,空carry 豆油2301 1手(空)@9438 / 豆油2303 1手(多)@9000 价差=438,[AU] 空carry 黄金2302 1手(空)@390.32 / 黄金2304 1手(多)@390.66 价差=-0.34 z=1.52 | [HC] 多carry 热卷2301 1手(多)@3864 / 热卷2302 1手(空)@3846 价差=18 z=-1.12 | [Y] 空carry 豆油2301 1手(空)@9438 / 豆油2303 1手(多)@9000 价差=438 z=1.25
2022-09-14,False,3,6,20.0,-50.0,0.0,280.0,170671.6,9096.0,0.0,25748.800000000003,62.5,0.0,6.250000000001003e-05,205516.4,空carry 黄金2302 1手(空)@387.7 / 黄金2304 1手(多)@388.08 价差=-0.38,多carry 热卷2301 1手(多)@3800 / 热卷2302 1手(空)@3780 价差=20,,空carry 豆油2301 1手(空)@9404 / 豆油2303 1手(多)@8988 价差=416,[AU] 空carry 黄金2302 1手(空)@387.7 / 黄金2304 1手(多)@388.08 价差=-0.38 z=1.20 | [HC] 多carry 热卷2301 1手(多)@3800 / 热卷2302 1手(空)@3780 价差=20 z=-0.95 | [Y] 空carry 豆油2301 1手(空)@9404 / 豆油2303 1手(多)@8988 价差=416 z=1.02
2022-09-15,False,3,6,120.0,40.0,0.0,440.0,169848.8,9049.199999999999,0.0,25396.0,150.0,0.0,0.00014999999999998183,204294.0,空carry 黄金2302 1手(空)@385.82 / 黄金2304 1手(多)@386.22 价差=-0.4,多carry 热卷2301 1手(多)@3778 / 热卷2302 1手(空)@3763 价差=15,,空carry 豆油2301 1手(空)@9264 / 豆油2303 1手(多)@8876 价差=388,[AU] 空carry 黄金2302 1手(空)@385.82 / 黄金2304 1手(多)@386.22 价差=-0.4 z=1.01 | [HC] 多carry 热卷2301 1手(多)@3778 / 热卷2302 1手(空)@3763 价差=15 z=-1.03 | [Y] 空carry 豆油2301 1手(空)@9264 / 豆油2303 1手(多)@8876 价差=388 z=0.77
2022-09-16,False,1,2,-40.0,-40.0,0.0,-5.0,0.0,8996.4,0.0,0.0,-21.25,45.0,-2.1250000000000015e-05,8996.4,,多carry 热卷2301 1手(多)@3758 / 热卷2302 1手(空)@3739 价差=19,,,[HC] 多carry 热卷2301 1手(多)@3758 / 热卷2302 1手(空)@3739 价差=19 z=-0.80
2022-09-19,False,3,6,-140.0,10.0,415.0,0.0,169642.0,8982.0,21702.800000000003,0.0,71.25,45.0,7.124999999998749e-05,200326.8,空carry 黄金2302 1手(空)@385.34 / 黄金2304 1手(多)@385.76 价差=-0.42,多carry 热卷2301 1手(多)@3750 / 热卷2302 1手(空)@3735 价差=15,空carry 棕榈油2301 1手(空)@7766 / 棕榈油2302 1手(多)@7736 价差=30,,[AU] 空carry 黄金2302 1手(空)@385.34 / 黄金2304 1手(多)@385.76 价差=-0.42 z=0.78 | [HC] 多carry 热卷2301 1手(多)@3750 / 热卷2302 1手(空)@3735 价差=15 z=-0.85 | [P] 空carry 棕榈油2301 1手(空)@7766 / 棕榈油2302 1手(多)@7736 价差=30 z=1.80
2022-09-20,False,1,2,-100.0,-7.39,-5.0,0.0,170130.4,0.0,0.0,0.0,-28.1,12.39,-2.8097999999991812e-05,170130.4,空carry 黄金2302 1手(空)@386.5 / 黄金2304 1手(多)@386.82 价差=-0.32,,,,[AU] 空carry 黄金2302 1手(空)@386.5 / 黄金2304 1手(多)@386.82 价差=-0.32 z=1.10
2022-09-21,False,1,2,240.0,0.0,0.0,0.0,170530.8,0.0,0.0,0.0,60.0,0.0,5.999999999998056e-05,170530.8,空carry 黄金2302 1手(空)@387.46 / 黄金2304 1手(多)@387.68 价差=-0.22,,,,[AU] 空carry 黄金2302 1手(空)@387.46 / 黄金2304 1手(多)@387.68 价差=-0.22 z=1.36
2022-09-22,True,0,0,-40.0,0.0,0.0,0.0,0.0,0.0,0.0,0.0,-10.0,40.0,-1e-05,0.0,,,,,全品种空仓
2022-09-23,True,0,0,0.0,0.0,0.0,0.0,0.0,0.0,0.0,0.0,0.0,0.0,0.0,0.0,,,,,全品种空仓
2022-09-26,True,0,0,0.0,0.0,0.0,0.0,0.0,0.0,0.0,0.0,0.0,0.0,0.0,0.0,,,,,全品种空仓
2022-09-27,False,2,4,-20.0,0.0,-5.0,0.0,169712.4,0.0,20372.800000000003,0.0,-6.25,45.0,-6.249999999993179e-06,190085.2,空carry 黄金2302 1手(空)@385.56 / 黄金2304 1手(多)@385.86 价差=-0.3,,多carry 棕榈油2301 1手(多)@7260 / 棕榈油2302 1手(空)@7292 价差=-32,,[AU] 空carry 黄金2302 1手(空)@385.56 / 黄金2304 1手(多)@385.86 价差=-0.3 z=0.82 | [P] 多carry 棕榈油2301 1手(多)@7260 / 棕榈油2302 1手(空)@7292 价差=-32 z=-0.99
2022-09-28,False,2,4,-40.0,0.0,380.0,-525.0,0.0,0.0,19796.0,23993.2,-46.25,45.0,-4.6250000000000826e-05,43789.2,,,多carry 棕榈油2301 1手(多)@7054 / 棕榈油2302 1手(空)@7086 价差=-32,空carry 豆油2301 1手(空)@8794 / 豆油2303 1手(多)@8344 价差=450,[P] 多carry 棕榈油2301 1手(多)@7054 / 棕榈油2302 1手(空)@7086 价差=-32 z=-1.01 | [Y] 空carry 豆油2301 1手(空)@8794 / 豆油2303 1手(多)@8344 价差=450 z=0.75
2022-09-29,False,4,8,-400.0,32.26,10.0,240.0,171630.8,9289.199999999999,19888.4,24234.0,-29.44,57.74,-2.943525000000406e-05,225042.4,空carry 黄金2302 1手(空)@389.9 / 黄金2304 1手(多)@390.24 价差=-0.34,多carry 热卷2301 1手(多)@3878 / 热卷2302 1手(空)@3863 价差=15,空carry 棕榈油2301 1手(空)@7106 / 棕榈油2302 1手(多)@7100 价差=6,空carry 豆油2301 1手(空)@8906 / 豆油2303 1手(多)@8404 价差=502,[AU] 空carry 黄金2302 1手(空)@389.9 / 黄金2304 1手(多)@390.24 价差=-0.34 z=0.77 | [HC] 多carry 热卷2301 1手(多)@3878 / 热卷2302 1手(空)@3863 价差=15 z=-0.89 | [P] 空carry 棕榈油2301 1手(空)@7106 / 棕榈油2302 1手(多)@7100 价差=6 z=1.09 | [Y] 空carry 豆油2301 1手(空)@8906 / 豆油2303 1手(多)@8404 价差=502 z=2.29
2022-09-30,False,3,6,140.0,-7.66,-220.0,-1480.0,172044.4,0.0,19857.600000000002,24234.0,-391.92,7.66,-0.0003919157499999865,216136.0,空carry 黄金2302 1手(空)@391.02 / 黄金2304 1手(多)@391 价差=0.02,,空carry 棕榈油2301 1手(空)@7094 / 棕榈油2302 1手(多)@7090 价差=4,空carry 豆油2301 1手(空)@8894 / 豆油2303 1手(多)@8416 价差=478,[AU] 空carry 黄金2302 1手(空)@391.02 / 黄金2304 1手(多)@391 价差=0.02 z=3.30 | [P] 空carry 棕榈油2301 1手(空)@7094 / 棕榈油2302 1手(多)@7090 价差=4 z=0.95 | [Y] 空carry 豆油2301 1手(空)@8894 / 豆油2303 1手(多)@8416 价差=478 z=1.48
2022-10-10,False,3,6,80.0,0.0,140.0,-550.0,173166.4,0.0,21008.4,23438.800000000003,-82.5,10.0,-8.249999999998349e-05,217613.6,空carry 黄金2302 1手(空)@393.5 / 黄金2304 1手(多)@393.62 价差=-0.12,,空carry 棕榈油2302 1手(空)@7518 / 棕榈油2303 1手(多)@7488 价差=30,多carry 豆油2303 1手(多)@8516 / 豆油2305 1手(空)@8226 价差=290,[AU] 空carry 黄金2302 1手(空)@393.5 / 黄金2304 1手(多)@393.62 价差=-0.12 z=1.83 | [P] 空carry 棕榈油2302 1手(空)@7518 / 棕榈油2303 1手(多)@7488 价差=30 z=2.19 | [Y] 多carry 豆油2303 1手(多)@8516 / 豆油2305 1手(空)@8226 价差=290 z=-2.49
2022-10-11,False,3,6,-120.0,0.0,-40.0,1380.0,172920.0,0.0,21425.600000000002,23816.800000000003,305.0,0.0,0.0003049999999999963,218162.4,空carry 黄金2302 1手(空)@392.9 / 黄金2304 1手(多)@393.1 价差=-0.2,,空carry 棕榈油2302 1手(空)@7660 / 棕榈油2303 1手(多)@7644 价差=16,多carry 豆油2303 1手(多)@8624 / 豆油2305 1手(空)@8388 价差=236,[AU] 空carry 黄金2302 1手(空)@392.9 / 黄金2304 1手(多)@393.1 价差=-0.2 z=1.11 | [P] 空carry 棕榈油2302 1手(空)@7660 / 棕榈油2303 1手(多)@7644 价差=16 z=1.40 | [Y] 多carry 豆油2303 1手(多)@8624 / 豆油2305 1手(空)@8388 价差=236 z=-2.65
2022-10-12,False,2,4,0.0,0.0,280.0,-5.0,173008.0,0.0,21408.800000000003,0.0,68.75,5.0,6.875000000000379e-05,194416.8,空carry 黄金2302 1手(空)@393.16 / 黄金2304 1手(多)@393.24 价差=-0.08,,空carry 棕榈油2302 1手(空)@7656 / 棕榈油2303 1手(多)@7636 价差=20,,[AU] 空carry 黄金2302 1手(空)@393.16 / 黄金2304 1手(多)@393.24 价差=-0.08 z=1.72 | [P] 空carry 棕榈油2302 1手(空)@7656 / 棕榈油2303 1手(多)@7636 价差=20 z=1.54
2022-10-13,False,2,4,-80.0,0.0,-5.0,-1145.0,173025.6,0.0,0.0,24323.600000000002,-307.5,10.0,-0.00030750000000000124,197349.2,空carry 黄金2302 1手(空)@393.2 / 黄金2304 1手(多)@393.28 价差=-0.08,,,多carry 豆油2303 1手(多)@8846 / 豆油2305 1手(空)@8528 价差=318,[AU] 空carry 黄金2302 1手(空)@393.2 / 黄金2304 1手(多)@393.28 价差=-0.08 z=1.53 | [Y] 多carry 豆油2303 1手(多)@8846 / 豆油2305 1手(空)@8528 价差=318 z=-1.19
2022-10-14,False,3,6,40.0,-37.47,0.0,-40.0,172700.0,8970.0,0.0,24931.200000000004,-9.37,7.48,-9.36875000001046e-06,206601.2,空carry 黄金2302 1手(空)@392.5 / 黄金2304 1手(多)@392.5 价差=0,多carry 热卷2302 1手(多)@3744 / 热卷2303 1手(空)@3731 价差=13,,多carry 豆油2303 1手(多)@9006 / 豆油2305 1手(空)@8802 价差=204,[AU] 空carry 黄金2302 1手(空)@392.5 / 黄金2304 1手(多)@392.5 价差=0 z=1.79 | [HC] 多carry 热卷2302 1手(多)@3744 / 热卷2303 1手(空)@3731 价差=13 z=-1.88 | [Y] 多carry 豆油2303 1手(多)@9006 / 豆油2305 1手(空)@8802 价差=204 z=-2.35
2022-10-17,False,3,6,-20.0,40.0,0.0,40.0,171740.8,8779.199999999999,0.0,24567.2,15.0,0.0,1.5000000000002237e-05,205087.2,空carry 黄金2302 1手(空)@390.3 / 黄金2304 1手(多)@390.34 价差=-0.04,多carry 热卷2302 1手(多)@3663 / 热卷2303 1手(空)@3653 价差=10,,多carry 豆油2303 1手(多)@8874 / 豆油2305 1手(空)@8674 价差=200,[AU] 空carry 黄金2302 1手(空)@390.3 / 黄金2304 1手(多)@390.34 价差=-0.04 z=1.37 | [HC] 多carry 热卷2302 1手(多)@3663 / 热卷2303 1手(空)@3653 价差=10 z=-2.41 | [Y] 多carry 豆油2303 1手(多)@8874 / 豆油2305 1手(空)@8674 价差=200 z=-2.02
2022-10-18,False,4,8,80.0,-60.0,115.0,220.0,171991.6,8793.599999999999,22271.200000000004,24768.800000000003,88.75,5.0,8.875000000000494e-05,227825.2,空carry 黄金2302 1手(空)@390.88 / 黄金2304 1手(多)@390.9 价差=-0.02,多carry 热卷2302 1手(多)@3671 / 热卷2303 1手(空)@3657 价差=14,空carry 棕榈油2302 1手(空)@7960 / 棕榈油2303 1手(多)@7948 价差=12,多carry 豆油2303 1手(多)@8948 / 豆油2305 1手(空)@8744 价差=204,[AU] 空carry 黄金2302 1手(空)@390.88 / 黄金2304 1手(多)@390.9 价差=-0.02 z=1.33 | [HC] 多carry 热卷2302 1手(多)@3671 / 热卷2303 1手(空)@3657 价差=14 z=-1.00 | [P] 空carry 棕榈油2302 1手(空)@7960 / 棕榈油2303 1手(多)@7948 价差=12 z=1.12 | [Y] 多carry 豆油2303 1手(多)@8948 / 豆油2305 1手(空)@8744 价差=204 z=-1.71
2022-10-19,False,3,6,0.0,20.0,-5.0,280.0,171718.8,8731.2,0.0,24928.4,73.75,5.0,7.375000000000154e-05,205378.4,空carry 黄金2302 1手(空)@390.22 / 黄金2304 1手(多)@390.32 价差=-0.1,多carry 热卷2302 1手(多)@3642 / 热卷2303 1手(空)@3634 价差=8,,多carry 豆油2303 1手(多)@9016 / 豆油2305 1手(空)@8790 价差=226,[AU] 空carry 黄金2302 1手(空)@390.22 / 黄金2304 1手(多)@390.32 价差=-0.1 z=0.79 | [HC] 多carry 热卷2302 1手(多)@3642 / 热卷2303 1手(空)@3634 价差=8 z=-2.34 | [Y] 多carry 豆油2303 1手(多)@9016 / 豆油2305 1手(空)@8790 价差=226 z=-1.31
2022-10-20,False,2,4,-40.0,10.0,0.0,-340.0,0.0,8620.8,0.0,25006.800000000003,-92.5,40.0,-9.250000000000118e-05,33627.6,,多carry 热卷2302 1手(多)@3597 / 热卷2303 1手(空)@3587 价差=10,,多carry 豆油2303 1手(多)@9058 / 豆油2305 1手(空)@8804 价差=254,[HC] 多carry 热卷2302 1手(多)@3597 / 热卷2303 1手(空)@3587 价差=10 z=-1.60 | [Y] 多carry 豆油2303 1手(多)@9058 / 豆油2305 1手(空)@8804 价差=254 z=-0.92
2022-10-21,False,2,4,0.0,30.0,0.0,80.0,0.0,8703.599999999999,0.0,25037.600000000002,27.5,0.0,2.749999999999946e-05,33741.2,,多carry 热卷2302 1手(多)@3632 / 热卷2303 1手(空)@3621 价差=11,,多carry 豆油2303 1手(多)@9052 / 豆油2305 1手(空)@8832 价差=220,[HC] 多carry 热卷2302 1手(多)@3632 / 热卷2303 1手(空)@3621 价差=11 z=-1.21 | [Y] 多carry 豆油2303 1手(多)@9052 / 豆油2305 1手(空)@8832 价差=220 z=-1.17
2022-10-24,False,1,2,0.0,-7.26,0.0,-340.0,0.0,0.0,0.0,24791.200000000004,-86.82,7.26,-8.681599999999931e-05,24791.2,,,,多carry 豆油2303 1手(多)@8968 / 豆油2305 1手(空)@8740 价差=228,[Y] 多carry 豆油2303 1手(多)@8968 / 豆油2305 1手(空)@8740 价差=228 z=-0.98
2022-10-25,False,1,2,0.0,0.0,0.0,-180.0,0.0,0.0,0.0,24928.4,-45.0,0.0,-4.499999999999961e-05,24928.4,,,,多carry 豆油2303 1手(多)@9000 / 豆油2305 1手(空)@8806 价差=194,[Y] 多carry 豆油2303 1手(多)@9000 / 豆油2305 1手(空)@8806 价差=194 z=-1.19
2022-10-26,False,1,2,0.0,0.0,0.0,120.0,0.0,0.0,0.0,24897.600000000002,30.0,0.0,3.0000000000000197e-05,24897.6,,,,多carry 豆油2303 1手(多)@8980 / 豆油2305 1手(空)@8804 价差=176,[Y] 多carry 豆油2303 1手(多)@8980 / 豆油2305 1手(空)@8804 价差=176 z=-1.22
2022-10-27,False,1,2,0.0,0.0,0.0,-600.0,0.0,0.0,0.0,24656.800000000003,-150.0,0.0,-0.00015000000000000023,24656.8,,,,多carry 豆油2303 1手(多)@8900 / 豆油2305 1手(空)@8712 价差=188,[Y] 多carry 豆油2303 1手(多)@8900 / 豆油2305 1手(空)@8712 价差=188 z=-1.00
2022-10-28,False,3,6,0.0,62.98,-365.0,320.0,0.0,8426.4,22268.4,24035.200000000004,4.49,12.02,4.494500000001807e-06,54730.0,,多carry 热卷2302 1手(多)@3515 / 热卷2303 1手(空)@3507 价差=8,多carry 棕榈油2302 1手(多)@7942 / 棕榈油2303 1手(空)@7964 价差=-22,多carry 豆油2303 1手(多)@8648 / 豆油2305 1手(空)@8520 价差=128,[HC] 多carry 热卷2302 1手(多)@3515 / 热卷2303 1手(空)@3507 价差=8 z=-1.73 | [P] 多carry 棕榈油2302 1手(多)@7942 / 棕榈油2303 1手(空)@7964 价差=-22 z=-0.93 | [Y] 多carry 豆油2303 1手(多)@8648 / 豆油2305 1手(空)@8520 价差=128 z=-1.38
2022-10-31,False,2,4,0.0,-6.88,340.0,240.0,0.0,0.0,22470.0,23889.600000000002,143.28,6.88,0.00014328075000000193,46359.6,,,多carry 棕榈油2302 1手(多)@7996 / 棕榈油2303 1手(空)@8054 价差=-58,多carry 豆油2303 1手(多)@8612 / 豆油2305 1手(空)@8452 价差=160,[P] 多carry 棕榈油2302 1手(多)@7996 / 棕榈油2303 1手(空)@8054 价差=-58 z=-2.80 | [Y] 多carry 豆油2303 1手(多)@8612 / 豆油2305 1手(空)@8452 价差=160 z=-1.00
2022-11-01,False,2,4,0.0,102.96,70.0,-5.0,0.0,8452.8,23427.600000000002,0.0,41.99,22.04,4.198900000000195e-05,31880.4,,空carry 热卷2303 1手(空)@3531 / 热卷2304 1手(多)@3513 价差=18,空carry 棕榈油2303 1手(空)@8388 / 棕榈油2304 1手(多)@8346 价差=42,,[HC] 空carry 热卷2303 1手(空)@3531 / 热卷2304 1手(多)@3513 价差=18 z=1.00 | [P] 空carry 棕榈油2303 1手(空)@8388 / 棕榈油2304 1手(多)@8346 价差=42 z=2.40
2022-11-02,False,3,6,0.0,-64.15,60.0,435.0,0.0,8490.0,23976.4,25146.800000000003,107.71,19.15,0.00010771250000000298,57613.2,,多carry 热卷2303 1手(多)@3541 / 热卷2304 1手(空)@3534 价差=7,空carry 棕榈油2303 1手(空)@8580 / 棕榈油2304 1手(多)@8546 价差=34,多carry 豆油2303 1手(多)@9056 / 豆油2305 1手(空)@8906 价差=150,[HC] 多carry 热卷2303 1手(多)@3541 / 热卷2304 1手(空)@3534 价差=7 z=-1.83 | [P] 空carry 棕榈油2303 1手(空)@8580 / 棕榈油2304 1手(多)@8546 价差=34 z=1.87 | [Y] 多carry 豆油2303 1手(多)@9056 / 豆油2305 1手(空)@8906 价差=150 z=-0.94
2022-11-03,False,3,6,-220.0,40.0,-40.0,-5.0,172136.8,8522.4,23940.0,0.0,-56.25,45.0,-5.6250000000012155e-05,204599.2,空carry 黄金2304 1手(空)@391.2 / 黄金2306 1手(多)@391.24 价差=-0.04,多carry 热卷2303 1手(多)@3552 / 热卷2304 1手(空)@3550 价差=2,空carry 棕榈油2303 1手(空)@8564 / 棕榈油2304 1手(多)@8536 价差=28,,[AU] 空carry 黄金2304 1手(空)@391.2 / 黄金2306 1手(多)@391.24 价差=-0.04 z=0.83 | [HC] 多carry 热卷2303 1手(多)@3552 / 热卷2304 1手(空)@3550 价差=2 z=-2.46 | [P] 空carry 棕榈油2303 1手(空)@8564 / 棕榈油2304 1手(多)@8536 价差=28 z=1.52
2022-11-04,False,3,6,40.0,70.0,-40.0,0.0,172026.8,8664.0,24231.200000000004,0.0,17.5,0.0,1.7500000000007185e-05,204922.0,空carry 黄金2304 1手(空)@391.04 / 黄金2306 1手(多)@390.9 价差=0.14,多carry 热卷2303 1手(多)@3613 / 热卷2304 1手(空)@3607 价差=6,空carry 棕榈油2303 1手(空)@8670 / 棕榈油2304 1手(多)@8638 价差=32,,[AU] 空carry 黄金2304 1手(空)@391.04 / 黄金2306 1手(多)@390.9 价差=0.14 z=3.14 | [HC] 多carry 热卷2303 1手(多)@3613 / 热卷2304 1手(空)@3607 价差=6 z=-1.41 | [P] 空carry 棕榈油2303 1手(空)@8670 / 棕榈油2304 1手(多)@8638 价差=32 z=1.62
2022-11-07,False,2,4,120.0,-7.18,80.0,0.0,173470.0,0.0,24046.4,0.0,48.21,7.18,4.820525000001748e-05,197516.4,空carry 黄金2304 1手(空)@394.3 / 黄金2306 1手(多)@394.2 价差=0.1,,空carry 棕榈油2303 1手(空)@8606 / 棕榈油2304 1手(多)@8570 价差=36,,[AU] 空carry 黄金2304 1手(空)@394.3 / 黄金2306 1手(多)@394.2 价差=0.1 z=2.10 | [P] 空carry 棕榈油2303 1手(空)@8606 / 棕榈油2304 1手(多)@8570 价差=36 z=1.74
2022-11-08,False,1,2,-40.0,0.0,-60.0,0.0,0.0,0.0,24074.4,0.0,-25.0,40.0,-2.499999999999949e-05,24074.4,,,空carry 棕榈油2303 1手(空)@8612 / 棕榈油2304 1手(多)@8584 价差=28,,[P] 空carry 棕榈油2303 1手(空)@8612 / 棕榈油2304 1手(多)@8584 价差=28 z=1.33
2022-11-09,False,4,8,280.0,112.68,340.0,115.0,177575.2,8781.599999999999,23595.600000000002,24802.4,211.92,52.32,0.00021192050000001274,234754.8,空carry 黄金2304 1手(空)@403.66 / 黄金2306 1手(多)@403.5 价差=0.16,空carry 热卷2303 1手(空)@3667 / 热卷2304 1手(多)@3651 价差=16,空carry 棕榈油2303 1手(空)@8444 / 棕榈油2304 1手(多)@8410 价差=34,空carry 豆油2303 1手(空)@8980 / 豆油2305 1手(多)@8736 价差=244,[AU] 空carry 黄金2304 1手(空)@403.66 / 黄金2306 1手(多)@403.5 价差=0.16 z=2.31 | [HC] 空carry 热卷2303 1手(空)@3667 / 热卷2304 1手(多)@3651 价差=16 z=1.01 | [P] 空carry 棕榈油2303 1手(空)@8444 / 棕榈油2304 1手(多)@8410 价差=34 z=1.56 | [Y] 空carry 豆油2303 1手(空)@8980 / 豆油2305 1手(多)@8736 价差=244 z=0.96
2022-11-10,False,3,6,60.0,75.54,-5.0,-120.0,177724.8,8676.0,0.0,24819.200000000004,2.63,99.46,2.6349999999995716e-06,211220.0,多carry 黄金2304 1手(多)@403.84 / 黄金2306 1手(空)@404 价差=-0.16,多carry 热卷2303 1手(多)@3617 / 热卷2304 1手(空)@3613 价差=4,,空carry 豆油2303 1手(空)@8980 / 豆油2305 1手(多)@8748 价差=232,[AU] 多carry 黄金2304 1手(多)@403.84 / 黄金2306 1手(空)@404 价差=-0.16 z=-1.16 | [HC] 多carry 热卷2303 1手(多)@3617 / 热卷2304 1手(空)@3613 价差=4 z=-1.63 | [Y] 空carry 豆油2303 1手(空)@8980 / 豆油2305 1手(多)@8748 价差=232 z=0.99
2022-11-11,False,2,4,-40.0,-7.41,35.0,60.0,0.0,0.0,24144.4,25127.200000000004,11.9,52.41,1.1898250000001195e-05,49271.6,,,空carry 棕榈油2303 1手(空)@8634 / 棕榈油2304 1手(多)@8612 价差=22,空carry 豆油2303 1手(空)@9096 / 豆油2305 1手(多)@8852 价差=244,[P] 空carry 棕榈油2303 1手(空)@8634 / 棕榈油2304 1手(多)@8612 价差=22 z=0.97 | [Y] 空carry 豆油2303 1手(空)@9096 / 豆油2305 1手(多)@8852 价差=244 z=1.25
2022-11-14,False,4,8,260.0,12.54,-160.0,160.0,177606.0,8955.599999999999,23366.0,24609.200000000004,68.13,47.46,6.813424999997628e-05,234536.8,空carry 黄金2304 1手(空)@403.7 / 黄金2306 1手(多)@403.6 价差=0.1,空carry 热卷2303 1手(空)@3740 / 热卷2304 1手(多)@3723 价差=17,空carry 棕榈油2303 1手(空)@8354 / 棕榈油2304 1手(多)@8336 价差=18,空carry 豆油2303 1手(空)@8908 / 豆油2305 1手(多)@8670 价差=238,[AU] 空carry 黄金2304 1手(空)@403.7 / 黄金2306 1手(多)@403.6 价差=0.1 z=1.47 | [HC] 空carry 热卷2303 1手(空)@3740 / 热卷2304 1手(多)@3723 价差=17 z=1.22 | [P] 空carry 棕榈油2303 1手(空)@8354 / 棕榈油2304 1手(多)@8336 价差=18 z=0.79 | [Y] 空carry 豆油2303 1手(空)@8908 / 豆油2305 1手(多)@8670 价差=238 z=0.98
2022-11-15,False,3,6,-120.0,120.0,120.0,-5.0,178270.4,9022.8,23343.600000000002,0.0,28.75,85.0,2.8750000000012263e-05,210636.8,多carry 黄金2304 1手(多)@405.06 / 黄金2306 1手(空)@405.26 价差=-0.2,空carry 热卷2303 1手(空)@3767 / 热卷2304 1手(多)@3752 价差=15,空carry 棕榈油2303 1手(空)@8354 / 棕榈油2304 1手(多)@8320 价差=34,,[AU] 多carry 黄金2304 1手(多)@405.06 / 黄金2306 1手(空)@405.26 价差=-0.2 z=-1.39 | [HC] 空carry 热卷2303 1手(空)@3767 / 热卷2304 1手(多)@3752 价差=15 z=0.77 | [P] 空carry 棕榈油2303 1手(空)@8354 / 棕榈油2304 1手(多)@8320 价差=34 z=1.47
2022-11-16,False,4,8,-180.0,114.83,-0.0,-5.0,179229.59999999998,9102.0,23046.800000000003,24581.200000000004,-17.54,20.17,-1.754250000001991e-05,235959.6,多carry 黄金2304 1手(多)@407.22 / 黄金2306 1手(空)@407.46 价差=-0.24,多carry 热卷2303 1手(多)@3794 / 热卷2304 1手(空)@3791 价差=3,空carry 棕榈油2303 1手(空)@8242 / 棕榈油2304 1手(多)@8220 价差=22,空carry 豆油2303 1手(空)@8912 / 豆油2305 1手(多)@8646 价差=266,[AU] 多carry 黄金2304 1手(多)@407.22 / 黄金2306 1手(空)@407.46 价差=-0.24 z=-1.58 | [HC] 多carry 热卷2303 1手(多)@3794 / 热卷2304 1手(空)@3791 价差=3 z=-1.68 | [P] 空carry 棕榈油2303 1手(空)@8242 / 棕榈油2304 1手(多)@8220 价差=22 z=0.91 | [Y] 空carry 豆油2303 1手(空)@8912 / 豆油2305 1手(多)@8646 价差=266 z=1.61
2022-11-17,False,4,8,0.0,54.91,-240.0,-20.0,179586.0,9055.2,22514.800000000003,24452.4,-51.27,15.09,-5.1272999999995834e-05,235608.4,多carry 黄金2304 1手(多)@407.94 / 黄金2306 1手(空)@408.36 价差=-0.42,空carry 热卷2303 1手(空)@3781 / 热卷2304 1手(多)@3765 价差=16,空carry 棕榈油2303 1手(空)@8052 / 棕榈油2304 1手(多)@8030 价差=22,空carry 豆油2303 1手(空)@8866 / 豆油2305 1手(多)@8600 价差=266,[AU] 多carry 黄金2304 1手(多)@407.94 / 黄金2306 1手(空)@408.36 价差=-0.42 z=-2.48 | [HC] 空carry 热卷2303 1手(空)@3781 / 热卷2304 1手(多)@3765 价差=16 z=0.89 | [P] 空carry 棕榈油2303 1手(空)@8052 / 棕榈油2304 1手(多)@8030 价差=22 z=0.90 | [Y] 空carry 豆油2303 1手(空)@8866 / 豆油2305 1手(多)@8600 价差=266 z=1.55
2022-11-18,False,3,6,-40.0,-7.56,180.0,760.0,179471.6,0.0,22509.200000000004,24455.200000000004,223.11,7.56,0.00022311075000000578,226436.0,多carry 黄金2304 1手(多)@407.68 / 黄金2306 1手(空)@408.1 价差=-0.42,,空carry 棕榈油2303 1手(空)@8062 / 棕榈油2304 1手(多)@8016 价差=46,空carry 豆油2303 1手(空)@8868 / 豆油2305 1手(多)@8600 价差=268,[AU] 多carry 黄金2304 1手(多)@407.68 / 黄金2306 1手(空)@408.1 价差=-0.42 z=-2.07 | [P] 空carry 棕榈油2303 1手(空)@8062 / 棕榈油2304 1手(多)@8016 价差=46 z=1.98 | [Y] 空carry 豆油2303 1手(空)@8868 / 豆油2305 1手(多)@8600 价差=268 z=1.45
2022-11-21,False,3,6,-40.0,102.53,60.0,-5.0,178574.0,8959.2,22489.600000000002,0.0,29.38,12.47,2.9383499999994725e-05,210022.8,多carry 黄金2304 1手(多)@405.62 / 黄金2306 1手(空)@406.08 价差=-0.46,多carry 热卷2303 1手(多)@3736 / 热卷2304 1手(空)@3730 价差=6,空carry 棕榈油2303 1手(空)@8046 / 棕榈油2304 1手(多)@8018 价差=28,,[AU] 多carry 黄金2304 1手(多)@405.62 / 黄金2306 1手(空)@406.08 价差=-0.46 z=-1.98 | [HC] 多carry 热卷2303 1手(多)@3736 / 热卷2304 1手(空)@3730 价差=6 z=-0.98 | [P] 空carry 棕榈油2303 1手(空)@8046 / 棕榈油2304 1手(多)@8018 价差=28 z=1.15
2022-11-22,False,3,6,220.0,115.12,200.0,0.0,178442.0,8929.2,22716.4,0.0,133.78,14.88,0.00013377949999999192,210087.6,多carry 黄金2304 1手(多)@405.3 / 黄金2306 1手(空)@405.8 价差=-0.5,空carry 热卷2303 1手(空)@3729 / 热卷2304 1手(多)@3712 价差=17,空carry 棕榈油2303 1手(空)@8124 / 棕榈油2304 1手(多)@8102 价差=22,,[AU] 多carry 黄金2304 1手(多)@405.3 / 黄金2306 1手(空)@405.8 价差=-0.5 z=-1.89 | [HC] 空carry 热卷2303 1手(空)@3729 / 热卷2304 1手(多)@3712 价差=17 z=1.10 | [P] 空carry 棕榈油2303 1手(空)@8124 / 棕榈油2304 1手(多)@8102 价差=22 z=0.86
2022-11-23,False,1,2,-40.0,35.03,-5.0,0.0,0.0,8980.8,0.0,0.0,-2.49,59.97,-2.4920000000009957e-06,8980.8,,多carry 热卷2303 1手(多)@3744 / 热卷2304 1手(空)@3740 价差=4,,,[HC] 多carry 热卷2303 1手(多)@3744 / 热卷2304 1手(空)@3740 价差=4 z=-1.23
2022-11-24,False,2,4,-0.0,-7.52,-225.0,0.0,179000.8,0.0,23461.200000000004,0.0,-58.13,52.52,-5.8130750000012474e-05,202462.0,多carry 黄金2304 1手(多)@406.64 / 黄金2306 1手(空)@407 价差=-0.36,,空carry 棕榈油2303 1手(空)@8390 / 棕榈油2304 1手(多)@8368 价差=22,,[AU] 多carry 黄金2304 1手(多)@406.64 / 黄金2306 1手(空)@407 价差=-0.36 z=-1.01 | [P] 空carry 棕榈油2303 1手(空)@8390 / 棕榈油2304 1手(多)@8368 价差=22 z=0.84
2022-11-25,False,2,4,-40.0,0.0,220.0,175.0,0.0,0.0,23648.800000000003,24819.200000000004,88.75,45.0,8.875000000000086e-05,48468.0,,,空carry 棕榈油2303 1手(空)@8468 / 棕榈油2304 1手(多)@8424 价差=44,多carry 豆油2303 1手(多)@8952 / 豆油2305 1手(空)@8776 价差=176,[P] 空carry 棕榈油2303 1手(空)@8468 / 棕榈油2304 1手(多)@8424 价差=44 z=1.75 | [Y] 多carry 豆油2303 1手(多)@8952 / 豆油2305 1手(空)@8776 价差=176 z=-1.06
2022-11-28,False,3,6,80.0,42.39,-40.0,-5.0,179744.40000000002,9132.0,23254.0,0.0,19.35,52.61,1.934750000000611e-05,212130.4,多carry 黄金2304 1手(多)@408.34 / 黄金2306 1手(空)@408.68 价差=-0.34,空carry 热卷2303 1手(空)@3814 / 热卷2304 1手(多)@3796 价差=18,空carry 棕榈油2303 1手(空)@8316 / 棕榈油2304 1手(多)@8294 价差=22,,[AU] 多carry 黄金2304 1手(多)@408.34 / 黄金2306 1手(空)@408.68 价差=-0.34 z=-0.77 | [HC] 空carry 热卷2303 1手(空)@3814 / 热卷2304 1手(多)@3796 价差=18 z=1.35 | [P] 空carry 棕榈油2303 1手(空)@8316 / 棕榈油2304 1手(多)@8294 价差=22 z=0.78
2022-11-29,False,2,4,-40.0,-7.7,60.0,115.0,0.0,0.0,24256.4,25200.0,31.83,52.7,3.182524999999844e-05,49456.4,,,空carry 棕榈油2303 1手(空)@8676 / 棕榈油2304 1手(多)@8650 价差=26,多carry 豆油2303 1手(多)@9094 / 豆油2305 1手(空)@8906 价差=188,[P] 空carry 棕榈油2303 1手(空)@8676 / 棕榈油2304 1手(多)@8650 价差=26 z=0.88 | [Y] 多carry 豆油2303 1手(多)@9094 / 豆油2305 1手(空)@8906 价差=188 z=-0.82
2022-11-30,False,1,2,0.0,-17.68,-5.0,-5.0,0.0,9220.8,0.0,0.0,-6.92,17.68,-6.920999999999283e-06,9220.8,,多carry 热卷2303 1手(多)@3845 / 热卷2304 1手(空)@3839 价差=6,,,[HC] 多carry 热卷2303 1手(多)@3845 / 热卷2304 1手(空)@3839 价差=6 z=-0.83
2022-12-01,False,3,6,0.0,94.63,35.0,-325.0,0.0,9224.4,24066.000000000004,24813.600000000002,-48.84,25.37,-4.884349999999986e-05,58104.0,,空carry 热卷2304 1手(空)@3865 / 热卷2305 1手(多)@3822 价差=43,空carry 棕榈油2304 1手(空)@8630 / 棕榈油2305 1手(多)@8560 价差=70,多carry 豆油2305 1手(多)@8912 / 豆油2307 1手(空)@8812 价差=100,[HC] 空carry 热卷2304 1手(空)@3865 / 热卷2305 1手(多)@3822 价差=43 z=3.52 | [P] 空carry 棕榈油2304 1手(空)@8630 / 棕榈油2305 1手(多)@8560 价差=70 z=2.55 | [Y] 多carry 豆油2305 1手(多)@8912 / 豆油2307 1手(空)@8812 价差=100 z=-2.90
2022-12-02,False,4,8,40.0,100.0,-20.0,180.0,180505.6,9357.599999999999,23466.800000000003,24365.600000000002,75.0,40.0,7.500000000000569e-05,237695.6,多carry 黄金2304 1手(多)@410.04 / 黄金2306 1手(空)@410.44 价差=-0.4,空carry 热卷2304 1手(空)@3915 / 热卷2305 1手(多)@3883 价差=32,空carry 棕榈油2304 1手(空)@8414 / 棕榈油2305 1手(多)@8348 价差=66,多carry 豆油2305 1手(多)@8736 / 豆油2307 1手(空)@8668 价差=68,[AU] 多carry 黄金2304 1手(多)@410.04 / 黄金2306 1手(空)@410.44 价差=-0.4 z=-0.90 | [HC] 空carry 热卷2304 1手(空)@3915 / 热卷2305 1手(多)@3883 价差=32 z=1.91 | [P] 空carry 棕榈油2304 1手(空)@8414 / 棕榈油2305 1手(多)@8348 价差=66 z=2.31 | [Y] 多carry 豆油2305 1手(多)@8736 / 豆油2307 1手(空)@8668 价差=68 z=-2.71
2022-12-05,False,3,6,-40.0,-90.0,-100.0,0.0,0.0,9420.0,23251.200000000004,24514.0,-57.5,40.0,-5.749999999999977e-05,57185.2,,空carry 热卷2304 1手(空)@3936 / 热卷2305 1手(多)@3914 价差=22,空carry 棕榈油2304 1手(空)@8338 / 棕榈油2305 1手(多)@8270 价差=68,多carry 豆油2305 1手(多)@8798 / 豆油2307 1手(空)@8712 价差=86,[HC] 空carry 热卷2304 1手(空)@3936 / 热卷2305 1手(多)@3914 价差=22 z=0.81 | [P] 空carry 棕榈油2304 1手(空)@8338 / 棕榈油2305 1手(多)@8270 价差=68 z=2.26 | [Y] 多carry 豆油2305 1手(多)@8798 / 豆油2307 1手(空)@8712 价差=86 z=-1.98
2022-12-06,False,3,6,0.0,-60.0,100.0,40.0,0.0,9445.2,23046.800000000003,24491.600000000002,20.0,0.0,2.0000000000000903e-05,56983.6,,空carry 热卷2304 1手(空)@3951 / 热卷2305 1手(多)@3920 价差=31,空carry 棕榈油2304 1手(空)@8270 / 棕榈油2305 1手(多)@8192 价差=78,多carry 豆油2305 1手(多)@8790 / 豆油2307 1手(空)@8704 价差=86,[HC] 空carry 热卷2304 1手(空)@3951 / 热卷2305 1手(多)@3920 价差=31 z=1.52 | [P] 空carry 棕榈油2304 1手(空)@8270 / 棕榈油2305 1手(多)@8192 价差=78 z=2.48 | [Y] 多carry 豆油2305 1手(多)@8790 / 豆油2307 1手(空)@8704 价差=86 z=-1.72
2022-12-07,False,3,6,0.0,200.0,300.0,-0.0,0.0,9409.2,22892.800000000003,24441.2,125.0,0.0,0.0001250000000000019,56743.2,,空carry 热卷2304 1手(空)@3939 / 热卷2305 1手(多)@3902 价差=37,空carry 棕榈油2304 1手(空)@8210 / 棕榈油2305 1手(多)@8142 价差=68,多carry 豆油2305 1手(多)@8774 / 豆油2307 1手(空)@8684 价差=90,[HC] 空carry 热卷2304 1手(空)@3939 / 热卷2305 1手(多)@3902 价差=37 z=1.81 | [P] 空carry 棕榈油2304 1手(空)@8210 / 棕榈油2305 1手(多)@8142 价差=68 z=2.02 | [Y] 多carry 豆油2305 1手(多)@8774 / 豆油2307 1手(空)@8684 价差=90 z=-1.46
2022-12-08,False,2,4,0.0,-7.91,220.0,-40.0,0.0,0.0,22716.4,24564.4,43.02,7.91,4.302325000000166e-05,47280.8,,,空carry 棕榈油2304 1手(空)@8132 / 棕榈油2305 1手(多)@8094 价差=38,多carry 豆油2305 1手(多)@8818 / 豆油2307 1手(空)@8728 价差=90,[P] 空carry 棕榈油2304 1手(空)@8132 / 棕榈油2305 1手(多)@8094 价差=38 z=0.93 | [Y] 多carry 豆油2305 1手(多)@8818 / 豆油2307 1手(空)@8728 价差=90 z=-1.31
2022-12-09,False,1,2,0.0,0.0,-5.0,-200.0,0.0,0.0,0.0,24614.800000000003,-51.25,5.0,-5.125000000000068e-05,24614.8,,,,多carry 豆油2305 1手(多)@8834 / 豆油2307 1手(空)@8748 价差=86,[Y] 多carry 豆油2305 1手(多)@8834 / 豆油2307 1手(空)@8748 价差=86 z=-1.23
2022-12-12,False,2,4,0.0,0.0,195.0,200.0,0.0,0.0,21504.000000000004,23914.800000000003,98.75,5.0,9.87500000000029e-05,45418.8,,,多carry 棕榈油2304 1手(多)@7660 / 棕榈油2305 1手(空)@7700 价差=-40,多carry 豆油2305 1手(多)@8574 / 豆油2307 1手(空)@8508 价差=66,[P] 多carry 棕榈油2304 1手(多)@7660 / 棕榈油2305 1手(空)@7700 价差=-40 z=-1.93 | [Y] 多carry 豆油2305 1手(多)@8574 / 豆油2307 1手(空)@8508 价差=66 z=-1.36
2022-12-13,False,2,4,0.0,0.0,200.0,40.0,0.0,0.0,21912.800000000003,24379.600000000002,60.0,0.0,6.0000000000000395e-05,46292.4,,,多carry 棕榈油2304 1手(多)@7816 / 棕榈油2305 1手(空)@7836 价差=-20,多carry 豆油2305 1手(多)@8750 / 豆油2307 1手(空)@8664 价差=86,[P] 多carry 棕榈油2304 1手(多)@7816 / 棕榈油2305 1手(空)@7836 价差=-20 z=-1.14 | [Y] 多carry 豆油2305 1手(多)@8750 / 豆油2307 1手(空)@8664 价差=86 z=-0.97
2022-12-14,False,1,2,0.0,0.0,-5.0,20.0,0.0,0.0,0.0,24441.2,3.75,5.0,3.749999999999318e-06,24441.2,,,,多carry 豆油2305 1手(多)@8774 / 豆油2307 1手(空)@8684 价差=90,[Y] 多carry 豆油2305 1手(多)@8774 / 豆油2307 1手(空)@8684 价差=90 z=-0.83
2022-12-15,False,2,4,160.0,0.0,-5.0,-5.0,178411.2,0.0,22024.800000000003,0.0,37.5,50.0,3.749999999999808e-05,200436.0,空carry 黄金2304 1手(空)@405.36 / 黄金2306 1手(多)@405.6 价差=-0.24,,多carry 棕榈油2304 1手(多)@7856 / 棕榈油2305 1手(空)@7876 价差=-20,,[AU] 空carry 黄金2304 1手(空)@405.36 / 黄金2306 1手(多)@405.6 价差=-0.24 z=1.11 | [P] 多carry 棕榈油2304 1手(多)@7856 / 棕榈油2305 1手(空)@7876 价差=-20 z=-1.13
2022-12-16,False,4,8,100.0,-38.24,100.0,15.0,177557.59999999998,9888.0,21901.600000000002,23805.600000000002,44.19,93.24,4.4189999999989594e-05,233152.8,多carry 黄金2304 1手(多)@403.32 / 黄金2306 1手(空)@403.76 价差=-0.44,空carry 热卷2304 1手(空)@4135 / 热卷2305 1手(多)@4105 价差=30,多carry 棕榈油2304 1手(多)@7812 / 棕榈油2305 1手(空)@7832 价差=-20,多carry 豆油2305 1手(多)@8536 / 豆油2307 1手(空)@8468 价差=68,[AU] 多carry 黄金2304 1手(多)@403.32 / 黄金2306 1手(空)@403.76 价差=-0.44 z=-1.33 | [HC] 空carry 热卷2304 1手(空)@4135 / 热卷2305 1手(多)@4105 价差=30 z=0.90 | [P] 多carry 棕榈油2304 1手(多)@7812 / 棕榈油2305 1手(空)@7832 价差=-20 z=-1.13 | [Y] 多carry 豆油2305 1手(多)@8536 / 豆油2307 1手(空)@8468 价差=68 z=-1.07
2022-12-19,False,3,6,260.0,-20.0,-5.0,-140.0,178732.40000000002,9594.0,0.0,23612.4,23.75,85.0,2.3749999999993398e-05,211938.8,空carry 黄金2304 1手(空)@406.08 / 黄金2306 1手(多)@406.34 价差=-0.26,空carry 热卷2304 1手(空)@4014 / 热卷2305 1手(多)@3981 价差=33,,多carry 豆油2305 1手(多)@8468 / 豆油2307 1手(空)@8398 价差=70,[AU] 空carry 黄金2304 1手(空)@406.08 / 黄金2306 1手(多)@406.34 价差=-0.26 z=0.79 | [HC] 空carry 热卷2304 1手(空)@4014 / 热卷2305 1手(多)@3981 价差=33 z=1.08 | [Y] 多carry 豆油2305 1手(多)@8468 / 豆油2307 1手(空)@8398 价差=70 z=-0.94
2022-12-20,False,3,6,-280.0,10.0,0.0,-20.0,178842.4,9632.4,0.0,23520.0,-72.5,80.0,-7.250000000000477e-05,211994.8,多carry 黄金2304 1手(多)@406.16 / 黄金2306 1手(空)@406.76 价差=-0.6,空carry 热卷2304 1手(空)@4031 / 热卷2305 1手(多)@3996 价差=35,,多carry 豆油2305 1手(多)@8428 / 豆油2307 1手(空)@8372 价差=56,[AU] 多carry 黄金2304 1手(多)@406.16 / 黄金2306 1手(空)@406.76 价差=-0.6 z=-2.94 | [HC] 空carry 热卷2304 1手(空)@4031 / 热卷2305 1手(多)@3996 价差=35 z=1.14 | [Y] 多carry 豆油2305 1手(多)@8428 / 豆油2307 1手(空)@8372 价差=56 z=-1.09
2022-12-21,False,4,8,100.0,-10.0,235.0,-200.0,180584.8,9804.0,21949.200000000004,23730.0,31.25,5.0,3.124999999998911e-05,236068.0,多carry 黄金2304 1手(多)@410.02 / 黄金2306 1手(空)@410.82 价差=-0.8,空carry 热卷2304 1手(空)@4102 / 热卷2305 1手(多)@4068 价差=34,多carry 棕榈油2304 1手(多)@7832 / 棕榈油2305 1手(空)@7846 价差=-14,多carry 豆油2305 1手(多)@8502 / 豆油2307 1手(空)@8448 价差=54,[AU] 多carry 黄金2304 1手(多)@410.02 / 黄金2306 1手(空)@410.82 价差=-0.8 z=-3.17 | [HC] 空carry 热卷2304 1手(空)@4102 / 热卷2305 1手(多)@4068 价差=34 z=0.97 | [P] 多carry 棕榈油2304 1手(多)@7832 / 棕榈油2305 1手(空)@7846 价差=-14 z=-0.89 | [Y] 多carry 豆油2305 1手(多)@8502 / 豆油2307 1手(空)@8448 价差=54 z=-1.03
2022-12-22,False,3,6,20.0,-0.0,-5.0,-140.0,180756.4,9702.0,0.0,23433.200000000004,-31.25,5.0,-3.124999999998752e-05,213891.6,多carry 黄金2304 1手(多)@410.46 / 黄金2306 1手(空)@411.16 价差=-0.7,空carry 热卷2304 1手(空)@4060 / 热卷2305 1手(多)@4025 价差=35,,多carry 豆油2305 1手(多)@8386 / 豆油2307 1手(空)@8352 价差=34,[AU] 多carry 黄金2304 1手(多)@410.46 / 黄金2306 1手(空)@411.16 价差=-0.7 z=-2.04 | [HC] 空carry 热卷2304 1手(空)@4060 / 热卷2305 1手(多)@4025 价差=35 z=0.98 | [Y] 多carry 豆油2305 1手(多)@8386 / 豆油2307 1手(空)@8352 价差=34 z=-1.32
2022-12-23,False,3,6,-160.0,80.0,0.0,180.0,179361.6,9750.0,0.0,23144.800000000003,25.0,0.0,2.5000000000008133e-05,212256.4,多carry 黄金2304 1手(多)@407.3 / 黄金2306 1手(空)@407.98 价差=-0.68,空carry 热卷2304 1手(空)@4080 / 热卷2305 1手(多)@4045 价差=35,,多carry 豆油2305 1手(多)@8276 / 豆油2307 1手(空)@8256 价差=20,[AU] 多carry 黄金2304 1手(多)@407.3 / 黄金2306 1手(空)@407.98 价差=-0.68 z=-1.69 | [HC] 空carry 热卷2304 1手(空)@4080 / 热卷2305 1手(多)@4045 价差=35 z=0.89 | [Y] 多carry 豆油2305 1手(多)@8276 / 豆油2307 1手(空)@8256 价差=20 z=-1.46
2022-12-26,False,2,4,80.0,-8.12,0.0,520.0,179784.0,0.0,0.0,23786.0,147.97,8.12,0.00014796924999999127,203570.0,多carry 黄金2304 1手(多)@408.18 / 黄金2306 1手(空)@409.02 价差=-0.84,,,多carry 豆油2305 1手(多)@8514 / 豆油2307 1手(空)@8476 价差=38,[AU] 多carry 黄金2304 1手(多)@408.18 / 黄金2306 1手(空)@409.02 价差=-0.84 z=-2.14 | [Y] 多carry 豆油2305 1手(多)@8514 / 豆油2307 1手(空)@8476 价差=38 z=-1.04
2022-12-27,False,1,2,0.0,0.0,0.0,-5.0,180083.2,0.0,0.0,0.0,-1.25,5.0,-1.2499999999873808e-06,180083.2,多carry 黄金2304 1手(多)@408.9 / 黄金2306 1手(空)@409.66 价差=-0.76,,,,[AU] 多carry 黄金2304 1手(多)@408.9 / 黄金2306 1手(空)@409.66 价差=-0.76 z=-1.53
2022-12-28,False,3,6,200.0,0.0,75.0,155.0,180338.40000000002,0.0,22873.2,24598.0,107.5,10.0,0.00010749999999999729,227809.6,多carry 黄金2304 1手(多)@409.48 / 黄金2306 1手(空)@410.24 价差=-0.76,,多carry 棕榈油2304 1手(多)@8164 / 棕榈油2305 1手(空)@8174 价差=-10,空carry 豆油2305 1手(空)@8838 / 豆油2307 1手(多)@8732 价差=106,[AU] 多carry 黄金2304 1手(多)@409.48 / 黄金2306 1手(空)@410.24 价差=-0.76 z=-1.37 | [P] 多carry 棕榈油2304 1手(多)@8164 / 棕榈油2305 1手(空)@8174 价差=-10 z=-0.85 | [Y] 空carry 豆油2305 1手(空)@8838 / 豆油2307 1手(多)@8732 价差=106 z=1.38
2022-12-29,False,1,2,-40.0,21.8,-5.0,-5.0,0.0,9835.2,0.0,0.0,-7.05,58.2,-7.049000000001051e-06,9835.2,,多carry 热卷2304 1手(多)@4106 / 热卷2305 1手(空)@4090 价差=16,,,[HC] 多carry 热卷2304 1手(多)@4106 / 热卷2305 1手(空)@4090 价差=16 z=-1.73
2022-12-30,False,2,4,0.0,-20.0,-45.0,0.0,0.0,9966.0,23310.0,0.0,-16.25,5.0,-1.625000000000108e-05,33276.0,,多carry 热卷2304 1手(多)@4162 / 热卷2305 1手(空)@4143 价差=19,多carry 棕榈油2304 1手(多)@8312 / 棕榈油2305 1手(空)@8338 价差=-26,,[HC] 多carry 热卷2304 1手(多)@4162 / 热卷2305 1手(空)@4143 价差=19 z=-1.15 | [P] 多carry 棕榈油2304 1手(多)@8312 / 棕榈油2305 1手(空)@8338 价差=-26 z=-1.38
2023-01-03,False,2,4,320.0,0.0,-5.0,0.0,181196.40000000002,9826.8,0.0,0.0,78.75,45.0,7.874999999998175e-05,191023.2,空carry 黄金2306 1手(空)@411.78 / 黄金2308 1手(多)@411.84 价差=-0.06,多carry 热卷2305 1手(多)@4099 / 热卷2306 1手(空)@4090 价差=9,,,[AU] 空carry 黄金2306 1手(空)@411.78 / 黄金2308 1手(多)@411.84 价差=-0.06 z=1.86 | [HC] 多carry 热卷2305 1手(多)@4099 / 热卷2306 1手(空)@4090 价差=9 z=-2.19
2023-01-04,False,1,2,-40.0,-70.0,0.0,0.0,0.0,9781.2,0.0,0.0,-27.5,40.0,-2.7499999999999937e-05,9781.2,,多carry 热卷2305 1手(多)@4080 / 热卷2306 1手(空)@4071 价差=9,,,[HC] 多carry 热卷2305 1手(多)@4080 / 热卷2306 1手(空)@4071 价差=9 z=-1.87
2023-01-05,False,1,2,0.0,140.0,0.0,0.0,0.0,9772.8,0.0,0.0,35.0,0.0,3.499999999999918e-05,9772.8,,多carry 热卷2305 1手(多)@4073 / 热卷2306 1手(空)@4071 价差=2,,,[HC] 多carry 热卷2305 1手(多)@4073 / 热卷2306 1手(空)@4071 价差=2 z=-2.23
2023-01-06,False,2,4,240.0,-20.0,0.0,0.0,180461.6,9979.2,0.0,0.0,55.0,40.0,5.5000000000015886e-05,190440.8,空carry 黄金2306 1手(空)@410.04 / 黄金2308 1手(多)@410.24 价差=-0.2,多carry 热卷2305 1手(多)@4166 / 热卷2306 1手(空)@4150 价差=16,,,[AU] 空carry 黄金2306 1手(空)@410.04 / 黄金2308 1手(多)@410.24 价差=-0.2 z=1.26 | [HC] 多carry 热卷2305 1手(多)@4166 / 热卷2306 1手(空)@4150 价差=16 z=-0.76
2023-01-09,False,1,2,-40.0,-40.0,0.0,0.0,0.0,9933.599999999999,0.0,0.0,-20.0,40.0,-1.9999999999999012e-05,9933.6,,多carry 热卷2305 1手(多)@4146 / 热卷2306 1手(空)@4132 价差=14,,,[HC] 多carry 热卷2305 1手(多)@4146 / 热卷2306 1手(空)@4132 价差=14 z=-0.92
2023-01-10,False,1,2,0.0,-100.0,0.0,0.0,0.0,9986.4,0.0,0.0,-25.0,0.0,-2.5000000000000896e-05,9986.4,,多carry 热卷2305 1手(多)@4166 / 热卷2306 1手(空)@4156 价差=10,,,[HC] 多carry 热卷2305 1手(多)@4166 / 热卷2306 1手(空)@4156 价差=10 z=-1.23
2023-01-11,False,2,4,0.0,100.0,0.0,275.0,0.0,10063.199999999999,0.0,23763.600000000002,93.75,5.0,9.374999999999991e-05,33826.8,,多carry 热卷2305 1手(多)@4193 / 热卷2306 1手(空)@4193 价差=0,,多carry 豆油2305 1手(多)@8510 / 豆油2307 1手(空)@8464 价差=46,[HC] 多carry 热卷2305 1手(多)@4193 / 热卷2306 1手(空)@4193 价差=0 z=-1.88 | [Y] 多carry 豆油2305 1手(多)@8510 / 豆油2307 1手(空)@8464 价差=46 z=-0.84
2023-01-12,False,1,2,0.0,-20.0,0.0,-5.0,0.0,10024.8,0.0,0.0,-6.25,5.0,-6.249999999999879e-06,10024.8,,多carry 热卷2305 1手(多)@4182 / 热卷2306 1手(空)@4172 价差=10,,,[HC] 多carry 热卷2305 1手(多)@4182 / 热卷2306 1手(空)@4172 价差=10 z=-0.91
2023-01-13,False,3,6,0.0,50.0,-5.0,-5.0,0.0,10075.2,21730.800000000003,23833.600000000002,10.0,10.0,1.0000000000001634e-05,55639.6,,多carry 热卷2305 1手(多)@4202 / 热卷2306 1手(空)@4194 价差=8,多carry 棕榈油2305 1手(多)@7750 / 棕榈油2306 1手(空)@7772 价差=-22,多carry 豆油2305 1手(多)@8534 / 豆油2307 1手(空)@8490 价差=44,[HC] 多carry 热卷2305 1手(多)@4202 / 热卷2306 1手(空)@4194 价差=8 z=-1.00 | [P] 多carry 棕榈油2305 1手(多)@7750 / 棕榈油2306 1手(空)@7772 价差=-22 z=-1.29 | [Y] 多carry 豆油2305 1手(多)@8534 / 豆油2307 1手(空)@8490 价差=44 z=-0.83
2023-01-16,False,2,4,0.0,-8.25,20.0,40.0,0.0,0.0,21775.600000000002,23906.4,12.94,8.25,1.2936749999999305e-05,45682.0,,,多carry 棕榈油2305 1手(多)@7766 / 棕榈油2306 1手(空)@7788 价差=-22,多carry 豆油2305 1手(多)@8560 / 豆油2307 1手(空)@8516 价差=44,[P] 多carry 棕榈油2305 1手(多)@7766 / 棕榈油2306 1手(空)@7788 价差=-22 z=-1.28 | [Y] 多carry 豆油2305 1手(多)@8560 / 豆油2307 1手(空)@8516 价差=44 z=-0.77
2023-01-17,False,3,6,160.0,71.71,-40.0,-5.0,184584.4,9950.4,21756.000000000004,0.0,46.68,53.29,4.6676999999997344e-05,216290.8,空carry 黄金2306 1手(空)@419.4 / 黄金2308 1手(多)@419.62 价差=-0.22,多carry 热卷2305 1手(多)@4148 / 热卷2306 1手(空)@4144 价差=4,多carry 棕榈油2305 1手(多)@7760 / 棕榈油2306 1手(空)@7780 价差=-20,,[AU] 空carry 黄金2306 1手(空)@419.4 / 黄金2308 1手(多)@419.62 价差=-0.22 z=1.45 | [HC] 多carry 热卷2305 1手(多)@4148 / 热卷2306 1手(空)@4144 价差=4 z=-1.16 | [P] 多carry 棕榈油2305 1手(多)@7760 / 棕榈油2306 1手(空)@7780 价差=-20 z=-1.19
2023-01-18,False,2,4,-40.0,-8.38,40.0,35.0,0.0,0.0,21985.600000000002,24348.800000000003,6.65,53.38,6.654999999997944e-06,46334.4,,,多carry 棕榈油2305 1手(多)@7840 / 棕榈油2306 1手(空)@7864 价差=-24,空carry 豆油2305 1手(空)@8736 / 豆油2307 1手(多)@8656 价差=80,[P] 多carry 棕榈油2305 1手(多)@7840 / 棕榈油2306 1手(空)@7864 价差=-24 z=-1.30 | [Y] 空carry 豆油2305 1手(空)@8736 / 豆油2307 1手(多)@8656 价差=80 z=0.95
2023-01-19,False,1,2,0.0,0.0,200.0,-5.0,0.0,0.0,21980.000000000004,0.0,48.75,5.0,4.8749999999999715e-05,21980.0,,,多carry 棕榈油2305 1手(多)@7840 / 棕榈油2306 1手(空)@7860 价差=-20,,[P] 多carry 棕榈油2305 1手(多)@7840 / 棕榈油2306 1手(空)@7860 价差=-20 z=-1.13
2023-01-20,False,1,2,0.0,0.0,-5.0,-85.0,0.0,0.0,0.0,24494.4,-22.5,10.0,-2.2500000000001763e-05,24494.4,,,,空carry 豆油2305 1手(空)@8788 / 豆油2307 1手(多)@8708 价差=80,[Y] 空carry 豆油2305 1手(空)@8788 / 豆油2307 1手(多)@8708 价差=80 z=0.80
2023-01-30,False,2,4,20.0,0.0,0.0,160.0,186388.40000000002,0.0,0.0,24830.4,45.0,40.0,4.499999999999726e-05,211218.8,多carry 黄金2306 1手(多)@423.24 / 黄金2308 1手(空)@423.98 价差=-0.74,,,空carry 豆油2305 1手(空)@8912 / 豆油2307 1手(多)@8824 价差=88,[AU] 多carry 黄金2306 1手(多)@423.24 / 黄金2308 1手(空)@423.98 价差=-0.74 z=-1.08 | [Y] 空carry 豆油2305 1手(空)@8912 / 豆油2307 1手(多)@8824 价差=88 z=1.13
2023-01-31,False,1,2,40.0,0.0,0.0,-5.0,184949.6,0.0,0.0,0.0,8.75,5.0,8.749999999984141e-06,184949.6,多carry 黄金2306 1手(多)@420 / 黄金2308 1手(空)@420.68 价差=-0.68,,,,[AU] 多carry 黄金2306 1手(多)@420 / 黄金2308 1手(空)@420.68 价差=-0.68 z=-0.92
2023-02-01,False,2,4,-100.0,0.0,0.0,-85.0,185856.0,0.0,0.0,24390.800000000003,-46.25,5.0,-4.624999999999534e-05,210246.8,多carry 黄金2306 1手(多)@422.08 / 黄金2308 1手(空)@422.72 价差=-0.64,,,多carry 豆油2307 1手(多)@8720 / 豆油2308 1手(空)@8702 价差=18,[AU] 多carry 黄金2306 1手(多)@422.08 / 黄金2308 1手(空)@422.72 价差=-0.64 z=-0.77 | [Y] 多carry 豆油2307 1手(多)@8720 / 豆油2308 1手(空)@8702 价差=18 z=-2.32
2023-02-02,False,3,6,60.0,11.92,0.0,-100.0,187303.59999999998,9702.0,0.0,23752.4,-7.02,8.09,-7.021249999995085e-06,220758.0,多carry 黄金2306 1手(多)@425.32 / 黄金2308 1手(空)@426.06 价差=-0.74,多carry 热卷2306 1手(多)@4045 / 热卷2307 1手(空)@4040 价差=5,,多carry 豆油2307 1手(多)@8488 / 豆油2308 1手(空)@8478 价差=10,[AU] 多carry 黄金2306 1手(多)@425.32 / 黄金2308 1手(空)@426.06 价差=-0.74 z=-1.31 | [HC] 多carry 热卷2306 1手(多)@4045 / 热卷2307 1手(空)@4040 价差=5 z=-1.05 | [Y] 多carry 豆油2307 1手(多)@8488 / 豆油2308 1手(空)@8478 价差=10 z=-2.36
2023-02-03,False,2,4,-80.0,-8.14,0.0,180.0,184958.4,0.0,0.0,23956.800000000003,22.96,8.14,2.2963750000005785e-05,208915.2,多carry 黄金2306 1手(多)@420.02 / 黄金2308 1手(空)@420.7 价差=-0.68,,,多carry 豆油2307 1手(多)@8556 / 豆油2308 1手(空)@8556 价差=0,[AU] 多carry 黄金2306 1手(多)@420.02 / 黄金2308 1手(空)@420.7 价差=-0.68 z=-0.98 | [Y] 多carry 豆油2307 1手(多)@8556 / 豆油2308 1手(空)@8556 价差=0 z=-2.32
2023-02-06,False,2,4,-100.0,0.0,0.0,40.0,182494.40000000002,0.0,0.0,24015.600000000002,-15.0,0.0,-1.4999999999998039e-05,206510.0,多carry 黄金2306 1手(多)@414.38 / 黄金2308 1手(空)@415.14 价差=-0.76,,,多carry 豆油2307 1手(多)@8586 / 豆油2308 1手(空)@8568 价差=18,[AU] 多carry 黄金2306 1手(多)@414.38 / 黄金2308 1手(空)@415.14 价差=-0.76 z=-1.31 | [Y] 多carry 豆油2307 1手(多)@8586 / 豆油2308 1手(空)@8568 价差=18 z=-1.40
2023-02-07,False,2,4,80.0,0.0,0.0,40.0,182058.8,0.0,0.0,24262.0,30.0,0.0,3.0000000000011063e-05,206320.8,多carry 黄金2306 1手(多)@413.34 / 黄金2308 1手(空)@414.2 价差=-0.86,,,多carry 豆油2307 1手(多)@8676 / 豆油2308 1手(空)@8654 价差=22,[AU] 多carry 黄金2306 1手(多)@413.34 / 黄金2308 1手(空)@414.2 价差=-0.86 z=-1.79 | [Y] 多carry 豆油2307 1手(多)@8676 / 豆油2308 1手(空)@8654 价差=22 z=-1.12
2023-02-08,False,4,8,200.0,111.78,55.0,20.0,182023.6,9867.599999999999,22402.800000000003,24368.4,96.69,13.22,9.669424999998849e-05,238662.4,多carry 黄金2306 1手(多)@413.3 / 黄金2308 1手(空)@414.08 价差=-0.78,多carry 热卷2306 1手(多)@4111 / 热卷2307 1手(空)@4112 价差=-1,空carry 棕榈油2306 1手(空)@8018 / 棕榈油2307 1手(多)@7984 价差=34,多carry 豆油2307 1手(多)@8716 / 豆油2308 1手(空)@8690 价差=26,[AU] 多carry 黄金2306 1手(多)@413.3 / 黄金2308 1手(空)@414.08 价差=-0.78 z=-1.19 | [HC] 多carry 热卷2306 1手(多)@4111 / 热卷2307 1手(空)@4112 价差=-1 z=-2.03 | [P] 空carry 棕榈油2306 1手(空)@8018 / 棕榈油2307 1手(多)@7984 价差=34 z=0.92 | [Y] 多carry 豆油2307 1手(多)@8716 / 豆油2308 1手(空)@8690 价差=26 z=-0.88
2023-02-09,True,0,0,-40.0,-8.29,-5.0,-5.0,0.0,0.0,0.0,0.0,-14.57,58.29,-1.457175e-05,0.0,,,,,全品种空仓
2023-02-10,False,1,2,0.0,0.0,0.0,15.0,0.0,0.0,0.0,23934.4,3.75,5.0,3.749999999996945e-06,23934.4,,,,多carry 豆油2307 1手(多)@8556 / 豆油2308 1手(空)@8540 价差=16,[Y] 多carry 豆油2307 1手(多)@8556 / 豆油2308 1手(空)@8540 价差=16 z=-1.08
2023-02-13,False,1,2,0.0,0.0,0.0,100.0,0.0,0.0,0.0,24004.4,25.0,0.0,2.5000000000000767e-05,24004.4,,,,多carry 豆油2307 1手(多)@8582 / 豆油2308 1手(空)@8564 价差=18,[Y] 多carry 豆油2307 1手(多)@8582 / 豆油2308 1手(空)@8564 价差=18 z=-0.91
2023-02-14,False,1,2,-20.0,0.0,0.0,-5.0,182006.0,0.0,0.0,0.0,-6.25,45.0,-6.249999999992724e-06,182006.0,空carry 黄金2306 1手(空)@413.42 / 黄金2308 1手(多)@413.88 价差=-0.46,,,,[AU] 空carry 黄金2306 1手(空)@413.42 / 黄金2308 1手(多)@413.88 价差=-0.46 z=0.88
2023-02-15,False,2,4,-0.0,0.0,0.0,115.0,181500.0,0.0,0.0,24010.0,28.75,5.0,2.874999999999986e-05,205510.0,空carry 黄金2306 1手(空)@412.26 / 黄金2308 1手(多)@412.74 价差=-0.48,,,多carry 豆油2307 1手(多)@8582 / 豆油2308 1手(空)@8568 价差=14,[AU] 空carry 黄金2306 1手(空)@412.26 / 黄金2308 1手(多)@412.74 价差=-0.48 z=0.79 | [Y] 多carry 豆油2307 1手(多)@8582 / 豆油2308 1手(空)@8568 价差=14 z=-0.93
2023-02-16,True,0,0,-40.0,0.0,0.0,-5.0,0.0,0.0,0.0,0.0,-11.25,45.0,-1.125e-05,0.0,,,,,全品种空仓
2023-02-17,False,1,2,0.0,1.55,0.0,0.0,0.0,10140.0,0.0,0.0,0.39,8.45,3.875000000001068e-07,10140.0,,空carry 热卷2306 1手(空)@4231 / 热卷2307 1手(多)@4219 价差=12,,,[HC] 空carry 热卷2306 1手(空)@4231 / 热卷2307 1手(多)@4219 价差=12 z=0.84
2023-02-20,False,1,2,-60.0,-8.49,0.0,0.0,181847.59999999998,0.0,0.0,0.0,-17.12,48.49,-1.7122749999995397e-05,181847.6,空carry 黄金2306 1手(空)@413.06 / 黄金2308 1手(多)@413.52 价差=-0.46,,,,[AU] 空carry 黄金2306 1手(空)@413.06 / 黄金2308 1手(多)@413.52 价差=-0.46 z=0.81
2023-02-21,False,2,4,-20.0,41.42,0.0,0.0,181570.40000000002,10300.8,0.0,0.0,5.35,8.58,5.354000000002934e-06,191871.2,空carry 黄金2306 1手(空)@412.44 / 黄金2308 1手(多)@412.88 价差=-0.44,多carry 热卷2306 1手(多)@4295 / 热卷2307 1手(空)@4289 价差=6,,,[AU] 空carry 黄金2306 1手(空)@412.44 / 黄金2308 1手(多)@412.88 价差=-0.44 z=1.18 | [HC] 多carry 热卷2306 1手(多)@4295 / 热卷2307 1手(空)@4289 价差=6 z=-0.93
2023-02-22,False,1,2,60.0,-8.53,0.0,0.0,182058.8,0.0,0.0,0.0,12.87,8.53,1.286675000000989e-05,182058.8,空carry 黄金2306 1手(空)@413.56 / 黄金2308 1手(多)@413.98 价差=-0.42,,,,[AU] 空carry 黄金2306 1手(空)@413.56 / 黄金2308 1手(多)@413.98 价差=-0.42 z=1.35
2023-02-23,False,2,4,40.0,0.0,35.0,0.0,181667.2,0.0,22842.4,0.0,18.75,5.0,1.8750000000005684e-05,204509.6,空carry 黄金2306 1手(空)@412.64 / 黄金2308 1手(多)@413.12 价差=-0.48,,空carry 棕榈油2306 1手(空)@8188 / 棕榈油2307 1手(多)@8128 价差=60,,[AU] 空carry 黄金2306 1手(空)@412.64 / 黄金2308 1手(多)@413.12 价差=-0.48 z=0.81 | [P] 空carry 棕榈油2306 1手(空)@8188 / 棕榈油2307 1手(多)@8128 价差=60 z=1.86
2023-02-24,False,1,2,-40.0,0.0,-0.0,0.0,0.0,0.0,23223.200000000004,0.0,-10.0,40.0,-1.000000000000054e-05,23223.2,,,空carry 棕榈油2306 1手(空)@8322 / 棕榈油2307 1手(多)@8266 价差=56,,[P] 空carry 棕榈油2306 1手(空)@8322 / 棕榈油2307 1手(多)@8266 价差=56 z=1.62
2023-02-27,False,1,2,0.0,0.0,-20.0,0.0,0.0,0.0,22988.0,0.0,-5.0,0.0,-4.999999999998934e-06,22988.0,,,空carry 棕榈油2306 1手(空)@8238 / 棕榈油2307 1手(多)@8182 价差=56,,[P] 空carry 棕榈油2306 1手(空)@8238 / 棕榈油2307 1手(多)@8182 价差=56 z=1.61
2023-02-28,False,1,2,0.0,0.0,-40.0,0.0,0.0,0.0,22901.200000000004,0.0,-10.0,0.0,-1.0000000000001996e-05,22901.2,,,空carry 棕榈油2306 1手(空)@8208 / 棕榈油2307 1手(多)@8150 价差=58,,[P] 空carry 棕榈油2306 1手(空)@8208 / 棕榈油2307 1手(多)@8150 价差=58 z=1.64
2023-03-01,False,3,6,140.0,151.45,-180.0,0.0,182943.2,10266.0,22800.4,0.0,27.86,48.56,2.786125000000429e-05,216009.6,多carry 黄金2308 1手(多)@415.42 / 黄金2310 1手(空)@416.14 价差=-0.72,空carry 热卷2307 1手(空)@4286 / 热卷2308 1手(多)@4269 价差=17,空carry 棕榈油2307 1手(空)@8170 / 棕榈油2308 1手(多)@8116 价差=54,,[AU] 多carry 黄金2308 1手(多)@415.42 / 黄金2310 1手(空)@416.14 价差=-0.72 z=-1.00 | [HC] 空carry 热卷2307 1手(空)@4286 / 热卷2308 1手(多)@4269 价差=17 z=2.30 | [P] 空carry 棕榈油2307 1手(空)@8170 / 棕榈油2308 1手(多)@8116 价差=54 z=1.46
2023-03-02,False,2,4,-40.0,82.8,120.0,0.0,0.0,10321.2,22920.800000000003,0.0,40.7,57.2,4.069950000000338e-05,33242.0,,多carry 热卷2307 1手(多)@4301 / 热卷2308 1手(空)@4300 价差=1,空carry 棕榈油2307 1手(空)@8222 / 棕榈油2308 1手(多)@8150 价差=72,,[HC] 多carry 热卷2307 1手(多)@4301 / 热卷2308 1手(空)@4300 价差=1 z=-2.04 | [P] 空carry 棕榈油2307 1手(空)@8222 / 棕榈油2308 1手(多)@8150 价差=72 z=1.98
2023-03-03,False,2,4,0.0,-8.69,100.0,95.0,0.0,0.0,23178.4,25113.200000000004,46.58,13.69,4.657725000000148e-05,48291.6,,,空carry 棕榈油2307 1手(空)@8308 / 棕榈油2308 1手(多)@8248 价差=60,多carry 豆油2307 1手(多)@8978 / 豆油2308 1手(空)@8960 价差=18,[P] 空carry 棕榈油2307 1手(空)@8308 / 棕榈油2308 1手(多)@8248 价差=60 z=1.57 | [Y] 多carry 豆油2307 1手(多)@8978 / 豆油2308 1手(空)@8960 价差=18 z=-1.22
2023-03-06,False,3,6,-40.0,0.0,40.0,90.0,184835.2,0.0,22806.000000000004,24757.600000000002,22.5,50.0,2.2500000000014428e-05,232398.8,空carry 黄金2308 1手(空)@419.86 / 黄金2310 1手(多)@420.3 价差=-0.44,,空carry 棕榈油2307 1手(空)@8170 / 棕榈油2308 1手(多)@8120 价差=50,空carry 豆油2307 1手(空)@8856 / 豆油2308 1手(多)@8828 价差=28,[AU] 空carry 黄金2308 1手(空)@419.86 / 黄金2310 1手(多)@420.3 价差=-0.44 z=1.01 | [P] 空carry 棕榈油2307 1手(空)@8170 / 棕榈油2308 1手(多)@8120 价差=50 z=1.28 | [Y] 空carry 豆油2307 1手(空)@8856 / 豆油2308 1手(多)@8828 价差=28 z=0.80
2023-03-07,False,4,8,20.0,-8.65,-140.0,30.0,185011.2,10380.0,22716.4,24710.0,-24.66,18.65,-2.4662499999989046e-05,242817.6,空carry 黄金2308 1手(空)@420.26 / 黄金2310 1手(多)@420.7 价差=-0.44,多carry 热卷2307 1手(多)@4326 / 热卷2308 1手(空)@4324 价差=2,空carry 棕榈油2307 1手(空)@8136 / 棕榈油2308 1手(多)@8090 价差=46,多carry 豆油2307 1手(多)@8834 / 豆油2308 1手(空)@8816 价差=18,[AU] 空carry 黄金2308 1手(空)@420.26 / 黄金2310 1手(多)@420.7 价差=-0.44 z=1.00 | [HC] 多carry 热卷2307 1手(多)@4326 / 热卷2308 1手(空)@4324 价差=2 z=-1.65 | [P] 空carry 棕榈油2307 1手(空)@8136 / 棕榈油2308 1手(多)@8090 价差=46 z=1.18 | [Y] 多carry 豆油2307 1手(多)@8834 / 豆油2308 1手(空)@8816 价差=18 z=-1.26
2023-03-08,False,2,4,-40.0,60.0,40.0,-5.0,0.0,10358.4,22349.600000000002,0.0,13.75,45.0,1.3750000000001937e-05,32708.0,,多carry 热卷2307 1手(多)@4317 / 热卷2308 1手(空)@4315 价差=2,空carry 棕榈油2307 1手(空)@8012 / 棕榈油2308 1手(多)@7952 价差=60,,[HC] 多carry 热卷2307 1手(多)@4317 / 热卷2308 1手(空)@4315 价差=2 z=-1.83 | [P] 空carry 棕榈油2307 1手(空)@8012 / 棕榈油2308 1手(多)@7952 价差=60 z=1.76
2023-03-09,False,3,6,320.0,-8.75,-0.0,-125.0,182991.59999999998,0.0,22321.600000000002,24407.600000000002,46.56,53.75,4.656349999999722e-05,229720.8,多carry 黄金2308 1手(多)@415.46 / 黄金2310 1手(空)@416.32 价差=-0.86,,空carry 棕榈油2307 1手(空)@8000 / 棕榈油2308 1手(多)@7944 价差=56,多carry 豆油2307 1手(多)@8726 / 豆油2308 1手(空)@8708 价差=18,[AU] 多carry 黄金2308 1手(多)@415.46 / 黄金2310 1手(空)@416.32 价差=-0.86 z=-2.78 | [P] 空carry 棕榈油2307 1手(空)@8000 / 棕榈油2308 1手(多)@7944 价差=56 z=1.64 | [Y] 多carry 豆油2307 1手(多)@8726 / 豆油2308 1手(空)@8708 价差=18 z=-1.10
2023-03-10,False,3,6,-40.0,-148.72,160.0,160.0,0.0,10468.8,21952.0,23954.0,32.82,48.72,3.281900000000019e-05,56374.8,,空carry 热卷2307 1手(空)@4370 / 热卷2308 1手(多)@4354 价差=16,空carry 棕榈油2307 1手(空)@7868 / 棕榈油2308 1手(多)@7812 价差=56,多carry 豆油2307 1手(多)@8558 / 豆油2308 1手(空)@8552 价差=6,[HC] 空carry 热卷2307 1手(空)@4370 / 热卷2308 1手(多)@4354 价差=16 z=1.66 | [P] 空carry 棕榈油2307 1手(空)@7868 / 棕榈油2308 1手(多)@7812 价差=56 z=1.63 | [Y] 多carry 豆油2307 1手(多)@8558 / 豆油2308 1手(空)@8552 价差=6 z=-2.78
2023-03-13,False,3,6,220.0,200.0,20.0,-5.0,185640.40000000002,10584.0,21806.4,0.0,108.75,45.0,0.00010875000000002732,218030.8,空carry 黄金2308 1手(空)@421.74 / 黄金2310 1手(多)@422.08 价差=-0.34,空carry 热卷2307 1手(空)@4425 / 热卷2308 1手(多)@4395 价差=30,空carry 棕榈油2307 1手(空)@7808 / 棕榈油2308 1手(多)@7768 价差=40,,[AU] 空carry 黄金2308 1手(空)@421.74 / 黄金2310 1手(多)@422.08 价差=-0.34 z=1.55 | [HC] 空carry 热卷2307 1手(空)@4425 / 热卷2308 1手(多)@4395 价差=30 z=3.20 | [P] 空carry 棕榈油2307 1手(空)@7808 / 棕榈油2308 1手(多)@7768 价差=40 z=1.02
2023-03-14,False,1,2,-40.0,-8.88,-140.0,0.0,0.0,0.0,21406.0,0.0,-47.22,48.88,-4.7220499999999776e-05,21406.0,,,空carry 棕榈油2307 1手(空)@7664 / 棕榈油2308 1手(多)@7626 价差=38,,[P] 空carry 棕榈油2307 1手(空)@7664 / 棕榈油2308 1手(多)@7626 价差=38 z=0.95
2023-03-15,False,3,6,-20.0,-18.83,-100.0,0.0,187972.4,10597.2,21599.200000000004,0.0,-34.71,48.83,-3.4707749999999434e-05,220168.8,空carry 黄金2308 1手(空)@427 / 黄金2310 1手(多)@427.42 价差=-0.42,多carry 热卷2307 1手(多)@4414 / 热卷2308 1手(空)@4417 价差=-3,空carry 棕榈油2307 1手(空)@7740 / 棕榈油2308 1手(多)@7688 价差=52,,[AU] 空carry 黄金2308 1手(空)@427 / 黄金2310 1手(多)@427.42 价差=-0.42 z=0.93 | [HC] 多carry 热卷2307 1手(多)@4414 / 热卷2308 1手(空)@4417 价差=-3 z=-1.83 | [P] 空carry 棕榈油2307 1手(空)@7740 / 棕榈油2308 1手(多)@7688 价差=52 z=1.43
2023-03-16,False,4,8,-60.0,130.0,-140.0,-5.0,189728.0,10240.8,21254.800000000003,22918.000000000004,-18.75,5.0,-1.874999999999442e-05,244141.6,空carry 黄金2308 1手(空)@430.98 / 黄金2310 1手(多)@431.42 价差=-0.44,多carry 热卷2307 1手(多)@4265 / 热卷2308 1手(空)@4269 价差=-4,空carry 棕榈油2307 1手(空)@7622 / 棕榈油2308 1手(多)@7560 价差=62,多carry 豆油2307 1手(多)@8190 / 豆油2308 1手(空)@8180 价差=10,[AU] 空carry 黄金2308 1手(空)@430.98 / 黄金2310 1手(多)@431.42 价差=-0.44 z=0.77 | [HC] 多carry 热卷2307 1手(多)@4265 / 热卷2308 1手(空)@4269 价差=-4 z=-1.71 | [P] 空carry 棕榈油2307 1手(空)@7622 / 棕榈油2308 1手(多)@7560 价差=62 z=1.77 | [Y] 多carry 豆油2307 1手(多)@8190 / 豆油2308 1手(空)@8180 价差=10 z=-2.00
2023-03-17,False,3,6,220.0,-8.64,180.0,60.0,190524.4,0.0,21442.4,22951.600000000002,112.84,8.64,0.00011284124999998866,234918.4,空carry 黄金2308 1手(空)@432.82 / 黄金2310 1手(多)@433.2 价差=-0.38,,空carry 棕榈油2307 1手(空)@7696 / 棕榈油2308 1手(多)@7620 价差=76,多carry 豆油2307 1手(多)@8202 / 豆油2308 1手(空)@8192 价差=10,[AU] 空carry 黄金2308 1手(空)@432.82 / 黄金2310 1手(多)@433.2 价差=-0.38 z=1.16 | [P] 空carry 棕榈油2307 1手(空)@7696 / 棕榈油2308 1手(多)@7620 价差=76 z=2.16 | [Y] 多carry 豆油2307 1手(多)@8202 / 豆油2308 1手(空)@8192 价差=10 z=-1.73
2023-03-20,False,2,4,-40.0,-28.52,80.0,-5.0,0.0,10227.599999999999,20969.200000000004,0.0,1.62,53.52,1.619249999999166e-06,31196.8,,多carry 热卷2307 1手(多)@4261 / 热卷2308 1手(空)@4262 价差=-1,空carry 棕榈油2307 1手(空)@7518 / 棕榈油2308 1手(多)@7460 价差=58,,[HC] 多carry 热卷2307 1手(多)@4261 / 热卷2308 1手(空)@4262 价差=-1 z=-1.17 | [P] 空carry 棕榈油2307 1手(空)@7518 / 棕榈油2308 1手(多)@7460 价差=58 z=1.49
2023-03-21,False,4,8,260.0,130.0,-80.0,35.0,194598.8,10155.599999999999,20963.600000000002,22766.800000000003,86.25,45.0,8.625000000001015e-05,248484.8,空carry 黄金2308 1手(空)@442.06 / 黄金2310 1手(多)@442.48 价差=-0.42,多carry 热卷2307 1手(多)@4230 / 热卷2308 1手(空)@4233 价差=-3,空carry 棕榈油2307 1手(空)@7512 / 棕榈油2308 1手(多)@7462 价差=50,多carry 豆油2307 1手(多)@8136 / 豆油2308 1手(空)@8126 价差=10,[AU] 空carry 黄金2308 1手(空)@442.06 / 黄金2310 1手(多)@442.48 价差=-0.42 z=0.93 | [HC] 多carry 热卷2307 1手(多)@4230 / 热卷2308 1手(空)@4233 价差=-3 z=-1.31 | [P] 空carry 棕榈油2307 1手(空)@7512 / 棕榈油2308 1手(多)@7462 价差=50 z=1.15 | [Y] 多carry 豆油2307 1手(多)@8136 / 豆油2308 1手(空)@8126 价差=10 z=-1.51
2023-03-22,False,3,6,80.0,-8.48,140.0,-80.0,191945.6,0.0,20241.200000000004,22184.4,32.88,88.48,3.2880000000015176e-05,234371.2,多carry 黄金2308 1手(多)@435.88 / 黄金2310 1手(空)@436.6 价差=-0.72,,空carry 棕榈油2307 1手(空)@7258 / 棕榈油2308 1手(多)@7200 价差=58,多carry 豆油2307 1手(多)@7930 / 豆油2308 1手(空)@7916 价差=14,[AU] 多carry 黄金2308 1手(多)@435.88 / 黄金2310 1手(空)@436.6 价差=-0.72 z=-1.17 | [P] 空carry 棕榈油2307 1手(空)@7258 / 棕榈油2308 1手(多)@7200 价差=58 z=1.47 | [Y] 多carry 豆油2307 1手(多)@7930 / 豆油2308 1手(空)@7916 价差=14 z=-0.81
2023-03-23,False,3,6,-40.0,91.63,-140.0,40.0,0.0,10044.0,19919.200000000004,21966.0,-12.09,48.37,-1.2092499999997926e-05,51929.2,,多carry 热卷2307 1手(多)@4182 / 热卷2308 1手(空)@4188 价差=-6,空carry 棕榈油2307 1手(空)@7136 / 棕榈油2308 1手(多)@7092 价差=44,多carry 豆油2307 1手(多)@7848 / 豆油2308 1手(空)@7842 价差=6,[HC] 多carry 热卷2307 1手(多)@4182 / 热卷2308 1手(空)@4188 价差=-6 z=-1.48 | [P] 空carry 棕榈油2307 1手(空)@7136 / 棕榈油2308 1手(多)@7092 价差=44 z=0.93 | [Y] 多carry 豆油2307 1手(多)@7848 / 豆油2308 1手(空)@7842 价差=6 z=-1.77
2023-03-24,False,2,4,0.0,-8.39,-140.0,40.0,0.0,0.0,20095.600000000002,21876.4,-27.1,8.39,-2.7098499999999077e-05,41972.0,,,空carry 棕榈油2307 1手(空)@7206 / 棕榈油2308 1手(多)@7148 价差=58,多carry 豆油2307 1手(多)@7818 / 豆油2308 1手(空)@7808 价差=10,[P] 空carry 棕榈油2307 1手(空)@7206 / 棕榈油2308 1手(多)@7148 价差=58 z=1.41 | [Y] 多carry 豆油2307 1手(多)@7818 / 豆油2308 1手(空)@7808 价差=10 z=-1.08
2023-03-27,False,1,2,0.0,0.0,20.0,-5.0,0.0,0.0,20104.0,0.0,3.75,5.0,3.7499999999987495e-06,20104.0,,,空carry 棕榈油2307 1手(空)@7216 / 棕榈油2308 1手(多)@7144 价差=72,,[P] 空carry 棕榈油2307 1手(空)@7216 / 棕榈油2308 1手(多)@7144 价差=72 z=1.85
2023-03-28,False,1,2,0.0,0.0,100.0,0.0,0.0,0.0,20431.600000000002,0.0,25.0,0.0,2.499999999999819e-05,20431.6,,,空carry 棕榈油2307 1手(空)@7332 / 棕榈油2308 1手(多)@7262 价差=70,,[P] 空carry 棕榈油2307 1手(空)@7332 / 棕榈油2308 1手(多)@7262 价差=70 z=1.66
2023-03-29,False,4,8,180.0,-8.49,40.0,-25.0,192975.2,10184.4,20451.2,22209.600000000002,46.63,53.49,4.6628249999993134e-05,245820.4,多carry 黄金2308 1手(多)@438.24 / 黄金2310 1手(空)@438.92 价差=-0.68,空carry 热卷2307 1手(空)@4250 / 热卷2308 1手(多)@4237 价差=13,空carry 棕榈油2307 1手(空)@7334 / 棕榈油2308 1手(多)@7274 价差=60,空carry 豆油2307 1手(空)@7944 / 豆油2308 1手(多)@7920 价差=24,[AU] 多carry 黄金2308 1手(多)@438.24 / 黄金2310 1手(空)@438.92 价差=-0.68 z=-0.94 | [HC] 空carry 热卷2307 1手(空)@4250 / 热卷2308 1手(多)@4237 价差=13 z=0.84 | [P] 空carry 棕榈油2307 1手(空)@7334 / 棕榈油2308 1手(多)@7274 价差=60 z=1.25 | [Y] 空carry 豆油2307 1手(空)@7944 / 豆油2308 1手(多)@7920 价差=24 z=1.05
2023-03-30,False,3,6,-40.0,40.0,-20.0,-20.0,0.0,10206.0,20680.800000000003,22498.0,-10.0,40.0,-9.99999999999824e-06,53384.8,,空carry 热卷2307 1手(空)@4259 / 热卷2308 1手(多)@4246 价差=13,空carry 棕榈油2307 1手(空)@7414 / 棕榈油2308 1手(多)@7358 价差=56,空carry 豆油2307 1手(空)@8048 / 豆油2308 1手(多)@8022 价差=26,[HC] 空carry 热卷2307 1手(空)@4259 / 热卷2308 1手(多)@4246 价差=13 z=0.76 | [P] 空carry 棕榈油2307 1手(空)@7414 / 棕榈油2308 1手(多)@7358 价差=56 z=1.05 | [Y] 空carry 豆油2307 1手(空)@8048 / 豆油2308 1手(多)@8022 价差=26 z=1.39
2023-03-31,False,2,4,0.0,-8.54,-440.0,-60.0,0.0,0.0,20588.4,22500.800000000003,-127.13,8.54,-0.00012713474999999887,43089.2,,,空carry 棕榈油2307 1手(空)@7382 / 棕榈油2308 1手(多)@7324 价差=58,空carry 豆油2307 1手(空)@8050 / 豆油2308 1手(多)@8022 价差=28,[P] 空carry 棕榈油2307 1手(空)@7382 / 棕榈油2308 1手(多)@7324 价差=58 z=1.09 | [Y] 空carry 豆油2307 1手(空)@8050 / 豆油2308 1手(多)@8022 价差=28 z=1.52
2023-04-03,False,2,4,0.0,0.0,-40.0,20.0,0.0,0.0,20798.4,22764.0,-5.0,0.0,-5.000000000000796e-06,43562.4,,,空carry 棕榈油2308 1手(空)@7478 / 棕榈油2309 1手(多)@7378 价差=100,空carry 豆油2308 1手(空)@8146 / 豆油2309 1手(多)@8114 价差=32,[P] 空carry 棕榈油2308 1手(空)@7478 / 棕榈油2309 1手(多)@7378 价差=100 z=2.43 | [Y] 空carry 豆油2308 1手(空)@8146 / 豆油2309 1手(多)@8114 价差=32 z=1.95
2023-04-04,False,2,4,0.0,0.0,20.0,80.0,0.0,0.0,20988.800000000003,22862.000000000004,25.0,0.0,2.500000000000085e-05,43850.8,,,空carry 棕榈油2308 1手(空)@7548 / 棕榈油2309 1手(多)@7444 价差=104,空carry 豆油2308 1手(空)@8180 / 豆油2309 1手(多)@8150 价差=30,[P] 空carry 棕榈油2308 1手(空)@7548 / 棕榈油2309 1手(多)@7444 价差=104 z=2.37 | [Y] 空carry 豆油2308 1手(空)@8180 / 豆油2309 1手(多)@8150 价差=30 z=1.50
2023-04-06,False,2,4,80.0,0.0,160.0,-5.0,197252.0,0.0,20711.600000000002,0.0,58.75,45.0,5.8749999999992775e-05,217963.6,多carry 黄金2308 1手(多)@447.94 / 黄金2310 1手(空)@448.66 价差=-0.72,,空carry 棕榈油2308 1手(空)@7448 / 棕榈油2309 1手(多)@7346 价差=102,,[AU] 多carry 黄金2308 1手(多)@447.94 / 黄金2310 1手(空)@448.66 价差=-0.72 z=-1.08 | [P] 空carry 棕榈油2308 1手(空)@7448 / 棕榈油2309 1手(多)@7346 价差=102 z=2.21
2023-04-07,False,1,2,-40.0,0.0,-120.0,0.0,0.0,0.0,20599.600000000002,0.0,-40.0,40.0,-4.0000000000001304e-05,20599.6,,,空carry 棕榈油2308 1手(空)@7400 / 棕榈油2309 1手(多)@7314 价差=86,,[P] 空carry 棕榈油2308 1手(空)@7400 / 棕榈油2309 1手(多)@7314 价差=86 z=1.64
2023-04-10,False,2,4,0.0,21.92,-140.0,0.0,0.0,9699.599999999999,20325.200000000004,0.0,-29.52,8.08,-2.952074999999929e-05,30024.8,,空carry 热卷2308 1手(空)@4048 / 热卷2309 1手(多)@4035 价差=13,空carry 棕榈油2308 1手(空)@7308 / 棕榈油2309 1手(多)@7210 价差=98,,[HC] 空carry 热卷2308 1手(空)@4048 / 热卷2309 1手(多)@4035 价差=13 z=0.78 | [P] 空carry 棕榈油2308 1手(空)@7308 / 棕榈油2309 1手(多)@7210 价差=98 z=1.96
2023-04-11,False,3,6,0.0,-8.15,-40.0,-45.0,196257.6,0.0,20652.800000000003,22467.200000000004,-23.29,53.15,-2.3287499999994942e-05,239377.6,多carry 黄金2308 1手(多)@445.7 / 黄金2310 1手(空)@446.38 价差=-0.68,,空carry 棕榈油2308 1手(空)@7432 / 棕榈油2309 1手(多)@7320 价差=112,空carry 豆油2308 1手(空)@8038 / 豆油2309 1手(多)@8010 价差=28,[AU] 多carry 黄金2308 1手(多)@445.7 / 黄金2310 1手(空)@446.38 价差=-0.68 z=-1.09 | [P] 空carry 棕榈油2308 1手(空)@7432 / 棕榈油2309 1手(多)@7320 价差=112 z=2.20 | [Y] 空carry 豆油2308 1手(空)@8038 / 豆油2309 1手(多)@8010 价差=28 z=1.15
2023-04-12,False,2,4,-40.0,0.0,200.0,-60.0,0.0,0.0,20406.4,22276.800000000003,25.0,40.0,2.499999999999892e-05,42683.2,,,空carry 棕榈油2308 1手(空)@7346 / 棕榈油2309 1手(多)@7230 价差=116,空carry 豆油2308 1手(空)@7972 / 豆油2309 1手(多)@7940 价差=32,[P] 空carry 棕榈油2308 1手(空)@7346 / 棕榈油2309 1手(多)@7230 价差=116 z=2.22 | [Y] 空carry 豆油2308 1手(空)@7972 / 豆油2309 1手(多)@7940 价差=32 z=1.49
2023-04-13,False,4,8,-100.0,11.99,-100.0,140.0,197964.8,9608.4,20059.200000000004,22078.0,-12.0,48.01,-1.2001749999997316e-05,249710.4,多carry 黄金2308 1手(多)@449.54 / 黄金2310 1手(空)@450.3 价差=-0.76,空carry 热卷2308 1手(空)@4012 / 热卷2309 1手(多)@3995 价差=17,空carry 棕榈油2308 1手(空)@7212 / 棕榈油2309 1手(多)@7116 价差=96,空carry 豆油2308 1手(空)@7904 / 豆油2309 1手(多)@7866 价差=38,[AU] 多carry 黄金2308 1手(多)@449.54 / 黄金2310 1手(空)@450.3 价差=-0.76 z=-1.61 | [HC] 空carry 热卷2308 1手(空)@4012 / 热卷2309 1手(多)@3995 价差=17 z=1.64 | [P] 空carry 棕榈油2308 1手(空)@7212 / 棕榈油2309 1手(多)@7116 价差=96 z=1.62 | [Y] 空carry 豆油2308 1手(空)@7904 / 豆油2309 1手(多)@7866 价差=38 z=1.92
2023-04-14,False,3,6,160.0,-30.0,360.0,-5.0,199025.2,9673.199999999999,19966.800000000003,0.0,121.25,5.0,0.00012124999999999698,228665.2,多carry 黄金2308 1手(多)@451.92 / 黄金2310 1手(空)@452.74 价差=-0.82,空carry 热卷2308 1手(空)@4038 / 热卷2309 1手(多)@4023 价差=15,空carry 棕榈油2308 1手(空)@7184 / 棕榈油2309 1手(多)@7078 价差=106,,[AU] 多carry 黄金2308 1手(多)@451.92 / 黄金2310 1手(空)@452.74 价差=-0.82 z=-1.86 | [HC] 空carry 热卷2308 1手(空)@4038 / 热卷2309 1手(多)@4023 价差=15 z=1.23 | [P] 空carry 棕榈油2308 1手(空)@7184 / 棕榈油2309 1手(多)@7078 价差=106 z=1.84
2023-04-17,False,2,4,-40.0,-30.0,300.0,0.0,0.0,9722.4,20134.800000000003,0.0,57.5,40.0,5.749999999999947e-05,29857.2,,空carry 热卷2308 1手(空)@4060 / 热卷2309 1手(多)@4042 价差=18,空carry 棕榈油2308 1手(空)@7226 / 棕榈油2309 1手(多)@7156 价差=70,,[HC] 空carry 热卷2308 1手(空)@4060 / 热卷2309 1手(多)@4042 价差=18 z=1.53 | [P] 空carry 棕榈油2308 1手(空)@7226 / 棕榈油2309 1手(多)@7156 价差=70 z=0.78
2023-04-18,False,3,6,-80.0,130.0,-5.0,55.0,196152.0,9788.4,0.0,22444.800000000003,25.0,50.0,2.5000000000004192e-05,228385.2,多carry 黄金2308 1手(多)@445.42 / 黄金2310 1手(空)@446.18 价差=-0.76,空carry 热卷2308 1手(空)@4089 / 热卷2309 1手(多)@4068 价差=21,,多carry 豆油2308 1手(多)@8022 / 豆油2309 1手(空)@8010 价差=12,[AU] 多carry 黄金2308 1手(多)@445.42 / 黄金2310 1手(空)@446.18 价差=-0.76 z=-1.31 | [HC] 空carry 热卷2308 1手(空)@4089 / 热卷2309 1手(多)@4068 价差=21 z=1.75 | [Y] 多carry 豆油2308 1手(多)@8022 / 豆油2309 1手(空)@8010 价差=12 z=-1.11
2023-04-19,False,1,2,-20.0,-8.1,0.0,-5.0,196020.0,0.0,0.0,0.0,-8.27,13.1,-8.274500000001421e-06,196020.0,多carry 黄金2308 1手(多)@445.1 / 黄金2310 1手(空)@445.9 价差=-0.8,,,,[AU] 多carry 黄金2308 1手(多)@445.1 / 黄金2310 1手(空)@445.9 价差=-0.8 z=-1.59
2023-04-20,False,2,4,-0.0,81.98,0.0,0.0,196270.8,9627.599999999999,0.0,0.0,20.49,8.02,2.0494249999998124e-05,205898.4,多carry 黄金2308 1手(多)@445.66 / 黄金2310 1手(空)@446.48 价差=-0.82,空carry 热卷2308 1手(空)@4022 / 热卷2309 1手(多)@4001 价差=21,,,[AU] 多carry 黄金2308 1手(多)@445.66 / 黄金2310 1手(空)@446.48 价差=-0.82 z=-1.65 | [HC] 空carry 热卷2308 1手(空)@4022 / 热卷2309 1手(多)@4001 价差=21 z=1.61
2023-04-21,False,2,4,-180.0,-7.85,175.0,0.0,195382.0,0.0,19955.600000000002,0.0,-3.21,12.85,-3.2135000000075566e-06,215337.6,多carry 黄金2308 1手(多)@443.64 / 黄金2310 1手(空)@444.46 价差=-0.82,,空carry 棕榈油2308 1手(空)@7174 / 棕榈油2309 1手(多)@7080 价差=94,,[AU] 多carry 黄金2308 1手(多)@443.64 / 黄金2310 1手(空)@444.46 价差=-0.82 z=-1.49 | [P] 空carry 棕榈油2308 1手(空)@7174 / 棕榈油2309 1手(多)@7080 价差=94 z=1.49
2023-04-24,False,4,8,20.0,82.36,-60.0,15.0,194840.8,9170.4,19706.4,21126.0,14.34,12.64,1.4339500000007156e-05,244843.6,多carry 黄金2308 1手(多)@442.32 / 黄金2310 1手(空)@443.32 价差=-1,空carry 热卷2308 1手(空)@3830 / 热卷2309 1手(多)@3812 价差=18,空carry 棕榈油2308 1手(空)@7076 / 棕榈油2309 1手(多)@7000 价差=76,空carry 豆油2308 1手(空)@7562 / 豆油2309 1手(多)@7528 价差=34,[AU] 多carry 黄金2308 1手(多)@442.32 / 黄金2310 1手(空)@443.32 价差=-1 z=-2.46 | [HC] 空carry 热卷2308 1手(空)@3830 / 热卷2309 1手(多)@3812 价差=18 z=1.13 | [P] 空carry 棕榈油2308 1手(空)@7076 / 棕榈油2309 1手(多)@7000 价差=76 z=0.92 | [Y] 空carry 豆油2308 1手(空)@7562 / 豆油2309 1手(多)@7528 价差=34 z=1.40
2023-04-25,False,3,6,40.0,-7.59,-160.0,-480.0,196490.8,0.0,19838.0,21173.600000000002,-151.9,7.59,-0.00015189824999999282,237502.4,多carry 黄金2308 1手(多)@446.08 / 黄金2310 1手(空)@447.06 价差=-0.98,,空carry 棕榈油2308 1手(空)@7126 / 棕榈油2309 1手(多)@7044 价差=82,空carry 豆油2308 1手(空)@7578 / 豆油2309 1手(多)@7546 价差=32,[AU] 多carry 黄金2308 1手(多)@446.08 / 黄金2310 1手(空)@447.06 价差=-0.98 z=-1.90 | [P] 空carry 棕榈油2308 1手(空)@7126 / 棕榈油2309 1手(多)@7044 价差=82 z=1.07 | [Y] 空carry 豆油2308 1手(空)@7578 / 豆油2309 1手(多)@7546 价差=32 z=1.02
2023-04-26,False,4,8,60.0,42.38,20.0,-140.0,197159.59999999998,9150.0,19860.4,21380.800000000003,-4.41,7.62,-4.4062500000075745e-06,247550.8,多carry 黄金2308 1手(多)@447.62 / 黄金2310 1手(空)@448.56 价差=-0.94,空carry 热卷2308 1手(空)@3821 / 热卷2309 1手(多)@3804 价差=17,空carry 棕榈油2308 1手(空)@7142 / 棕榈油2309 1手(多)@7044 价差=98,空carry 豆油2308 1手(空)@7676 / 豆油2309 1手(多)@7596 价差=80,[AU] 多carry 黄金2308 1手(多)@447.62 / 黄金2310 1手(空)@448.56 价差=-0.94 z=-1.43 | [HC] 空carry 热卷2308 1手(空)@3821 / 热卷2309 1手(多)@3804 价差=17 z=0.87 | [P] 空carry 棕榈油2308 1手(空)@7142 / 棕榈油2309 1手(多)@7044 价差=98 z=1.55 | [Y] 空carry 豆油2308 1手(空)@7676 / 豆油2309 1手(多)@7596 价差=80 z=3.73
2023-04-27,False,3,6,-180.0,-7.57,380.0,20.0,197560.0,0.0,19376.0,21047.600000000002,53.11,7.57,5.310699999999606e-05,237983.6,多carry 黄金2308 1手(多)@448.56 / 黄金2310 1手(空)@449.44 价差=-0.88,,空carry 棕榈油2308 1手(空)@6968 / 棕榈油2309 1手(多)@6872 价差=96,空carry 豆油2308 1手(空)@7564 / 豆油2309 1手(多)@7470 价差=94,[AU] 多carry 黄金2308 1手(多)@448.56 / 黄金2310 1手(空)@449.44 价差=-0.88 z=-0.94 | [P] 空carry 棕榈油2308 1手(空)@6968 / 棕榈油2309 1手(多)@6872 价差=96 z=1.53 | [Y] 空carry 豆油2308 1手(空)@7564 / 豆油2309 1手(多)@7470 价差=94 z=3.09
2023-04-28,False,2,4,-140.0,0.0,-5.0,-180.0,196121.2,0.0,0.0,21039.200000000004,-81.25,5.0,-8.124999999998517e-05,217160.4,多carry 黄金2308 1手(多)@445.2 / 黄金2310 1手(空)@446.26 价差=-1.06,,,空carry 豆油2308 1手(空)@7560 / 豆油2309 1手(多)@7468 价差=92,[AU] 多carry 黄金2308 1手(多)@445.2 / 黄金2310 1手(空)@446.26 价差=-1.06 z=-1.89 | [Y] 空carry 豆油2308 1手(空)@7560 / 豆油2309 1手(多)@7468 价差=92 z=2.36
2023-05-04,False,3,6,-40.0,82.64,95.0,-30.0,0.0,8830.8,19378.800000000003,21316.4,26.91,62.36,2.6910250000000693e-05,49526.0,,空carry 热卷2309 1手(空)@3696 / 热卷2310 1手(多)@3663 价差=33,多carry 棕榈油2309 1手(多)@6934 / 棕榈油2310 1手(空)@6908 价差=26,多carry 豆油2309 1手(多)@7604 / 豆油2311 1手(空)@7622 价差=-18,[HC] 空carry 热卷2309 1手(空)@3696 / 热卷2310 1手(多)@3663 价差=33 z=2.81 | [P] 多carry 棕榈油2309 1手(多)@6934 / 棕榈油2310 1手(空)@6908 价差=26 z=-1.02 | [Y] 多carry 豆油2309 1手(多)@7604 / 豆油2311 1手(空)@7622 价差=-18 z=-1.88
2023-05-05,False,3,6,20.0,-90.0,-5.0,-20.0,202193.2,8851.2,0.0,21296.800000000003,-23.75,45.0,-2.3749999999997982e-05,232341.2,多carry 黄金2310 1手(多)@459 / 黄金2312 1手(空)@460.06 价差=-1.06,空carry 热卷2309 1手(空)@3700 / 热卷2310 1手(多)@3676 价差=24,,多carry 豆油2309 1手(多)@7596 / 豆油2311 1手(空)@7616 价差=-20,[AU] 多carry 黄金2310 1手(多)@459 / 黄金2312 1手(空)@460.06 价差=-1.06 z=-1.51 | [HC] 空carry 热卷2309 1手(空)@3700 / 热卷2310 1手(多)@3676 价差=24 z=1.36 | [Y] 多carry 豆油2309 1手(多)@7596 / 豆油2311 1手(空)@7616 价差=-20 z=-1.70
2023-05-08,False,3,6,240.0,-50.0,0.0,-20.0,199751.2,9188.4,0.0,21523.600000000002,42.5,0.0,4.249999999999424e-05,230463.2,多carry 黄金2310 1手(多)@453.48 / 黄金2312 1手(空)@454.48 价差=-1,空carry 热卷2309 1手(空)@3845 / 热卷2310 1手(多)@3812 价差=33,,多carry 豆油2309 1手(多)@7676 / 豆油2311 1手(空)@7698 价差=-22,[AU] 多carry 黄金2310 1手(多)@453.48 / 黄金2312 1手(空)@454.48 价差=-1 z=-1.13 | [HC] 空carry 热卷2309 1手(空)@3845 / 热卷2310 1手(多)@3812 价差=33 z=2.22 | [Y] 多carry 豆油2309 1手(多)@7676 / 豆油2311 1手(空)@7698 价差=-22 z=-1.56
2023-05-09,False,2,4,-40.0,80.0,0.0,40.0,0.0,9103.2,0.0,21179.200000000004,20.0,40.0,1.999999999999966e-05,30282.4,,空carry 热卷2309 1手(空)@3812 / 热卷2310 1手(多)@3774 价差=38,,多carry 豆油2309 1手(多)@7552 / 豆油2311 1手(空)@7576 价差=-24,[HC] 空carry 热卷2309 1手(空)@3812 / 热卷2310 1手(多)@3774 价差=38 z=2.29 | [Y] 多carry 豆油2309 1手(多)@7552 / 豆油2311 1手(空)@7576 价差=-24 z=-1.46
2023-05-10,False,3,6,140.0,70.0,0.0,20.0,200833.6,9060.0,0.0,21095.2,57.5,40.0,5.7499999999989736e-05,230988.8,多carry 黄金2310 1手(多)@455.94 / 黄金2312 1手(空)@456.94 价差=-1,空carry 热卷2309 1手(空)@3790 / 热卷2310 1手(多)@3760 价差=30,,多carry 豆油2309 1手(多)@7524 / 豆油2311 1手(空)@7544 价差=-20,[AU] 多carry 黄金2310 1手(多)@455.94 / 黄金2312 1手(空)@456.94 价差=-1 z=-0.99 | [HC] 空carry 热卷2309 1手(空)@3790 / 热卷2310 1手(多)@3760 价差=30 z=1.29 | [Y] 多carry 豆油2309 1手(多)@7524 / 豆油2311 1手(空)@7544 价差=-20 z=-1.23
2023-05-11,False,1,2,-40.0,-7.33,0.0,160.0,0.0,0.0,0.0,20538.0,28.17,47.33,2.8167749999998897e-05,20538.0,,,,多carry 豆油2309 1手(多)@7326 / 豆油2311 1手(空)@7344 价差=-18,[Y] 多carry 豆油2309 1手(多)@7326 / 豆油2311 1手(空)@7344 价差=-18 z=-1.08
2023-05-12,False,1,2,0.0,32.68,0.0,-5.0,0.0,8779.2,0.0,0.0,6.92,12.32,6.921000000000454e-06,8779.2,,空carry 热卷2309 1手(空)@3674 / 热卷2310 1手(多)@3642 价差=32,,,[HC] 空carry 热卷2309 1手(空)@3674 / 热卷2310 1手(多)@3642 价差=32 z=1.31
2023-05-15,False,2,4,0.0,-40.0,0.0,135.0,0.0,8990.4,0.0,20591.200000000004,23.75,5.0,2.3749999999999388e-05,29581.6,,空carry 热卷2309 1手(空)@3760 / 热卷2310 1手(多)@3732 价差=28,,多carry 豆油2309 1手(多)@7346 / 豆油2311 1手(空)@7362 价差=-16,[HC] 空carry 热卷2309 1手(空)@3760 / 热卷2310 1手(多)@3732 价差=28 z=0.79 | [Y] 多carry 豆油2309 1手(多)@7346 / 豆油2311 1手(空)@7362 价差=-16 z=-0.89
2023-05-16,False,2,4,0.0,20.0,0.0,-5.0,199645.6,8937.599999999999,0.0,0.0,3.75,45.0,3.7500000000044055e-06,208583.2,多carry 黄金2310 1手(多)@453.24 / 黄金2312 1手(空)@454.24 价差=-1,空carry 热卷2309 1手(空)@3740 / 热卷2310 1手(多)@3708 价差=32,,,[AU] 多carry 黄金2310 1手(多)@453.24 / 黄金2312 1手(空)@454.24 价差=-1 z=-0.92 | [HC] 空carry 热卷2309 1手(空)@3740 / 热卷2310 1手(多)@3708 价差=32 z=1.12
2023-05-17,False,2,4,-40.0,-50.0,-345.0,0.0,0.0,9096.0,18768.4,0.0,-108.75,45.0,-0.00010874999999999907,27864.4,,空carry 热卷2309 1手(空)@3805 / 热卷2310 1手(多)@3775 价差=30,多carry 棕榈油2309 1手(多)@6722 / 棕榈油2310 1手(空)@6684 价差=38,,[HC] 空carry 热卷2309 1手(空)@3805 / 热卷2310 1手(多)@3775 价差=30 z=0.81 | [P] 多carry 棕榈油2309 1手(多)@6722 / 棕榈油2310 1手(空)@6684 价差=38 z=-0.79
2023-05-18,False,2,4,0.0,-10.0,380.0,0.0,0.0,9068.4,18726.4,0.0,92.5,0.0,9.249999999999871e-05,27794.8,,空carry 热卷2309 1手(空)@3796 / 热卷2310 1手(多)@3761 价差=35,多carry 棕榈油2309 1手(多)@6690 / 棕榈油2310 1手(空)@6686 价差=4,,[HC] 空carry 热卷2309 1手(空)@3796 / 热卷2310 1手(多)@3761 价差=35 z=1.22 | [P] 多carry 棕榈油2309 1手(多)@6690 / 棕榈油2310 1手(空)@6686 价差=4 z=-2.23
2023-05-19,False,1,2,0.0,50.0,-5.0,0.0,0.0,8976.0,0.0,0.0,11.25,5.0,1.1250000000000228e-05,8976.0,,空carry 热卷2309 1手(空)@3758 / 热卷2310 1手(多)@3722 价差=36,,,[HC] 空carry 热卷2309 1手(空)@3758 / 热卷2310 1手(多)@3722 价差=36 z=1.20
2023-05-22,False,2,4,0.0,-7.32,215.0,135.0,0.0,0.0,18522.0,19742.800000000003,85.67,17.32,8.566875000000266e-05,38264.8,,,多carry 棕榈油2309 1手(多)@6632 / 棕榈油2310 1手(空)@6598 价差=34,多carry 豆油2309 1手(多)@7040 / 豆油2311 1手(空)@7062 价差=-22,[P] 多carry 棕榈油2309 1手(多)@6632 / 棕榈油2310 1手(空)@6598 价差=34 z=-0.98 | [Y] 多carry 豆油2309 1手(多)@7040 / 豆油2311 1手(空)@7062 价差=-22 z=-0.78
2023-05-23,False,1,2,0.0,42.65,-5.0,-5.0,0.0,8817.599999999999,0.0,0.0,8.16,17.35,8.162999999999857e-06,8817.6,,空carry 热卷2309 1手(空)@3697 / 热卷2310 1手(多)@3651 价差=46,,,[HC] 空carry 热卷2309 1手(空)@3697 / 热卷2310 1手(多)@3651 价差=46 z=1.88
2023-05-24,False,2,4,-0.0,-10.0,0.0,0.0,198567.59999999998,8571.599999999999,0.0,0.0,-2.5,40.0,-2.500000000009031e-06,207139.2,空carry 黄金2310 1手(空)@450.86 / 黄金2312 1手(多)@451.72 价差=-0.86,空carry 热卷2309 1手(空)@3592 / 热卷2310 1手(多)@3551 价差=41,,,[AU] 空carry 黄金2310 1手(空)@450.86 / 黄金2312 1手(多)@451.72 价差=-0.86 z=0.80 | [HC] 空carry 热卷2309 1手(空)@3592 / 热卷2310 1手(多)@3551 价差=41 z=1.27
2023-05-25,False,1,2,-40.0,-80.0,0.0,0.0,0.0,8527.2,0.0,0.0,-30.0,40.0,-3.000000000000017e-05,8527.2,,空carry 热卷2309 1手(空)@3574 / 热卷2310 1手(多)@3532 价差=42,,,[HC] 空carry 热卷2309 1手(空)@3574 / 热卷2310 1手(多)@3532 价差=42 z=1.23
2023-05-26,False,2,4,40.0,-70.0,0.0,0.0,196662.4,8714.4,0.0,0.0,-7.5,40.0,-7.4999999999925785e-06,205376.8,空carry 黄金2310 1手(空)@446.6 / 黄金2312 1手(多)@447.32 价差=-0.72,空carry 热卷2309 1手(空)@3656 / 热卷2310 1手(多)@3606 价差=50,,,[AU] 空carry 黄金2310 1手(空)@446.6 / 黄金2312 1手(多)@447.32 价差=-0.72 z=2.01 | [HC] 空carry 热卷2309 1手(空)@3656 / 热卷2310 1手(多)@3606 价差=50 z=1.82
2023-05-29,False,3,6,180.0,20.0,-185.0,0.0,196671.2,8749.2,18695.6,0.0,3.75,5.0,3.750000000002288e-06,224116.0,空carry 黄金2310 1手(空)@446.58 / 黄金2312 1手(多)@447.38 价差=-0.8,空carry 热卷2309 1手(空)@3674 / 热卷2310 1手(多)@3617 价差=57,多carry 棕榈油2309 1手(多)@6694 / 棕榈油2310 1手(空)@6660 价差=34,,[AU] 空carry 黄金2310 1手(空)@446.58 / 黄金2312 1手(多)@447.38 价差=-0.8 z=1.01 | [HC] 空carry 热卷2309 1手(空)@3674 / 热卷2310 1手(多)@3617 价差=57 z=2.11 | [P] 多carry 棕榈油2309 1手(多)@6694 / 棕榈油2310 1手(空)@6660 价差=34 z=-1.04
2023-05-30,False,3,6,80.0,170.0,-20.0,0.0,196262.0,8638.8,18446.4,0.0,57.5,80.0,5.750000000001114e-05,223347.2,多carry 黄金2310 1手(多)@445.56 / 黄金2312 1手(空)@446.54 价差=-0.98,空carry 热卷2309 1手(空)@3627 / 热卷2310 1手(多)@3572 价差=55,多carry 棕榈油2309 1手(多)@6596 / 棕榈油2310 1手(空)@6580 价差=16,,[AU] 多carry 黄金2310 1手(多)@445.56 / 黄金2312 1手(空)@446.54 价差=-0.98 z=-0.90 | [HC] 空carry 热卷2309 1手(空)@3627 / 热卷2310 1手(多)@3572 价差=55 z=1.77 | [P] 多carry 棕榈油2309 1手(多)@6596 / 棕榈油2310 1手(空)@6580 价差=16 z=-1.79
2023-05-31,False,3,6,-40.0,-7.2,0.0,-245.0,198963.6,0.0,17704.4,18984.0,-73.05,92.2,-7.30500000000102e-05,235652.0,空carry 黄金2310 1手(空)@451.78 / 黄金2312 1手(多)@452.6 价差=-0.82,,多carry 棕榈油2309 1手(多)@6330 / 棕榈油2310 1手(空)@6316 价差=14,空carry 豆油2309 1手(空)@6780 / 豆油2311 1手(多)@6780 价差=0,[AU] 空carry 黄金2310 1手(空)@451.78 / 黄金2312 1手(多)@452.6 价差=-0.82 z=0.86 | [P] 多carry 棕榈油2309 1手(多)@6330 / 棕榈油2310 1手(空)@6316 价差=14 z=-1.77 | [Y] 空carry 豆油2309 1手(空)@6780 / 豆油2311 1手(多)@6780 价差=0 z=1.36
2023-06-01,False,3,6,-40.0,42.7,-40.0,-110.0,0.0,8760.0,17886.4,19364.800000000003,-36.82,57.3,-3.6824999999997615e-05,46011.2,,多carry 热卷2310 1手(多)@3664 / 热卷2311 1手(空)@3636 价差=28,多carry 棕榈油2310 1手(多)@6390 / 棕榈油2311 1手(空)@6386 价差=4,多carry 豆油2311 1手(多)@6902 / 豆油2312 1手(空)@6930 价差=-28,[HC] 多carry 热卷2310 1手(多)@3664 / 热卷2311 1手(空)@3636 价差=28 z=-0.88 | [P] 多carry 棕榈油2310 1手(多)@6390 / 棕榈油2311 1手(空)@6386 价差=4 z=-2.12 | [Y] 多carry 豆油2311 1手(多)@6902 / 豆油2312 1手(空)@6930 价差=-28 z=-1.78
2023-06-02,False,2,4,0.0,-7.41,180.0,60.0,0.0,0.0,18054.4,19558.0,58.15,7.41,5.814725000000156e-05,37612.4,,,多carry 棕榈油2310 1手(多)@6448 / 棕榈油2311 1手(空)@6448 价差=0,多carry 豆油2311 1手(多)@6966 / 豆油2312 1手(空)@7004 价差=-38,[P] 多carry 棕榈油2310 1手(多)@6448 / 棕榈油2311 1手(空)@6448 价差=0 z=-2.18 | [Y] 多carry 豆油2311 1手(多)@6966 / 豆油2312 1手(空)@7004 价差=-38 z=-2.37
2023-06-05,False,3,6,100.0,0.0,-260.0,40.0,197458.8,0.0,18242.0,19661.600000000002,-30.0,40.0,-2.999999999999853e-05,235362.4,多carry 黄金2310 1手(多)@448.24 / 黄金2312 1手(空)@449.3 价差=-1.06,,多carry 棕榈油2310 1手(多)@6524 / 棕榈油2311 1手(空)@6506 价差=18,多carry 豆油2311 1手(多)@7006 / 豆油2312 1手(空)@7038 价差=-32,[AU] 多carry 黄金2310 1手(多)@448.24 / 黄金2312 1手(空)@449.3 价差=-1.06 z=-2.04 | [P] 多carry 棕榈油2310 1手(多)@6524 / 棕榈油2311 1手(空)@6506 价差=18 z=-1.40 | [Y] 多carry 豆油2311 1手(多)@7006 / 豆油2312 1手(空)@7038 价差=-32 z=-1.65
2023-06-06,False,3,6,-40.0,12.5,140.0,20.0,0.0,9003.599999999999,18099.2,19656.0,33.12,47.5,3.312425000000115e-05,46758.8,,多carry 热卷2310 1手(多)@3765 / 热卷2311 1手(空)@3738 价差=27,多carry 棕榈油2310 1手(多)@6460 / 棕榈油2311 1手(空)@6468 价差=-8,多carry 豆油2311 1手(多)@7006 / 豆油2312 1手(空)@7034 价差=-28,[HC] 多carry 热卷2310 1手(多)@3765 / 热卷2311 1手(空)@3738 价差=27 z=-0.99 | [P] 多carry 棕榈油2310 1手(多)@6460 / 棕榈油2311 1手(空)@6468 价差=-8 z=-2.31 | [Y] 多carry 豆油2311 1手(多)@7006 / 豆油2312 1手(空)@7034 价差=-28 z=-1.26
2023-06-07,False,3,6,0.0,-30.0,-40.0,-100.0,0.0,8895.599999999999,18079.6,19597.200000000004,-42.5,0.0,-4.250000000000383e-05,46572.4,,多carry 热卷2310 1手(多)@3721 / 热卷2311 1手(空)@3692 价差=29,多carry 棕榈油2310 1手(多)@6460 / 棕榈油2311 1手(空)@6454 价差=6,多carry 豆油2311 1手(多)@6986 / 豆油2312 1手(空)@7012 价差=-26,[HC] 多carry 热卷2310 1手(多)@3721 / 热卷2311 1手(空)@3692 价差=29 z=-0.77 | [P] 多carry 棕榈油2310 1手(多)@6460 / 棕榈油2311 1手(空)@6454 价差=6 z=-1.69 | [Y] 多carry 豆油2311 1手(多)@6986 / 豆油2312 1手(空)@7012 价差=-26 z=-1.03
2023-06-08,False,4,8,20.0,20.0,-60.0,-160.0,198008.8,8968.8,18034.800000000003,19560.800000000003,-45.0,40.0,-4.499999999999571e-05,244573.2,多carry 黄金2310 1手(多)@449.48 / 黄金2312 1手(空)@450.56 价差=-1.08,多carry 热卷2310 1手(多)@3750 / 热卷2311 1手(空)@3724 价差=26,多carry 棕榈油2310 1手(多)@6442 / 棕榈油2311 1手(空)@6440 价差=2,多carry 豆油2311 1手(多)@6968 / 豆油2312 1手(空)@7004 价差=-36,[AU] 多carry 黄金2310 1手(多)@449.48 / 黄金2312 1手(空)@450.56 价差=-1.08 z=-2.06 | [HC] 多carry 热卷2310 1手(多)@3750 / 热卷2311 1手(空)@3724 价差=26 z=-1.13 | [P] 多carry 棕榈油2310 1手(多)@6442 / 棕榈油2311 1手(空)@6440 价差=2 z=-1.77 | [Y] 多carry 豆油2311 1手(多)@6968 / 豆油2312 1手(空)@7004 价差=-36 z=-1.67
2023-06-09,False,4,8,40.0,-20.0,-20.0,160.0,199676.4,9141.599999999999,18524.800000000003,20059.200000000004,40.0,0.0,4.000000000001589e-05,247402.0,多carry 黄金2310 1手(多)@453.3 / 黄金2312 1手(空)@454.32 价差=-1.02,多carry 热卷2310 1手(多)@3823 / 热卷2311 1手(空)@3795 价差=28,多carry 棕榈油2310 1手(多)@6614 / 棕榈油2311 1手(空)@6618 价差=-4,多carry 豆油2311 1手(多)@7138 / 豆油2312 1手(空)@7190 价差=-52,[AU] 多carry 黄金2310 1手(多)@453.3 / 黄金2312 1手(空)@454.32 价差=-1.02 z=-1.18 | [HC] 多carry 热卷2310 1手(多)@3823 / 热卷2311 1手(空)@3795 价差=28 z=-0.88 | [P] 多carry 棕榈油2310 1手(多)@6614 / 棕榈油2311 1手(空)@6618 价差=-4 z=-1.91 | [Y] 多carry 豆油2311 1手(多)@7138 / 豆油2312 1手(空)@7190 价差=-52 z=-2.34
2023-06-12,False,3,6,-40.0,60.0,0.0,200.0,0.0,9000.0,18348.4,20053.600000000002,55.0,40.0,5.5000000000001906e-05,47402.0,,多carry 热卷2310 1手(多)@3763 / 热卷2311 1手(空)@3737 价差=26,多carry 棕榈油2310 1手(多)@6550 / 棕榈油2311 1手(空)@6556 价差=-6,多carry 豆油2311 1手(多)@7144 / 豆油2312 1手(空)@7180 价差=-36,[HC] 多carry 热卷2310 1手(多)@3763 / 热卷2311 1手(空)@3737 价差=26 z=-1.07 | [P] 多carry 棕榈油2310 1手(多)@6550 / 棕榈油2311 1手(空)@6556 价差=-6 z=-1.90 | [Y] 多carry 豆油2311 1手(多)@7144 / 豆油2312 1手(空)@7180 价差=-36 z=-1.15
2023-06-13,False,2,4,-20.0,-7.66,0.0,-5.0,200261.6,0.0,18510.800000000003,0.0,-8.17,52.66,-8.165999999997955e-06,218772.4,多carry 黄金2310 1手(多)@454.64 / 黄金2312 1手(空)@455.64 价差=-1,,多carry 棕榈油2310 1手(多)@6608 / 棕榈油2311 1手(空)@6614 价差=-6,,[AU] 多carry 黄金2310 1手(多)@454.64 / 黄金2312 1手(空)@455.64 价差=-1 z=-0.86 | [P] 多carry 棕榈油2310 1手(多)@6608 / 棕榈油2311 1手(空)@6614 价差=-6 z=-1.82
2023-06-14,False,2,4,-40.0,-57.67,40.0,0.0,0.0,9199.2,18958.800000000003,0.0,-14.42,47.67,-1.4416499999997832e-05,28158.0,,多carry 热卷2310 1手(多)@3847 / 热卷2311 1手(空)@3819 价差=28,多carry 棕榈油2310 1手(多)@6768 / 棕榈油2311 1手(空)@6774 价差=-6,,[HC] 多carry 热卷2310 1手(多)@3847 / 热卷2311 1手(空)@3819 价差=28 z=-0.84 | [P] 多carry 棕榈油2310 1手(多)@6768 / 棕榈油2311 1手(空)@6774 价差=-6 z=-1.74
2023-06-15,False,4,8,20.0,40.0,-80.0,135.0,197392.8,9238.8,19065.2,20577.200000000004,28.75,45.0,2.874999999998603e-05,246274.0,多carry 黄金2310 1手(多)@448.12 / 黄金2312 1手(空)@449.12 价差=-1,多carry 热卷2310 1手(多)@3861 / 热卷2311 1手(空)@3838 价差=23,多carry 棕榈油2310 1手(多)@6808 / 棕榈油2311 1手(空)@6810 价差=-2,空carry 豆油2311 1手(空)@7350 / 豆油2312 1手(多)@7348 价差=2,[AU] 多carry 黄金2310 1手(多)@448.12 / 黄金2312 1手(空)@449.12 价差=-1 z=-0.95 | [HC] 多carry 热卷2310 1手(多)@3861 / 热卷2311 1手(空)@3838 价差=23 z=-1.24 | [P] 多carry 棕榈油2310 1手(多)@6808 / 棕榈油2311 1手(空)@6810 价差=-2 z=-1.54 | [Y] 空carry 豆油2311 1手(空)@7350 / 豆油2312 1手(多)@7348 价差=2 z=1.30
2023-06-16,False,2,4,-40.0,-10.0,100.0,-5.0,0.0,9325.2,20039.600000000002,0.0,11.25,45.0,1.1250000000000099e-05,29364.8,,多carry 热卷2310 1手(多)@3899 / 热卷2311 1手(空)@3872 价差=27,多carry 棕榈油2310 1手(多)@7152 / 棕榈油2311 1手(空)@7162 价差=-10,,[HC] 多carry 热卷2310 1手(多)@3899 / 热卷2311 1手(空)@3872 价差=27 z=-0.78 | [P] 多carry 棕榈油2310 1手(多)@7152 / 棕榈油2311 1手(空)@7162 价差=-10 z=-1.70
2023-06-19,False,2,4,0.0,10.0,0.0,0.0,0.0,9213.599999999999,20104.000000000004,0.0,2.5,0.0,2.500000000000604e-06,29317.6,,多carry 热卷2310 1手(多)@3852 / 热卷2311 1手(空)@3826 价差=26,多carry 棕榈油2310 1手(多)@7180 / 棕榈油2311 1手(空)@7180 价差=0,,[HC] 多carry 热卷2310 1手(多)@3852 / 热卷2311 1手(空)@3826 价差=26 z=-0.84 | [P] 多carry 棕榈油2310 1手(多)@7180 / 棕榈油2311 1手(空)@7180 价差=0 z=-1.37
2023-06-20,False,1,2,0.0,-7.64,-80.0,0.0,0.0,0.0,20204.800000000003,0.0,-21.91,7.64,-2.1911250000001817e-05,20204.8,,,多carry 棕榈油2310 1手(多)@7216 / 棕榈油2311 1手(空)@7216 价差=0,,[P] 多carry 棕榈油2310 1手(多)@7216 / 棕榈油2311 1手(空)@7216 价差=0 z=-1.32
2023-06-21,False,2,4,-100.0,0.0,140.0,0.0,198651.2,0.0,19667.200000000004,0.0,10.0,40.0,1.0000000000001393e-05,218318.4,多carry 黄金2310 1手(多)@450.96 / 黄金2312 1手(空)@452 价差=-1.04,,多carry 棕榈油2310 1手(多)@7020 / 棕榈油2311 1手(空)@7028 价差=-8,,[AU] 多carry 黄金2310 1手(多)@450.96 / 黄金2312 1手(空)@452 价差=-1.04 z=-1.12 | [P] 多carry 棕榈油2310 1手(多)@7020 / 棕榈油2311 1手(空)@7028 价差=-8 z=-1.49
2023-06-26,False,3,6,20.0,92.51,80.0,0.0,198418.0,8988.0,19888.4,0.0,48.13,7.49,4.8127500000000396e-05,227294.4,多carry 黄金2310 1手(多)@450.4 / 黄金2312 1手(空)@451.5 价差=-1.1,多carry 热卷2310 1手(多)@3755 / 热卷2311 1手(空)@3735 价差=20,多carry 棕榈油2310 1手(多)@7106 / 棕榈油2311 1手(空)@7100 价差=6,,[AU] 多carry 黄金2310 1手(多)@450.4 / 黄金2312 1手(空)@451.5 价差=-1.1 z=-1.56 | [HC] 多carry 热卷2310 1手(多)@3755 / 热卷2311 1手(空)@3735 价差=20 z=-1.16 | [P] 多carry 棕榈油2310 1手(多)@7106 / 棕榈油2311 1手(空)@7100 价差=6 z=-1.07
2023-06-27,False,2,4,-60.0,-7.64,40.0,0.0,198290.4,0.0,19994.800000000003,0.0,-6.91,7.64,-6.9100000000101186e-06,218285.2,多carry 黄金2310 1手(多)@450.12 / 黄金2312 1手(空)@451.2 价差=-1.08,,多carry 棕榈油2310 1手(多)@7148 / 棕榈油2311 1手(空)@7134 价差=14,,[AU] 多carry 黄金2310 1手(多)@450.12 / 黄金2312 1手(空)@451.2 价差=-1.08 z=-1.32 | [P] 多carry 棕榈油2310 1手(多)@7148 / 棕榈油2311 1手(空)@7134 价差=14 z=-0.83
2023-06-28,False,1,2,200.0,0.0,-5.0,0.0,197511.59999999998,0.0,0.0,0.0,48.75,5.0,4.8749999999993745e-05,197511.6,多carry 黄金2310 1手(多)@448.32 / 黄金2312 1手(空)@449.46 价差=-1.14,,,,[AU] 多carry 黄金2310 1手(多)@448.32 / 黄金2312 1手(空)@449.46 价差=-1.14 z=-1.81
2023-06-29,True,0,0,-40.0,0.0,0.0,0.0,0.0,0.0,0.0,0.0,-10.0,40.0,-1e-05,0.0,,,,,全品种空仓
2023-06-30,False,2,4,0.0,0.0,35.0,-145.0,0.0,0.0,20538.0,21677.600000000002,-27.5,10.0,-2.750000000000273e-05,42215.6,,,多carry 棕榈油2310 1手(多)@7342 / 棕榈油2311 1手(空)@7328 价差=14,空carry 豆油2311 1手(空)@7734 / 豆油2312 1手(多)@7750 价差=-16,[P] 多carry 棕榈油2310 1手(多)@7342 / 棕榈油2311 1手(空)@7328 价差=14 z=-0.77 | [Y] 空carry 豆油2311 1手(空)@7734 / 豆油2312 1手(多)@7750 价差=-16 z=0.77
2023-07-03,False,4,8,60.0,92.35,80.0,140.0,198915.2,9181.199999999999,21397.600000000002,22862.0,93.09,47.65,9.308725000001343e-05,252356.0,多carry 黄金2312 1手(多)@451.44 / 黄金2402 1手(空)@452.72 价差=-1.28,多carry 热卷2311 1手(多)@3833 / 热卷2312 1手(空)@3818 价差=15,多carry 棕榈油2311 1手(多)@7646 / 棕榈油2312 1手(空)@7638 价差=8,空carry 豆油2311 1手(空)@8164 / 豆油2312 1手(多)@8166 价差=-2,[AU] 多carry 黄金2312 1手(多)@451.44 / 黄金2402 1手(空)@452.72 价差=-1.28 z=-2.66 | [HC] 多carry 热卷2311 1手(多)@3833 / 热卷2312 1手(空)@3818 价差=15 z=-2.86 | [P] 多carry 棕榈油2311 1手(多)@7646 / 棕榈油2312 1手(空)@7638 价差=8 z=-0.91 | [Y] 空carry 豆油2311 1手(空)@8164 / 豆油2312 1手(多)@8166 价差=-2 z=1.69
2023-07-04,False,1,2,80.0,-7.66,-5.0,-5.0,199148.4,0.0,0.0,0.0,15.59,17.66,1.5585750000002103e-05,199148.4,多carry 黄金2312 1手(多)@452.02 / 黄金2402 1手(空)@453.2 价差=-1.18,,,,[AU] 多carry 黄金2312 1手(多)@452.02 / 黄金2402 1手(空)@453.2 价差=-1.18 z=-1.51
2023-07-05,False,3,6,-40.0,252.35,-65.0,35.0,0.0,9181.2,21056.0,22610.0,45.59,57.65,4.5587250000001246e-05,52847.2,,多carry 热卷2311 1手(多)@3826 / 热卷2312 1手(空)@3825 价差=1,多carry 棕榈油2311 1手(多)@7524 / 棕榈油2312 1手(空)@7516 价差=8,空carry 豆油2311 1手(空)@8078 / 豆油2312 1手(多)@8072 价差=6,[HC] 多carry 热卷2311 1手(多)@3826 / 热卷2312 1手(空)@3825 价差=1 z=-3.56 | [P] 多carry 棕榈油2311 1手(多)@7524 / 棕榈油2312 1手(空)@7516 价差=8 z=-0.86 | [Y] 空carry 豆油2311 1手(空)@8078 / 豆油2312 1手(多)@8072 价差=6 z=1.94
2023-07-06,False,2,4,0.0,-7.64,60.0,-220.0,0.0,0.0,21120.4,22615.600000000002,-41.91,7.64,-4.190974999999935e-05,43736.0,,,多carry 棕榈油2311 1手(多)@7544 / 棕榈油2312 1手(空)@7542 价差=2,空carry 豆油2311 1手(空)@8078 / 豆油2312 1手(多)@8076 价差=2,[P] 多carry 棕榈油2311 1手(多)@7544 / 棕榈油2312 1手(空)@7542 价差=2 z=-0.98 | [Y] 空carry 豆油2311 1手(空)@8078 / 豆油2312 1手(多)@8076 价差=2 z=1.46
2023-07-07,False,3,6,0.0,242.51,80.0,140.0,0.0,8989.2,20848.800000000003,22366.4,115.63,7.49,0.00011562724999999419,52204.4,,多carry 热卷2311 1手(多)@3740 / 热卷2312 1手(空)@3751 价差=-11,多carry 棕榈油2311 1手(多)@7450 / 棕榈油2312 1手(空)@7442 价差=8,空carry 豆油2311 1手(空)@8000 / 豆油2312 1手(多)@7976 价差=24,[HC] 多carry 热卷2311 1手(多)@3740 / 热卷2312 1手(空)@3751 价差=-11 z=-3.26 | [P] 多carry 棕榈油2311 1手(多)@7450 / 棕榈油2312 1手(空)@7442 价差=8 z=-0.79 | [Y] 空carry 豆油2311 1手(空)@8000 / 豆油2312 1手(多)@7976 价差=24 z=2.34
2023-07-10,False,3,6,100.0,-10.0,-5.0,80.0,199491.59999999998,8949.599999999999,0.0,22419.600000000002,41.25,45.0,4.124999999999628e-05,230860.8,空carry 黄金2312 1手(空)@452.92 / 黄金2402 1手(多)@453.86 价差=-0.94,多carry 热卷2311 1手(多)@3736 / 热卷2312 1手(空)@3722 价差=14,,空carry 豆油2311 1手(空)@8012 / 豆油2312 1手(多)@8002 价差=10,[AU] 空carry 黄金2312 1手(空)@452.92 / 黄金2402 1手(多)@453.86 价差=-0.94 z=1.09 | [HC] 多carry 热卷2311 1手(多)@3736 / 热卷2312 1手(空)@3722 价差=14 z=-0.79 | [Y] 空carry 豆油2311 1手(空)@8012 / 豆油2312 1手(多)@8002 价差=10 z=1.38
2023-07-11,False,2,4,-40.0,290.0,0.0,-140.0,0.0,9001.2,0.0,22475.600000000002,27.5,40.0,2.7499999999997074e-05,31476.8,,多carry 热卷2311 1手(多)@3757 / 热卷2312 1手(空)@3744 价差=13,,空carry 豆油2311 1手(空)@8028 / 豆油2312 1手(多)@8026 价差=2,[HC] 多carry 热卷2311 1手(多)@3757 / 热卷2312 1手(空)@3744 价差=13 z=-0.81 | [Y] 空carry 豆油2311 1手(空)@8028 / 豆油2312 1手(多)@8026 价差=2 z=0.87
2023-07-12,False,3,6,60.0,134.9,0.0,-100.0,199518.0,9060.0,0.0,22584.800000000003,23.73,55.1,2.3725000000019784e-05,231162.8,空carry 黄金2312 1手(空)@452.98 / 黄金2402 1手(多)@453.92 价差=-0.94,空carry 热卷2311 1手(空)@3796 / 热卷2312 1手(多)@3754 价差=42,,空carry 豆油2311 1手(空)@8074 / 豆油2312 1手(多)@8058 价差=16,[AU] 空carry 黄金2312 1手(空)@452.98 / 黄金2402 1手(多)@453.92 价差=-0.94 z=1.08 | [HC] 空carry 热卷2311 1手(空)@3796 / 热卷2312 1手(多)@3754 价差=42 z=1.69 | [Y] 空carry 豆油2311 1手(空)@8074 / 豆油2312 1手(多)@8058 价差=16 z=1.59
2023-07-13,False,2,4,-40.0,-7.58,335.0,-140.0,0.0,0.0,20745.200000000004,22257.200000000004,36.85,52.58,3.685474999999937e-05,43002.4,,,多carry 棕榈油2311 1手(多)@7400 / 棕榈油2312 1手(空)@7418 价差=-18,空carry 豆油2311 1手(空)@7962 / 豆油2312 1手(多)@7936 价差=26,[P] 多carry 棕榈油2311 1手(多)@7400 / 棕榈油2312 1手(空)@7418 价差=-18 z=-1.49 | [Y] 空carry 豆油2311 1手(空)@7962 / 豆油2312 1手(多)@7936 价差=26 z=1.88
2023-07-14,False,2,4,80.0,0.0,-5.0,340.0,200358.4,0.0,0.0,22590.4,103.75,45.0,0.00010375000000000526,222948.8,空carry 黄金2312 1手(空)@454.9 / 黄金2402 1手(多)@455.82 价差=-0.92,,,空carry 豆油2311 1手(空)@8088 / 豆油2312 1手(多)@8048 价差=40,[AU] 空carry 黄金2312 1手(空)@454.9 / 黄金2402 1手(多)@455.82 价差=-0.92 z=1.28 | [Y] 空carry 豆油2311 1手(空)@8088 / 豆油2312 1手(多)@8048 价差=40 z=2.18
2023-07-17,False,1,2,-40.0,92.48,0.0,-5.0,0.0,9026.4,0.0,0.0,11.87,52.52,1.1869500000000482e-05,9026.4,,多carry 热卷2311 1手(多)@3763 / 热卷2312 1手(空)@3759 价差=4,,,[HC] 多carry 热卷2311 1手(多)@3763 / 热卷2312 1手(空)@3759 价差=4 z=-1.36
2023-07-18,True,0,0,0.0,-7.64,0.0,0.0,0.0,0.0,0.0,0.0,-1.91,7.64,-1.909e-06,0.0,,,,,全品种空仓
2023-07-19,False,3,6,140.0,0.0,15.0,115.0,204045.59999999998,0.0,21464.800000000003,22864.800000000003,67.5,50.0,6.749999999998676e-05,248375.2,空carry 黄金2312 1手(空)@463.32 / 黄金2402 1手(多)@464.16 价差=-0.84,,多carry 棕榈油2311 1手(多)@7664 / 棕榈油2312 1手(空)@7668 价差=-4,空carry 豆油2311 1手(空)@8180 / 豆油2312 1手(多)@8152 价差=28,[AU] 空carry 黄金2312 1手(空)@463.32 / 黄金2402 1手(多)@464.16 价差=-0.84 z=2.05 | [P] 多carry 棕榈油2311 1手(多)@7664 / 棕榈油2312 1手(空)@7668 价差=-4 z=-1.01 | [Y] 空carry 豆油2311 1手(空)@8180 / 豆油2312 1手(多)@8152 价差=28 z=1.35
2023-07-20,False,1,2,-40.0,0.0,20.0,-5.0,0.0,0.0,21770.0,0.0,-6.25,45.0,-6.250000000000057e-06,21770.0,,,多carry 棕榈油2311 1手(多)@7774 / 棕榈油2312 1手(空)@7776 价差=-2,,[P] 多carry 棕榈油2311 1手(多)@7774 / 棕榈油2312 1手(空)@7776 价差=-2 z=-0.92
2023-07-21,False,2,4,60.0,0.0,-40.0,0.0,202831.2,0.0,21532.000000000004,0.0,5.0,40.0,4.999999999996632e-06,224363.2,空carry 黄金2312 1手(空)@460.52 / 黄金2402 1手(多)@461.44 价差=-0.92,,多carry 棕榈油2311 1手(多)@7690 / 棕榈油2312 1手(空)@7690 价差=0,,[AU] 空carry 黄金2312 1手(空)@460.52 / 黄金2402 1手(多)@461.44 价差=-0.92 z=1.20 | [P] 多carry 棕榈油2311 1手(多)@7690 / 棕榈油2312 1手(空)@7690 价差=0 z=-0.84
2023-07-24,False,1,2,-40.0,0.0,120.0,0.0,0.0,0.0,21218.4,0.0,20.0,40.0,1.9999999999999033e-05,21218.4,,,多carry 棕榈油2311 1手(多)@7576 / 棕榈油2312 1手(空)@7580 价差=-4,,[P] 多carry 棕榈油2311 1手(多)@7576 / 棕榈油2312 1手(空)@7580 价差=-4 z=-0.95
2023-07-25,False,1,2,0.0,131.99,-5.0,0.0,0.0,9609.599999999999,0.0,0.0,31.75,13.01,3.174799999999997e-05,9609.6,,多carry 热卷2311 1手(多)@4005 / 热卷2312 1手(空)@4003 价差=2,,,[HC] 多carry 热卷2311 1手(多)@4005 / 热卷2312 1手(空)@4003 价差=2 z=-1.22
2023-07-26,True,0,0,0.0,-8.05,0.0,0.0,0.0,0.0,0.0,0.0,-2.01,8.05,-2.0135e-06,0.0,,,,,全品种空仓
2023-07-27,True,0,0,0.0,0.0,0.0,0.0,0.0,0.0,0.0,0.0,0.0,0.0,0.0,0.0,,,,,全品种空仓
2023-07-28,False,2,4,-100.0,0.0,0.0,-25.0,201440.8,0.0,0.0,23013.200000000004,-31.25,45.0,-3.125000000000321e-05,224454.0,多carry 黄金2312 1手(多)@457.26 / 黄金2402 1手(空)@458.38 价差=-1.12,,,空carry 豆油2311 1手(空)@8232 / 豆油2312 1手(多)@8206 价差=26,[AU] 多carry 黄金2312 1手(多)@457.26 / 黄金2402 1手(空)@458.38 价差=-1.12 z=-0.76 | [Y] 空carry 豆油2311 1手(空)@8232 / 豆油2312 1手(多)@8206 价差=26 z=1.13
2023-07-31,False,2,4,120.0,0.0,0.0,-140.0,201313.2,0.0,0.0,22517.600000000002,-5.0,0.0,-4.999999999996589e-06,223830.8,多carry 黄金2312 1手(多)@456.94 / 黄金2402 1手(空)@458.12 价差=-1.18,,,空carry 豆油2311 1手(空)@8056 / 豆油2312 1手(多)@8028 价差=28,[AU] 多carry 黄金2312 1手(多)@456.94 / 黄金2402 1手(空)@458.12 价差=-1.18 z=-1.59 | [Y] 空carry 豆油2311 1手(空)@8056 / 豆油2312 1手(多)@8028 价差=28 z=1.16
2023-08-01,False,2,4,-40.0,-118.12,0.0,20.0,0.0,9739.2,0.0,22537.200000000004,-34.53,48.12,-3.452899999999863e-05,32276.4,,空carry 热卷2312 1手(空)@4075 / 热卷2401 1手(多)@4041 价差=34,,空carry 豆油2312 1手(空)@8112 / 豆油2401 1手(多)@7986 价差=126,[HC] 空carry 热卷2312 1手(空)@4075 / 热卷2401 1手(多)@4041 价差=34 z=1.55 | [Y] 空carry 豆油2312 1手(空)@8112 / 豆油2401 1手(多)@7986 价差=126 z=3.91
2023-08-02,False,3,6,0.0,40.0,75.0,-120.0,0.0,9584.4,21392.0,22663.200000000004,-1.25,5.0,-1.2500000000005968e-06,53639.6,,空carry 热卷2312 1手(空)@4016 / 热卷2401 1手(多)@3971 价差=45,空carry 棕榈油2312 1手(空)@7658 / 棕榈油2401 1手(多)@7622 价差=36,空carry 豆油2312 1手(空)@8156 / 豆油2401 1手(多)@8032 价差=124,[HC] 空carry 热卷2312 1手(空)@4016 / 热卷2401 1手(多)@3971 价差=45 z=2.07 | [P] 空carry 棕榈油2312 1手(空)@7658 / 棕榈油2401 1手(多)@7622 价差=36 z=0.83 | [Y] 空carry 豆油2312 1手(空)@8156 / 豆油2401 1手(多)@8032 价差=124 z=2.77
2023-08-03,False,3,6,0.0,-20.0,-5.0,-400.0,200890.8,9488.4,0.0,22181.600000000002,-106.25,45.0,-0.00010624999999999269,232560.8,多carry 黄金2312 1手(多)@456.02 / 黄金2402 1手(空)@457.12 价差=-1.1,空carry 热卷2312 1手(空)@3974 / 热卷2401 1手(多)@3933 价差=41,,空carry 豆油2312 1手(空)@7990 / 豆油2401 1手(多)@7854 价差=136,[AU] 多carry 黄金2312 1手(多)@456.02 / 黄金2402 1手(空)@457.12 价差=-1.1 z=-1.00 | [HC] 空carry 热卷2312 1手(空)@3974 / 热卷2401 1手(多)@3933 价差=41 z=1.61 | [Y] 空carry 豆油2312 1手(空)@7990 / 豆油2401 1手(多)@7854 价差=136 z=2.43
2023-08-04,False,2,4,-40.0,60.0,0.0,100.0,0.0,9510.0,0.0,22551.200000000004,30.0,40.0,2.9999999999999753e-05,32061.2,,空carry 热卷2312 1手(空)@3984 / 热卷2401 1手(多)@3941 价差=43,,空carry 豆油2312 1手(空)@8142 / 豆油2401 1手(多)@7966 价差=176,[HC] 空carry 热卷2312 1手(空)@3984 / 热卷2401 1手(多)@3941 价差=43 z=1.65 | [Y] 空carry 豆油2312 1手(空)@8142 / 豆油2401 1手(多)@7966 价差=176 z=2.55
2023-08-07,False,2,4,0.0,0.0,0.0,-120.0,0.0,9500.4,0.0,22358.0,-30.0,0.0,-2.999999999999956e-05,31858.4,,空carry 热卷2312 1手(空)@3977 / 热卷2401 1手(多)@3940 价差=37,,空carry 豆油2312 1手(空)@8068 / 豆油2401 1手(多)@7902 价差=166,[HC] 空carry 热卷2312 1手(空)@3977 / 热卷2401 1手(多)@3940 价差=37 z=1.09 | [Y] 空carry 豆油2312 1手(空)@8068 / 豆油2401 1手(多)@7902 价差=166 z=1.98
2023-08-08,False,4,8,40.0,140.0,115.0,-320.0,201150.4,9423.599999999999,20501.600000000002,22016.4,-6.25,45.0,-6.250000000005031e-06,253092.0,多carry 黄金2312 1手(多)@456.6 / 黄金2402 1手(空)@457.72 价差=-1.12,空carry 热卷2312 1手(空)@3945 / 热卷2401 1手(多)@3908 价差=37,空carry 棕榈油2312 1手(空)@7340 / 棕榈油2401 1手(多)@7304 价差=36,空carry 豆油2312 1手(空)@7952 / 豆油2401 1手(多)@7774 价差=178,[AU] 多carry 黄金2312 1手(多)@456.6 / 黄金2402 1手(空)@457.72 价差=-1.12 z=-1.21 | [HC] 空carry 热卷2312 1手(空)@3945 / 热卷2401 1手(多)@3908 价差=37 z=0.98 | [P] 空carry 棕榈油2312 1手(空)@7340 / 棕榈油2401 1手(多)@7304 价差=36 z=1.02 | [Y] 空carry 豆油2312 1手(空)@7952 / 豆油2401 1手(多)@7774 价差=178 z=1.86
2023-08-09,False,1,2,-40.0,-7.86,-5.0,20.0,0.0,0.0,0.0,22369.2,-8.21,52.86,-8.214249999999914e-06,22369.2,,,,空carry 豆油2312 1手(空)@8094 / 豆油2401 1手(多)@7884 价差=210,[Y] 空carry 豆油2312 1手(空)@8094 / 豆油2401 1手(多)@7884 价差=210 z=1.97
2023-08-10,False,2,4,0.0,22.21,0.0,-100.0,0.0,9352.8,0.0,22304.800000000003,-19.45,7.79,-1.944850000000237e-05,31657.6,,空carry 热卷2312 1手(空)@3915 / 热卷2401 1手(多)@3879 价差=36,,空carry 豆油2312 1手(空)@8070 / 豆油2401 1手(多)@7862 价差=208,[HC] 空carry 热卷2312 1手(空)@3915 / 热卷2401 1手(多)@3879 价差=36 z=0.98 | [Y] 空carry 豆油2312 1手(空)@8070 / 豆油2401 1手(多)@7862 价差=208 z=1.69
2023-08-11,False,3,6,260.0,-7.81,-145.0,-220.0,201009.59999999998,0.0,20507.200000000004,22145.200000000004,-28.2,52.81,-2.8202250000008385e-05,243662.0,多carry 黄金2312 1手(多)@456.26 / 黄金2402 1手(空)@457.42 价差=-1.16,,空carry 棕榈油2312 1手(空)@7342 / 棕榈油2401 1手(多)@7306 价差=36,空carry 豆油2312 1手(空)@8018 / 豆油2401 1手(多)@7800 价差=218,[AU] 多carry 黄金2312 1手(多)@456.26 / 黄金2402 1手(空)@457.42 价差=-1.16 z=-1.51 | [P] 空carry 棕榈油2312 1手(空)@7342 / 棕榈油2401 1手(多)@7306 价差=36 z=1.20 | [Y] 空carry 豆油2312 1手(空)@8018 / 豆油2401 1手(多)@7800 价差=218 z=1.59
2023-08-14,False,4,8,-160.0,52.27,80.0,600.0,201049.2,9271.2,20426.000000000004,22142.4,143.07,87.73,0.00014306850000000087,252888.8,空carry 黄金2312 1手(空)@456.5 / 黄金2402 1手(多)@457.36 价差=-0.86,空carry 热卷2312 1手(空)@3882 / 热卷2401 1手(多)@3844 价差=38,空carry 棕榈油2312 1手(空)@7320 / 棕榈油2401 1手(多)@7270 价差=50,空carry 豆油2312 1手(空)@8028 / 豆油2401 1手(多)@7788 价差=240,[AU] 空carry 黄金2312 1手(空)@456.5 / 黄金2402 1手(多)@457.36 价差=-0.86 z=1.88 | [HC] 空carry 热卷2312 1手(空)@3882 / 热卷2401 1手(多)@3844 价差=38 z=0.96 | [P] 空carry 棕榈油2312 1手(空)@7320 / 棕榈油2401 1手(多)@7270 价差=50 z=1.88 | [Y] 空carry 豆油2312 1手(空)@8028 / 豆油2401 1手(多)@7788 价差=240 z=1.62
2023-08-15,False,3,6,160.0,-7.78,-80.0,20.0,201040.4,0.0,21114.800000000003,22668.800000000003,23.05,7.78,2.3054499999997944e-05,244824.0,空carry 黄金2312 1手(空)@456.52 / 黄金2402 1手(多)@457.3 价差=-0.78,,空carry 棕榈油2312 1手(空)@7562 / 棕榈油2401 1手(多)@7520 价差=42,空carry 豆油2312 1手(空)@8186 / 豆油2401 1手(多)@8006 价差=180,[AU] 空carry 黄金2312 1手(空)@456.52 / 黄金2402 1手(多)@457.3 价差=-0.78 z=2.25 | [P] 空carry 棕榈油2312 1手(空)@7562 / 棕榈油2401 1手(多)@7520 价差=42 z=1.39 | [Y] 空carry 豆油2312 1手(空)@8186 / 豆油2401 1手(多)@8006 价差=180 z=0.85
2023-08-16,False,3,6,-100.0,52.19,20.0,-5.0,201533.2,9368.4,21142.800000000003,0.0,-8.2,12.81,-8.2017499999879e-06,232044.4,空carry 黄金2312 1手(空)@457.56 / 黄金2402 1手(多)@458.5 价差=-0.94,空carry 热卷2312 1手(空)@3925 / 热卷2401 1手(多)@3882 价差=43,空carry 棕榈油2312 1手(空)@7576 / 棕榈油2401 1手(多)@7526 价差=50,,[AU] 空carry 黄金2312 1手(空)@457.56 / 黄金2402 1手(多)@458.5 价差=-0.94 z=0.88 | [HC] 空carry 热卷2312 1手(空)@3925 / 热卷2401 1手(多)@3882 价差=43 z=1.17 | [P] 空carry 棕榈油2312 1手(空)@7576 / 棕榈油2401 1手(多)@7526 价差=50 z=1.77
2023-08-17,False,2,4,-20.0,-7.8,-20.0,0.0,201379.2,0.0,21330.4,0.0,-11.95,7.8,-1.1949250000014758e-05,222709.6,空carry 黄金2312 1手(空)@457.26 / 黄金2402 1手(多)@458.1 价差=-0.84,,空carry 棕榈油2312 1手(空)@7642 / 棕榈油2401 1手(多)@7594 价差=48,,[AU] 空carry 黄金2312 1手(空)@457.26 / 黄金2402 1手(多)@458.1 价差=-0.84 z=1.67 | [P] 空carry 棕榈油2312 1手(空)@7642 / 棕榈油2401 1手(多)@7594 价差=48 z=1.71
2023-08-18,False,4,8,-120.0,-67.76,0.0,-205.0,200644.4,9310.8,21389.2,22904.0,-98.19,12.76,-9.818975000000331e-05,254248.4,空carry 黄金2312 1手(空)@455.6 / 黄金2402 1手(多)@456.42 价差=-0.82,空carry 热卷2312 1手(空)@3901 / 热卷2401 1手(多)@3858 价差=43,空carry 棕榈油2312 1手(空)@7664 / 棕榈油2401 1手(多)@7614 价差=50,空carry 豆油2312 1手(空)@8276 / 豆油2401 1手(多)@8084 价差=192,[AU] 空carry 黄金2312 1手(空)@455.6 / 黄金2402 1手(多)@456.42 价差=-0.82 z=1.68 | [HC] 空carry 热卷2312 1手(空)@3901 / 热卷2401 1手(多)@3858 价差=43 z=1.00 | [P] 空carry 棕榈油2312 1手(空)@7664 / 棕榈油2401 1手(多)@7614 价差=50 z=1.81 | [Y] 空carry 豆油2312 1手(空)@8276 / 豆油2401 1手(多)@8084 价差=192 z=0.75
2023-08-21,False,4,8,80.0,70.0,40.0,-60.0,201418.8,9246.0,21546.000000000004,23167.200000000004,32.5,0.0,3.250000000000297e-05,255378.0,空carry 黄金2312 1手(空)@457.42 / 黄金2402 1手(多)@458.12 价差=-0.7,空carry 热卷2312 1手(空)@3877 / 热卷2401 1手(多)@3828 价差=49,空carry 棕榈油2312 1手(空)@7720 / 棕榈油2401 1手(多)@7670 价差=50,空carry 豆油2312 1手(空)@8380 / 豆油2401 1手(多)@8168 价差=212,[AU] 空carry 黄金2312 1手(空)@457.42 / 黄金2402 1手(多)@458.12 价差=-0.7 z=2.24 | [HC] 空carry 热卷2312 1手(空)@3877 / 热卷2401 1手(多)@3828 价差=49 z=1.31 | [P] 空carry 棕榈油2312 1手(空)@7720 / 棕榈油2401 1手(多)@7670 价差=50 z=1.79 | [Y] 空carry 豆油2312 1手(空)@8380 / 豆油2401 1手(多)@8168 价差=212 z=0.91
2023-08-22,False,3,6,0.0,-7.75,40.0,-120.0,201216.4,0.0,21378.0,23069.200000000004,-21.94,7.75,-2.193849999999864e-05,245663.6,空carry 黄金2312 1手(空)@456.92 / 黄金2402 1手(多)@457.7 价差=-0.78,,空carry 棕榈油2312 1手(空)@7658 / 棕榈油2401 1手(多)@7612 价差=46,空carry 豆油2312 1手(空)@8348 / 豆油2401 1手(多)@8130 价差=218,[AU] 空carry 黄金2312 1手(空)@456.92 / 黄金2402 1手(多)@457.7 价差=-0.78 z=1.44 | [P] 空carry 棕榈油2312 1手(空)@7658 / 棕榈油2401 1手(多)@7612 价差=46 z=1.72 | [Y] 空carry 豆油2312 1手(空)@8348 / 豆油2401 1手(多)@8130 价差=218 z=0.90
2023-08-23,False,4,8,-40.0,12.19,-40.0,120.0,201841.2,9366.0,21266.0,23097.2,13.05,7.8,1.3048750000007885e-05,255570.4,空carry 黄金2312 1手(空)@458.34 / 黄金2402 1手(多)@459.12 价差=-0.78,空carry 热卷2312 1手(空)@3930 / 热卷2401 1手(多)@3875 价差=55,空carry 棕榈油2312 1手(空)@7616 / 棕榈油2401 1手(多)@7574 价差=42,空carry 豆油2312 1手(空)@8364 / 豆油2401 1手(多)@8134 价差=230,[AU] 空carry 黄金2312 1手(空)@458.34 / 黄金2402 1手(多)@459.12 价差=-0.78 z=1.31 | [HC] 空carry 热卷2312 1手(空)@3930 / 热卷2401 1手(多)@3875 价差=55 z=1.65 | [P] 空carry 棕榈油2312 1手(空)@7616 / 棕榈油2401 1手(多)@7574 价差=42 z=1.50 | [Y] 空carry 豆油2312 1手(空)@8364 / 豆油2401 1手(多)@8134 价差=230 z=1.00
2023-08-24,False,4,8,20.0,120.0,20.0,240.0,202694.8,9262.8,21428.4,23517.200000000004,100.0,0.0,0.00010000000000000708,256903.2,空carry 黄金2312 1手(空)@460.3 / 黄金2402 1手(多)@461.04 价差=-0.74,空carry 热卷2312 1手(空)@3886 / 热卷2401 1手(多)@3833 价差=53,空carry 棕榈油2312 1手(空)@7676 / 棕榈油2401 1手(多)@7630 价差=46,空carry 豆油2312 1手(空)@8508 / 豆油2401 1手(多)@8290 价差=218,[AU] 空carry 黄金2312 1手(空)@460.3 / 黄金2402 1手(多)@461.04 价差=-0.74 z=1.42 | [HC] 空carry 热卷2312 1手(空)@3886 / 热卷2401 1手(多)@3833 价差=53 z=1.47 | [P] 空carry 棕榈油2312 1手(空)@7676 / 棕榈油2401 1手(多)@7630 价差=46 z=1.64 | [Y] 空carry 豆油2312 1手(空)@8508 / 豆油2401 1手(多)@8290 价差=218 z=0.77
2023-08-25,False,2,4,80.0,-7.78,80.0,-5.0,202136.0,0.0,21767.200000000004,0.0,36.81,12.78,3.680575000002334e-05,223903.2,空carry 黄金2312 1手(空)@459.02 / 黄金2402 1手(多)@459.78 价差=-0.76,,空carry 棕榈油2312 1手(空)@7796 / 棕榈油2401 1手(多)@7752 价差=44,,[AU] 空carry 黄金2312 1手(空)@459.02 / 黄金2402 1手(多)@459.78 价差=-0.76 z=1.16 | [P] 空carry 棕榈油2312 1手(空)@7796 / 棕榈油2401 1手(多)@7752 价差=44 z=1.44
2023-08-28,False,1,2,-40.0,0.0,40.0,0.0,0.0,0.0,21666.4,0.0,-0.0,40.0,-2.842170943040401e-19,21666.4,,,空carry 棕榈油2312 1手(空)@7756 / 棕榈油2401 1手(多)@7720 价差=36,,[P] 空carry 棕榈油2312 1手(空)@7756 / 棕榈油2401 1手(多)@7720 价差=36 z=1.00
2023-08-29,False,3,6,-140.0,0.0,40.0,-225.0,202857.6,0.0,21784.0,23844.800000000003,-81.25,45.0,-8.125000000000471e-05,248486.4,空carry 黄金2312 1手(空)@460.68 / 黄金2402 1手(多)@461.4 价差=-0.72,,空carry 棕榈油2312 1手(空)@7796 / 棕榈油2401 1手(多)@7764 价差=32,多carry 豆油2312 1手(多)@8594 / 豆油2401 1手(空)@8438 价差=156,[AU] 空carry 黄金2312 1手(空)@460.68 / 黄金2402 1手(多)@461.4 价差=-0.72 z=1.26 | [P] 空carry 棕榈油2312 1手(空)@7796 / 棕榈油2401 1手(多)@7764 价差=32 z=0.76 | [Y] 多carry 豆油2312 1手(多)@8594 / 豆油2401 1手(空)@8438 价差=156 z=-1.15
2023-08-30,False,2,4,100.0,0.0,-5.0,-340.0,203486.8,0.0,0.0,23875.600000000002,-61.25,5.0,-6.12499999999909e-05,227362.4,空carry 黄金2312 1手(空)@462.16 / 黄金2402 1手(多)@462.78 价差=-0.62,,,多carry 豆油2312 1手(多)@8594 / 豆油2401 1手(空)@8460 价差=134,[AU] 空carry 黄金2312 1手(空)@462.16 / 黄金2402 1手(多)@462.78 价差=-0.62 z=1.68 | [Y] 多carry 豆油2312 1手(多)@8594 / 豆油2401 1手(空)@8460 价差=134 z=-1.96
2023-08-31,False,3,6,0.0,82.21,0.0,20.0,204151.2,9350.4,0.0,23856.000000000004,25.55,7.79,2.555200000002234e-05,237357.6,空carry 黄金2312 1手(空)@463.62 / 黄金2402 1手(多)@464.34 价差=-0.72,多carry 热卷2312 1手(多)@3912 / 热卷2401 1手(空)@3880 价差=32,,多carry 豆油2312 1手(多)@8570 / 豆油2401 1手(空)@8470 价差=100,[AU] 空carry 黄金2312 1手(空)@463.62 / 黄金2402 1手(多)@464.34 价差=-0.72 z=0.98 | [HC] 多carry 热卷2312 1手(多)@3912 / 热卷2401 1手(空)@3880 价差=32 z=-1.02 | [Y] 多carry 豆油2312 1手(多)@8570 / 豆油2401 1手(空)@8470 价差=100 z=-2.66
2023-09-01,False,2,4,-60.0,-7.84,0.0,210.0,204146.8,0.0,0.0,23699.200000000004,35.54,17.84,3.554100000002245e-05,227846.0,空carry 黄金2402 1手(空)@463.62 / 黄金2404 1手(多)@464.32 价差=-0.7,,,空carry 豆油2401 1手(空)@8590 / 豆油2403 1手(多)@8338 价差=252,[AU] 空carry 黄金2402 1手(空)@463.62 / 黄金2404 1手(多)@464.32 价差=-0.7 z=1.01 | [Y] 空carry 豆油2401 1手(空)@8590 / 豆油2403 1手(多)@8338 价差=252 z=1.62
2023-09-04,False,4,8,-20.0,92.19,95.0,280.0,204969.59999999998,9374.4,21708.4,23203.600000000002,111.8,12.81,0.00011179699999998153,259256.0,空carry 黄金2402 1手(空)@465.52 / 黄金2404 1手(多)@466.16 价差=-0.64,多carry 热卷2401 1手(多)@3917 / 热卷2402 1手(空)@3895 价差=22,多carry 棕榈油2401 1手(多)@7750 / 棕榈油2402 1手(空)@7756 价差=-6,空carry 豆油2401 1手(空)@8402 / 豆油2403 1手(多)@8172 价差=230,[AU] 空carry 黄金2402 1手(空)@465.52 / 黄金2404 1手(多)@466.16 价差=-0.64 z=1.26 | [HC] 多carry 热卷2401 1手(多)@3917 / 热卷2402 1手(空)@3895 价差=22 z=-1.96 | [P] 多carry 棕榈油2401 1手(多)@7750 / 棕榈油2402 1手(空)@7756 价差=-6 z=-1.23 | [Y] 空carry 豆油2401 1手(空)@8402 / 豆油2403 1手(多)@8172 价差=230 z=0.92
2023-09-05,False,1,2,300.0,-7.78,-5.0,-5.0,205000.4,0.0,0.0,0.0,70.56,17.78,7.055500000000232e-05,205000.4,空carry 黄金2402 1手(空)@465.6 / 黄金2404 1手(多)@466.22 价差=-0.62,,,,[AU] 空carry 黄金2402 1手(空)@465.6 / 黄金2404 1手(多)@466.22 价差=-0.62 z=1.30
2023-09-06,False,3,6,140.0,-97.8,-25.0,0.0,204749.6,9356.4,21529.200000000004,0.0,4.3,92.8,4.30074999998115e-06,235635.2,多carry 黄金2402 1手(多)@464.88 / 黄金2404 1手(空)@465.8 价差=-0.92,多carry 热卷2401 1手(多)@3908 / 热卷2402 1手(空)@3889 价差=19,多carry 棕榈油2401 1手(多)@7690 / 棕榈油2402 1手(空)@7688 价差=2,,[AU] 多carry 黄金2402 1手(多)@464.88 / 黄金2404 1手(空)@465.8 价差=-0.92 z=-0.78 | [HC] 多carry 热卷2401 1手(多)@3908 / 热卷2402 1手(空)@3889 价差=19 z=-2.13 | [P] 多carry 棕榈油2401 1手(多)@7690 / 棕榈油2402 1手(空)@7688 价差=2 z=-0.84
2023-09-07,False,2,4,-40.0,10.0,80.0,0.0,0.0,9300.0,21229.600000000002,0.0,12.5,40.0,1.2499999999998408e-05,30529.6,,多carry 热卷2401 1手(多)@3880 / 热卷2402 1手(空)@3870 价差=10,多carry 棕榈油2401 1手(多)@7582 / 棕榈油2402 1手(空)@7582 价差=0,,[HC] 多carry 热卷2401 1手(多)@3880 / 热卷2402 1手(空)@3870 价差=10 z=-2.45 | [P] 多carry 棕榈油2401 1手(多)@7582 / 棕榈油2402 1手(空)@7582 价差=0 z=-0.96
2023-09-08,False,1,2,0.0,-10.0,-5.0,0.0,0.0,9128.4,0.0,0.0,-3.75,5.0,-3.7499999999999145e-06,9128.4,,多carry 热卷2401 1手(多)@3809 / 热卷2402 1手(空)@3798 价差=11,,,[HC] 多carry 热卷2401 1手(多)@3809 / 热卷2402 1手(空)@3798 价差=11 z=-2.00
2023-09-11,False,2,4,40.0,100.0,0.0,0.0,205642.8,9230.4,0.0,0.0,35.0,40.0,3.4999999999990524e-05,214873.2,空carry 黄金2402 1手(空)@467.08 / 黄金2404 1手(多)@467.66 价差=-0.58,多carry 热卷2401 1手(多)@3851 / 热卷2402 1手(空)@3841 价差=10,,,[AU] 空carry 黄金2402 1手(空)@467.08 / 黄金2404 1手(多)@467.66 价差=-0.58 z=1.79 | [HC] 多carry 热卷2401 1手(多)@3851 / 热卷2402 1手(空)@3841 价差=10 z=-1.79
2023-09-12,False,3,6,-140.0,60.0,-25.0,0.0,205730.8,9292.8,20820.800000000003,0.0,-26.25,5.0,-2.6250000000002684e-05,235844.4,空carry 黄金2402 1手(空)@467.24 / 黄金2404 1手(多)@467.9 价差=-0.66,多carry 热卷2401 1手(多)@3882 / 热卷2402 1手(空)@3862 价差=20,多carry 棕榈油2401 1手(多)@7436 / 棕榈油2402 1手(空)@7436 价差=0,,[AU] 空carry 黄金2402 1手(空)@467.24 / 黄金2404 1手(多)@467.9 价差=-0.66 z=0.91 | [HC] 多carry 热卷2401 1手(多)@3882 / 热卷2402 1手(空)@3862 价差=20 z=-0.97 | [P] 多carry 棕榈油2401 1手(多)@7436 / 棕榈油2402 1手(空)@7436 价差=0 z=-1.03
2023-09-13,False,3,6,-240.0,-7.68,-0.0,215.0,205999.2,0.0,20633.200000000004,22517.600000000002,-8.17,12.68,-8.169499999971066e-06,249150.0,空carry 黄金2402 1手(空)@467.92 / 黄金2404 1手(多)@468.44 价差=-0.52,,多carry 棕榈油2401 1手(多)@7368 / 棕榈油2402 1手(空)@7370 价差=-2,空carry 豆油2401 1手(空)@8160 / 豆油2403 1手(多)@7924 价差=236,[AU] 空carry 黄金2402 1手(空)@467.92 / 黄金2404 1手(多)@468.44 价差=-0.52 z=2.06 | [P] 多carry 棕榈油2401 1手(多)@7368 / 棕榈油2402 1手(空)@7370 价差=-2 z=-1.14 | [Y] 空carry 豆油2401 1手(空)@8160 / 豆油2403 1手(多)@7924 价差=236 z=0.97
2023-09-14,False,2,4,460.0,0.0,-200.0,-5.0,207829.6,0.0,20924.4,0.0,63.75,5.0,6.374999999999525e-05,228754.0,空carry 黄金2402 1手(空)@472.2 / 黄金2404 1手(多)@472.48 价差=-0.28,,多carry 棕榈油2401 1手(多)@7472 / 棕榈油2402 1手(空)@7474 价差=-2,,[AU] 空carry 黄金2402 1手(空)@472.2 / 黄金2404 1手(多)@472.48 价差=-0.28 z=3.03 | [P] 多carry 棕榈油2401 1手(多)@7472 / 棕榈油2402 1手(空)@7474 价差=-2 z=-1.14
2023-09-15,False,2,4,-40.0,0.0,-20.0,-25.0,0.0,0.0,20969.200000000004,23038.4,-21.25,45.0,-2.1250000000000882e-05,44007.6,,,多carry 棕榈油2401 1手(多)@7478 / 棕榈油2402 1手(空)@7500 价差=-22,多carry 豆油2401 1手(多)@8310 / 豆油2403 1手(空)@8146 价差=164,[P] 多carry 棕榈油2401 1手(多)@7478 / 棕榈油2402 1手(空)@7500 价差=-22 z=-2.22 | [Y] 多carry 豆油2401 1手(多)@8310 / 豆油2403 1手(空)@8146 价差=164 z=-1.02
2023-09-18,False,4,8,-260.0,-97.79,-60.0,-280.0,205849.59999999998,9346.8,20703.200000000004,22778.0,-174.45,47.79,-0.00017444725000000347,258677.6,空carry 黄金2402 1手(空)@467.56 / 黄金2404 1手(多)@468.12 价差=-0.56,多carry 热卷2401 1手(多)@3903 / 热卷2402 1手(空)@3886 价差=17,多carry 棕榈油2401 1手(多)@7382 / 棕榈油2402 1手(空)@7406 价差=-24,多carry 豆油2401 1手(多)@8216 / 豆油2403 1手(空)@8054 价差=162,[AU] 空carry 黄金2402 1手(空)@467.56 / 黄金2404 1手(多)@468.12 价差=-0.56 z=0.92 | [HC] 多carry 热卷2401 1手(多)@3903 / 热卷2402 1手(空)@3886 价差=17 z=-0.93 | [P] 多carry 棕榈油2401 1手(多)@7382 / 棕榈油2402 1手(空)@7406 价差=-24 z=-2.22 | [Y] 多carry 豆油2401 1手(多)@8216 / 豆油2403 1手(空)@8054 价差=162 z=-0.98
2023-09-19,False,4,8,-60.0,110.0,40.0,0.0,206962.8,9429.599999999999,20386.800000000003,22352.4,22.5,0.0,2.2499999999982837e-05,259131.6,空carry 黄金2402 1手(空)@470.2 / 黄金2404 1手(多)@470.54 价差=-0.34,多carry 热卷2401 1手(多)@3933 / 热卷2402 1手(空)@3925 价差=8,多carry 棕榈油2401 1手(多)@7266 / 棕榈油2402 1手(空)@7296 价差=-30,多carry 豆油2401 1手(多)@8050 / 豆油2403 1手(空)@7916 价差=134,[AU] 空carry 黄金2402 1手(空)@470.2 / 黄金2404 1手(多)@470.54 价差=-0.34 z=2.08 | [HC] 多carry 热卷2401 1手(多)@3933 / 热卷2402 1手(空)@3925 价差=8 z=-1.43 | [P] 多carry 棕榈油2401 1手(多)@7266 / 棕榈油2402 1手(空)@7296 价差=-30 z=-2.41 | [Y] 多carry 豆油2401 1手(多)@8050 / 豆油2403 1手(空)@7916 价差=134 z=-1.52
2023-09-20,False,3,6,0.0,-7.84,100.0,-140.0,207653.6,0.0,20560.4,22464.4,-11.96,7.84,-1.1961249999978826e-05,250678.4,空carry 黄金2402 1手(空)@471.8 / 黄金2404 1手(多)@472.08 价差=-0.28,,多carry 棕榈油2401 1手(多)@7330 / 棕榈油2402 1手(空)@7356 价差=-26,多carry 豆油2401 1手(多)@8090 / 豆油2403 1手(空)@7956 价差=134,[AU] 空carry 黄金2402 1手(空)@471.8 / 黄金2404 1手(多)@472.08 价差=-0.28 z=2.05 | [P] 多carry 棕榈油2401 1手(多)@7330 / 棕榈油2402 1手(空)@7356 价差=-26 z=-2.07 | [Y] 多carry 豆油2401 1手(多)@8090 / 豆油2403 1手(空)@7956 价差=134 z=-1.36
2023-09-21,False,3,6,140.0,0.0,0.0,0.0,207389.6,0.0,20059.200000000004,21795.2,35.0,0.0,3.500000000000472e-05,249244.0,空carry 黄金2402 1手(空)@471.2 / 黄金2404 1手(多)@471.48 价差=-0.28,,多carry 棕榈油2401 1手(多)@7156 / 棕榈油2402 1手(空)@7172 价差=-16,多carry 豆油2401 1手(多)@7844 / 豆油2403 1手(空)@7724 价差=120,[AU] 空carry 黄金2402 1手(空)@471.2 / 黄金2404 1手(多)@471.48 价差=-0.28 z=1.76 | [P] 多carry 棕榈油2401 1手(多)@7156 / 棕榈油2402 1手(空)@7172 价差=-16 z=-1.53 | [Y] 多carry 豆油2401 1手(多)@7844 / 豆油2403 1手(空)@7724 价差=120 z=-1.50
2023-09-22,False,3,6,160.0,0.0,-120.0,-0.0,207218.0,0.0,20300.0,22058.4,10.0,0.0,9.999999999969055e-06,249576.4,空carry 黄金2402 1手(空)@470.74 / 黄金2404 1手(多)@471.16 价差=-0.42,,多carry 棕榈油2401 1手(多)@7242 / 棕榈油2402 1手(空)@7258 价差=-16,多carry 豆油2401 1手(多)@7938 / 豆油2403 1手(空)@7818 价差=120,[AU] 空carry 黄金2402 1手(空)@470.74 / 黄金2404 1手(多)@471.16 价差=-0.42 z=0.94 | [P] 多carry 棕榈油2401 1手(多)@7242 / 棕榈油2402 1手(空)@7258 价差=-16 z=-1.46 | [Y] 多carry 豆油2401 1手(多)@7938 / 豆油2403 1手(空)@7818 价差=120 z=-1.34
2023-09-25,False,3,6,-40.0,-37.61,100.0,-160.0,0.0,9132.0,20238.4,22125.600000000002,-34.4,47.61,-3.440250000000566e-05,51496.0,,多carry 热卷2401 1手(多)@3812 / 热卷2402 1手(空)@3798 价差=14,多carry 棕榈油2401 1手(多)@7214 / 棕榈油2402 1手(空)@7242 价差=-28,多carry 豆油2401 1手(多)@7962 / 豆油2403 1手(空)@7842 价差=120,[HC] 多carry 热卷2401 1手(多)@3812 / 热卷2402 1手(空)@3798 价差=14 z=-0.83 | [P] 多carry 棕榈油2401 1手(多)@7214 / 棕榈油2402 1手(空)@7242 价差=-28 z=-1.96 | [Y] 多carry 豆油2401 1手(多)@7962 / 豆油2403 1手(空)@7842 价差=120 z=-1.21
2023-09-26,False,4,8,140.0,-80.0,-60.0,0.0,207284.0,9008.4,20269.200000000004,22103.200000000004,-0.0,40.0,-6.10356210017926e-18,258664.8,空carry 黄金2402 1手(空)@470.9 / 黄金2404 1手(多)@471.3 价差=-0.4,多carry 热卷2401 1手(多)@3759 / 热卷2402 1手(空)@3748 价差=11,多carry 棕榈油2401 1手(多)@7230 / 棕榈油2402 1手(空)@7248 价差=-18,多carry 豆油2401 1手(多)@7946 / 豆油2403 1手(空)@7842 价差=104,[AU] 空carry 黄金2402 1手(空)@470.9 / 黄金2404 1手(多)@471.3 价差=-0.4 z=0.92 | [HC] 多carry 热卷2401 1手(多)@3759 / 热卷2402 1手(空)@3748 价差=11 z=-1.06 | [P] 多carry 棕榈油2401 1手(多)@7230 / 棕榈油2402 1手(空)@7248 价差=-18 z=-1.43 | [Y] 多carry 豆油2401 1手(多)@7946 / 豆油2403 1手(空)@7842 价差=104 z=-1.41
2023-09-27,False,3,6,-40.0,80.0,120.0,160.0,0.0,9037.2,20529.600000000002,22400.0,80.0,40.0,8.000000000000338e-05,51966.8,,多carry 热卷2401 1手(多)@3767 / 热卷2402 1手(空)@3764 价差=3,多carry 棕榈油2401 1手(多)@7320 / 棕榈油2402 1手(空)@7344 价差=-24,多carry 豆油2401 1手(多)@8052 / 豆油2403 1手(空)@7948 价差=104,[HC] 多carry 热卷2401 1手(多)@3767 / 热卷2402 1手(空)@3764 价差=3 z=-1.85 | [P] 多carry 棕榈油2401 1手(多)@7320 / 棕榈油2402 1手(空)@7344 价差=-24 z=-1.63 | [Y] 多carry 豆油2401 1手(多)@8052 / 豆油2403 1手(空)@7948 价差=104 z=-1.34
2023-09-28,False,4,8,-40.0,0.0,0.0,0.0,202540.8,9094.8,20927.200000000004,22652.000000000004,-10.0,40.0,-1e-05,255214.8,多carry 黄金2402 1手(多)@459.94 / 黄金2404 1手(空)@460.7 价差=-0.76,多carry 热卷2401 1手(多)@3795 / 热卷2402 1手(空)@3784 价差=11,多carry 棕榈油2401 1手(多)@7468 / 棕榈油2402 1手(空)@7480 价差=-12,多carry 豆油2401 1手(多)@8150 / 豆油2403 1手(空)@8030 价差=120,[AU] 多carry 黄金2402 1手(多)@459.94 / 黄金2404 1手(空)@460.7 价差=-0.76 z=-1.10 | [HC] 多carry 热卷2401 1手(多)@3795 / 热卷2402 1手(空)@3784 价差=11 z=-0.83 | [P] 多carry 棕榈油2401 1手(多)@7468 / 棕榈油2402 1手(空)@7480 价差=-12 z=-1.07 | [Y] 多carry 豆油2401 1手(多)@8150 / 豆油2403 1手(空)@8030 价差=120 z=-1.07
2023-10-09,False,4,8,120.0,-40.0,140.0,130.0,200820.40000000002,8942.4,20162.800000000003,21523.600000000002,87.5,10.0,8.750000000001277e-05,251449.2,多carry 黄金2402 1手(多)@455.94 / 黄金2404 1手(空)@456.88 价差=-0.94,多carry 热卷2402 1手(多)@3725 / 热卷2403 1手(空)@3727 价差=-2,多carry 棕榈油2402 1手(多)@7186 / 棕榈油2403 1手(空)@7216 价差=-30,空carry 豆油2403 1手(空)@7798 / 豆油2405 1手(多)@7576 价差=222,[AU] 多carry 黄金2402 1手(多)@455.94 / 黄金2404 1手(空)@456.88 价差=-0.94 z=-1.88 | [HC] 多carry 热卷2402 1手(多)@3725 / 热卷2403 1手(空)@3727 价差=-2 z=-2.16 | [P] 多carry 棕榈油2402 1手(多)@7186 / 棕榈油2403 1手(空)@7216 价差=-30 z=-1.82 | [Y] 空carry 豆油2403 1手(空)@7798 / 豆油2405 1手(多)@7576 价差=222 z=1.02
2023-10-10,False,4,8,-220.0,30.0,-20.0,0.0,198910.8,8870.4,19874.4,21016.800000000003,-52.5,0.0,-5.2500000000001717e-05,248672.4,多carry 黄金2402 1手(多)@451.66 / 黄金2404 1手(空)@452.48 价差=-0.82,多carry 热卷2402 1手(多)@3693 / 热卷2403 1手(空)@3699 价差=-6,多carry 棕榈油2402 1手(多)@7090 / 棕榈油2403 1手(空)@7106 价差=-16,空carry 豆油2403 1手(空)@7610 / 豆油2405 1手(多)@7402 价差=208,[AU] 多carry 黄金2402 1手(多)@451.66 / 黄金2404 1手(空)@452.48 价差=-0.82 z=-1.21 | [HC] 多carry 热卷2402 1手(多)@3693 / 热卷2403 1手(空)@3699 价差=-6 z=-2.16 | [P] 多carry 棕榈油2402 1手(多)@7090 / 棕榈油2403 1手(空)@7106 价差=-16 z=-1.18 | [Y] 空carry 豆油2403 1手(空)@7610 / 豆油2405 1手(多)@7402 价差=208 z=0.77
2023-10-11,False,4,8,120.0,80.0,40.0,-100.0,198844.8,8883.599999999999,19899.600000000002,21028.0,35.0,0.0,3.5000000000006096e-05,248656.0,多carry 黄金2402 1手(多)@451.4 / 黄金2404 1手(空)@452.44 价差=-1.04,多carry 热卷2402 1手(多)@3700 / 热卷2403 1手(空)@3703 价差=-3,多carry 棕榈油2402 1手(多)@7098 / 棕榈油2403 1手(空)@7116 价差=-18,空carry 豆油2403 1手(空)@7614 / 豆油2405 1手(多)@7406 价差=208,[AU] 多carry 黄金2402 1手(多)@451.4 / 黄金2404 1手(空)@452.44 价差=-1.04 z=-1.94 | [HC] 多carry 热卷2402 1手(多)@3700 / 热卷2403 1手(空)@3703 价差=-3 z=-1.69 | [P] 多carry 棕榈油2402 1手(多)@7098 / 棕榈油2403 1手(空)@7116 价差=-18 z=-1.22 | [Y] 空carry 豆油2403 1手(空)@7614 / 豆油2405 1手(多)@7406 价差=208 z=0.76
2023-10-12,False,4,8,60.0,-0.0,-20.0,120.0,200340.8,8926.8,20045.200000000004,21159.600000000002,40.0,0.0,4.000000000000445e-05,250472.4,多carry 黄金2402 1手(多)@454.86 / 黄金2404 1手(空)@455.78 价差=-0.92,多carry 热卷2402 1手(多)@3722 / 热卷2403 1手(空)@3717 价差=5,多carry 棕榈油2402 1手(多)@7152 / 棕榈油2403 1手(空)@7166 价差=-14,空carry 豆油2403 1手(空)@7666 / 豆油2405 1手(多)@7448 价差=218,[AU] 多carry 黄金2402 1手(多)@454.86 / 黄金2404 1手(空)@455.78 价差=-0.92 z=-1.38 | [HC] 多carry 热卷2402 1手(多)@3722 / 热卷2403 1手(空)@3717 价差=5 z=-0.76 | [P] 多carry 棕榈油2402 1手(多)@7152 / 棕榈油2403 1手(空)@7166 价差=-14 z=-1.02 | [Y] 空carry 豆油2403 1手(空)@7666 / 豆油2405 1手(多)@7448 价差=218 z=0.96
2023-10-13,False,2,4,-80.0,-7.43,-40.0,-5.0,200802.8,0.0,20423.200000000004,0.0,-33.11,12.43,-3.310775000001355e-05,221226.0,多carry 黄金2402 1手(多)@455.94 / 黄金2404 1手(空)@456.8 价差=-0.86,,多carry 棕榈油2402 1手(多)@7286 / 棕榈油2403 1手(空)@7302 价差=-16,,[AU] 多carry 黄金2402 1手(多)@455.94 / 黄金2404 1手(空)@456.8 价差=-0.86 z=-1.05 | [P] 多carry 棕榈油2402 1手(多)@7286 / 棕榈油2403 1手(空)@7302 价差=-16 z=-1.10
2023-10-16,False,4,8,100.0,272.48,-20.0,95.0,203583.59999999998,9024.0,20535.2,21649.600000000002,111.87,12.52,0.00011187000000001634,254792.4,多carry 黄金2402 1手(多)@462.22 / 黄金2404 1手(空)@463.16 价差=-0.94,多carry 热卷2402 1手(多)@3757 / 热卷2403 1手(空)@3763 价差=-6,多carry 棕榈油2402 1手(多)@7324 / 棕榈油2403 1手(空)@7344 价差=-20,空carry 豆油2403 1手(空)@7844 / 豆油2405 1手(多)@7620 价差=224,[AU] 多carry 黄金2402 1手(多)@462.22 / 黄金2404 1手(空)@463.16 价差=-0.94 z=-1.25 | [HC] 多carry 热卷2402 1手(多)@3757 / 热卷2403 1手(空)@3763 价差=-6 z=-1.65 | [P] 多carry 棕榈油2402 1手(多)@7324 / 棕榈油2403 1手(空)@7344 价差=-20 z=-1.22 | [Y] 空carry 豆油2403 1手(空)@7844 / 豆油2405 1手(多)@7620 价差=224 z=1.05
2023-10-17,False,4,8,-80.0,254.92,-0.0,120.0,204529.59999999998,9048.0,20571.600000000002,21753.200000000004,73.73,15.08,7.372999999998465e-05,255902.4,多carry 黄金2402 1手(多)@464.42 / 黄金2404 1手(空)@465.26 价差=-0.84,空carry 热卷2402 1手(空)@3781 / 热卷2403 1手(多)@3759 价差=22,多carry 棕榈油2402 1手(多)@7336 / 棕榈油2403 1手(空)@7358 价差=-22,空carry 豆油2403 1手(空)@7876 / 豆油2405 1手(多)@7662 价差=214,[AU] 多carry 黄金2402 1手(多)@464.42 / 黄金2404 1手(空)@465.26 价差=-0.84 z=-0.77 | [HC] 空carry 热卷2402 1手(空)@3781 / 热卷2403 1手(多)@3759 价差=22 z=0.99 | [P] 多carry 棕榈油2402 1手(多)@7336 / 棕榈油2403 1手(空)@7358 价差=-22 z=-1.26 | [Y] 空carry 豆油2403 1手(空)@7876 / 豆油2405 1手(多)@7662 价差=214 z=0.86
2023-10-18,False,3,6,140.0,55.06,-80.0,-5.0,206483.2,8965.199999999999,20683.600000000002,0.0,27.51,19.94,2.751450000000204e-05,236132.0,多carry 黄金2402 1手(多)@468.82 / 黄金2404 1手(空)@469.74 价差=-0.92,多carry 热卷2402 1手(多)@3733 / 热卷2403 1手(空)@3738 价差=-5,多carry 棕榈油2402 1手(多)@7376 / 棕榈油2403 1手(空)@7398 价差=-22,,[AU] 多carry 黄金2402 1手(多)@468.82 / 黄金2404 1手(空)@469.74 价差=-0.92 z=-0.97 | [HC] 多carry 热卷2402 1手(多)@3733 / 热卷2403 1手(空)@3738 价差=-5 z=-1.39 | [P] 多carry 棕榈油2402 1手(多)@7376 / 棕榈油2403 1手(空)@7398 价差=-22 z=-1.21
2023-10-19,False,1,2,-40.0,-7.51,40.0,0.0,0.0,0.0,20616.4,0.0,-1.88,47.51,-1.8774999999992036e-06,20616.4,,,多carry 棕榈油2402 1手(多)@7348 / 棕榈油2403 1手(空)@7378 价差=-30,,[P] 多carry 棕榈油2402 1手(多)@7348 / 棕榈油2403 1手(空)@7378 价差=-30 z=-1.49
2023-10-20,False,3,6,0.0,102.58,-0.0,-5.0,0.0,8908.8,20314.0,21571.200000000004,24.39,12.42,2.4394000000000224e-05,50794.0,,多carry 热卷2402 1手(多)@3711 / 热卷2403 1手(空)@3713 价差=-2,多carry 棕榈油2402 1手(多)@7242 / 棕榈油2403 1手(空)@7268 价差=-26,空carry 豆油2403 1手(空)@7806 / 豆油2405 1手(多)@7602 价差=204,[HC] 多carry 热卷2402 1手(多)@3711 / 热卷2403 1手(空)@3713 价差=-2 z=-0.97 | [P] 多carry 棕榈油2402 1手(多)@7242 / 棕榈油2403 1手(空)@7268 价差=-26 z=-1.31 | [Y] 空carry 豆油2403 1手(空)@7806 / 豆油2405 1手(多)@7602 价差=204 z=0.77
2023-10-23,False,1,2,0.0,-7.38,80.0,-5.0,0.0,0.0,20140.4,0.0,16.9,12.38,1.6903750000000483e-05,20140.4,,,多carry 棕榈油2402 1手(多)@7180 / 棕榈油2403 1手(空)@7206 价差=-26,,[P] 多carry 棕榈油2402 1手(多)@7180 / 棕榈油2403 1手(空)@7206 价差=-26 z=-1.29
2023-10-24,False,2,4,0.0,0.0,-60.0,175.0,0.0,0.0,19888.4,21128.800000000003,28.75,5.0,2.875000000000131e-05,41017.2,,,多carry 棕榈油2402 1手(多)@7094 / 棕榈油2403 1手(空)@7112 价差=-18,空carry 豆油2403 1手(空)@7652 / 豆油2405 1手(多)@7440 价差=212,[P] 多carry 棕榈油2402 1手(多)@7094 / 棕榈油2403 1手(空)@7112 价差=-18 z=-0.97 | [Y] 空carry 豆油2403 1手(空)@7652 / 豆油2405 1手(多)@7440 价差=212 z=0.82
2023-10-25,False,2,4,0.0,32.43,0.0,-5.0,0.0,9086.4,19728.800000000003,0.0,6.86,12.57,6.8570000000023545e-06,28815.2,,多carry 热卷2402 1手(多)@3784 / 热卷2403 1手(空)@3788 价差=-4,多carry 棕榈油2402 1手(多)@7034 / 棕榈油2403 1手(空)@7058 价差=-24,,[HC] 多carry 热卷2402 1手(多)@3784 / 热卷2403 1手(空)@3788 价差=-4 z=-1.03 | [P] 多carry 棕榈油2402 1手(多)@7034 / 棕榈油2403 1手(空)@7058 价差=-24 z=-1.18
2023-10-26,False,3,6,100.0,-7.56,-60.0,55.0,210482.8,0.0,20406.4,21621.600000000002,21.86,52.56,2.1859000000005447e-05,252510.8,多carry 黄金2402 1手(多)@477.84 / 黄金2404 1手(空)@478.9 价差=-1.06,,多carry 棕榈油2402 1手(多)@7276 / 棕榈油2403 1手(空)@7300 价差=-24,空carry 豆油2403 1手(空)@7830 / 豆油2405 1手(多)@7614 价差=216,[AU] 多carry 黄金2402 1手(多)@477.84 / 黄金2404 1手(空)@478.9 价差=-1.06 z=-1.22 | [P] 多carry 棕榈油2402 1手(多)@7276 / 棕榈油2403 1手(空)@7300 价差=-24 z=-1.11 | [Y] 空carry 豆油2403 1手(空)@7830 / 豆油2405 1手(多)@7614 价差=216 z=0.78
2023-10-27,False,2,4,-40.0,32.33,-40.0,-5.0,0.0,9205.2,20437.2,0.0,-13.17,52.67,-1.3167749999999157e-05,29642.4,,多carry 热卷2402 1手(多)@3832 / 热卷2403 1手(空)@3839 价差=-7,多carry 棕榈油2402 1手(多)@7284 / 棕榈油2403 1手(空)@7314 价差=-30,,[HC] 多carry 热卷2402 1手(多)@3832 / 热卷2403 1手(空)@3839 价差=-7 z=-1.24 | [P] 多carry 棕榈油2402 1手(多)@7284 / 棕榈油2403 1手(空)@7314 价差=-30 z=-1.29
2023-10-30,False,2,4,220.0,-7.7,80.0,0.0,211072.4,0.0,20420.4,0.0,73.08,47.7,7.307574999999898e-05,231492.8,多carry 黄金2402 1手(多)@479.22 / 黄金2404 1手(空)@480.2 价差=-0.98,,多carry 棕榈油2402 1手(多)@7276 / 棕榈油2403 1手(空)@7310 价差=-34,,[AU] 多carry 黄金2402 1手(多)@479.22 / 黄金2404 1手(空)@480.2 价差=-0.98 z=-0.77 | [P] 多carry 棕榈油2402 1手(多)@7276 / 棕榈油2403 1手(空)@7310 价差=-34 z=-1.39
2023-10-31,False,3,6,-120.0,0.0,-60.0,-245.0,211235.2,0.0,20017.200000000004,21425.600000000002,-106.25,85.0,-0.00010624999999999326,252678.0,空carry 黄金2402 1手(空)@479.72 / 黄金2404 1手(多)@480.44 价差=-0.72,,多carry 棕榈油2402 1手(多)@7136 / 棕榈油2403 1手(空)@7162 价差=-26,空carry 豆油2403 1手(空)@7780 / 豆油2405 1手(多)@7524 价差=256,[AU] 空carry 黄金2402 1手(空)@479.72 / 黄金2404 1手(多)@480.44 价差=-0.72 z=0.85 | [P] 多carry 棕榈油2402 1手(多)@7136 / 棕榈油2403 1手(空)@7162 价差=-26 z=-1.09 | [Y] 空carry 豆油2403 1手(空)@7780 / 豆油2405 1手(多)@7524 价差=256 z=1.49
2023-11-01,False,1,2,-40.0,0.0,-5.0,-60.0,0.0,0.0,0.0,21543.2,-26.25,45.0,-2.6250000000003213e-05,21543.2,,,,空carry 豆油2403 1手(空)@7834 / 豆油2405 1手(多)@7554 价差=280,[Y] 空carry 豆油2403 1手(空)@7834 / 豆油2405 1手(多)@7554 价差=280 z=1.98
2023-11-02,False,3,6,-40.0,62.31,0.0,240.0,211041.59999999998,9230.4,0.0,21820.4,65.58,47.69,6.55769999999986e-05,242092.4,空carry 黄金2404 1手(空)@479.32 / 黄金2406 1手(多)@479.96 价差=-0.64,空carry 热卷2403 1手(空)@3852 / 热卷2404 1手(多)@3840 价差=12,,空carry 豆油2403 1手(空)@7936 / 豆油2405 1手(多)@7650 价差=286,[AU] 空carry 黄金2404 1手(空)@479.32 / 黄金2406 1手(多)@479.96 价差=-0.64 z=2.03 | [HC] 空carry 热卷2403 1手(空)@3852 / 热卷2404 1手(多)@3840 价差=12 z=1.39 | [Y] 空carry 豆油2403 1手(空)@7936 / 豆油2405 1手(多)@7650 价差=286 z=2.12
2023-11-03,False,2,4,-20.0,-7.78,0.0,300.0,210839.2,0.0,0.0,21988.4,68.05,7.78,6.805375000000524e-05,232827.6,空carry 黄金2404 1手(空)@478.86 / 黄金2406 1手(多)@479.5 价差=-0.64,,,空carry 豆油2403 1手(空)@7984 / 豆油2405 1手(多)@7722 价差=262,[AU] 空carry 黄金2404 1手(空)@478.86 / 黄金2406 1手(多)@479.5 价差=-0.64 z=1.80 | [Y] 空carry 豆油2403 1手(空)@7984 / 豆油2405 1手(多)@7722 价差=262 z=1.50
2023-11-06,False,1,2,180.0,0.0,0.0,-5.0,209954.8,0.0,0.0,0.0,43.75,5.0,4.37500000000021e-05,209954.8,空carry 黄金2404 1手(空)@476.86 / 黄金2406 1手(多)@477.48 价差=-0.62,,,,[AU] 空carry 黄金2404 1手(空)@476.86 / 黄金2406 1手(多)@477.48 价差=-0.62 z=1.69
2023-11-07,False,1,2,-40.0,102.23,0.0,0.0,0.0,9324.0,0.0,0.0,15.56,47.77,1.555750000000098e-05,9324.0,,多carry 热卷2403 1手(多)@3882 / 热卷2404 1手(空)@3888 价差=-6,,,[HC] 多carry 热卷2403 1手(多)@3882 / 热卷2404 1手(空)@3888 价差=-6 z=-1.05
2023-11-08,False,2,4,-140.0,-7.86,0.0,35.0,208080.4,0.0,0.0,22195.600000000002,-28.22,52.86,-2.8215249999982193e-05,230276.0,空carry 黄金2404 1手(空)@472.56 / 黄金2406 1手(多)@473.26 价差=-0.7,,,空carry 豆油2403 1手(空)@8052 / 豆油2405 1手(多)@7802 价差=250,[AU] 空carry 黄金2404 1手(空)@472.56 / 黄金2406 1手(多)@473.26 价差=-0.7 z=0.95 | [Y] 空carry 豆油2403 1手(空)@8052 / 豆油2405 1手(多)@7802 价差=250 z=0.90
2023-11-09,False,2,4,60.0,232.12,0.0,-5.0,206747.2,9458.4,0.0,0.0,71.78,12.88,7.177950000000663e-05,216205.6,空carry 黄金2404 1手(空)@469.58 / 黄金2406 1手(多)@470.18 价差=-0.6,多carry 热卷2403 1手(多)@3939 / 热卷2404 1手(空)@3943 价差=-4,,,[AU] 空carry 黄金2404 1手(空)@469.58 / 黄金2406 1手(多)@470.18 价差=-0.6 z=1.54 | [HC] 多carry 热卷2403 1手(多)@3939 / 热卷2404 1手(空)@3943 价差=-4 z=-0.76
2023-11-10,False,2,4,-20.0,134.09,0.0,0.0,207886.8,9547.199999999999,0.0,0.0,28.52,15.91,2.852199999999439e-05,217434.0,空carry 黄金2404 1手(空)@472.14 / 黄金2406 1手(多)@472.8 价差=-0.66,空carry 热卷2403 1手(空)@3988 / 热卷2404 1手(多)@3968 价差=20,,,[AU] 空carry 黄金2404 1手(空)@472.14 / 黄金2406 1手(多)@472.8 价差=-0.66 z=0.99 | [HC] 空carry 热卷2403 1手(空)@3988 / 热卷2404 1手(多)@3968 价差=20 z=2.17
2023-11-13,False,1,2,-60.0,-7.9,0.0,0.0,207248.8,0.0,0.0,0.0,-16.98,7.9,-1.6976249999995736e-05,207248.8,空carry 黄金2404 1手(空)@470.7 / 黄金2406 1手(多)@471.34 价差=-0.64,,,,[AU] 空carry 黄金2404 1手(空)@470.7 / 黄金2406 1手(多)@471.34 价差=-0.64 z=1.03
2023-11-14,False,3,6,160.0,52.13,0.0,355.0,207948.4,9444.0,0.0,22635.200000000004,141.78,12.87,0.00014178249999998986,240027.6,空carry 黄金2404 1手(空)@472.32 / 黄金2406 1手(多)@472.9 价差=-0.58,空carry 热卷2403 1手(空)@3941 / 热卷2404 1手(多)@3929 价差=12,,空carry 豆油2403 1手(空)@8218 / 豆油2405 1手(多)@7950 价差=268,[AU] 空carry 黄金2404 1手(空)@472.32 / 黄金2406 1手(多)@472.9 价差=-0.58 z=1.35 | [HC] 空carry 热卷2403 1手(空)@3941 / 热卷2404 1手(多)@3929 价差=12 z=1.40 | [Y] 空carry 豆油2403 1手(空)@8218 / 豆油2405 1手(多)@7950 价差=268 z=1.32
2023-11-15,True,0,0,-40.0,-7.99,0.0,-5.0,0.0,0.0,0.0,0.0,-13.25,52.99,-1.3248e-05,0.0,,,,,全品种空仓
2023-11-16,False,2,4,20.0,0.0,0.0,75.0,208014.40000000002,0.0,0.0,23007.600000000002,23.75,45.0,2.374999999999909e-05,231022.0,空carry 黄金2404 1手(空)@472.48 / 黄金2406 1手(多)@473.04 价差=-0.56,,,空carry 豆油2403 1手(空)@8348 / 豆油2405 1手(多)@8086 价差=262,[AU] 空carry 黄金2404 1手(空)@472.48 / 黄金2406 1手(多)@473.04 价差=-0.56 z=1.34 | [Y] 空carry 豆油2403 1手(空)@8348 / 豆油2405 1手(多)@8086 价差=262 z=0.98
2023-11-17,False,3,6,-40.0,51.98,-105.0,-5.0,208766.8,9627.599999999999,21369.600000000002,0.0,-24.51,18.02,-2.4505749999983437e-05,239764.0,空carry 黄金2404 1手(空)@474.16 / 黄金2406 1手(多)@474.78 价差=-0.62,多carry 热卷2403 1手(多)@4003 / 热卷2404 1手(空)@4020 价差=-17,多carry 棕榈油2403 1手(多)@7620 / 棕榈油2404 1手(空)@7644 价差=-24,,[AU] 空carry 黄金2404 1手(空)@474.16 / 黄金2406 1手(多)@474.78 价差=-0.62 z=0.82 | [HC] 多carry 热卷2403 1手(多)@4003 / 热卷2404 1手(空)@4020 价差=-17 z=-2.34 | [P] 多carry 棕榈油2403 1手(多)@7620 / 棕榈油2404 1手(空)@7644 价差=-24 z=-0.79
2023-11-20,False,3,6,60.0,-40.0,-20.0,0.0,206338.0,9699.599999999999,21310.800000000003,0.0,-0.0,0.0,-6.4233063312713054e-18,237348.4,空carry 黄金2404 1手(空)@468.66 / 黄金2406 1手(多)@469.24 价差=-0.58,多carry 热卷2403 1手(多)@4036 / 热卷2404 1手(空)@4047 价差=-11,多carry 棕榈油2403 1手(多)@7594 / 棕榈油2404 1手(空)@7628 价差=-34,,[AU] 空carry 黄金2404 1手(空)@468.66 / 黄金2406 1手(多)@469.24 价差=-0.58 z=0.97 | [HC] 多carry 热卷2403 1手(多)@4036 / 热卷2404 1手(空)@4047 价差=-11 z=-1.42 | [P] 多carry 棕榈油2403 1手(多)@7594 / 棕榈油2404 1手(空)@7628 价差=-34 z=-1.20
2023-11-21,False,2,4,-40.0,190.0,160.0,0.0,0.0,9646.8,21207.200000000004,0.0,77.5,40.0,7.749999999999873e-05,30854.0,,多carry 热卷2403 1手(多)@4012 / 热卷2404 1手(空)@4027 价差=-15,多carry 棕榈油2403 1手(多)@7556 / 棕榈油2404 1手(空)@7592 价差=-36,,[HC] 多carry 热卷2403 1手(多)@4012 / 热卷2404 1手(空)@4027 价差=-15 z=-1.66 | [P] 多carry 棕榈油2403 1手(多)@7556 / 棕榈油2404 1手(空)@7592 价差=-36 z=-1.28
2023-11-22,False,2,4,100.0,-8.09,-5.0,95.0,205475.6,0.0,0.0,22794.800000000003,45.48,58.09,4.5478500000006324e-05,228270.4,空carry 黄金2404 1手(空)@466.7 / 黄金2406 1手(多)@467.28 价差=-0.58,,,多carry 豆油2403 1手(多)@8246 / 豆油2405 1手(空)@8036 价差=210,[AU] 空carry 黄金2404 1手(空)@466.7 / 黄金2406 1手(多)@467.28 价差=-0.58 z=0.83 | [Y] 多carry 豆油2403 1手(多)@8246 / 豆油2405 1手(空)@8036 价差=210 z=-1.32
2023-11-23,False,2,4,-40.0,292.01,0.0,240.0,0.0,9591.6,0.0,22450.4,123.0,47.99,0.0001230017499999995,32042.0,,空carry 热卷2403 1手(空)@4009 / 热卷2404 1手(多)@3984 价差=25,,多carry 豆油2403 1手(多)@8128 / 豆油2405 1手(空)@7908 价差=220,[HC] 空carry 热卷2403 1手(空)@4009 / 热卷2404 1手(多)@3984 价差=25 z=2.19 | [Y] 多carry 豆油2403 1手(多)@8128 / 豆油2405 1手(空)@7908 价差=220 z=-0.91
2023-11-24,True,0,0,0.0,-8.09,0.0,-5.0,0.0,0.0,0.0,0.0,-3.27,13.1,-3.2737499999999998e-06,0.0,,,,,全品种空仓
2023-11-27,False,1,2,100.0,0.0,0.0,0.0,207266.4,0.0,0.0,0.0,25.0,40.0,2.4999999999987438e-05,207266.4,多carry 黄金2404 1手(多)@470.66 / 黄金2406 1手(空)@471.46 价差=-0.8,,,,[AU] 多carry 黄金2404 1手(多)@470.66 / 黄金2406 1手(空)@471.46 价差=-0.8 z=-1.84
2023-11-28,False,2,4,-40.0,91.97,0.0,-85.0,0.0,9634.8,0.0,22450.4,-8.26,53.03,-8.25725000000035e-06,32085.2,,多carry 热卷2403 1手(多)@4009 / 热卷2404 1手(空)@4020 价差=-11,,多carry 豆油2403 1手(多)@8130 / 豆油2405 1手(空)@7906 价差=224,[HC] 多carry 热卷2403 1手(多)@4009 / 热卷2404 1手(空)@4020 价差=-11 z=-1.09 | [Y] 多carry 豆油2403 1手(多)@8130 / 豆油2405 1手(空)@7906 价差=224 z=-0.89
2023-11-29,False,1,2,0.0,-8.02,0.0,-120.0,0.0,0.0,0.0,22360.800000000003,-32.0,8.02,-3.2004750000000995e-05,22360.8,,,,多carry 豆油2403 1手(多)@8094 / 豆油2405 1手(空)@7878 价差=216,[Y] 多carry 豆油2403 1手(多)@8094 / 豆油2405 1手(空)@7878 价差=216 z=-1.19
2023-11-30,False,1,2,0.0,0.0,0.0,160.0,0.0,0.0,0.0,22601.600000000002,40.0,0.0,4.000000000000006e-05,22601.6,,,,多carry 豆油2403 1手(多)@8174 / 豆油2405 1手(空)@7970 价差=204,[Y] 多carry 豆油2403 1手(多)@8174 / 豆油2405 1手(空)@7970 价差=204 z=-1.76
2023-12-01,False,2,4,0.0,0.0,-65.0,100.0,0.0,0.0,20608.0,21761.600000000002,8.75,5.0,8.750000000000841e-06,42369.6,,,空carry 棕榈油2404 1手(空)@7362 / 棕榈油2405 1手(多)@7358 价差=4,多carry 豆油2405 1手(多)@7822 / 豆油2407 1手(空)@7722 价差=100,[P] 空carry 棕榈油2404 1手(空)@7362 / 棕榈油2405 1手(多)@7358 价差=4 z=1.38 | [Y] 多carry 豆油2405 1手(多)@7822 / 豆油2407 1手(空)@7722 价差=100 z=-3.72
2023-12-04,False,3,6,0.0,-27.98,20.0,-60.0,0.0,9572.4,20566.000000000004,21641.2,-16.99,7.98,-1.699425000000044e-05,51779.6,,空carry 热卷2404 1手(空)@3993 / 热卷2405 1手(多)@3984 价差=9,空carry 棕榈油2404 1手(空)@7350 / 棕榈油2405 1手(多)@7340 价差=10,多carry 豆油2405 1手(多)@7784 / 豆油2407 1手(空)@7674 价差=110,[HC] 空carry 热卷2404 1手(空)@3993 / 热卷2405 1手(多)@3984 价差=9 z=0.78 | [P] 空carry 棕榈油2404 1手(空)@7350 / 棕榈油2405 1手(多)@7340 价差=10 z=1.80 | [Y] 多carry 豆油2405 1手(多)@7784 / 豆油2407 1手(空)@7674 价差=110 z=-2.58
2023-12-05,False,4,8,-120.0,150.0,-40.0,-200.0,209558.8,9543.599999999999,20277.600000000002,21448.0,-52.5,40.0,-5.24999999999963e-05,260828.0,多carry 黄金2404 1手(多)@475.86 / 黄金2406 1手(空)@476.68 价差=-0.82,空carry 热卷2404 1手(空)@3982 / 热卷2405 1手(多)@3971 价差=11,空carry 棕榈油2404 1手(空)@7246 / 棕榈油2405 1手(多)@7238 价差=8,多carry 豆油2405 1手(多)@7712 / 豆油2407 1手(空)@7608 价差=104,[AU] 多carry 黄金2404 1手(多)@475.86 / 黄金2406 1手(空)@476.68 价差=-0.82 z=-2.21 | [HC] 空carry 热卷2404 1手(空)@3982 / 热卷2405 1手(多)@3971 价差=11 z=0.88 | [P] 空carry 棕榈油2404 1手(空)@7246 / 棕榈油2405 1手(多)@7238 价差=8 z=1.61 | [Y] 多carry 豆油2405 1手(多)@7712 / 豆油2407 1手(空)@7608 价差=104 z=-2.20
2023-12-06,False,3,6,-280.0,-8.05,140.0,-120.0,209242.0,0.0,19812.800000000003,21224.0,-67.01,8.05,-6.701300000001812e-05,250278.8,多carry 黄金2404 1手(多)@475.1 / 黄金2406 1手(空)@476 价差=-0.9,,空carry 棕榈油2404 1手(空)@7082 / 棕榈油2405 1手(多)@7070 价差=12,多carry 豆油2405 1手(多)@7622 / 豆油2407 1手(空)@7538 价差=84,[AU] 多carry 黄金2404 1手(多)@475.1 / 黄金2406 1手(空)@476 价差=-0.9 z=-2.59 | [P] 空carry 棕榈油2404 1手(空)@7082 / 棕榈油2405 1手(多)@7070 价差=12 z=1.89 | [Y] 多carry 豆油2405 1手(多)@7622 / 豆油2407 1手(空)@7538 价差=84 z=-2.14
2023-12-07,False,4,8,80.0,91.76,-100.0,100.0,209611.6,9886.8,19720.4,21100.800000000003,42.94,8.24,4.2940250000022215e-05,260319.6,多carry 黄金2404 1手(多)@475.8 / 黄金2406 1手(空)@476.98 价差=-1.18,空carry 热卷2404 1手(空)@4125 / 热卷2405 1手(多)@4114 价差=11,空carry 棕榈油2404 1手(空)@7042 / 棕榈油2405 1手(多)@7044 价差=-2,多carry 豆油2405 1手(多)@7572 / 豆油2407 1手(空)@7500 价差=72,[AU] 多carry 黄金2404 1手(多)@475.8 / 黄金2406 1手(空)@476.98 价差=-1.18 z=-3.37 | [HC] 空carry 热卷2404 1手(空)@4125 / 热卷2405 1手(多)@4114 价差=11 z=0.83 | [P] 空carry 棕榈油2404 1手(空)@7042 / 棕榈油2405 1手(多)@7044 价差=-2 z=0.85 | [Y] 多carry 豆油2405 1手(多)@7572 / 豆油2407 1手(空)@7500 价差=72 z=-1.97
2023-12-08,False,3,6,20.0,-8.3,20.0,100.0,209726.0,0.0,20137.600000000002,21546.0,32.93,8.3,3.29252499999799e-05,251409.6,多carry 黄金2404 1手(多)@476.1 / 黄金2406 1手(空)@477.2 价差=-1.1,,空carry 棕榈油2404 1手(空)@7196 / 棕榈油2405 1手(多)@7188 价差=8,多carry 豆油2405 1手(多)@7736 / 豆油2407 1手(空)@7654 价差=82,[AU] 多carry 黄金2404 1手(多)@476.1 / 黄金2406 1手(空)@477.2 价差=-1.1 z=-2.25 | [P] 空carry 棕榈油2404 1手(空)@7196 / 棕榈油2405 1手(多)@7188 价差=8 z=1.56 | [Y] 多carry 豆油2405 1手(多)@7736 / 豆油2407 1手(空)@7654 价差=82 z=-1.59
2023-12-11,False,3,6,140.0,0.0,-20.0,-20.0,208146.4,0.0,20202.0,21520.800000000003,25.0,0.0,2.4999999999992707e-05,249869.2,多carry 黄金2404 1手(多)@472.52 / 黄金2406 1手(空)@473.6 价差=-1.08,,空carry 棕榈油2404 1手(空)@7218 / 棕榈油2405 1手(多)@7212 价差=6,多carry 豆油2405 1手(多)@7732 / 豆油2407 1手(空)@7640 价差=92,[AU] 多carry 黄金2404 1手(多)@472.52 / 黄金2406 1手(空)@473.6 价差=-1.08 z=-1.85 | [P] 空carry 棕榈油2404 1手(空)@7218 / 棕榈油2405 1手(多)@7212 价差=6 z=1.42 | [Y] 多carry 豆油2405 1手(多)@7732 / 豆油2407 1手(空)@7640 价差=92 z=-1.29
2023-12-12,False,3,6,-20.0,0.0,-80.0,-100.0,207350.0,0.0,20227.200000000004,21590.800000000003,-50.0,0.0,-4.999999999998494e-05,249168.0,多carry 黄金2404 1手(多)@470.78 / 黄金2406 1手(空)@471.72 价差=-0.94,,空carry 棕榈油2404 1手(空)@7228 / 棕榈油2405 1手(多)@7220 价差=8,多carry 豆油2405 1手(多)@7756 / 豆油2407 1手(空)@7666 价差=90,[AU] 多carry 黄金2404 1手(多)@470.78 / 黄金2406 1手(空)@471.72 价差=-0.94 z=-1.00 | [P] 空carry 棕榈油2404 1手(空)@7228 / 棕榈油2405 1手(多)@7220 价差=8 z=1.56 | [Y] 多carry 豆油2405 1手(多)@7756 / 豆油2407 1手(空)@7666 价差=90 z=-1.19
2023-12-13,False,4,8,120.0,-58.12,-40.0,0.0,206976.0,9750.0,19835.200000000004,21196.000000000004,5.47,8.12,5.468749999985363e-06,257757.2,多carry 黄金2404 1手(多)@469.92 / 黄金2406 1手(空)@470.88 价差=-0.96,空carry 热卷2404 1手(空)@4067 / 热卷2405 1手(多)@4058 价差=9,空carry 棕榈油2404 1手(空)@7092 / 棕榈油2405 1手(多)@7076 价差=16,多carry 豆油2405 1手(多)@7610 / 豆油2407 1手(空)@7530 价差=80,[AU] 多carry 黄金2404 1手(多)@469.92 / 黄金2406 1手(空)@470.88 价差=-0.96 z=-1.02 | [HC] 空carry 热卷2404 1手(空)@4067 / 热卷2405 1手(多)@4058 价差=9 z=0.86 | [P] 空carry 棕榈油2404 1手(空)@7092 / 棕榈油2405 1手(多)@7076 价差=16 z=2.09 | [Y] 多carry 豆油2405 1手(多)@7610 / 豆油2407 1手(空)@7530 价差=80 z=-1.20
2023-12-14,False,3,6,-40.0,30.0,-40.0,-20.0,0.0,9729.599999999999,19824.000000000004,21112.000000000004,-17.5,40.0,-1.749999999999755e-05,50665.6,,空carry 热卷2404 1手(空)@4061 / 热卷2405 1手(多)@4047 价差=14,空carry 棕榈油2404 1手(空)@7090 / 棕榈油2405 1手(多)@7070 价差=20,多carry 豆油2405 1手(多)@7580 / 豆油2407 1手(空)@7500 价差=80,[HC] 空carry 热卷2404 1手(空)@4061 / 热卷2405 1手(多)@4047 价差=14 z=1.24 | [P] 空carry 棕榈油2404 1手(空)@7090 / 棕榈油2405 1手(多)@7070 价差=20 z=2.26 | [Y] 多carry 豆油2405 1手(多)@7580 / 豆油2407 1手(空)@7500 价差=80 z=-1.09
2023-12-15,False,3,6,0.0,-10.0,20.0,40.0,0.0,9692.4,19829.600000000002,21092.4,12.5,0.0,1.2500000000001581e-05,50614.4,,空carry 热卷2404 1手(空)@4044 / 热卷2405 1手(多)@4033 价差=11,空carry 棕榈油2404 1手(空)@7094 / 棕榈油2405 1手(多)@7070 价差=24,多carry 豆油2405 1手(多)@7572 / 豆油2407 1手(空)@7494 价差=78,[HC] 空carry 热卷2404 1手(空)@4044 / 热卷2405 1手(多)@4033 价差=11 z=0.88 | [P] 空carry 棕榈油2404 1手(空)@7094 / 棕榈油2405 1手(多)@7070 价差=24 z=2.39 | [Y] 多carry 豆油2405 1手(多)@7572 / 豆油2407 1手(空)@7494 价差=78 z=-1.02
2023-12-18,False,4,8,-200.0,-0.0,-40.0,20.0,209572.0,9672.0,20090.0,21238.0,-55.0,40.0,-5.500000000000586e-05,260572.0,多carry 黄金2404 1手(多)@475.8 / 黄金2406 1手(空)@476.8 价差=-1,空carry 热卷2404 1手(空)@4036 / 热卷2405 1手(多)@4024 价差=12,空carry 棕榈油2404 1手(空)@7186 / 棕榈油2405 1手(多)@7164 价差=22,多carry 豆油2405 1手(多)@7626 / 豆油2407 1手(空)@7544 价差=82,[AU] 多carry 黄金2404 1手(多)@475.8 / 黄金2406 1手(空)@476.8 价差=-1 z=-0.99 | [HC] 空carry 热卷2404 1手(空)@4036 / 热卷2405 1手(多)@4024 价差=12 z=0.89 | [P] 空carry 棕榈油2404 1手(空)@7186 / 棕榈油2405 1手(多)@7164 价差=22 z=2.11 | [Y] 多carry 豆油2405 1手(多)@7626 / 豆油2407 1手(空)@7544 价差=82 z=-0.87
2023-12-19,False,4,8,80.0,-20.0,20.0,80.0,210047.2,9686.4,20062.0,21196.0,40.0,0.0,4.000000000001418e-05,260991.6,多carry 黄金2404 1手(多)@476.8 / 黄金2406 1手(空)@477.96 价差=-1.16,空carry 热卷2404 1手(空)@4042 / 热卷2405 1手(多)@4030 价差=12,空carry 棕榈油2404 1手(空)@7178 / 棕榈油2405 1手(多)@7152 价差=26,多carry 豆油2405 1手(多)@7612 / 豆油2407 1手(空)@7528 价差=84,[AU] 多carry 黄金2404 1手(多)@476.8 / 黄金2406 1手(空)@477.96 价差=-1.16 z=-1.64 | [HC] 空carry 热卷2404 1手(空)@4042 / 热卷2405 1手(多)@4030 价差=12 z=0.83 | [P] 空carry 棕榈油2404 1手(空)@7178 / 棕榈油2405 1手(多)@7152 价差=26 z=2.22 | [Y] 多carry 豆油2405 1手(多)@7612 / 豆油2407 1手(空)@7528 价差=84 z=-0.76
2023-12-20,False,3,6,0.0,100.0,-0.0,-5.0,210478.4,9756.0,20092.800000000003,0.0,23.75,5.0,2.3750000000011104e-05,240327.2,多carry 黄金2404 1手(多)@477.82 / 黄金2406 1手(空)@478.9 价差=-1.08,空carry 热卷2404 1手(空)@4072 / 热卷2405 1手(多)@4058 价差=14,空carry 棕榈油2404 1手(空)@7188 / 棕榈油2405 1手(多)@7164 价差=24,,[AU] 多carry 黄金2404 1手(多)@477.82 / 黄金2406 1手(空)@478.9 价差=-1.08 z=-1.10 | [HC] 空carry 热卷2404 1手(空)@4072 / 热卷2405 1手(多)@4058 价差=14 z=0.97 | [P] 空carry 棕榈油2404 1手(空)@7188 / 棕榈油2405 1手(多)@7164 价差=24 z=2.00
2023-12-21,False,2,4,-0.0,-8.2,20.0,0.0,210548.8,0.0,20104.0,0.0,2.95,8.2,2.950499999988006e-06,230652.8,多carry 黄金2404 1手(多)@477.98 / 黄金2406 1手(空)@479.06 价差=-1.08,,空carry 棕榈油2404 1手(空)@7192 / 棕榈油2405 1手(多)@7168 价差=24,,[AU] 多carry 黄金2404 1手(多)@477.98 / 黄金2406 1手(空)@479.06 价差=-1.08 z=-0.99 | [P] 空carry 棕榈油2404 1手(空)@7192 / 棕榈油2405 1手(多)@7168 价差=24 z=1.90
2023-12-22,False,3,6,40.0,211.73,60.0,0.0,211719.2,9924.0,19983.600000000002,0.0,77.93,8.27,7.793250000002866e-05,241626.8,多carry 黄金2404 1手(多)@480.64 / 黄金2406 1手(空)@481.72 价差=-1.08,空carry 热卷2404 1手(空)@4150 / 热卷2405 1手(多)@4120 价差=30,空carry 棕榈油2404 1手(空)@7148 / 棕榈油2405 1手(多)@7126 价差=22,,[AU] 多carry 黄金2404 1手(多)@480.64 / 黄金2406 1手(空)@481.72 价差=-1.08 z=-0.87 | [HC] 空carry 热卷2404 1手(空)@4150 / 热卷2405 1手(多)@4120 价差=30 z=2.60 | [P] 空carry 棕榈油2404 1手(空)@7148 / 棕榈油2405 1手(多)@7126 价差=22 z=1.71
2023-12-25,False,1,2,-40.0,-8.27,-0.0,0.0,0.0,0.0,20014.4,0.0,-12.07,48.27,-1.2067000000002289e-05,20014.4,,,空carry 棕榈油2404 1手(空)@7156 / 棕榈油2405 1手(多)@7140 价差=16,,[P] 空carry 棕榈油2404 1手(空)@7156 / 棕榈油2405 1手(多)@7140 价差=16 z=1.32
2023-12-26,False,2,4,0.0,101.71,40.0,0.0,0.0,9945.599999999999,20143.200000000004,0.0,35.43,8.29,3.542800000000038e-05,30088.8,,空carry 热卷2404 1手(空)@4153 / 热卷2405 1手(多)@4135 价差=18,空carry 棕榈油2404 1手(空)@7202 / 棕榈油2405 1手(多)@7186 价差=16,,[HC] 空carry 热卷2404 1手(空)@4153 / 热卷2405 1手(多)@4135 价差=18 z=1.22 | [P] 空carry 棕榈油2404 1手(空)@7202 / 棕榈油2405 1手(多)@7186 价差=16 z=1.27
2023-12-27,False,1,2,0.0,-8.28,-60.0,0.0,0.0,0.0,20412.0,0.0,-17.07,8.28,-1.707025000000148e-05,20412.0,,,空carry 棕榈油2404 1手(空)@7296 / 棕榈油2405 1手(多)@7284 价差=12,,[P] 空carry 棕榈油2404 1手(空)@7296 / 棕榈油2405 1手(多)@7284 价差=12 z=1.01
2023-12-28,False,1,2,0.0,0.0,60.0,0.0,0.0,0.0,20280.4,0.0,15.0,0.0,1.4999999999999262e-05,20280.4,,,空carry 棕榈油2404 1手(空)@7252 / 棕榈油2405 1手(多)@7234 价差=18,,[P] 空carry 棕榈油2404 1手(空)@7252 / 棕榈油2405 1手(多)@7234 价差=18 z=1.30
2023-12-29,False,2,4,0.0,0.0,20.0,-45.0,0.0,0.0,19857.600000000002,20955.200000000004,-6.25,5.0,-6.250000000001286e-06,40812.8,,,空carry 棕榈油2404 1手(空)@7098 / 棕榈油2405 1手(多)@7086 价差=12,多carry 豆油2405 1手(多)@7522 / 豆油2407 1手(空)@7446 价差=76,[P] 空carry 棕榈油2404 1手(空)@7098 / 棕榈油2405 1手(多)@7086 价差=12 z=0.96 | [Y] 多carry 豆油2405 1手(多)@7522 / 豆油2407 1手(空)@7446 价差=76 z=-1.24
2024-01-02,False,2,4,0.0,0.0,0.0,-60.0,0.0,0.0,19731.600000000002,20809.600000000002,-15.0,0.0,-1.4999999999998239e-05,40541.2,,,空carry 棕榈油2405 1手(空)@7062 / 棕榈油2406 1手(多)@7032 价差=30,多carry 豆油2405 1手(多)@7468 / 豆油2407 1手(空)@7396 价差=72,[P] 空carry 棕榈油2405 1手(空)@7062 / 棕榈油2406 1手(多)@7032 价差=30 z=1.87 | [Y] 多carry 豆油2405 1手(多)@7468 / 豆油2407 1手(空)@7396 价差=72 z=-1.47
2024-01-03,False,2,4,0.0,0.0,40.0,-120.0,0.0,0.0,19423.600000000002,20549.200000000004,-20.0,0.0,-2.0000000000001116e-05,39972.8,,,空carry 棕榈油2405 1手(空)@6952 / 棕榈油2406 1手(多)@6922 价差=30,多carry 豆油2405 1手(多)@7372 / 豆油2407 1手(空)@7306 价差=66,[P] 空carry 棕榈油2405 1手(空)@6952 / 棕榈油2406 1手(多)@6922 价差=30 z=1.80 | [Y] 多carry 豆油2405 1手(多)@7372 / 豆油2407 1手(空)@7306 价差=66 z=-1.78
2024-01-04,False,2,4,0.0,0.0,20.0,20.0,0.0,0.0,19518.800000000003,20622.0,10.0,0.0,1.0000000000000844e-05,40140.8,,,空carry 棕榈油2405 1手(空)@6984 / 棕榈油2406 1手(多)@6958 价差=26,多carry 豆油2405 1手(多)@7392 / 豆油2407 1手(空)@7338 价差=54,[P] 空carry 棕榈油2405 1手(空)@6984 / 棕榈油2406 1手(多)@6958 价差=26 z=1.52 | [Y] 多carry 豆油2405 1手(多)@7392 / 豆油2407 1手(空)@7338 价差=54 z=-2.28
2024-01-05,False,3,6,-160.0,0.0,-20.0,-0.0,212722.40000000002,0.0,19628.0,20619.200000000004,-45.0,40.0,-4.499999999999541e-05,252969.6,空carry 黄金2406 1手(空)@483.04 / 黄金2408 1手(多)@483.88 价差=-0.84,,空carry 棕榈油2405 1手(空)@7022 / 棕榈油2406 1手(多)@6998 价差=24,多carry 豆油2405 1手(多)@7392 / 豆油2407 1手(空)@7336 价差=56,[AU] 空carry 黄金2406 1手(空)@483.04 / 黄金2408 1手(多)@483.88 价差=-0.84 z=1.59 | [P] 空carry 棕榈油2405 1手(空)@7022 / 棕榈油2406 1手(多)@6998 价差=24 z=1.36 | [Y] 多carry 豆油2405 1手(多)@7392 / 豆油2407 1手(空)@7336 价差=56 z=-1.90
2024-01-08,False,3,6,120.0,0.0,-40.0,100.0,212432.0,0.0,19580.4,20557.600000000002,45.0,0.0,4.500000000001074e-05,252570.0,空carry 黄金2406 1手(空)@482.44 / 黄金2408 1手(多)@483.16 价差=-0.72,,空carry 棕榈油2405 1手(空)@7006 / 棕榈油2406 1手(多)@6980 价差=26,多carry 豆油2405 1手(多)@7370 / 豆油2407 1手(空)@7314 价差=56,[AU] 空carry 黄金2406 1手(空)@482.44 / 黄金2408 1手(多)@483.16 价差=-0.72 z=2.32 | [P] 空carry 棕榈油2405 1手(空)@7006 / 棕榈油2406 1手(多)@6980 价差=26 z=1.41 | [Y] 多carry 豆油2405 1手(多)@7370 / 豆油2407 1手(空)@7314 价差=56 z=-1.67
2024-01-09,False,3,6,-80.0,0.0,-280.0,160.0,212106.40000000002,0.0,19709.2,20683.600000000002,-50.0,0.0,-5.000000000000148e-05,252499.2,空carry 黄金2406 1手(空)@481.64 / 黄金2408 1手(多)@482.48 价差=-0.84,,空carry 棕榈油2405 1手(空)@7054 / 棕榈油2406 1手(多)@7024 价差=30,多carry 豆油2405 1手(多)@7420 / 豆油2407 1手(空)@7354 价差=66,[AU] 空carry 黄金2406 1手(空)@481.64 / 黄金2408 1手(多)@482.48 价差=-0.84 z=1.09 | [P] 空carry 棕榈油2405 1手(空)@7054 / 棕榈油2406 1手(多)@7024 价差=30 z=1.54 | [Y] 多carry 豆油2405 1手(多)@7420 / 豆油2407 1手(空)@7354 价差=66 z=-0.95
2024-01-10,False,3,6,-20.0,91.99,-20.0,-5.0,211587.2,9607.2,20151.600000000002,0.0,11.75,13.01,1.1748500000009706e-05,241346.0,空carry 黄金2406 1手(空)@480.5 / 黄金2408 1手(多)@481.26 价差=-0.76,多carry 热卷2405 1手(多)@4004 / 热卷2406 1手(空)@4002 价差=2,空carry 棕榈油2405 1手(空)@7226 / 棕榈油2406 1手(多)@7168 价差=58,,[AU] 空carry 黄金2406 1手(空)@480.5 / 黄金2408 1手(多)@481.26 价差=-0.76 z=1.60 | [HC] 多carry 热卷2405 1手(多)@4004 / 热卷2406 1手(空)@4002 价差=2 z=-1.32 | [P] 空carry 棕榈油2405 1手(空)@7226 / 棕榈油2406 1手(多)@7168 价差=58 z=2.66
2024-01-11,False,2,4,-100.0,-8.07,-300.0,0.0,211732.40000000002,0.0,20232.800000000003,0.0,-102.02,8.07,-0.00010201750000002211,231965.2,空carry 黄金2406 1手(空)@480.84 / 黄金2408 1手(多)@481.58 价差=-0.74,,空carry 棕榈油2405 1手(空)@7256 / 棕榈油2406 1手(多)@7196 价差=60,,[AU] 空carry 黄金2406 1手(空)@480.84 / 黄金2408 1手(多)@481.58 价差=-0.74 z=1.56 | [P] 空carry 棕榈油2405 1手(空)@7256 / 棕榈油2406 1手(多)@7196 价差=60 z=2.54
2024-01-12,False,3,6,100.0,41.95,-100.0,0.0,211948.0,9660.0,20420.4,0.0,10.49,8.05,1.0487500000006675e-05,242028.4,空carry 黄金2406 1手(空)@481.38 / 黄金2408 1手(多)@482.02 价差=-0.64,多carry 热卷2405 1手(多)@4026 / 热卷2406 1手(空)@4024 价差=2,空carry 棕榈油2405 1手(空)@7338 / 棕榈油2406 1手(多)@7248 价差=90,,[AU] 空carry 黄金2406 1手(空)@481.38 / 黄金2408 1手(多)@482.02 价差=-0.64 z=2.04 | [HC] 多carry 热卷2405 1手(多)@4026 / 热卷2406 1手(空)@4024 价差=2 z=-1.21 | [P] 空carry 棕榈油2405 1手(空)@7338 / 棕榈油2406 1手(多)@7248 价差=90 z=3.39
2024-01-15,False,2,4,0.0,-8.03,-220.0,0.0,213202.0,0.0,20300.000000000004,0.0,-57.01,8.03,-5.700674999999839e-05,233502.0,空carry 黄金2406 1手(空)@484.18 / 黄金2408 1手(多)@484.92 价差=-0.74,,空carry 棕榈油2405 1手(空)@7300 / 棕榈油2406 1手(多)@7200 价差=100,,[AU] 空carry 黄金2406 1手(空)@484.18 / 黄金2408 1手(多)@484.92 价差=-0.74 z=1.24 | [P] 空carry 棕榈油2405 1手(空)@7300 / 棕榈油2406 1手(多)@7200 价差=100 z=3.38
2024-01-16,False,3,6,-80.0,81.96,280.0,0.0,213078.8,9651.6,20504.4,0.0,70.49,8.04,7.048925000000115e-05,243234.8,空carry 黄金2406 1手(空)@483.9 / 黄金2408 1手(多)@484.64 价差=-0.74,空carry 热卷2405 1手(空)@4029 / 热卷2406 1手(多)@4014 价差=15,空carry 棕榈油2405 1手(空)@7384 / 棕榈油2406 1手(多)@7262 价差=122,,[AU] 空carry 黄金2406 1手(空)@483.9 / 黄金2408 1手(多)@484.64 价差=-0.74 z=1.12 | [HC] 空carry 热卷2405 1手(空)@4029 / 热卷2406 1手(多)@4014 价差=15 z=0.76 | [P] 空carry 棕榈油2405 1手(空)@7384 / 棕榈油2406 1手(多)@7262 价差=122 z=3.60
2024-01-17,False,3,6,-40.0,-7.98,-280.0,75.0,211433.2,0.0,20302.800000000003,20655.600000000002,-63.24,12.98,-6.324499999999685e-05,252391.6,空carry 黄金2406 1手(空)@480.2 / 黄金2408 1手(多)@480.86 价差=-0.66,,空carry 棕榈油2405 1手(空)@7298 / 棕榈油2406 1手(多)@7204 价差=94,多carry 豆油2405 1手(多)@7410 / 豆油2407 1手(空)@7344 价差=66,[AU] 空carry 黄金2406 1手(空)@480.2 / 黄金2408 1手(多)@480.86 价差=-0.66 z=1.50 | [P] 空carry 棕榈油2405 1手(空)@7298 / 棕榈油2406 1手(多)@7204 价差=94 z=2.55 | [Y] 多carry 豆油2405 1手(多)@7410 / 豆油2407 1手(空)@7344 价差=66 z=-0.85
2024-01-18,False,2,4,100.0,0.0,-80.0,-5.0,211002.0,0.0,20582.800000000003,0.0,3.75,5.0,3.7500000000250397e-06,231584.8,空carry 黄金2406 1手(空)@479.24 / 黄金2408 1手(多)@479.86 价差=-0.62,,空carry 棕榈油2405 1手(空)@7412 / 棕榈油2406 1手(多)@7290 价差=122,,[AU] 空carry 黄金2406 1手(空)@479.24 / 黄金2408 1手(多)@479.86 价差=-0.62 z=1.59 | [P] 空carry 棕榈油2405 1手(空)@7412 / 棕榈油2406 1手(多)@7290 价差=122 z=3.03
2024-01-19,False,3,6,60.0,0.0,-160.0,-125.0,211745.6,0.0,20874.000000000004,21173.600000000002,-56.25,5.0,-5.6249999999997966e-05,253793.2,空carry 黄金2406 1手(空)@480.88 / 黄金2408 1手(多)@481.6 价差=-0.72,,空carry 棕榈油2405 1手(空)@7520 / 棕榈油2406 1手(多)@7390 价差=130,空carry 豆油2405 1手(空)@7612 / 豆油2407 1手(多)@7512 价差=100,[AU] 空carry 黄金2406 1手(空)@480.88 / 黄金2408 1手(多)@481.6 价差=-0.72 z=0.83 | [P] 空carry 棕榈油2405 1手(空)@7520 / 棕榈油2406 1手(多)@7390 价差=130 z=2.92 | [Y] 空carry 豆油2405 1手(空)@7612 / 豆油2407 1手(多)@7512 价差=100 z=1.33
2024-01-22,False,3,6,-40.0,61.96,100.0,60.0,0.0,9648.0,20722.800000000003,21056.0,45.49,48.04,4.5489999999996686e-05,51426.8,,空carry 热卷2405 1手(空)@4029 / 热卷2406 1手(多)@4011 价差=18,空carry 棕榈油2405 1手(空)@7474 / 棕榈油2406 1手(多)@7328 价差=146,空carry 豆油2405 1手(空)@7576 / 豆油2407 1手(多)@7464 价差=112,[HC] 空carry 热卷2405 1手(空)@4029 / 热卷2406 1手(多)@4011 价差=18 z=1.79 | [P] 空carry 棕榈油2405 1手(空)@7474 / 棕榈油2406 1手(多)@7328 价差=146 z=3.04 | [Y] 空carry 豆油2405 1手(空)@7576 / 豆油2407 1手(多)@7464 价差=112 z=1.92
2024-01-23,False,2,4,0.0,-8.09,40.0,-140.0,0.0,0.0,20619.200000000004,21154.0,-27.02,8.09,-2.7021749999997302e-05,41773.2,,,空carry 棕榈油2405 1手(空)@7432 / 棕榈油2406 1手(多)@7296 价差=136,空carry 豆油2405 1手(空)@7608 / 豆油2407 1手(多)@7502 价差=106,[P] 空carry 棕榈油2405 1手(空)@7432 / 棕榈油2406 1手(多)@7296 价差=136 z=2.62 | [Y] 空carry 豆油2405 1手(空)@7608 / 豆油2407 1手(多)@7502 价差=106 z=1.51
2024-01-24,False,4,8,-40.0,-38.15,-40.0,40.0,211019.59999999998,9774.0,20809.600000000002,21319.2,-19.54,48.14,-1.9536250000007672e-05,262922.4,空carry 黄金2406 1手(空)@479.26 / 黄金2408 1手(多)@479.92 价差=-0.66,空carry 热卷2405 1手(空)@4080 / 热卷2406 1手(多)@4065 价差=15,空carry 棕榈油2405 1手(空)@7498 / 棕榈油2406 1手(多)@7366 价差=132,空carry 豆油2405 1手(空)@7674 / 豆油2407 1手(多)@7554 价差=120,[AU] 空carry 黄金2406 1手(空)@479.26 / 黄金2408 1手(多)@479.92 价差=-0.66 z=1.17 | [HC] 空carry 热卷2405 1手(空)@4080 / 热卷2406 1手(多)@4065 价差=15 z=1.25 | [P] 空carry 棕榈油2405 1手(空)@7498 / 棕榈油2406 1手(多)@7366 价差=132 z=2.35 | [Y] 空carry 豆油2405 1手(空)@7674 / 豆油2407 1手(多)@7554 价差=120 z=2.00
2024-01-25,False,4,8,140.0,60.0,-20.0,140.0,210289.2,9811.2,20899.200000000004,21263.200000000004,80.0,0.0,8.000000000002498e-05,262262.8,空carry 黄金2406 1手(空)@477.6 / 黄金2408 1手(多)@478.26 价差=-0.66,空carry 热卷2405 1手(空)@4097 / 热卷2406 1手(多)@4079 价差=18,空carry 棕榈油2405 1手(空)@7532 / 棕榈油2406 1手(多)@7396 价差=136,空carry 豆油2405 1手(空)@7652 / 豆油2407 1手(多)@7536 价差=116,[AU] 空carry 黄金2406 1手(空)@477.6 / 黄金2408 1手(多)@478.26 价差=-0.66 z=1.04 | [HC] 空carry 热卷2405 1手(空)@4097 / 热卷2406 1手(多)@4079 价差=18 z=1.63 | [P] 空carry 棕榈油2405 1手(空)@7532 / 棕榈油2406 1手(多)@7396 价差=136 z=2.27 | [Y] 空carry 豆油2405 1手(空)@7652 / 豆油2407 1手(多)@7536 价差=116 z=1.72
2024-01-26,False,2,4,-40.0,-8.19,20.0,320.0,0.0,0.0,20930.0,21103.600000000002,72.95,48.19,7.295199999999954e-05,42033.6,,,空carry 棕榈油2405 1手(空)@7544 / 棕榈油2406 1手(多)@7406 价差=138,空carry 豆油2405 1手(空)@7588 / 豆油2407 1手(多)@7486 价差=102,[P] 空carry 棕榈油2405 1手(空)@7544 / 棕榈油2406 1手(多)@7406 价差=138 z=2.17 | [Y] 空carry 豆油2405 1手(空)@7588 / 豆油2407 1手(多)@7486 价差=102 z=0.97
2024-01-29,False,2,4,-40.0,0.0,-0.0,-5.0,211728.0,0.0,20563.200000000004,0.0,-11.25,45.0,-1.1249999999988205e-05,232291.2,空carry 黄金2406 1手(空)@480.86 / 黄金2408 1手(多)@481.54 价差=-0.68,,空carry 棕榈油2405 1手(空)@7412 / 棕榈油2406 1手(多)@7276 价差=136,,[AU] 空carry 黄金2406 1手(空)@480.86 / 黄金2408 1手(多)@481.54 价差=-0.68 z=0.81 | [P] 空carry 棕榈油2405 1手(空)@7412 / 棕榈油2406 1手(多)@7276 价差=136 z=2.06
2024-01-30,False,4,8,80.0,31.91,240.0,-85.0,212097.6,9705.6,19958.4,20112.4,66.73,13.09,6.672799999998179e-05,261874.0,空carry 黄金2406 1手(空)@481.7 / 黄金2408 1手(多)@482.38 价差=-0.68,多carry 热卷2405 1手(多)@4044 / 热卷2406 1手(空)@4044 价差=0,空carry 棕榈油2405 1手(空)@7196 / 棕榈油2406 1手(多)@7060 价差=136,多carry 豆油2405 1手(多)@7204 / 豆油2407 1手(空)@7162 价差=42,[AU] 空carry 黄金2406 1手(空)@481.7 / 黄金2408 1手(多)@482.38 价差=-0.68 z=0.75 | [HC] 多carry 热卷2405 1手(多)@4044 / 热卷2406 1手(空)@4044 价差=0 z=-1.87 | [P] 空carry 棕榈油2405 1手(空)@7196 / 棕榈油2406 1手(多)@7060 价差=136 z=2.02 | [Y] 多carry 豆油2405 1手(多)@7204 / 豆油2407 1手(空)@7162 价差=42 z=-1.72
2024-01-31,False,3,6,-40.0,40.0,80.0,140.0,0.0,9607.2,19829.600000000002,20146.0,55.0,40.0,5.499999999999945e-05,49582.8,,多carry 热卷2405 1手(多)@4005 / 热卷2406 1手(空)@4001 价差=4,空carry 棕榈油2405 1手(空)@7138 / 棕榈油2406 1手(多)@7026 价差=112,多carry 豆油2405 1手(多)@7212 / 豆油2407 1手(空)@7178 价差=34,[HC] 多carry 热卷2405 1手(多)@4005 / 热卷2406 1手(空)@4001 价差=4 z=-1.12 | [P] 空carry 棕榈油2405 1手(空)@7138 / 棕榈油2406 1手(多)@7026 价差=112 z=1.52 | [Y] 多carry 豆油2405 1手(多)@7212 / 豆油2407 1手(空)@7178 价差=34 z=-1.83
2024-02-01,False,3,6,120.0,-7.98,-140.0,20.0,212880.8,0.0,19513.2,20078.800000000003,-2.0,47.98,-1.9957500000028574e-06,252472.8,多carry 黄金2406 1手(多)@483.42 / 黄金2408 1手(空)@484.22 价差=-0.8,,空carry 棕榈油2406 1手(空)@7014 / 棕榈油2407 1手(多)@6924 价差=90,多carry 豆油2407 1手(多)@7166 / 豆油2408 1手(空)@7176 价差=-10,[AU] 多carry 黄金2406 1手(多)@483.42 / 黄金2408 1手(空)@484.22 价差=-0.8 z=-0.98 | [P] 空carry 棕榈油2406 1手(空)@7014 / 棕榈油2407 1手(多)@6924 价差=90 z=1.09 | [Y] 多carry 豆油2407 1手(多)@7166 / 豆油2408 1手(空)@7176 价差=-10 z=-2.74
2024-02-02,False,4,8,80.0,112.07,100.0,100.0,213743.2,9514.8,19353.600000000002,19913.600000000002,98.02,87.93,9.801774999999021e-05,262525.2,空carry 黄金2406 1手(空)@485.46 / 黄金2408 1手(多)@486.1 价差=-0.64,多carry 热卷2406 1手(多)@3958 / 热卷2407 1手(空)@3971 价差=-13,空carry 棕榈油2406 1手(空)@6964 / 棕榈油2407 1手(多)@6860 价差=104,多carry 豆油2407 1手(多)@7108 / 豆油2408 1手(空)@7116 价差=-8,[AU] 空carry 黄金2406 1手(空)@485.46 / 黄金2408 1手(多)@486.1 价差=-0.64 z=1.37 | [HC] 多carry 热卷2406 1手(多)@3958 / 热卷2407 1手(空)@3971 价差=-13 z=-2.95 | [P] 空carry 棕榈油2406 1手(空)@6964 / 棕榈油2407 1手(多)@6860 价差=104 z=1.32 | [Y] 多carry 豆油2407 1手(多)@7108 / 豆油2408 1手(空)@7116 价差=-8 z=-2.22
2024-02-05,False,4,8,-180.0,-60.0,20.0,-40.0,212291.2,9507.599999999999,19311.600000000002,19838.0,-65.0,80.0,-6.500000000000398e-05,260948.4,多carry 黄金2406 1手(多)@482.08 / 黄金2408 1手(空)@482.88 价差=-0.8,多carry 热卷2406 1手(多)@3961 / 热卷2407 1手(空)@3962 价差=-1,空carry 棕榈油2406 1手(空)@6944 / 棕榈油2407 1手(多)@6850 价差=94,多carry 豆油2407 1手(多)@7086 / 豆油2408 1手(空)@7084 价差=2,[AU] 多carry 黄金2406 1手(多)@482.08 / 黄金2408 1手(空)@482.88 价差=-0.8 z=-1.10 | [HC] 多carry 热卷2406 1手(多)@3961 / 热卷2407 1手(空)@3962 价差=-1 z=-1.19 | [P] 空carry 棕榈油2406 1手(空)@6944 / 棕榈油2407 1手(多)@6850 价差=94 z=1.10 | [Y] 多carry 豆油2407 1手(多)@7086 / 豆油2408 1手(空)@7084 价差=2 z=-1.72
2024-02-06,False,4,8,100.0,180.0,240.0,-80.0,211952.4,9488.4,19476.800000000003,19849.200000000004,110.0,0.0,0.0001100000000000269,260766.8,多carry 黄金2406 1手(多)@481.26 / 黄金2408 1手(空)@482.16 价差=-0.9,多carry 热卷2406 1手(多)@3950 / 热卷2407 1手(空)@3957 价差=-7,空carry 棕榈油2406 1手(空)@7002 / 棕榈油2407 1手(多)@6910 价差=92,多carry 豆油2407 1手(多)@7088 / 豆油2408 1手(空)@7090 价差=-2,[AU] 多carry 黄金2406 1手(多)@481.26 / 黄金2408 1手(空)@482.16 价差=-0.9 z=-2.35 | [HC] 多carry 热卷2406 1手(多)@3950 / 热卷2407 1手(空)@3957 价差=-7 z=-1.71 | [P] 空carry 棕榈油2406 1手(空)@7002 / 棕榈油2407 1手(多)@6910 价差=92 z=1.01 | [Y] 多carry 豆油2407 1手(多)@7088 / 豆油2408 1手(空)@7090 价差=-2 z=-1.61
2024-02-07,False,2,4,-20.0,-7.89,-5.0,180.0,212643.2,0.0,0.0,19849.2,36.78,12.89,3.677675000001367e-05,232492.4,多carry 黄金2406 1手(多)@482.88 / 黄金2408 1手(空)@483.68 价差=-0.8,,,多carry 豆油2407 1手(多)@7084 / 豆油2408 1手(空)@7094 价差=-10,[AU] 多carry 黄金2406 1手(多)@482.88 / 黄金2408 1手(空)@483.68 价差=-0.8 z=-0.90 | [Y] 多carry 豆油2407 1手(多)@7084 / 豆油2408 1手(空)@7094 价差=-10 z=-1.57
2024-02-08,False,4,8,0.0,-7.95,-5.0,0.0,213272.4,9544.8,19745.600000000002,20014.4,-3.24,12.95,-3.2385e-06,262577.2,多carry 黄金2406 1手(多)@484.3 / 黄金2408 1手(空)@485.12 价差=-0.82,多carry 热卷2406 1手(多)@3972 / 热卷2407 1手(空)@3982 价差=-10,空carry 棕榈油2406 1手(空)@7104 / 棕榈油2407 1手(多)@7000 价差=104,多carry 豆油2407 1手(多)@7152 / 豆油2408 1手(空)@7144 价差=8,[AU] 多carry 黄金2406 1手(多)@484.3 / 黄金2408 1手(空)@485.12 价差=-0.82 z=-1.05 | [HC] 多carry 热卷2406 1手(多)@3972 / 热卷2407 1手(空)@3982 价差=-10 z=-1.83 | [P] 空carry 棕榈油2406 1手(空)@7104 / 棕榈油2407 1手(多)@7000 价差=104 z=1.15 | [Y] 多carry 豆油2407 1手(多)@7152 / 豆油2408 1手(空)@7144 价差=8 z=-1.07
2024-02-19,False,3,6,-40.0,170.0,-220.0,-20.0,0.0,9460.8,19896.800000000003,20120.800000000003,-27.5,40.0,-2.750000000000412e-05,49478.4,,多carry 热卷2406 1手(多)@3933 / 热卷2407 1手(空)@3951 价差=-18,空carry 棕榈油2406 1手(空)@7152 / 棕榈油2407 1手(多)@7060 价差=92,多carry 豆油2407 1手(多)@7192 / 豆油2408 1手(空)@7180 价差=12,[HC] 多carry 热卷2406 1手(多)@3933 / 热卷2407 1手(空)@3951 价差=-18 z=-2.23 | [P] 空carry 棕榈油2406 1手(空)@7152 / 棕榈油2407 1手(多)@7060 价差=92 z=0.88 | [Y] 多carry 豆油2407 1手(多)@7192 / 豆油2408 1手(空)@7180 价差=12 z=-0.90
2024-02-20,False,2,4,0.0,-7.76,-240.0,-20.0,0.0,0.0,19978.0,20162.800000000003,-66.94,7.76,-6.694125000000003e-05,40140.8,,,空carry 棕榈油2406 1手(空)@7192 / 棕榈油2407 1手(多)@7078 价差=114,多carry 豆油2407 1手(多)@7206 / 豆油2408 1手(空)@7196 价差=10,[P] 空carry 棕榈油2406 1手(空)@7192 / 棕榈油2407 1手(多)@7078 价差=114 z=1.25 | [Y] 多carry 豆油2407 1手(多)@7206 / 豆油2408 1手(空)@7196 价差=10 z=-0.86
2024-02-21,False,2,4,0.0,0.0,140.0,-60.0,0.0,0.0,20062.0,20210.4,20.0,0.0,1.999999999999894e-05,40272.4,,,空carry 棕榈油2406 1手(空)@7234 / 棕榈油2407 1手(多)@7096 价差=138,多carry 豆油2407 1手(多)@7222 / 豆油2408 1手(空)@7214 价差=8,[P] 空carry 棕榈油2406 1手(空)@7234 / 棕榈油2407 1手(多)@7096 价差=138 z=1.63 | [Y] 多carry 豆油2407 1手(多)@7222 / 豆油2408 1手(空)@7214 价差=8 z=-0.81
2024-02-22,False,3,6,-40.0,0.0,240.0,20.0,211723.6,0.0,20025.600000000002,20291.600000000002,55.0,40.0,5.500000000001718e-05,252040.8,多carry 黄金2406 1手(多)@480.78 / 黄金2408 1手(空)@481.6 价差=-0.82,,空carry 棕榈油2406 1手(空)@7214 / 棕榈油2407 1手(多)@7090 价差=124,多carry 豆油2407 1手(多)@7248 / 豆油2408 1手(空)@7246 价差=2,[AU] 多carry 黄金2406 1手(多)@480.78 / 黄金2408 1手(空)@481.6 价差=-0.82 z=-0.96 | [P] 空carry 棕榈油2406 1手(空)@7214 / 棕榈油2407 1手(多)@7090 价差=124 z=1.33 | [Y] 多carry 豆油2407 1手(多)@7248 / 豆油2408 1手(空)@7246 价差=2 z=-0.86
2024-02-23,False,2,4,100.0,0.0,-540.0,-5.0,211222.0,0.0,19863.2,0.0,-111.25,5.0,-0.00011124999999998931,231085.2,多carry 黄金2406 1手(多)@479.64 / 黄金2408 1手(空)@480.46 价差=-0.82,,空carry 棕榈油2406 1手(空)@7144 / 棕榈油2407 1手(多)@7044 价差=100,,[AU] 多carry 黄金2406 1手(多)@479.64 / 黄金2408 1手(空)@480.46 价差=-0.82 z=-0.91 | [P] 空carry 棕榈油2406 1手(空)@7144 / 棕榈油2407 1手(多)@7044 价差=100 z=0.87
2024-02-26,False,3,6,-40.0,-17.73,280.0,35.0,0.0,9277.199999999999,19748.4,19997.600000000002,64.32,52.73,6.43172499999971e-05,49023.2,,多carry 热卷2406 1手(多)@3863 / 热卷2407 1手(空)@3868 价差=-5,空carry 棕榈油2406 1手(空)@7130 / 棕榈油2407 1手(多)@6976 价差=154,多carry 豆油2407 1手(多)@7140 / 豆油2408 1手(空)@7144 价差=-4,[HC] 多carry 热卷2406 1手(多)@3863 / 热卷2407 1手(空)@3868 价差=-5 z=-0.79 | [P] 空carry 棕榈油2406 1手(空)@7130 / 棕榈油2407 1手(多)@6976 价差=154 z=1.84 | [Y] 多carry 豆油2407 1手(多)@7140 / 豆油2408 1手(空)@7144 价差=-4 z=-0.82
2024-02-27,False,2,4,0.0,160.0,120.0,-5.0,0.0,9424.8,20017.200000000004,0.0,68.75,5.0,6.874999999999996e-05,29442.0,,多carry 热卷2406 1手(多)@3924 / 热卷2407 1手(空)@3930 价差=-6,空carry 棕榈油2406 1手(空)@7212 / 棕榈油2407 1手(多)@7086 价差=126,,[HC] 多carry 热卷2406 1手(多)@3924 / 热卷2407 1手(空)@3930 价差=-6 z=-0.81 | [P] 空carry 棕榈油2406 1手(空)@7212 / 棕榈油2407 1手(多)@7086 价差=126 z=1.24
2024-02-28,False,2,4,0.0,124.32,-140.0,0.0,0.0,9408.0,20134.800000000003,0.0,-3.92,15.68,-3.920000000000883e-06,29542.8,,空carry 热卷2406 1手(空)@3925 / 热卷2407 1手(多)@3915 价差=10,空carry 棕榈油2406 1手(空)@7248 / 棕榈油2407 1手(多)@7134 价差=114,,[HC] 空carry 热卷2406 1手(空)@3925 / 热卷2407 1手(多)@3915 价差=10 z=0.81 | [P] 空carry 棕榈油2406 1手(空)@7248 / 棕榈油2407 1手(多)@7134 价差=114 z=0.97
2024-02-29,False,1,2,0.0,-7.81,-0.0,0.0,0.0,0.0,20328.0,0.0,-1.95,7.81,-1.9520000000018475e-06,20328.0,,,空carry 棕榈油2406 1手(空)@7324 / 棕榈油2407 1手(多)@7196 价差=128,,[P] 空carry 棕榈油2406 1手(空)@7324 / 棕榈油2407 1手(多)@7196 价差=128 z=1.17
2024-03-01,False,2,4,0.0,-247.76,-5.0,0.0,213703.59999999998,9308.4,0.0,0.0,-63.19,52.76,-6.318924999999258e-05,223012.0,空carry 黄金2408 1手(空)@485.36 / 黄金2410 1手(多)@486.02 价差=-0.66,空carry 热卷2407 1手(空)@3883 / 热卷2408 1手(多)@3874 价差=9,,,[AU] 空carry 黄金2408 1手(空)@485.36 / 黄金2410 1手(多)@486.02 价差=-0.66 z=1.64 | [HC] 空carry 热卷2407 1手(空)@3883 / 热卷2408 1手(多)@3874 价差=9 z=0.95
2024-03-04,False,2,4,-60.0,340.0,0.0,0.0,216440.4,9272.4,0.0,0.0,70.0,0.0,7.000000000000997e-05,225712.8,空carry 黄金2408 1手(空)@491.56 / 黄金2410 1手(多)@492.26 价差=-0.7,空carry 热卷2407 1手(空)@3880 / 热卷2408 1手(多)@3847 价差=33,,,[AU] 空carry 黄金2408 1手(空)@491.56 / 黄金2410 1手(多)@492.26 价差=-0.7 z=1.05 | [HC] 空carry 热卷2407 1手(空)@3880 / 热卷2408 1手(多)@3847 价差=33 z=2.79
2024-03-05,False,1,2,200.0,-7.71,0.0,0.0,219340.0,0.0,0.0,0.0,48.07,7.71,4.807275000001762e-05,219340.0,空carry 黄金2408 1手(空)@498.18 / 黄金2410 1手(多)@498.82 价差=-0.64,,,,[AU] 空carry 黄金2408 1手(空)@498.18 / 黄金2410 1手(多)@498.82 价差=-0.64 z=1.87
2024-03-06,False,1,2,-40.0,0.0,0.0,175.0,0.0,0.0,0.0,20899.200000000004,33.75,45.0,3.374999999999886e-05,20899.2,,,,多carry 豆油2407 1手(多)@7460 / 豆油2408 1手(空)@7468 价差=-8,[Y] 多carry 豆油2407 1手(多)@7460 / 豆油2408 1手(空)@7468 价差=-8 z=-1.12
2024-03-07,False,3,6,120.0,232.27,0.0,-90.0,223119.59999999998,9278.4,0.0,20857.2,65.57,57.73,6.556699999999195e-05,253255.2,多carry 黄金2408 1手(多)@506.62 / 黄金2410 1手(空)@507.56 价差=-0.94,多carry 热卷2407 1手(多)@3851 / 热卷2408 1手(空)@3881 价差=-30,,空carry 豆油2407 1手(空)@7454 / 豆油2408 1手(多)@7444 价差=10,[AU] 多carry 黄金2408 1手(多)@506.62 / 黄金2410 1手(空)@507.56 价差=-0.94 z=-1.66 | [HC] 多carry 热卷2407 1手(多)@3851 / 热卷2408 1手(空)@3881 价差=-30 z=-2.25 | [Y] 空carry 豆油2407 1手(空)@7454 / 豆油2408 1手(多)@7444 价差=10 z=1.08
2024-03-08,False,1,2,-40.0,-7.71,0.0,0.0,0.0,0.0,0.0,21165.200000000004,-11.93,47.71,-1.1926499999999887e-05,21165.2,,,,空carry 豆油2407 1手(空)@7568 / 豆油2408 1手(多)@7550 价差=18,[Y] 空carry 豆油2407 1手(空)@7568 / 豆油2408 1手(多)@7550 价差=18 z=1.92
2024-03-11,False,2,4,0.0,0.0,155.0,-40.0,0.0,0.0,20762.0,21036.4,28.75,5.0,2.875000000000199e-05,41798.4,,,空carry 棕榈油2407 1手(空)@7476 / 棕榈油2408 1手(多)@7354 价差=122,空carry 豆油2407 1手(空)@7522 / 豆油2408 1手(多)@7504 价差=18,[P] 空carry 棕榈油2407 1手(空)@7476 / 棕榈油2408 1手(多)@7354 价差=122 z=0.88 | [Y] 空carry 豆油2407 1手(空)@7522 / 豆油2408 1手(多)@7504 价差=18 z=1.72
2024-03-12,False,1,2,0.0,0.0,-5.0,0.0,0.0,0.0,0.0,21260.4,-1.25,5.0,-1.2499999999966888e-06,21260.4,,,,空carry 豆油2407 1手(空)@7604 / 豆油2408 1手(多)@7582 价差=22,[Y] 空carry 豆油2407 1手(空)@7604 / 豆油2408 1手(多)@7582 价差=22 z=1.89
2024-03-13,False,3,6,-160.0,142.43,0.0,-120.0,223031.6,9079.199999999999,0.0,21350.0,-34.39,47.57,-3.439150000000226e-05,253460.8,多carry 黄金2408 1手(多)@506.44 / 黄金2410 1手(空)@507.34 价差=-0.9,空carry 热卷2407 1手(空)@3788 / 热卷2408 1手(多)@3778 价差=10,,空carry 豆油2407 1手(空)@7636 / 豆油2408 1手(多)@7614 价差=22,[AU] 多carry 黄金2408 1手(多)@506.44 / 黄金2410 1手(空)@507.34 价差=-0.9 z=-1.34 | [HC] 空carry 热卷2407 1手(空)@3788 / 热卷2408 1手(多)@3778 价差=10 z=0.81 | [Y] 空carry 豆油2407 1手(空)@7636 / 豆油2408 1手(多)@7614 价差=22 z=1.65
2024-03-14,False,3,6,240.0,-7.45,55.0,20.0,223392.4,0.0,21708.4,21501.200000000004,76.89,12.45,7.688675000000082e-05,266602.0,多carry 黄金2408 1手(多)@507.2 / 黄金2410 1手(空)@508.22 价差=-1.02,,空carry 棕榈油2407 1手(空)@7832 / 棕榈油2408 1手(多)@7674 价差=158,空carry 豆油2407 1手(空)@7696 / 豆油2408 1手(多)@7662 价差=34,[AU] 多carry 黄金2408 1手(多)@507.2 / 黄金2410 1手(空)@508.22 价差=-1.02 z=-2.40 | [P] 空carry 棕榈油2407 1手(空)@7832 / 棕榈油2408 1手(多)@7674 价差=158 z=1.40 | [Y] 空carry 豆油2407 1手(空)@7696 / 豆油2408 1手(多)@7662 价差=34 z=2.48
2024-03-15,False,2,4,-40.0,0.0,100.0,-60.0,0.0,0.0,21554.4,21548.800000000003,0.0,40.0,9.521272659185343e-19,43103.2,,,空carry 棕榈油2407 1手(空)@7774 / 棕榈油2408 1手(多)@7622 价差=152,空carry 豆油2407 1手(空)@7712 / 豆油2408 1手(多)@7680 价差=32,[P] 空carry 棕榈油2407 1手(空)@7774 / 棕榈油2408 1手(多)@7622 价差=152 z=1.26 | [Y] 空carry 豆油2407 1手(空)@7712 / 豆油2408 1手(多)@7680 价差=32 z=1.92
2024-03-18,False,3,6,-60.0,0.0,160.0,40.0,222358.4,0.0,21742.0,21652.4,35.0,40.0,3.499999999998943e-05,265752.8,多carry 黄金2408 1手(多)@504.86 / 黄金2410 1手(空)@505.86 价差=-1,,空carry 棕榈油2407 1手(空)@7836 / 棕榈油2408 1手(多)@7694 价差=142,空carry 豆油2407 1手(空)@7752 / 豆油2408 1手(多)@7714 价差=38,[AU] 多carry 黄金2408 1手(多)@504.86 / 黄金2410 1手(空)@505.86 价差=-1 z=-1.93 | [P] 空carry 棕榈油2407 1手(空)@7836 / 棕榈油2408 1手(多)@7694 价差=142 z=1.00 | [Y] 空carry 豆油2407 1手(空)@7752 / 豆油2408 1手(多)@7714 价差=38 z=2.05
2024-03-19,False,2,4,120.0,0.0,-5.0,120.0,222873.2,0.0,0.0,21669.200000000004,58.75,5.0,5.875000000001418e-05,244542.4,多carry 黄金2408 1手(多)@506.02 / 黄金2410 1手(空)@507.04 价差=-1.02,,,空carry 豆油2407 1手(空)@7756 / 豆油2408 1手(多)@7722 价差=34,[AU] 多carry 黄金2408 1手(多)@506.02 / 黄金2410 1手(空)@507.04 价差=-1.02 z=-1.81 | [Y] 空carry 豆油2407 1手(空)@7756 / 豆油2408 1手(多)@7722 价差=34 z=1.54
2024-03-20,True,0,0,-40.0,0.0,0.0,-5.0,0.0,0.0,0.0,0.0,-11.25,45.0,-1.125e-05,0.0,,,,,全品种空仓
2024-03-21,False,2,4,60.0,0.0,0.0,95.0,227475.6,0.0,0.0,21946.4,38.75,45.0,3.875000000000104e-05,249422.0,多carry 黄金2408 1手(多)@516.52 / 黄金2410 1手(空)@517.46 价差=-0.94,,,空carry 豆油2407 1手(空)@7856 / 豆油2408 1手(多)@7820 价差=36,[AU] 多carry 黄金2408 1手(多)@516.52 / 黄金2410 1手(空)@517.46 价差=-0.94 z=-0.77 | [Y] 空carry 豆油2407 1手(空)@7856 / 豆油2408 1手(多)@7820 价差=36 z=1.44
2024-03-22,True,0,0,-40.0,0.0,0.0,-5.0,0.0,0.0,0.0,0.0,-11.25,45.0,-1.125e-05,0.0,,,,,全品种空仓
2024-03-25,False,1,2,0.0,0.0,0.0,75.0,0.0,0.0,0.0,21747.600000000002,18.75,5.0,1.8749999999999744e-05,21747.6,,,,空carry 豆油2407 1手(空)@7782 / 豆油2408 1手(多)@7752 价差=30,[Y] 空carry 豆油2407 1手(空)@7782 / 豆油2408 1手(多)@7752 价差=30 z=0.86
2024-03-26,False,2,4,60.0,252.51,0.0,-5.0,226903.6,8992.8,0.0,0.0,76.88,52.49,7.687649999997598e-05,235896.4,多carry 黄金2408 1手(多)@515.2 / 黄金2410 1手(空)@516.18 价差=-0.98,多carry 热卷2407 1手(多)@3737 / 热卷2408 1手(空)@3757 价差=-20,,,[AU] 多carry 黄金2408 1手(多)@515.2 / 黄金2410 1手(空)@516.18 价差=-0.98 z=-1.06 | [HC] 多carry 热卷2407 1手(多)@3737 / 热卷2408 1手(空)@3757 价差=-20 z=-1.50
2024-03-27,True,0,0,-40.0,-7.41,0.0,0.0,0.0,0.0,0.0,0.0,-11.85,47.41,-1.18515e-05,0.0,,,,,全品种空仓
2024-03-28,False,1,2,0.0,202.62,0.0,0.0,0.0,8852.4,0.0,0.0,50.66,7.38,5.0655749999999885e-05,8852.4,,空carry 热卷2407 1手(空)@3699 / 热卷2408 1手(多)@3678 价差=21,,,[HC] 空carry 热卷2407 1手(空)@3699 / 热卷2408 1手(多)@3678 价差=21 z=1.62
2024-03-29,False,1,2,-40.0,-7.27,0.0,0.0,234339.6,0.0,0.0,0.0,-11.82,47.27,-1.1816999999996135e-05,234339.6,空carry 黄金2408 1手(空)@532.2 / 黄金2410 1手(多)@532.98 价差=-0.78,,,,[AU] 空carry 黄金2408 1手(空)@532.2 / 黄金2410 1手(多)@532.98 价差=-0.78 z=1.13
2024-04-01,False,2,4,120.0,512.66,0.0,0.0,235545.2,8808.0,0.0,0.0,158.17,7.34,0.00015816500000001744,244353.2,空carry 黄金2408 1手(空)@534.94 / 黄金2410 1手(多)@535.72 价差=-0.78,多carry 热卷2408 1手(多)@3657 / 热卷2409 1手(空)@3683 价差=-26,,,[AU] 空carry 黄金2408 1手(空)@534.94 / 黄金2410 1手(多)@535.72 价差=-0.78 z=1.19 | [HC] 多carry 热卷2408 1手(多)@3657 / 热卷2409 1手(空)@3683 价差=-26 z=-1.92
2024-04-02,False,2,4,-40.0,55.11,0.0,75.0,0.0,8935.2,0.0,21792.4,22.53,59.89,2.252699999999952e-05,30727.6,,空carry 热卷2408 1手(空)@3736 / 热卷2409 1手(多)@3710 价差=26,,空carry 豆油2408 1手(空)@7802 / 豆油2409 1手(多)@7764 价差=38,[HC] 空carry 热卷2408 1手(空)@3736 / 热卷2409 1手(多)@3710 价差=26 z=2.13 | [Y] 空carry 豆油2408 1手(空)@7802 / 豆油2409 1手(多)@7764 价差=38 z=1.25
2024-04-03,False,2,4,0.0,60.0,-125.0,-5.0,0.0,8878.8,22649.200000000004,0.0,-17.5,10.0,-1.75000000000003e-05,31528.0,,空carry 热卷2408 1手(空)@3709 / 热卷2409 1手(多)@3690 价差=19,多carry 棕榈油2408 1手(多)@8130 / 棕榈油2409 1手(空)@8048 价差=82,,[HC] 空carry 热卷2408 1手(空)@3709 / 热卷2409 1手(多)@3690 价差=19 z=1.43 | [P] 多carry 棕榈油2408 1手(多)@8130 / 棕榈油2409 1手(空)@8048 价差=82 z=-0.99
2024-04-08,False,4,8,160.0,60.0,-160.0,-105.0,244714.8,9008.4,21904.4,21582.4,-11.25,45.0,-1.1250000000003389e-05,297210.0,空carry 黄金2408 1手(空)@555.84 / 黄金2410 1手(多)@556.5 价差=-0.66,空carry 热卷2408 1手(空)@3760 / 热卷2409 1手(多)@3747 价差=13,多carry 棕榈油2408 1手(多)@7858 / 棕榈油2409 1手(空)@7788 价差=70,多carry 豆油2408 1手(多)@7718 / 豆油2409 1手(空)@7698 价差=20,[AU] 空carry 黄金2408 1手(空)@555.84 / 黄金2410 1手(多)@556.5 价差=-0.66 z=2.40 | [HC] 空carry 热卷2408 1手(空)@3760 / 热卷2409 1手(多)@3747 价差=13 z=0.95 | [P] 多carry 棕榈油2408 1手(多)@7858 / 棕榈油2409 1手(空)@7788 价差=70 z=-1.34 | [Y] 多carry 豆油2408 1手(多)@7718 / 豆油2409 1手(空)@7698 价差=20 z=-1.05
2024-04-09,False,2,4,-40.0,-7.58,40.0,-140.0,0.0,0.0,22128.4,21630.000000000004,-36.89,47.58,-3.6894749999997304e-05,43758.4,,,多carry 棕榈油2408 1手(多)@7930 / 棕榈油2409 1手(空)@7876 价差=54,多carry 豆油2408 1手(多)@7730 / 豆油2409 1手(空)@7720 价差=10,[P] 多carry 棕榈油2408 1手(多)@7930 / 棕榈油2409 1手(空)@7876 价差=54 z=-1.92 | [Y] 多carry 豆油2408 1手(多)@7730 / 豆油2409 1手(空)@7720 价差=10 z=-2.23
2024-04-10,False,2,4,0.0,0.0,-20.0,-140.0,0.0,0.0,22145.200000000004,21621.600000000002,-40.0,0.0,-4.000000000000051e-05,43766.8,,,多carry 棕榈油2408 1手(多)@7938 / 棕榈油2409 1手(空)@7880 价差=58,多carry 豆油2408 1手(多)@7720 / 豆油2409 1手(空)@7724 价差=-4,[P] 多carry 棕榈油2408 1手(多)@7938 / 棕榈油2409 1手(空)@7880 价差=58 z=-1.88 | [Y] 多carry 豆油2408 1手(多)@7720 / 豆油2409 1手(空)@7724 价差=-4 z=-2.95
2024-04-11,False,2,4,0.0,0.0,-20.0,-20.0,0.0,0.0,22176.0,21596.4,-10.0,0.0,-9.999999999996845e-06,43772.4,,,多carry 棕榈油2408 1手(多)@7948 / 棕榈油2409 1手(空)@7892 价差=56,多carry 豆油2408 1手(多)@7704 / 豆油2409 1手(空)@7722 价差=-18,[P] 多carry 棕榈油2408 1手(多)@7948 / 棕榈油2409 1手(空)@7892 价差=56 z=-2.04 | [Y] 多carry 豆油2408 1手(多)@7704 / 豆油2409 1手(空)@7722 价差=-18 z=-2.98
2024-04-12,False,3,6,-0.0,0.0,140.0,-40.0,251754.8,0.0,21842.800000000003,21380.800000000003,25.0,40.0,2.499999999999538e-05,294978.4,空carry 黄金2408 1手(空)@571.74 / 黄金2410 1手(多)@572.6 价差=-0.86,,多carry 棕榈油2408 1手(多)@7828 / 棕榈油2409 1手(空)@7774 价差=54,多carry 豆油2408 1手(多)@7626 / 豆油2409 1手(空)@7646 价差=-20,[AU] 空carry 黄金2408 1手(空)@571.74 / 黄金2410 1手(多)@572.6 价差=-0.86 z=0.79 | [P] 多carry 棕榈油2408 1手(多)@7828 / 棕榈油2409 1手(空)@7774 价差=54 z=-2.15 | [Y] 多carry 豆油2408 1手(多)@7626 / 豆油2409 1手(空)@7646 价差=-20 z=-2.43
2024-04-15,False,2,4,-40.0,0.0,-40.0,20.0,0.0,0.0,21554.4,21369.600000000002,-15.0,40.0,-1.499999999999889e-05,42924.0,,,多carry 棕榈油2408 1手(多)@7732 / 棕榈油2409 1手(空)@7664 价差=68,多carry 豆油2408 1手(多)@7620 / 豆油2409 1手(空)@7644 价差=-24,[P] 多carry 棕榈油2408 1手(多)@7732 / 棕榈油2409 1手(空)@7664 价差=68 z=-1.64 | [Y] 多carry 豆油2408 1手(多)@7620 / 豆油2409 1手(空)@7644 价差=-24 z=-2.18
2024-04-16,False,3,6,80.0,0.0,-260.0,-20.0,250188.40000000002,0.0,21386.4,21165.200000000004,-50.0,40.0,-4.999999999999594e-05,292740.0,多carry 黄金2408 1手(多)@568.08 / 黄金2410 1手(空)@569.14 价差=-1.06,,多carry 棕榈油2408 1手(多)@7670 / 棕榈油2409 1手(空)@7606 价差=64,多carry 豆油2408 1手(多)@7548 / 豆油2409 1手(空)@7570 价差=-22,[AU] 多carry 黄金2408 1手(多)@568.08 / 黄金2410 1手(空)@569.14 价差=-1.06 z=-1.03 | [P] 多carry 棕榈油2408 1手(多)@7670 / 棕榈油2409 1手(空)@7606 价差=64 z=-1.76 | [Y] 多carry 豆油2408 1手(多)@7548 / 豆油2409 1手(空)@7570 价差=-22 z=-1.78
2024-04-17,False,2,4,-40.0,0.0,-40.0,-20.0,0.0,0.0,20935.600000000002,20927.200000000004,-25.0,40.0,-2.500000000000078e-05,41862.8,,,多carry 棕榈油2408 1手(多)@7496 / 棕榈油2409 1手(空)@7458 价差=38,多carry 豆油2408 1手(多)@7462 / 豆油2409 1手(空)@7486 价差=-24,[P] 多carry 棕榈油2408 1手(多)@7496 / 棕榈油2409 1手(空)@7458 价差=38 z=-2.52 | [Y] 多carry 豆油2408 1手(多)@7462 / 豆油2409 1手(空)@7486 价差=-24 z=-1.65
2024-04-18,False,3,6,-200.0,0.0,120.0,80.0,249519.59999999998,0.0,20913.200000000004,20986.0,0.0,40.0,2.5124791136477143e-17,291418.8,多carry 黄金2408 1手(多)@566.56 / 黄金2410 1手(空)@567.62 价差=-1.06,,多carry 棕榈油2408 1手(多)@7486 / 棕榈油2409 1手(空)@7452 价差=34,多carry 豆油2408 1手(多)@7482 / 豆油2409 1手(空)@7508 价差=-26,[AU] 多carry 黄金2408 1手(多)@566.56 / 黄金2410 1手(空)@567.62 价差=-1.06 z=-1.37 | [P] 多carry 棕榈油2408 1手(多)@7486 / 棕榈油2409 1手(空)@7452 价差=34 z=-2.47 | [Y] 多carry 豆油2408 1手(多)@7482 / 豆油2409 1手(空)@7508 价差=-26 z=-1.53
2024-04-19,False,3,6,100.0,0.0,-60.0,-20.0,250813.2,0.0,20734.0,20806.800000000003,5.0,0.0,5.000000000038583e-06,292354.0,多carry 黄金2408 1手(多)@569.42 / 黄金2410 1手(空)@570.64 价差=-1.22,,多carry 棕榈油2408 1手(多)@7428 / 棕榈油2409 1手(空)@7382 价差=46,多carry 豆油2408 1手(多)@7422 / 豆油2409 1手(空)@7440 价差=-18,[AU] 多carry 黄金2408 1手(多)@569.42 / 黄金2410 1手(空)@570.64 价差=-1.22 z=-2.41 | [P] 多carry 棕榈油2408 1手(多)@7428 / 棕榈油2409 1手(空)@7382 价差=46 z=-1.95 | [Y] 多carry 豆油2408 1手(多)@7422 / 豆油2409 1手(空)@7440 价差=-18 z=-1.08
2024-04-22,False,3,6,-180.0,0.0,60.0,-80.0,246400.0,0.0,20624.800000000003,20938.4,-50.0,0.0,-5.000000000002626e-05,287963.2,多carry 黄金2408 1手(多)@559.44 / 黄金2410 1手(空)@560.56 价差=-1.12,,多carry 棕榈油2408 1手(多)@7386 / 棕榈油2409 1手(空)@7346 价差=40,多carry 豆油2408 1手(多)@7468 / 豆油2409 1手(空)@7488 价差=-20,[AU] 多carry 黄金2408 1手(多)@559.44 / 黄金2410 1手(空)@560.56 价差=-1.12 z=-1.57 | [P] 多carry 棕榈油2408 1手(多)@7386 / 棕榈油2409 1手(空)@7346 价差=40 z=-2.04 | [Y] 多carry 豆油2408 1手(多)@7468 / 豆油2409 1手(空)@7488 价差=-20 z=-1.05
2024-04-23,False,4,8,-260.0,162.35,180.0,0.0,240499.6,9181.2,20902.0,21291.200000000004,20.59,7.65,2.0587250000009014e-05,291874.0,多carry 黄金2408 1手(多)@545.94 / 黄金2410 1手(空)@547.24 价差=-1.3,空carry 热卷2408 1手(空)@3839 / 热卷2409 1手(多)@3812 价差=27,多carry 棕榈油2408 1手(多)@7488 / 棕榈油2409 1手(空)@7442 价差=46,多carry 豆油2408 1手(多)@7590 / 豆油2409 1手(空)@7618 价差=-28,[AU] 多carry 黄金2408 1手(多)@545.94 / 黄金2410 1手(空)@547.24 价差=-1.3 z=-2.55 | [HC] 空carry 热卷2408 1手(空)@3839 / 热卷2409 1手(多)@3812 价差=27 z=1.62 | [P] 多carry 棕榈油2408 1手(多)@7488 / 棕榈油2409 1手(空)@7442 价差=46 z=-1.78 | [Y] 多carry 豆油2408 1手(多)@7590 / 豆油2409 1手(空)@7618 价差=-28 z=-1.25
2024-04-24,False,3,6,-20.0,-7.71,-100.0,-0.0,243364.0,0.0,21117.600000000002,21431.200000000004,-31.93,7.71,-3.192699999999143e-05,285912.8,多carry 黄金2408 1手(多)@552.32 / 黄金2410 1手(空)@553.88 价差=-1.56,,多carry 棕榈油2408 1手(多)@7574 / 棕榈油2409 1手(空)@7510 价差=64,多carry 豆油2408 1手(多)@7640 / 豆油2409 1手(空)@7668 价差=-28,[AU] 多carry 黄金2408 1手(多)@552.32 / 黄金2410 1手(空)@553.88 价差=-1.56 z=-2.92 | [P] 多carry 棕榈油2408 1手(多)@7574 / 棕榈油2409 1手(空)@7510 价差=64 z=-1.20 | [Y] 多carry 豆油2408 1手(多)@7640 / 豆油2409 1手(空)@7668 价差=-28 z=-1.13
2024-04-25,False,3,6,-40.0,0.0,-80.0,60.0,243315.6,0.0,20554.800000000003,21123.200000000004,-15.0,0.0,-1.50000000000463e-05,284993.6,多carry 黄金2408 1手(多)@552.2 / 黄金2410 1手(空)@553.78 价差=-1.58,,多carry 棕榈油2408 1手(多)@7368 / 棕榈油2409 1手(空)@7314 价差=54,多carry 豆油2408 1手(多)@7530 / 豆油2409 1手(空)@7558 价差=-28,[AU] 多carry 黄金2408 1手(多)@552.2 / 黄金2410 1手(空)@553.78 价差=-1.58 z=-2.39 | [P] 多carry 棕榈油2408 1手(多)@7368 / 棕榈油2409 1手(空)@7314 价差=54 z=-1.41 | [Y] 多carry 豆油2408 1手(多)@7530 / 豆油2409 1手(空)@7558 价差=-28 z=-1.02
2024-04-26,False,2,4,260.0,0.0,-240.0,-5.0,245172.4,0.0,20784.4,0.0,3.75,5.0,3.749999999992653e-06,265956.8,多carry 黄金2408 1手(多)@556.4 / 黄金2410 1手(空)@558.02 价差=-1.62,,多carry 棕榈油2408 1手(多)@7446 / 棕榈油2409 1手(空)@7400 价差=46,,[AU] 多carry 黄金2408 1手(多)@556.4 / 黄金2410 1手(空)@558.02 价差=-1.62 z=-2.07 | [P] 多carry 棕榈油2408 1手(多)@7446 / 棕榈油2409 1手(空)@7400 价差=46 z=-1.61
2024-04-29,False,3,6,-240.0,0.0,80.0,-105.0,243804.0,0.0,20846.0,21383.600000000002,-66.25,5.0,-6.625000000000747e-05,286033.6,多carry 黄金2408 1手(多)@553.42 / 黄金2410 1手(空)@554.78 价差=-1.36,,多carry 棕榈油2408 1手(多)@7456 / 棕榈油2409 1手(空)@7434 价差=22,多carry 豆油2408 1手(多)@7624 / 豆油2409 1手(空)@7650 价差=-26,[AU] 多carry 黄金2408 1手(多)@553.42 / 黄金2410 1手(空)@554.78 价差=-1.36 z=-1.06 | [P] 多carry 棕榈油2408 1手(多)@7456 / 棕榈油2409 1手(空)@7434 价差=22 z=-2.20 | [Y] 多carry 豆油2408 1手(多)@7624 / 豆油2409 1手(空)@7650 价差=-26 z=-0.78
2024-04-30,False,3,6,0.0,0.0,-200.0,120.0,243108.8,0.0,20650.000000000004,21308.0,-20.0,0.0,-1.999999999997816e-05,285066.8,多carry 黄金2408 1手(多)@551.72 / 黄金2410 1手(空)@553.32 价差=-1.6,,多carry 棕榈油2408 1手(多)@7390 / 棕榈油2409 1手(空)@7360 价差=30,多carry 豆油2408 1手(多)@7592 / 豆油2409 1手(空)@7628 价差=-36,[AU] 多carry 黄金2408 1手(多)@551.72 / 黄金2410 1手(空)@553.32 价差=-1.6 z=-1.67 | [P] 多carry 棕榈油2408 1手(多)@7390 / 棕榈油2409 1手(空)@7360 价差=30 z=-1.87 | [Y] 多carry 豆油2408 1手(多)@7592 / 豆油2409 1手(空)@7628 价差=-36 z=-1.10
2024-05-06,False,3,6,0.0,122.23,140.0,-5.0,242299.2,9322.8,20736.800000000003,0.0,64.31,12.77,6.430775000002283e-05,272358.8,多carry 黄金2410 1手(多)@549.92 / 黄金2412 1手(空)@551.44 价差=-1.52,空carry 热卷2409 1手(空)@3892 / 热卷2410 1手(多)@3877 价差=15,多carry 棕榈油2409 1手(多)@7408 / 棕榈油2410 1手(空)@7404 价差=4,,[AU] 多carry 黄金2410 1手(多)@549.92 / 黄金2412 1手(空)@551.44 价差=-1.52 z=-1.28 | [HC] 空carry 热卷2409 1手(空)@3892 / 热卷2410 1手(多)@3877 价差=15 z=0.76 | [P] 多carry 棕榈油2409 1手(多)@7408 / 棕榈油2410 1手(空)@7404 价差=4 z=-2.45
2024-05-07,False,3,6,-120.0,14.54,-140.0,0.0,243091.2,9276.0,21142.800000000003,0.0,-61.37,15.46,-6.136500000002592e-05,273510.0,多carry 黄金2410 1手(多)@551.72 / 黄金2412 1手(空)@553.24 价差=-1.52,多carry 热卷2409 1手(多)@3866 / 热卷2410 1手(空)@3864 价差=2,多carry 棕榈油2409 1手(多)@7560 / 棕榈油2410 1手(空)@7542 价差=18,,[AU] 多carry 黄金2410 1手(多)@551.72 / 黄金2412 1手(空)@553.24 价差=-1.52 z=-1.14 | [HC] 多carry 热卷2409 1手(多)@3866 / 热卷2410 1手(空)@3864 价差=2 z=-0.78 | [P] 多carry 棕榈油2409 1手(多)@7560 / 棕榈油2410 1手(空)@7542 价差=18 z=-1.97
2024-05-08,False,2,4,20.0,-7.62,-20.0,0.0,242607.2,0.0,20972.0,0.0,-1.91,7.62,-1.905249999971607e-06,263579.2,多carry 黄金2410 1手(多)@550.56 / 黄金2412 1手(空)@552.2 价差=-1.64,,多carry 棕榈油2409 1手(多)@7492 / 棕榈油2410 1手(空)@7488 价差=4,,[AU] 多carry 黄金2410 1手(多)@550.56 / 黄金2412 1手(空)@552.2 价差=-1.64 z=-1.36 | [P] 多carry 棕榈油2409 1手(多)@7492 / 棕榈油2410 1手(空)@7488 价差=4 z=-2.22
2024-05-09,False,3,6,-180.0,82.37,-20.0,0.0,242268.4,9158.4,20734.0,0.0,-29.41,7.63,-2.940800000001043e-05,272160.8,多carry 黄金2410 1手(多)@549.8 / 黄金2412 1手(空)@551.42 价差=-1.62,空carry 热卷2409 1手(空)@3825 / 热卷2410 1手(多)@3807 价差=18,多carry 棕榈油2409 1手(多)@7406 / 棕榈油2410 1手(空)@7404 价差=2,,[AU] 多carry 黄金2410 1手(多)@549.8 / 黄金2412 1手(空)@551.42 价差=-1.62 z=-1.20 | [HC] 空carry 热卷2409 1手(空)@3825 / 热卷2410 1手(多)@3807 价差=18 z=1.55 | [P] 多carry 棕榈油2409 1手(多)@7406 / 棕榈油2410 1手(空)@7404 价差=2 z=-2.14
2024-05-10,False,3,6,-40.0,-7.62,160.0,-5.0,248186.4,0.0,20400.800000000003,21235.200000000004,26.84,12.62,2.6844750000009206e-05,289822.4,多carry 黄金2410 1手(多)@563.16 / 黄金2412 1手(空)@564.96 价差=-1.8,,多carry 棕榈油2409 1手(多)@7286 / 棕榈油2410 1手(空)@7286 价差=0,多carry 豆油2409 1手(多)@7570 / 豆油2411 1手(空)@7598 价差=-28,[AU] 多carry 黄金2410 1手(多)@563.16 / 黄金2412 1手(空)@564.96 价差=-1.8 z=-1.47 | [P] 多carry 棕榈油2409 1手(多)@7286 / 棕榈油2410 1手(空)@7286 价差=0 z=-2.07 | [Y] 多carry 豆油2409 1手(多)@7570 / 豆油2411 1手(空)@7598 价差=-28 z=-0.85
2024-05-13,False,4,8,-280.0,92.36,40.0,60.0,246628.8,9169.2,20848.800000000003,21700.0,-21.91,7.64,-2.191024999999662e-05,298346.8,多carry 黄金2410 1手(多)@559.6 / 黄金2412 1手(空)@561.44 价差=-1.84,多carry 热卷2409 1手(多)@3821 / 热卷2410 1手(空)@3820 价差=1,多carry 棕榈油2409 1手(多)@7454 / 棕榈油2410 1手(空)@7438 价差=16,多carry 豆油2409 1手(多)@7736 / 豆油2411 1手(空)@7764 价差=-28,[AU] 多carry 黄金2410 1手(多)@559.6 / 黄金2412 1手(空)@561.44 价差=-1.84 z=-1.46 | [HC] 多carry 热卷2409 1手(多)@3821 / 热卷2410 1手(空)@3820 价差=1 z=-0.92 | [P] 多carry 棕榈油2409 1手(多)@7454 / 棕榈油2410 1手(空)@7438 价差=16 z=-1.61 | [Y] 多carry 豆油2409 1手(多)@7736 / 豆油2411 1手(空)@7764 价差=-28 z=-0.88
2024-05-14,False,2,4,160.0,-7.55,-40.0,-5.0,245449.6,0.0,20944.000000000004,0.0,26.86,12.55,2.6861749999981627e-05,266393.6,多carry 黄金2410 1手(多)@556.78 / 黄金2412 1手(空)@558.9 价差=-2.12,,多carry 棕榈油2409 1手(多)@7490 / 棕榈油2410 1手(空)@7470 价差=20,,[AU] 多carry 黄金2410 1手(多)@556.78 / 黄金2412 1手(空)@558.9 价差=-2.12 z=-2.01 | [P] 多carry 棕榈油2409 1手(多)@7490 / 棕榈油2410 1手(空)@7470 价差=20 z=-1.46
2024-05-15,False,3,6,-120.0,0.0,-220.0,95.0,247227.2,0.0,21067.200000000004,21893.200000000004,-61.25,5.0,-6.124999999998386e-05,290187.6,多carry 黄金2410 1手(多)@560.9 / 黄金2412 1手(空)@562.86 价差=-1.96,,多carry 棕榈油2409 1手(多)@7532 / 棕榈油2410 1手(空)@7516 价差=16,空carry 豆油2409 1手(空)@7810 / 豆油2411 1手(多)@7828 价差=-18,[AU] 多carry 黄金2410 1手(多)@560.9 / 黄金2412 1手(空)@562.86 价差=-1.96 z=-1.39 | [P] 多carry 棕榈油2409 1手(多)@7532 / 棕榈油2410 1手(空)@7516 价差=16 z=-1.50 | [Y] 空carry 豆油2409 1手(空)@7810 / 豆油2411 1手(多)@7828 价差=-18 z=1.20
2024-05-16,False,3,6,100.0,0.0,100.0,130.0,249638.4,0.0,20885.200000000004,21845.600000000002,82.5,10.0,8.249999999994952e-05,292369.2,多carry 黄金2410 1手(多)@566.32 / 黄金2412 1手(空)@568.4 价差=-2.08,,多carry 棕榈油2409 1手(多)@7456 / 棕榈油2410 1手(空)@7462 价差=-6,多carry 豆油2409 1手(多)@7788 / 豆油2411 1手(空)@7816 价差=-28,[AU] 多carry 黄金2410 1手(多)@566.32 / 黄金2412 1手(空)@568.4 价差=-2.08 z=-1.53 | [P] 多carry 棕榈油2409 1手(多)@7456 / 棕榈油2410 1手(空)@7462 价差=-6 z=-1.90 | [Y] 多carry 豆油2409 1手(多)@7788 / 豆油2411 1手(空)@7816 价差=-28 z=-0.81
2024-05-17,False,4,8,80.0,-67.7,20.0,-70.0,249898.0,9240.0,21380.800000000003,22324.4,-9.42,17.7,-9.42499999999728e-06,302843.2,多carry 黄金2410 1手(多)@566.96 / 黄金2412 1手(空)@568.94 价差=-1.98,多carry 热卷2409 1手(多)@3851 / 热卷2410 1手(空)@3849 价差=2,多carry 棕榈油2409 1手(多)@7638 / 棕榈油2410 1手(空)@7634 价差=4,空carry 豆油2409 1手(空)@7966 / 豆油2411 1手(多)@7980 价差=-14,[AU] 多carry 黄金2410 1手(多)@566.96 / 黄金2412 1手(空)@568.94 价差=-1.98 z=-1.13 | [HC] 多carry 热卷2409 1手(多)@3851 / 热卷2410 1手(空)@3849 价差=2 z=-0.80 | [P] 多carry 棕榈油2409 1手(多)@7638 / 棕榈油2410 1手(空)@7634 价差=4 z=-1.62 | [Y] 空carry 豆油2409 1手(空)@7966 / 豆油2411 1手(多)@7980 价差=-14 z=1.77
2024-05-20,False,3,6,-40.0,50.0,140.0,40.0,0.0,9271.2,21450.800000000003,22372.0,47.5,40.0,4.7500000000001676e-05,53094.0,,多carry 热卷2409 1手(多)@3861 / 热卷2410 1手(空)@3865 价差=-4,多carry 棕榈油2409 1手(多)@7664 / 棕榈油2410 1手(空)@7658 价差=6,空carry 豆油2409 1手(空)@7986 / 豆油2411 1手(多)@7994 价差=-8,[HC] 多carry 热卷2409 1手(多)@3861 / 热卷2410 1手(空)@3865 价差=-4 z=-1.63 | [P] 多carry 棕榈油2409 1手(多)@7664 / 棕榈油2410 1手(空)@7658 价差=6 z=-1.51 | [Y] 空carry 豆油2409 1手(空)@7986 / 豆油2411 1手(多)@7994 价差=-8 z=2.30
2024-05-21,False,4,8,160.0,-40.0,-260.0,0.0,253105.6,9296.4,21425.600000000002,22444.800000000003,-35.0,40.0,-3.500000000001067e-05,306272.4,多carry 黄金2410 1手(多)@574.2 / 黄金2412 1手(空)@576.28 价差=-2.08,多carry 热卷2409 1手(多)@3874 / 热卷2410 1手(空)@3873 价差=1,多carry 棕榈油2409 1手(多)@7662 / 棕榈油2410 1手(空)@7642 价差=20,空carry 豆油2409 1手(空)@8010 / 豆油2411 1手(多)@8022 价差=-12,[AU] 多carry 黄金2410 1手(多)@574.2 / 黄金2412 1手(空)@576.28 价差=-2.08 z=-1.27 | [HC] 多carry 热卷2409 1手(多)@3874 / 热卷2410 1手(空)@3873 价差=1 z=-0.95 | [P] 多carry 棕榈油2409 1手(多)@7662 / 棕榈油2410 1手(空)@7642 价差=20 z=-1.18 | [Y] 空carry 豆油2409 1手(空)@8010 / 豆油2411 1手(多)@8022 价差=-12 z=1.48
2024-05-22,False,3,6,-40.0,30.0,100.0,-100.0,0.0,9380.4,21462.0,22534.4,-2.5,40.0,-2.4999999999998045e-06,53376.8,,多carry 热卷2409 1手(多)@3907 / 热卷2410 1手(空)@3910 价差=-3,多carry 棕榈油2409 1手(多)@7662 / 棕榈油2410 1手(空)@7668 价差=-6,空carry 豆油2409 1手(空)@8042 / 豆油2411 1手(多)@8054 价差=-12,[HC] 多carry 热卷2409 1手(多)@3907 / 热卷2410 1手(空)@3910 价差=-3 z=-1.36 | [P] 多carry 棕榈油2409 1手(多)@7662 / 棕榈油2410 1手(空)@7668 价差=-6 z=-1.65 | [Y] 空carry 豆油2409 1手(空)@8042 / 豆油2411 1手(多)@8054 价差=-12 z=1.37
2024-05-23,False,4,8,-220.0,-30.0,-80.0,120.0,247834.4,9357.6,21268.800000000003,22425.200000000004,-52.5,40.0,-5.249999999999914e-05,300886.0,多carry 黄金2410 1手(多)@562.16 / 黄金2412 1手(空)@564.36 价差=-2.2,多carry 热卷2409 1手(多)@3899 / 热卷2410 1手(空)@3899 价差=0,多carry 棕榈油2409 1手(多)@7598 / 棕榈油2410 1手(空)@7594 价差=4,空carry 豆油2409 1手(空)@8008 / 豆油2411 1手(多)@8010 价差=-2,[AU] 多carry 黄金2410 1手(多)@562.16 / 黄金2412 1手(空)@564.36 价差=-2.2 z=-1.79 | [HC] 多carry 热卷2409 1手(多)@3899 / 热卷2410 1手(空)@3899 价差=0 z=-0.86 | [P] 多carry 棕榈油2409 1手(多)@7598 / 棕榈油2410 1手(空)@7594 价差=4 z=-1.40 | [Y] 空carry 豆油2409 1手(空)@8008 / 豆油2411 1手(多)@8010 价差=-2 z=2.25
2024-05-24,False,3,6,180.0,-10.0,-140.0,-5.0,245603.6,9363.599999999999,21252.0,0.0,6.25,5.0,6.249999999974726e-06,276219.2,多carry 黄金2410 1手(多)@557 / 黄金2412 1手(空)@559.38 价差=-2.38,多carry 热卷2409 1手(多)@3900 / 热卷2410 1手(空)@3903 价差=-3,多carry 棕榈油2409 1手(多)@7588 / 棕榈油2410 1手(空)@7592 价差=-4,,[AU] 多carry 黄金2410 1手(多)@557 / 黄金2412 1手(空)@559.38 价差=-2.38 z=-2.24 | [HC] 多carry 热卷2409 1手(多)@3900 / 热卷2410 1手(空)@3903 价差=-3 z=-1.34 | [P] 多carry 棕榈油2409 1手(多)@7588 / 棕榈油2410 1手(空)@7592 价差=-4 z=-1.50
2024-05-27,False,4,8,140.0,40.0,360.0,-5.0,246056.8,9302.4,21316.4,22257.2,133.75,5.0,0.00013375000000001764,298932.8,多carry 黄金2410 1手(多)@558.12 / 黄金2412 1手(空)@560.32 价差=-2.2,多carry 热卷2409 1手(多)@3874 / 热卷2410 1手(空)@3878 价差=-4,多carry 棕榈油2409 1手(多)@7604 / 棕榈油2410 1手(空)@7622 价差=-18,空carry 豆油2409 1手(空)@7944 / 豆油2411 1手(多)@7954 价差=-10,[AU] 多carry 黄金2410 1手(多)@558.12 / 黄金2412 1手(空)@560.32 价差=-2.2 z=-1.36 | [HC] 多carry 热卷2409 1手(多)@3874 / 热卷2410 1手(空)@3878 价差=-4 z=-1.35 | [P] 多carry 棕榈油2409 1手(多)@7604 / 棕榈油2410 1手(空)@7622 价差=-18 z=-1.73 | [Y] 空carry 豆油2409 1手(空)@7944 / 豆油2411 1手(多)@7954 价差=-10 z=1.10
2024-05-28,False,3,6,40.0,-7.74,-20.0,-20.0,246105.2,0.0,21742.0,22710.800000000003,-1.93,7.74,-1.934999999984184e-06,290558.0,多carry 黄金2410 1手(多)@558.3 / 黄金2412 1手(空)@560.36 价差=-2.06,,多carry 棕榈油2409 1手(多)@7774 / 棕榈油2410 1手(空)@7756 价差=18,空carry 豆油2409 1手(空)@8106 / 豆油2411 1手(多)@8116 价差=-10,[AU] 多carry 黄金2410 1手(多)@558.3 / 黄金2412 1手(空)@560.36 价差=-2.06 z=-0.75 | [P] 多carry 棕榈油2409 1手(多)@7774 / 棕榈油2410 1手(空)@7756 价差=18 z=-0.98 | [Y] 空carry 豆油2409 1手(空)@8106 / 豆油2411 1手(多)@8116 价差=-10 z=1.00
2024-05-29,False,3,6,-40.0,-27.76,-20.0,80.0,0.0,9307.2,21980.0,22842.4,-1.94,47.76,-1.939000000000455e-06,54129.6,,多carry 热卷2409 1手(多)@3877 / 热卷2410 1手(空)@3879 价差=-2,多carry 棕榈油2409 1手(多)@7858 / 棕榈油2410 1手(空)@7842 价差=16,空carry 豆油2409 1手(空)@8154 / 豆油2411 1手(多)@8162 价差=-8,[HC] 多carry 热卷2409 1手(多)@3877 / 热卷2410 1手(空)@3879 价差=-2 z=-0.87 | [P] 多carry 棕榈油2409 1手(多)@7858 / 棕榈油2410 1手(空)@7842 价差=16 z=-0.99 | [Y] 空carry 豆油2409 1手(空)@8154 / 豆油2411 1手(多)@8162 价差=-8 z=1.12
2024-05-30,False,3,6,60.0,-50.0,-20.0,-5.0,245352.8,9266.4,21658.0,0.0,-3.75,45.0,-3.7499999999849225e-06,276277.2,多carry 黄金2410 1手(多)@556.54 / 黄金2412 1手(空)@558.7 价差=-2.16,多carry 热卷2409 1手(多)@3859 / 热卷2410 1手(空)@3863 价差=-4,多carry 棕榈油2409 1手(多)@7742 / 棕榈油2410 1手(空)@7728 价差=14,,[AU] 多carry 黄金2410 1手(多)@556.54 / 黄金2412 1手(空)@558.7 价差=-2.16 z=-1.03 | [HC] 多carry 热卷2409 1手(多)@3859 / 热卷2410 1手(空)@3863 价差=-4 z=-1.10 | [P] 多carry 棕榈油2409 1手(多)@7742 / 棕榈油2410 1手(空)@7728 价差=14 z=-0.99
2024-05-31,False,3,6,-40.0,40.0,-120.0,155.0,0.0,9188.4,22125.600000000002,22800.4,8.75,45.0,8.750000000000468e-06,54114.4,,多carry 热卷2409 1手(多)@3824 / 热卷2410 1手(空)@3833 价差=-9,多carry 棕榈油2409 1手(多)@7908 / 棕榈油2410 1手(空)@7896 价差=12,空carry 豆油2409 1手(空)@8140 / 豆油2411 1手(多)@8146 价差=-6,[HC] 多carry 热卷2409 1手(多)@3824 / 热卷2410 1手(空)@3833 价差=-9 z=-1.65 | [P] 多carry 棕榈油2409 1手(多)@7908 / 棕榈油2410 1手(空)@7896 价差=12 z=-1.00 | [Y] 空carry 豆油2409 1手(空)@8140 / 豆油2411 1手(多)@8146 价差=-6 z=1.28
2024-06-03,False,2,4,0.0,-7.6,220.0,-270.0,0.0,0.0,21442.4,22276.800000000003,-14.4,17.6,-1.4400750000000833e-05,43719.2,,,多carry 棕榈油2410 1手(多)@7652 / 棕榈油2411 1手(空)@7664 价差=-12,多carry 豆油2411 1手(多)@7924 / 豆油2412 1手(空)@7988 价差=-64,[P] 多carry 棕榈油2410 1手(多)@7652 / 棕榈油2411 1手(空)@7664 价差=-12 z=-1.43 | [Y] 多carry 豆油2411 1手(多)@7924 / 豆油2412 1手(空)@7988 价差=-64 z=-3.48
2024-06-04,False,3,6,0.0,12.42,-60.0,260.0,0.0,9097.199999999999,21366.800000000003,22173.2,53.1,7.58,5.3104749999999326e-05,52637.2,,多carry 热卷2410 1手(多)@3788 / 热卷2411 1手(空)@3793 价差=-5,多carry 棕榈油2410 1手(多)@7636 / 棕榈油2411 1手(空)@7626 价差=10,多carry 豆油2411 1手(多)@7874 / 豆油2412 1手(空)@7964 价差=-90,[HC] 多carry 热卷2410 1手(多)@3788 / 热卷2411 1手(空)@3793 价差=-5 z=-0.94 | [P] 多carry 棕榈油2410 1手(多)@7636 / 棕榈油2411 1手(空)@7626 价差=10 z=-0.95 | [Y] 多carry 豆油2411 1手(多)@7874 / 豆油2412 1手(空)@7964 价差=-90 z=-3.29
2024-06-05,False,3,6,160.0,-7.56,-80.0,120.0,244789.6,0.0,21280.0,22041.600000000002,48.11,47.56,4.810875000001541e-05,288111.2,空carry 黄金2410 1手(空)@555.5 / 黄金2412 1手(多)@557.18 价差=-1.68,,多carry 棕榈油2410 1手(多)@7602 / 棕榈油2411 1手(空)@7598 价差=4,多carry 豆油2411 1手(多)@7840 / 豆油2412 1手(空)@7904 价差=-64,[AU] 空carry 黄金2410 1手(空)@555.5 / 黄金2412 1手(多)@557.18 价差=-1.68 z=1.57 | [P] 多carry 棕榈油2410 1手(多)@7602 / 棕榈油2411 1手(空)@7598 价差=4 z=-1.04 | [Y] 多carry 豆油2411 1手(多)@7840 / 豆油2412 1手(空)@7904 价差=-64 z=-1.76
2024-06-06,False,2,4,-40.0,0.0,80.0,-40.0,0.0,0.0,21644.0,22310.4,0.0,40.0,3.865352482534945e-18,43954.4,,,多carry 棕榈油2410 1手(多)@7728 / 棕榈油2411 1手(空)@7732 价差=-4,多carry 豆油2411 1手(多)@7942 / 豆油2412 1手(空)@7994 价差=-52,[P] 多carry 棕榈油2410 1手(多)@7728 / 棕榈油2411 1手(空)@7732 价差=-4 z=-1.16 | [Y] 多carry 豆油2411 1手(多)@7942 / 豆油2412 1手(空)@7994 价差=-52 z=-1.13
2024-06-07,False,4,8,300.0,72.36,80.0,-120.0,248586.8,9162.0,21834.4,22528.800000000003,83.09,47.64,8.309125000001339e-05,302112.0,空carry 黄金2410 1手(空)@564.06 / 黄金2412 1手(多)@565.88 价差=-1.82,多carry 热卷2410 1手(多)@3813 / 热卷2411 1手(空)@3822 价差=-9,多carry 棕榈油2410 1手(多)@7800 / 棕榈油2411 1手(空)@7796 价差=4,多carry 豆油2411 1手(多)@8018 / 豆油2412 1手(空)@8074 价差=-56,[AU] 空carry 黄金2410 1手(空)@564.06 / 黄金2412 1手(多)@565.88 价差=-1.82 z=1.11 | [HC] 多carry 热卷2410 1手(多)@3813 / 热卷2411 1手(空)@3822 价差=-9 z=-1.58 | [P] 多carry 棕榈油2410 1手(多)@7800 / 棕榈油2411 1手(空)@7796 价差=4 z=-0.97 | [Y] 多carry 豆油2411 1手(多)@8018 / 豆油2412 1手(空)@8074 价差=-56 z=-1.19
2024-06-11,False,3,6,40.0,-7.53,-160.0,200.0,241014.40000000002,0.0,21308.0,22164.800000000003,18.12,87.53,1.8116750000004207e-05,284487.2,多carry 黄金2410 1手(多)@546.68 / 黄金2412 1手(空)@548.84 价差=-2.16,,多carry 棕榈油2410 1手(多)@7616 / 棕榈油2411 1手(空)@7604 价差=12,多carry 豆油2411 1手(多)@7882 / 豆油2412 1手(空)@7950 价差=-68,[AU] 多carry 黄金2410 1手(多)@546.68 / 黄金2412 1手(空)@548.84 价差=-2.16 z=-1.15 | [P] 多carry 棕榈油2410 1手(多)@7616 / 棕榈油2411 1手(空)@7604 价差=12 z=-0.78 | [Y] 多carry 豆油2411 1手(多)@7882 / 豆油2412 1手(空)@7950 价差=-68 z=-1.49
2024-06-12,False,1,2,-40.0,0.0,180.0,-5.0,0.0,0.0,21644.0,0.0,33.75,45.0,3.3750000000001464e-05,21644.0,,,多carry 棕榈油2410 1手(多)@7728 / 棕榈油2411 1手(空)@7732 价差=-4,,[P] 多carry 棕榈油2410 1手(多)@7728 / 棕榈油2411 1手(空)@7732 价差=-4 z=-1.07
2024-06-13,False,1,2,0.0,0.0,-5.0,-85.0,0.0,0.0,0.0,22265.600000000002,-22.5,10.0,-2.2500000000000117e-05,22265.6,,,,多carry 豆油2411 1手(多)@7926 / 豆油2412 1手(空)@7978 价差=-52,[Y] 多carry 豆油2411 1手(多)@7926 / 豆油2412 1手(空)@7978 价差=-52 z=-0.75
2024-06-14,False,2,4,220.0,0.0,0.0,-80.0,242466.40000000002,0.0,0.0,22220.800000000003,35.0,40.0,3.500000000001097e-05,264687.2,空carry 黄金2410 1手(空)@550.24 / 黄金2412 1手(多)@551.88 价差=-1.64,,,多carry 豆油2411 1手(多)@7906 / 豆油2412 1手(空)@7966 价差=-60,[AU] 空carry 黄金2410 1手(空)@550.24 / 黄金2412 1手(多)@551.88 价差=-1.64 z=1.72 | [Y] 多carry 豆油2411 1手(多)@7906 / 豆油2412 1手(空)@7966 价差=-60 z=-0.97
2024-06-17,False,2,4,-40.0,0.0,-65.0,200.0,0.0,0.0,21033.600000000002,21873.600000000002,23.75,45.0,2.3749999999999717e-05,42907.2,,,多carry 棕榈油2410 1手(多)@7514 / 棕榈油2411 1手(空)@7510 价差=4,多carry 豆油2411 1手(多)@7778 / 豆油2412 1手(空)@7846 价差=-68,[P] 多carry 棕榈油2410 1手(多)@7514 / 棕榈油2411 1手(空)@7510 价差=4 z=-0.85 | [Y] 多carry 豆油2411 1手(多)@7778 / 豆油2412 1手(空)@7846 价差=-68 z=-1.13
2024-06-18,False,1,2,0.0,0.0,180.0,-5.0,0.0,0.0,21260.4,0.0,43.75,5.0,4.374999999999966e-05,21260.4,,,多carry 棕榈油2410 1手(多)@7592 / 棕榈油2411 1手(空)@7594 价差=-2,,[P] 多carry 棕榈油2410 1手(多)@7592 / 棕榈油2411 1手(空)@7594 价差=-2 z=-0.97
2024-06-19,False,3,6,-40.0,22.43,-5.0,-65.0,244266.0,9087.599999999999,0.0,22290.800000000003,-21.89,57.57,-2.189325000001314e-05,275644.4,空carry 黄金2410 1手(空)@554.28 / 黄金2412 1手(多)@556.02 价差=-1.74,空carry 热卷2410 1手(空)@3786 / 热卷2411 1手(多)@3787 价差=-1,,多carry 豆油2411 1手(多)@7928 / 豆油2412 1手(空)@7994 价差=-66,[AU] 空carry 黄金2410 1手(空)@554.28 / 黄金2412 1手(多)@556.02 价差=-1.74 z=1.16 | [HC] 空carry 热卷2410 1手(空)@3786 / 热卷2411 1手(多)@3787 价差=-1 z=0.99 | [Y] 多carry 豆油2411 1手(多)@7928 / 豆油2412 1手(空)@7994 价差=-66 z=-0.92
2024-06-20,False,3,6,140.0,-7.56,35.0,80.0,246369.2,0.0,21481.600000000002,22254.4,61.86,12.56,6.186100000000318e-05,290105.2,空carry 黄金2410 1手(空)@559.06 / 黄金2412 1手(多)@560.8 价差=-1.74,,多carry 棕榈油2410 1手(多)@7670 / 棕榈油2411 1手(空)@7674 价差=-4,多carry 豆油2411 1手(多)@7912 / 豆油2412 1手(空)@7984 价差=-72,[AU] 空carry 黄金2410 1手(空)@559.06 / 黄金2412 1手(多)@560.8 价差=-1.74 z=1.19 | [P] 多carry 棕榈油2410 1手(多)@7670 / 棕榈油2411 1手(空)@7674 价差=-4 z=-0.98 | [Y] 多carry 豆油2411 1手(多)@7912 / 豆油2412 1手(空)@7984 价差=-72 z=-1.03
2024-06-21,False,1,2,-40.0,0.0,-40.0,-5.0,0.0,0.0,21324.800000000003,0.0,-21.25,45.0,-2.1249999999999964e-05,21324.8,,,多carry 棕榈油2410 1手(多)@7616 / 棕榈油2411 1手(空)@7616 价差=0,,[P] 多carry 棕榈油2410 1手(多)@7616 / 棕榈油2411 1手(空)@7616 价差=0 z=-0.86
2024-06-24,False,3,6,0.0,62.54,100.0,135.0,0.0,8948.4,21296.800000000003,22114.4,74.39,12.46,7.438574999999997e-05,52359.6,,空carry 热卷2410 1手(空)@3729 / 热卷2411 1手(多)@3728 价差=1,多carry 棕榈油2410 1手(多)@7604 / 棕榈油2411 1手(空)@7608 价差=-4,多carry 豆油2411 1手(多)@7858 / 豆油2412 1手(空)@7938 价差=-80,[HC] 空carry 热卷2410 1手(空)@3729 / 热卷2411 1手(多)@3728 价差=1 z=1.76 | [P] 多carry 棕榈油2410 1手(多)@7604 / 棕榈油2411 1手(空)@7608 价差=-4 z=-0.94 | [Y] 多carry 豆油2411 1手(多)@7858 / 豆油2412 1手(空)@7938 价差=-80 z=-1.16
2024-06-25,False,2,4,140.0,25.1,-5.0,-5.0,244305.6,8937.599999999999,0.0,0.0,38.78,64.9,3.877599999995478e-05,253243.2,多carry 黄金2410 1手(多)@554.2 / 黄金2412 1手(空)@556.28 价差=-2.08,多carry 热卷2410 1手(多)@3721 / 热卷2411 1手(空)@3727 价差=-6,,,[AU] 多carry 黄金2410 1手(多)@554.2 / 黄金2412 1手(空)@556.28 价差=-2.08 z=-1.10 | [HC] 多carry 热卷2410 1手(多)@3721 / 热卷2411 1手(空)@3727 价差=-6 z=-0.97
2024-06-26,True,0,0,-40.0,-7.51,0.0,0.0,0.0,0.0,0.0,0.0,-11.88,47.51,-1.1877e-05,0.0,,,,,全品种空仓
2024-06-27,False,2,4,0.0,22.53,0.0,-45.0,0.0,8964.0,0.0,21898.800000000003,-5.62,12.47,-5.6174999999991614e-06,30862.8,,空carry 热卷2410 1手(空)@3735 / 热卷2411 1手(多)@3735 价差=0,,多carry 豆油2411 1手(多)@7784 / 豆油2412 1手(空)@7858 价差=-74,[HC] 空carry 热卷2410 1手(空)@3735 / 热卷2411 1手(多)@3735 价差=0 z=1.36 | [Y] 多carry 豆油2411 1手(多)@7784 / 豆油2412 1手(空)@7858 价差=-74 z=-0.78
2024-06-28,False,3,6,-120.0,-7.49,135.0,80.0,243953.59999999998,0.0,21350.0,22044.4,21.88,52.49,2.187675000002109e-05,287348.0,多carry 黄金2410 1手(多)@553.42 / 黄金2412 1手(空)@555.46 价差=-2.04,,多carry 棕榈油2410 1手(多)@7624 / 棕榈油2411 1手(空)@7626 价差=-2,多carry 豆油2411 1手(多)@7834 / 豆油2412 1手(空)@7912 价差=-78,[AU] 多carry 黄金2410 1手(多)@553.42 / 黄金2412 1手(空)@555.46 价差=-2.04 z=-1.06 | [P] 多carry 棕榈油2410 1手(多)@7624 / 棕榈油2411 1手(空)@7626 价差=-2 z=-0.88 | [Y] 多carry 豆油2411 1手(多)@7834 / 豆油2412 1手(空)@7912 价差=-78 z=-0.95
2024-07-01,False,2,4,-60.0,-37.54,-5.0,-5.0,244952.4,9045.599999999999,0.0,0.0,-26.88,17.54,-2.688449999997265e-05,253998.0,多carry 黄金2412 1手(多)@555.6 / 黄金2502 1手(空)@557.82 价差=-2.22,多carry 热卷2411 1手(多)@3766 / 热卷2412 1手(空)@3772 价差=-6,,,[AU] 多carry 黄金2412 1手(多)@555.6 / 黄金2502 1手(空)@557.82 价差=-2.22 z=-2.02 | [HC] 多carry 热卷2411 1手(多)@3766 / 热卷2412 1手(空)@3772 价差=-6 z=-1.18
2024-07-02,False,2,4,100.0,50.0,0.0,0.0,245414.4,9042.0,0.0,0.0,37.5,0.0,3.749999999999928e-05,254456.4,多carry 黄金2412 1手(多)@556.62 / 黄金2502 1手(空)@558.9 价差=-2.28,多carry 热卷2411 1手(多)@3763 / 热卷2412 1手(空)@3772 价差=-9,,,[AU] 多carry 黄金2412 1手(多)@556.62 / 黄金2502 1手(空)@558.9 价差=-2.28 z=-2.00 | [HC] 多carry 热卷2411 1手(多)@3763 / 热卷2412 1手(空)@3772 价差=-9 z=-2.06
2024-07-03,False,2,4,120.0,-7.63,0.0,-25.0,246888.4,0.0,0.0,22545.600000000002,21.84,12.63,2.184199999999457e-05,269434.0,多carry 黄金2412 1手(多)@560.02 / 黄金2502 1手(空)@562.2 价差=-2.18,,,多carry 豆油2411 1手(多)@8016 / 豆油2412 1手(空)@8088 价差=-72,[AU] 多carry 黄金2412 1手(多)@560.02 / 黄金2502 1手(空)@562.2 价差=-2.18 z=-1.22 | [Y] 多carry 豆油2411 1手(多)@8016 / 豆油2412 1手(空)@8088 价差=-72 z=-0.83
2024-07-04,False,2,4,-40.0,82.39,0.0,-120.0,0.0,9134.4,0.0,22464.4,-19.4,47.61,-1.940299999999925e-05,31598.8,,空carry 热卷2411 1手(空)@3807 / 热卷2412 1手(多)@3805 价差=2,,多carry 豆油2411 1手(多)@7986 / 豆油2412 1手(空)@8060 价差=-74,[HC] 空carry 热卷2411 1手(空)@3807 / 热卷2412 1手(多)@3805 价差=2 z=1.84 | [Y] 多carry 豆油2411 1手(多)@7986 / 豆油2412 1手(空)@8060 价差=-74 z=-0.96
2024-07-05,False,2,4,0.0,-115.06,0.0,-80.0,0.0,9037.2,0.0,22386.0,-48.77,15.06,-4.876549999999952e-05,31423.2,,多carry 热卷2411 1手(多)@3762 / 热卷2412 1手(空)@3769 价差=-7,,多carry 豆油2411 1手(多)@7952 / 豆油2412 1手(空)@8038 价差=-86,[HC] 多carry 热卷2411 1手(多)@3762 / 热卷2412 1手(空)@3769 价差=-7 z=-1.18 | [Y] 多carry 豆油2411 1手(多)@7952 / 豆油2412 1手(空)@8038 价差=-86 z=-1.92
2024-07-08,False,3,6,200.0,0.0,0.0,0.0,249172.0,8924.4,0.0,22223.600000000002,50.0,40.0,4.9999999999981856e-05,280320.0,多carry 黄金2412 1手(多)@565.2 / 黄金2502 1手(空)@567.4 价差=-2.2,多carry 热卷2411 1手(多)@3710 / 热卷2412 1手(空)@3727 价差=-17,,多carry 豆油2411 1手(多)@7890 / 豆油2412 1手(空)@7984 价差=-94,[AU] 多carry 黄金2412 1手(多)@565.2 / 黄金2502 1手(空)@567.4 价差=-2.2 z=-1.06 | [HC] 多carry 热卷2411 1手(多)@3710 / 热卷2412 1手(空)@3727 价差=-17 z=-3.20 | [Y] 多carry 豆油2411 1手(多)@7890 / 豆油2412 1手(空)@7984 价差=-94 z=-2.22
2024-07-09,False,2,4,-40.0,-10.0,0.0,20.0,0.0,8936.4,0.0,21898.800000000003,-7.5,40.0,-7.499999999999005e-06,30835.2,,多carry 热卷2411 1手(多)@3715 / 热卷2412 1手(空)@3732 价差=-17,,多carry 豆油2411 1手(多)@7774 / 豆油2412 1手(空)@7868 价差=-94,[HC] 多carry 热卷2411 1手(多)@3715 / 热卷2412 1手(空)@3732 价差=-17 z=-2.48 | [Y] 多carry 豆油2411 1手(多)@7774 / 豆油2412 1手(空)@7868 价差=-94 z=-1.89
2024-07-10,False,3,6,-20.0,70.0,0.0,-20.0,249343.6,8865.599999999999,0.0,21358.4,7.5,40.0,7.499999999941927e-06,279567.6,多carry 黄金2412 1手(多)@565.58 / 黄金2502 1手(空)@567.8 价差=-2.22,多carry 热卷2411 1手(多)@3685 / 热卷2412 1手(空)@3703 价差=-18,,多carry 豆油2411 1手(多)@7582 / 豆油2412 1手(空)@7674 价差=-92,[AU] 多carry 黄金2412 1手(多)@565.58 / 黄金2502 1手(空)@567.8 价差=-2.22 z=-1.22 | [HC] 多carry 热卷2411 1手(多)@3685 / 热卷2412 1手(空)@3703 价差=-18 z=-2.18 | [Y] 多carry 豆油2411 1手(多)@7582 / 豆油2412 1手(空)@7674 价差=-92 z=-1.58
2024-07-11,False,3,6,60.0,-10.0,0.0,60.0,250236.8,8910.0,0.0,21355.600000000002,27.5,0.0,2.7500000000001234e-05,280502.4,多carry 黄金2412 1手(多)@567.62 / 黄金2502 1手(空)@569.82 价差=-2.2,多carry 热卷2411 1手(多)@3707 / 热卷2412 1手(空)@3718 价差=-11,,多carry 豆油2411 1手(多)@7580 / 豆油2412 1手(空)@7674 价差=-94,[AU] 多carry 黄金2412 1手(多)@567.62 / 黄金2502 1手(空)@569.82 价差=-2.2 z=-0.97 | [HC] 多carry 热卷2411 1手(多)@3707 / 热卷2412 1手(空)@3718 价差=-11 z=-0.87 | [Y] 多carry 豆油2411 1手(多)@7580 / 豆油2412 1手(空)@7674 价差=-94 z=-1.57
2024-07-12,False,2,4,-40.0,-10.0,0.0,-80.0,0.0,8928.0,0.0,21509.600000000002,-32.5,40.0,-3.249999999999926e-05,30437.6,,多carry 热卷2411 1手(多)@3714 / 热卷2412 1手(空)@3726 价差=-12,,多carry 豆油2411 1手(多)@7638 / 豆油2412 1手(空)@7726 价差=-88,[HC] 多carry 热卷2411 1手(多)@3714 / 热卷2412 1手(空)@3726 价差=-12 z=-0.96 | [Y] 多carry 豆油2411 1手(多)@7638 / 豆油2412 1手(空)@7726 价差=-88 z=-0.99
2024-07-15,False,2,4,0.0,70.0,0.0,20.0,0.0,8977.2,0.0,21386.4,22.5,0.0,2.2499999999998294e-05,30363.6,,多carry 热卷2411 1手(多)@3734 / 热卷2412 1手(空)@3747 价差=-13,,多carry 豆油2411 1手(多)@7590 / 豆油2412 1手(空)@7686 价差=-96,[HC] 多carry 热卷2411 1手(多)@3734 / 热卷2412 1手(空)@3747 价差=-13 z=-1.03 | [Y] 多carry 豆油2411 1手(多)@7590 / 豆油2412 1手(空)@7686 价差=-96 z=-1.44
2024-07-16,False,3,6,140.0,-7.46,-25.0,100.0,254342.0,0.0,21557.200000000004,21456.4,51.88,52.46,5.188399999998665e-05,297355.6,多carry 黄金2412 1手(多)@576.94 / 黄金2502 1手(空)@579.16 价差=-2.22,,空carry 棕榈油2411 1手(空)@7712 / 棕榈油2412 1手(多)@7686 价差=26,多carry 豆油2411 1手(多)@7616 / 豆油2412 1手(空)@7710 价差=-94,[AU] 多carry 黄金2412 1手(多)@576.94 / 黄金2502 1手(空)@579.16 价差=-2.22 z=-0.76 | [P] 空carry 棕榈油2411 1手(空)@7712 / 棕榈油2412 1手(多)@7686 价差=26 z=0.76 | [Y] 多carry 豆油2411 1手(多)@7616 / 豆油2412 1手(空)@7710 价差=-94 z=-1.24
2024-07-17,False,2,4,-40.0,2.64,-0.0,-5.0,0.0,8833.199999999999,21700.0,0.0,-10.59,52.36,-1.059025000000069e-05,30533.2,,多carry 热卷2411 1手(多)@3673 / 热卷2412 1手(空)@3688 价差=-15,空carry 棕榈油2411 1手(空)@7764 / 棕榈油2412 1手(多)@7736 价差=28,,[HC] 多carry 热卷2411 1手(多)@3673 / 热卷2412 1手(空)@3688 价差=-15 z=-1.21 | [P] 空carry 棕榈油2411 1手(空)@7764 / 棕榈油2412 1手(多)@7736 价差=28 z=0.88
2024-07-18,False,3,6,220.0,40.0,80.0,0.0,257136.0,8841.599999999999,21800.800000000003,0.0,85.0,40.0,8.499999999999698e-05,287778.4,空carry 黄金2412 1手(空)@583.46 / 黄金2502 1手(多)@585.34 价差=-1.88,多carry 热卷2411 1手(多)@3677 / 热卷2412 1手(空)@3691 价差=-14,空carry 棕榈油2411 1手(空)@7800 / 棕榈油2412 1手(多)@7772 价差=28,,[AU] 空carry 黄金2412 1手(空)@583.46 / 黄金2502 1手(多)@585.34 价差=-1.88 z=1.75 | [HC] 多carry 热卷2411 1手(多)@3677 / 热卷2412 1手(空)@3691 价差=-14 z=-0.95 | [P] 空carry 棕榈油2411 1手(空)@7800 / 棕榈油2412 1手(多)@7772 价差=28 z=0.92
2024-07-19,True,0,0,-40.0,-7.34,-5.0,0.0,0.0,0.0,0.0,0.0,-13.08,52.34,-1.3085000000000001e-05,0.0,,,,,全品种空仓
2024-07-22,False,2,4,80.0,0.0,95.0,0.0,250175.2,0.0,21896.0,0.0,43.75,45.0,4.374999999997469e-05,272071.2,多carry 黄金2412 1手(多)@567.48 / 黄金2502 1手(空)@569.68 价差=-2.2,,空carry 棕榈油2411 1手(空)@7834 / 棕榈油2412 1手(多)@7806 价差=28,,[AU] 多carry 黄金2412 1手(多)@567.48 / 黄金2502 1手(空)@569.68 价差=-2.2 z=-0.75 | [P] 空carry 棕榈油2411 1手(空)@7834 / 棕榈油2412 1手(多)@7806 价差=28 z=1.02
2024-07-23,False,1,2,-40.0,-27.2,-5.0,0.0,0.0,8634.0,0.0,0.0,-18.05,52.2,-1.804875000000059e-05,8634.0,,多carry 热卷2411 1手(多)@3590 / 热卷2412 1手(空)@3605 价差=-15,,,[HC] 多carry 热卷2411 1手(多)@3590 / 热卷2412 1手(空)@3605 价差=-15 z=-0.92
2024-07-24,False,4,8,180.0,10.0,115.0,255.0,252076.0,8610.0,21467.600000000002,21744.800000000003,140.0,50.0,0.00013999999999997147,303898.4,空carry 黄金2412 1手(空)@571.9 / 黄金2502 1手(多)@573.9 价差=-2,多carry 热卷2411 1手(多)@3579 / 热卷2412 1手(空)@3596 价差=-17,多carry 棕榈油2411 1手(多)@7666 / 棕榈油2412 1手(空)@7668 价差=-2,多carry 豆油2411 1手(多)@7720 / 豆油2412 1手(空)@7812 价差=-92,[AU] 空carry 黄金2412 1手(空)@571.9 / 黄金2502 1手(多)@573.9 价差=-2 z=0.84 | [HC] 多carry 热卷2411 1手(多)@3579 / 热卷2412 1手(空)@3596 价差=-17 z=-1.14 | [P] 多carry 棕榈油2411 1手(多)@7666 / 棕榈油2412 1手(空)@7668 价差=-2 z=-1.05 | [Y] 多carry 豆油2411 1手(多)@7720 / 豆油2412 1手(空)@7812 价差=-92 z=-0.86
2024-07-25,False,3,6,160.0,-200.0,-5.0,50.0,245718.0,8481.599999999999,0.0,21686.0,1.25,95.0,1.249999999971493e-06,275885.6,多carry 黄金2412 1手(多)@557.34 / 黄金2502 1手(空)@559.56 价差=-2.22,多carry 热卷2411 1手(多)@3526 / 热卷2412 1手(空)@3542 价差=-16,,空carry 豆油2411 1手(空)@7712 / 豆油2412 1手(多)@7778 价差=-66,[AU] 多carry 黄金2412 1手(多)@557.34 / 黄金2502 1手(空)@559.56 价差=-2.22 z=-1.11 | [HC] 多carry 热卷2411 1手(多)@3526 / 热卷2412 1手(空)@3542 价差=-16 z=-0.89 | [Y] 空carry 豆油2411 1手(空)@7712 / 豆油2412 1手(多)@7778 价差=-66 z=1.74
2024-07-26,False,4,8,-20.0,260.0,-165.0,60.0,246580.4,8596.8,21767.2,21985.600000000002,33.75,85.0,3.374999999999774e-05,298930.0,空carry 黄金2412 1手(空)@559.42 / 黄金2502 1手(多)@561.4 价差=-1.98,多carry 热卷2411 1手(多)@3564 / 热卷2412 1手(空)@3600 价差=-36,空carry 棕榈油2411 1手(空)@7784 / 棕榈油2412 1手(多)@7764 价差=20,空carry 豆油2411 1手(空)@7816 / 豆油2412 1手(多)@7888 价差=-72,[AU] 空carry 黄金2412 1手(空)@559.42 / 黄金2502 1手(多)@561.4 价差=-1.98 z=0.77 | [HC] 多carry 热卷2411 1手(多)@3564 / 热卷2412 1手(空)@3600 价差=-36 z=-3.08 | [P] 空carry 棕榈油2411 1手(空)@7784 / 棕榈油2412 1手(多)@7764 价差=20 z=0.91 | [Y] 空carry 豆油2411 1手(空)@7816 / 豆油2412 1手(多)@7888 价差=-72 z=1.09
2024-07-29,False,1,2,-40.0,-7.08,-40.0,-5.0,0.0,0.0,21683.200000000004,0.0,-23.02,52.08,-2.302100000000027e-05,21683.2,,,空carry 棕榈油2411 1手(空)@7762 / 棕榈油2412 1手(多)@7726 价差=36,,[P] 空carry 棕榈油2411 1手(空)@7762 / 棕榈油2412 1手(多)@7726 价差=36 z=2.33
2024-07-30,False,3,6,-140.0,0.0,220.0,135.0,248749.6,0.0,21599.2,21453.600000000002,53.75,45.0,5.375000000000948e-05,291802.4,多carry 黄金2412 1手(多)@564.2 / 黄金2502 1手(空)@566.48 价差=-2.28,,空carry 棕榈油2411 1手(空)@7734 / 棕榈油2412 1手(多)@7694 价差=40,空carry 豆油2411 1手(空)@7630 / 豆油2412 1手(多)@7694 价差=-64,[AU] 多carry 黄金2412 1手(多)@564.2 / 黄金2502 1手(空)@566.48 价差=-2.28 z=-1.55 | [P] 空carry 棕榈油2411 1手(空)@7734 / 棕榈油2412 1手(多)@7694 价差=40 z=2.51 | [Y] 空carry 豆油2411 1手(空)@7630 / 豆油2412 1手(多)@7694 价差=-64 z=1.93
2024-07-31,False,2,4,220.0,13.02,-5.0,-5.0,250593.2,8380.8,0.0,0.0,55.75,16.98,5.575400000000021e-05,258974.0,多carry 黄金2412 1手(多)@568.34 / 黄金2502 1手(空)@570.72 价差=-2.38,空carry 热卷2411 1手(空)@3492 / 热卷2412 1手(多)@3492 价差=0,,,[AU] 多carry 黄金2412 1手(多)@568.34 / 黄金2502 1手(空)@570.72 价差=-2.38 z=-1.95 | [HC] 空carry 热卷2411 1手(空)@3492 / 热卷2412 1手(多)@3492 价差=0 z=1.69
2024-08-01,False,2,4,-40.0,15.85,0.0,-145.0,0.0,8490.0,0.0,21372.4,-42.29,59.15,-4.228750000000152e-05,29862.4,,多carry 热卷2412 1手(多)@3521 / 热卷2501 1手(空)@3554 价差=-33,,空carry 豆油2412 1手(空)@7642 / 豆油2501 1手(多)@7624 价差=18,[HC] 多carry 热卷2412 1手(多)@3521 / 热卷2501 1手(空)@3554 价差=-33 z=-2.24 | [Y] 空carry 豆油2412 1手(空)@7642 / 豆油2501 1手(多)@7624 价差=18 z=3.92
2024-08-02,False,3,6,0.0,-40.0,-145.0,60.0,0.0,8529.6,21823.2,21632.800000000003,-31.25,5.0,-3.12500000000006e-05,51985.6,,多carry 热卷2412 1手(多)@3539 / 热卷2501 1手(空)@3569 价差=-30,空carry 棕榈油2412 1手(空)@7804 / 棕榈油2501 1手(多)@7784 价差=20,空carry 豆油2412 1手(空)@7742 / 豆油2501 1手(多)@7710 价差=32,[HC] 多carry 热卷2412 1手(多)@3539 / 热卷2501 1手(空)@3569 价差=-30 z=-1.64 | [P] 空carry 棕榈油2412 1手(空)@7804 / 棕榈油2501 1手(多)@7784 价差=20 z=0.76 | [Y] 空carry 豆油2412 1手(空)@7742 / 豆油2501 1手(多)@7710 价差=32 z=3.01
2024-08-05,False,3,6,0.0,110.0,-140.0,-80.0,0.0,8515.2,21523.600000000002,21411.600000000002,-27.5,0.0,-2.749999999999885e-05,51450.4,,多carry 热卷2412 1手(多)@3531 / 热卷2501 1手(空)@3565 价差=-34,空carry 棕榈油2412 1手(空)@7704 / 棕榈油2501 1手(多)@7670 价差=34,空carry 豆油2412 1手(空)@7660 / 豆油2501 1手(多)@7634 价差=26,[HC] 多carry 热卷2412 1手(多)@3531 / 热卷2501 1手(空)@3565 价差=-34 z=-1.82 | [P] 空carry 棕榈油2412 1手(空)@7704 / 棕榈油2501 1手(多)@7670 价差=34 z=1.89 | [Y] 空carry 豆油2412 1手(空)@7660 / 豆油2501 1手(多)@7634 价差=26 z=2.27
2024-08-06,False,3,6,100.0,-7.03,40.0,20.0,244992.0,0.0,20882.4,20924.4,38.24,47.03,3.8242249999993564e-05,286798.8,空carry 黄金2412 1手(空)@555.84 / 黄金2502 1手(多)@557.76 价差=-1.92,,空carry 棕榈油2412 1手(空)@7482 / 棕榈油2501 1手(多)@7434 价差=48,空carry 豆油2412 1手(空)@7490 / 豆油2501 1手(多)@7456 价差=34,[AU] 空carry 黄金2412 1手(空)@555.84 / 黄金2502 1手(多)@557.76 价差=-1.92 z=1.17 | [P] 空carry 棕榈油2412 1手(空)@7482 / 棕榈油2501 1手(多)@7434 价差=48 z=2.90 | [Y] 空carry 豆油2412 1手(空)@7490 / 豆油2501 1手(多)@7456 价差=34 z=2.05
2024-08-07,False,3,6,-40.0,72.98,20.0,20.0,0.0,8419.2,20804.0,20921.600000000002,18.25,47.02,1.8245999999998947e-05,50144.8,,多carry 热卷2412 1手(多)@3492 / 热卷2501 1手(空)@3524 价差=-32,空carry 棕榈油2412 1手(空)@7452 / 棕榈油2501 1手(多)@7408 价差=44,空carry 豆油2412 1手(空)@7488 / 豆油2501 1手(多)@7456 价差=32,[HC] 多carry 热卷2412 1手(多)@3492 / 热卷2501 1手(空)@3524 价差=-32 z=-1.40 | [P] 空carry 棕榈油2412 1手(空)@7452 / 棕榈油2501 1手(多)@7408 价差=44 z=2.44 | [Y] 空carry 豆油2412 1手(空)@7488 / 豆油2501 1手(多)@7456 价差=32 z=1.73
2024-08-08,False,2,4,0.0,-6.9,160.0,100.0,0.0,0.0,20879.600000000002,20997.2,63.27,6.9,6.327449999999946e-05,41876.8,,,空carry 棕榈油2412 1手(空)@7478 / 棕榈油2501 1手(多)@7436 价差=42,空carry 豆油2412 1手(空)@7514 / 豆油2501 1手(多)@7484 价差=30,[P] 空carry 棕榈油2412 1手(空)@7478 / 棕榈油2501 1手(多)@7436 价差=42 z=2.15 | [Y] 空carry 豆油2412 1手(空)@7514 / 豆油2501 1手(多)@7484 价差=30 z=1.49
2024-08-09,False,2,4,0.0,0.0,-40.0,-0.0,0.0,0.0,21254.800000000003,21156.800000000003,-10.0,0.0,-1.0000000000002654e-05,42411.6,,,空carry 棕榈油2412 1手(空)@7604 / 棕榈油2501 1手(多)@7578 价差=26,空carry 豆油2412 1手(空)@7566 / 豆油2501 1手(多)@7546 价差=20,[P] 空carry 棕榈油2412 1手(空)@7604 / 棕榈油2501 1手(多)@7578 价差=26 z=0.93 | [Y] 空carry 豆油2412 1手(空)@7566 / 豆油2501 1手(多)@7546 价差=20 z=1.17
2024-08-12,False,2,4,0.0,0.0,20.0,-40.0,0.0,0.0,21232.4,21072.800000000003,-5.0,0.0,-4.999999999998466e-06,42305.2,,,空carry 棕榈油2412 1手(空)@7598 / 棕榈油2501 1手(多)@7568 价差=30,空carry 豆油2412 1手(空)@7536 / 豆油2501 1手(多)@7516 价差=20,[P] 空carry 棕榈油2412 1手(空)@7598 / 棕榈油2501 1手(多)@7568 价差=30 z=1.18 | [Y] 空carry 豆油2412 1手(空)@7536 / 豆油2501 1手(多)@7516 价差=20 z=1.06
2024-08-13,False,2,4,0.0,0.0,-100.0,20.0,0.0,0.0,20860.0,20608.0,-20.0,0.0,-2.0000000000000056e-05,41468.0,,,空carry 棕榈油2412 1手(空)@7464 / 棕榈油2501 1手(多)@7436 价差=28,空carry 豆油2412 1手(空)@7372 / 豆油2501 1手(多)@7348 价差=24,[P] 空carry 棕榈油2412 1手(空)@7464 / 棕榈油2501 1手(多)@7436 价差=28 z=1.03 | [Y] 空carry 豆油2412 1手(空)@7372 / 豆油2501 1手(多)@7348 价差=24 z=1.03
2024-08-14,False,4,8,-60.0,63.45,-20.0,0.0,251226.8,7858.799999999999,20829.200000000004,20487.600000000002,-4.14,46.55,-4.137250000022709e-06,300402.4,空carry 黄金2412 1手(空)@570 / 黄金2502 1手(多)@571.94 价差=-1.94,空carry 热卷2412 1手(空)@3271 / 热卷2501 1手(多)@3278 价差=-7,空carry 棕榈油2412 1手(空)@7458 / 棕榈油2501 1手(多)@7420 价差=38,空carry 豆油2412 1手(空)@7328 / 豆油2501 1手(多)@7306 价差=22,[AU] 空carry 黄金2412 1手(空)@570 / 黄金2502 1手(多)@571.94 价差=-1.94 z=1.28 | [HC] 空carry 热卷2412 1手(空)@3271 / 热卷2501 1手(多)@3278 价差=-7 z=1.17 | [P] 空carry 棕榈油2412 1手(空)@7458 / 棕榈油2501 1手(多)@7420 价差=38 z=1.70 | [Y] 空carry 豆油2412 1手(空)@7328 / 豆油2501 1手(多)@7306 价差=22 z=0.89
2024-08-15,False,3,6,240.0,-6.49,-80.0,-100.0,250668.0,0.0,21044.800000000003,20650.0,13.38,6.49,1.3377500000007742e-05,292362.8,空carry 黄金2412 1手(空)@568.74 / 黄金2502 1手(多)@570.66 价差=-1.92,,空carry 棕榈油2412 1手(空)@7536 / 棕榈油2501 1手(多)@7496 价差=40,空carry 豆油2412 1手(空)@7386 / 豆油2501 1手(多)@7364 价差=22,[AU] 空carry 黄金2412 1手(空)@568.74 / 黄金2502 1手(多)@570.66 价差=-1.92 z=1.53 | [P] 空carry 棕榈油2412 1手(空)@7536 / 棕榈油2501 1手(多)@7496 价差=40 z=1.74 | [Y] 空carry 豆油2412 1手(空)@7386 / 豆油2501 1手(多)@7364 价差=22 z=0.81
2024-08-16,False,2,4,-40.0,0.0,-40.0,120.0,0.0,0.0,21022.4,20563.200000000004,10.0,40.0,1.0000000000000568e-05,41585.6,,,空carry 棕榈油2412 1手(空)@7532 / 棕榈油2501 1手(多)@7484 价差=48,空carry 豆油2412 1手(空)@7360 / 豆油2501 1手(多)@7328 价差=32,[P] 空carry 棕榈油2412 1手(空)@7532 / 棕榈油2501 1手(多)@7484 价差=48 z=2.16 | [Y] 空carry 豆油2412 1手(空)@7360 / 豆油2501 1手(多)@7328 价差=32 z=0.91
2024-08-19,False,3,6,-60.0,73.57,-80.0,-5.0,253717.2,7711.199999999999,21291.200000000004,0.0,-17.86,51.43,-1.7856499999986116e-05,282719.6,空carry 黄金2412 1手(空)@575.62 / 黄金2502 1手(多)@577.64 价差=-2.02,多carry 热卷2412 1手(多)@3199 / 热卷2501 1手(空)@3227 价差=-28,空carry 棕榈油2412 1手(空)@7630 / 棕榈油2501 1手(多)@7578 价差=52,,[AU] 空carry 黄金2412 1手(空)@575.62 / 黄金2502 1手(多)@577.64 价差=-2.02 z=0.83 | [HC] 多carry 热卷2412 1手(多)@3199 / 热卷2501 1手(空)@3227 价差=-28 z=-0.84 | [P] 空carry 棕榈油2412 1手(空)@7630 / 棕榈油2501 1手(多)@7578 价差=52 z=2.26
2024-08-20,False,2,4,180.0,-6.5,60.0,0.0,253968.0,0.0,21470.4,0.0,58.38,6.5,5.837549999997806e-05,275438.4,空carry 黄金2412 1手(空)@576.2 / 黄金2502 1手(多)@578.2 价差=-2,,空carry 棕榈油2412 1手(空)@7698 / 棕榈油2501 1手(多)@7638 价差=60,,[AU] 空carry 黄金2412 1手(空)@576.2 / 黄金2502 1手(多)@578.2 价差=-2 z=0.93 | [P] 空carry 棕榈油2412 1手(空)@7698 / 棕榈油2501 1手(多)@7638 价差=60 z=2.61
2024-08-21,False,1,2,-40.0,0.0,140.0,0.0,0.0,0.0,21490.0,0.0,25.0,40.0,2.500000000000216e-05,21490.0,,,空carry 棕榈油2412 1手(空)@7702 / 棕榈油2501 1手(多)@7648 价差=54,,[P] 空carry 棕榈油2412 1手(空)@7702 / 棕榈油2501 1手(多)@7648 价差=54 z=2.11
2024-08-22,False,1,2,0.0,0.0,40.0,0.0,0.0,0.0,21817.600000000002,0.0,10.0,0.0,9.999999999998807e-06,21817.6,,,空carry 棕榈油2412 1手(空)@7812 / 棕榈油2501 1手(多)@7772 价差=40,,[P] 空carry 棕榈油2412 1手(空)@7812 / 棕榈油2501 1手(多)@7772 价差=40 z=1.19
2024-08-23,False,2,4,0.0,283.5,160.0,0.0,0.0,7797.6,21924.0,0.0,110.88,6.5,0.00011087549999999887,29721.6,,空carry 热卷2412 1手(空)@3245 / 热卷2501 1手(多)@3253 价差=-8,空carry 棕榈油2412 1手(空)@7848 / 棕榈油2501 1手(多)@7812 价差=36,,[HC] 空carry 热卷2412 1手(空)@3245 / 热卷2501 1手(多)@3253 价差=-8 z=1.18 | [P] 空carry 棕榈油2412 1手(空)@7848 / 棕榈油2501 1手(多)@7812 价差=36 z=0.92
2024-08-26,False,1,2,0.0,116.62,-5.0,0.0,0.0,8029.199999999999,0.0,0.0,27.9,18.38,2.790450000000118e-05,8029.2,,多carry 热卷2412 1手(多)@3327 / 热卷2501 1手(空)@3364 价差=-37,,,[HC] 多carry 热卷2412 1手(多)@3327 / 热卷2501 1手(空)@3364 价差=-37 z=-1.67
2024-08-27,False,1,2,60.0,-6.71,0.0,0.0,254711.6,0.0,0.0,0.0,13.32,46.71,1.3323499999970839e-05,254711.6,空carry 黄金2412 1手(空)@577.9 / 黄金2502 1手(多)@579.88 价差=-1.98,,,,[AU] 空carry 黄金2412 1手(空)@577.9 / 黄金2502 1手(多)@579.88 价差=-1.98 z=1.15
2024-08-28,False,1,2,-40.0,0.0,115.0,0.0,0.0,0.0,22492.4,0.0,18.75,45.0,1.8749999999999117e-05,22492.4,,,空carry 棕榈油2412 1手(空)@8052 / 棕榈油2501 1手(多)@8014 价差=38,,[P] 空carry 棕榈油2412 1手(空)@8052 / 棕榈油2501 1手(多)@8014 价差=38 z=0.94
2024-08-29,False,1,2,20.0,0.0,-5.0,0.0,254262.8,0.0,0.0,0.0,3.75,45.0,3.7500000000383127e-06,254262.8,空carry 黄金2412 1手(空)@576.94 / 黄金2502 1手(多)@578.8 价差=-1.86,,,,[AU] 空carry 黄金2412 1手(空)@576.94 / 黄金2502 1手(多)@578.8 价差=-1.86 z=2.20
2024-08-30,False,2,4,-240.0,0.0,0.0,35.0,253818.4,0.0,0.0,21817.600000000002,-51.25,5.0,-5.125000000003246e-05,275636.0,空carry 黄金2412 1手(空)@575.9 / 黄金2502 1手(多)@577.82 价差=-1.92,,,多carry 豆油2412 1手(多)@7800 / 豆油2501 1手(空)@7784 价差=16,[AU] 空carry 黄金2412 1手(空)@575.9 / 黄金2502 1手(多)@577.82 价差=-1.92 z=1.38 | [Y] 多carry 豆油2412 1手(多)@7800 / 豆油2501 1手(空)@7784 价差=16 z=-1.21
2024-09-02,False,2,4,-0.0,0.0,0.0,-150.0,253074.8,0.0,0.0,21336.0,-37.5,10.0,-3.750000000000847e-05,274410.8,空carry 黄金2502 1手(空)@574.3 / 黄金2504 1手(多)@576.04 价差=-1.74,,,空carry 豆油2501 1手(空)@7652 / 豆油2503 1手(多)@7588 价差=64,[AU] 空carry 黄金2502 1手(空)@574.3 / 黄金2504 1手(多)@576.04 价差=-1.74 z=2.57 | [Y] 空carry 豆油2501 1手(空)@7652 / 豆油2503 1手(多)@7588 价差=64 z=3.46
2024-09-03,False,2,4,-40.0,0.0,0.0,-100.0,253690.8,0.0,0.0,21725.200000000004,-35.0,0.0,-3.5000000000013475e-05,275416.0,空carry 黄金2502 1手(空)@575.7 / 黄金2504 1手(多)@577.44 价差=-1.74,,,空carry 豆油2501 1手(空)@7798 / 豆油2503 1手(多)@7720 价差=78,[AU] 空carry 黄金2502 1手(空)@575.7 / 黄金2504 1手(多)@577.44 价差=-1.74 z=2.16 | [Y] 空carry 豆油2501 1手(空)@7798 / 豆油2503 1手(多)@7720 价差=78 z=3.12
2024-09-04,False,2,4,-40.0,0.0,0.0,80.0,251922.0,0.0,0.0,21386.4,10.0,0.0,1.000000000001956e-05,273308.4,空carry 黄金2502 1手(空)@571.7 / 黄金2504 1手(多)@573.4 价差=-1.7,,,空carry 豆油2501 1手(空)@7682 / 豆油2503 1手(多)@7594 价差=88,[AU] 空carry 黄金2502 1手(空)@571.7 / 黄金2504 1手(多)@573.4 价差=-1.7 z=1.99 | [Y] 空carry 豆油2501 1手(空)@7682 / 豆油2503 1手(多)@7594 价差=88 z=2.74
2024-09-05,False,2,4,220.0,0.0,0.0,-140.0,253620.40000000002,0.0,0.0,21341.600000000002,20.0,0.0,2.00000000000109e-05,274962.0,空carry 黄金2502 1手(空)@575.58 / 黄金2504 1手(多)@577.24 价差=-1.66,,,空carry 豆油2501 1手(空)@7662 / 豆油2503 1手(多)@7582 价差=80,[AU] 空carry 黄金2502 1手(空)@575.58 / 黄金2504 1手(多)@577.24 价差=-1.66 z=1.98 | [Y] 空carry 豆油2501 1手(空)@7662 / 豆油2503 1手(多)@7582 价差=80 z=1.98
2024-09-06,False,2,4,-40.0,0.0,55.0,20.0,0.0,0.0,22027.600000000002,21439.600000000002,8.75,45.0,8.7499999999956e-06,43467.2,,,空carry 棕榈油2501 1手(空)@7886 / 棕榈油2502 1手(多)@7848 价差=38,空carry 豆油2501 1手(空)@7704 / 豆油2503 1手(多)@7610 价差=94,[P] 空carry 棕榈油2501 1手(空)@7886 / 棕榈油2502 1手(多)@7848 价差=38 z=0.90 | [Y] 空carry 豆油2501 1手(空)@7704 / 豆油2503 1手(多)@7610 价差=94 z=2.11
2024-09-09,False,2,4,340.0,0.0,-5.0,20.0,252397.2,0.0,0.0,21448.0,88.75,45.0,8.874999999999138e-05,273845.2,空carry 黄金2502 1手(空)@572.9 / 黄金2504 1手(多)@574.36 价差=-1.46,,,空carry 豆油2501 1手(空)@7706 / 豆油2503 1手(多)@7614 价差=92,[AU] 空carry 黄金2502 1手(空)@572.9 / 黄金2504 1手(多)@574.36 价差=-1.46 z=2.48 | [Y] 空carry 豆油2501 1手(空)@7706 / 豆油2503 1手(多)@7614 价差=92 z=1.75
2024-09-10,False,3,6,-40.0,313.68,55.0,-80.0,0.0,7581.599999999999,21898.800000000003,21350.000000000004,62.17,51.32,6.217050000000057e-05,50830.4,,多carry 热卷2501 1手(多)@3136 / 热卷2502 1手(空)@3182 价差=-46,空carry 棕榈油2501 1手(空)@7840 / 棕榈油2502 1手(多)@7802 价差=38,空carry 豆油2501 1手(空)@7670 / 豆油2503 1手(多)@7580 价差=90,[HC] 多carry 热卷2501 1手(多)@3136 / 热卷2502 1手(空)@3182 价差=-46 z=-2.75 | [P] 空carry 棕榈油2501 1手(空)@7840 / 棕榈油2502 1手(多)@7802 价差=38 z=0.87 | [Y] 空carry 豆油2501 1手(空)@7670 / 豆油2503 1手(多)@7580 价差=90 z=1.49
2024-09-11,False,3,6,20.0,27.22,-5.0,40.0,255415.6,7668.0,0.0,21445.200000000004,20.55,57.78,2.05549999999755e-05,284528.8,空carry 黄金2502 1手(空)@579.64 / 黄金2504 1手(多)@581.34 价差=-1.7,空carry 热卷2501 1手(空)@3188 / 热卷2502 1手(多)@3202 价差=-14,,空carry 豆油2501 1手(空)@7708 / 豆油2503 1手(多)@7610 价差=98,[AU] 空carry 黄金2502 1手(空)@579.64 / 黄金2504 1手(多)@581.34 价差=-1.7 z=1.13 | [HC] 空carry 热卷2501 1手(空)@3188 / 热卷2502 1手(多)@3202 价差=-14 z=0.93 | [Y] 空carry 豆油2501 1手(空)@7708 / 豆油2503 1手(多)@7610 价差=98 z=1.53
2024-09-12,False,1,2,-40.0,-6.51,0.0,60.0,0.0,0.0,0.0,21316.4,3.37,46.51,3.3735000000006323e-06,21316.4,,,,空carry 豆油2501 1手(空)@7660 / 豆油2503 1手(多)@7566 价差=94,[Y] 空carry 豆油2501 1手(空)@7660 / 豆油2503 1手(多)@7566 价差=94 z=1.27
2024-09-13,False,4,8,140.0,-16.5,-25.0,-60.0,258706.8,7806.0,21691.600000000002,21263.200000000004,9.62,51.5,9.623749999980135e-06,309467.6,空carry 黄金2502 1手(空)@587.18 / 黄金2504 1手(多)@588.76 价差=-1.58,空carry 热卷2501 1手(空)@3245 / 热卷2502 1手(多)@3260 价差=-15,空carry 棕榈油2501 1手(空)@7766 / 棕榈油2502 1手(多)@7728 价差=38,空carry 豆油2501 1手(空)@7638 / 豆油2503 1手(多)@7550 价差=88,[AU] 空carry 黄金2502 1手(空)@587.18 / 黄金2504 1手(多)@588.76 价差=-1.58 z=1.60 | [HC] 空carry 热卷2501 1手(空)@3245 / 热卷2502 1手(多)@3260 价差=-15 z=0.83 | [P] 空carry 棕榈油2501 1手(空)@7766 / 棕榈油2502 1手(多)@7728 价差=38 z=0.83 | [Y] 空carry 豆油2501 1手(空)@7638 / 豆油2503 1手(多)@7550 价差=88 z=0.99
2024-09-18,False,3,6,-40.0,-80.0,-40.0,-220.0,0.0,7687.2,22209.600000000002,21714.0,-95.0,40.0,-9.500000000000213e-05,51610.8,,空carry 热卷2501 1手(空)@3196 / 热卷2502 1手(多)@3210 价差=-14,空carry 棕榈油2501 1手(空)@7952 / 棕榈油2502 1手(多)@7912 价差=40,空carry 豆油2501 1手(空)@7802 / 豆油2503 1手(多)@7708 价差=94,[HC] 空carry 热卷2501 1手(空)@3196 / 热卷2502 1手(多)@3210 价差=-14 z=0.86 | [P] 空carry 棕榈油2501 1手(空)@7952 / 棕榈油2502 1手(多)@7912 价差=40 z=0.88 | [Y] 空carry 豆油2501 1手(空)@7802 / 豆油2503 1手(多)@7708 价差=94 z=1.05
2024-09-19,False,3,6,0.0,100.0,140.0,260.0,0.0,7804.799999999999,22803.200000000004,21862.4,125.0,0.0,0.0001250000000000045,52470.4,,空carry 热卷2501 1手(空)@3249 / 热卷2502 1手(多)@3255 价差=-6,空carry 棕榈油2501 1手(空)@8166 / 棕榈油2502 1手(多)@8122 价差=44,空carry 豆油2501 1手(空)@7866 / 豆油2503 1手(多)@7750 价差=116,[HC] 空carry 热卷2501 1手(空)@3249 / 热卷2502 1手(多)@3255 价差=-6 z=1.60 | [P] 空carry 棕榈油2501 1手(空)@8166 / 棕榈油2502 1手(多)@8122 价差=44 z=1.05 | [Y] 空carry 豆油2501 1手(空)@7866 / 豆油2503 1手(多)@7750 价差=116 z=1.51
2024-09-20,False,1,2,80.0,-6.47,-5.0,-5.0,261012.4,0.0,0.0,0.0,15.88,56.47,1.5881999999967716e-05,261012.4,空carry 黄金2502 1手(空)@592.42 / 黄金2504 1手(多)@594 价差=-1.58,,,,[AU] 空carry 黄金2502 1手(空)@592.42 / 黄金2504 1手(多)@594 价差=-1.58 z=1.46
2024-09-23,False,2,4,100.0,0.0,0.0,-45.0,263036.4,0.0,0.0,21935.200000000004,13.75,5.0,1.375000000000702e-05,284971.6,空carry 黄金2502 1手(空)@596.96 / 黄金2504 1手(多)@598.66 价差=-1.7,,,空carry 豆油2501 1手(空)@7890 / 豆油2503 1手(多)@7778 价差=112,[AU] 空carry 黄金2502 1手(空)@596.96 / 黄金2504 1手(多)@598.66 价差=-1.7 z=0.83 | [Y] 空carry 豆油2501 1手(空)@7890 / 豆油2503 1手(多)@7778 价差=112 z=1.19
2024-09-24,False,2,4,-40.0,303.41,0.0,-0.0,0.0,7910.4,0.0,22170.4,65.85,46.59,6.585199999999877e-05,30080.8,,空carry 热卷2501 1手(空)@3300 / 热卷2502 1手(多)@3292 价差=8,,空carry 豆油2501 1手(空)@7976 / 豆油2503 1手(多)@7860 价差=116,[HC] 空carry 热卷2501 1手(空)@3300 / 热卷2502 1手(多)@3292 价差=8 z=2.54 | [Y] 空carry 豆油2501 1手(空)@7976 / 豆油2503 1手(多)@7860 价差=116 z=1.18
2024-09-25,False,1,2,0.0,-6.64,0.0,-300.0,0.0,0.0,0.0,22282.4,-76.66,6.64,-7.665875000000219e-05,22282.4,,,,空carry 豆油2501 1手(空)@8016 / 豆油2503 1手(多)@7900 价差=116,[Y] 空carry 豆油2501 1手(空)@8016 / 豆油2503 1手(多)@7900 价差=116 z=1.10
2024-09-26,False,2,4,0.0,0.0,95.0,-140.0,0.0,0.0,23738.4,22610.0,-11.25,5.0,-1.124999999999733e-05,46348.4,,,空carry 棕榈油2501 1手(空)@8530 / 棕榈油2502 1手(多)@8426 价差=104,空carry 豆油2501 1手(空)@8148 / 豆油2503 1手(多)@8002 价差=146,[P] 空carry 棕榈油2501 1手(空)@8530 / 棕榈油2502 1手(多)@8426 价差=104 z=4.23 | [Y] 空carry 豆油2501 1手(空)@8148 / 豆油2503 1手(多)@8002 价差=146 z=1.81
2024-09-27,False,3,6,60.0,0.0,0.0,-40.0,264924.0,0.0,23993.200000000004,22573.600000000002,5.0,40.0,5.000000000014197e-06,311490.8,空carry 黄金2502 1手(空)@601.28 / 黄金2504 1手(多)@602.92 价差=-1.64,,空carry 棕榈油2501 1手(空)@8616 / 棕榈油2502 1手(多)@8522 价差=94,空carry 豆油2501 1手(空)@8142 / 豆油2503 1手(多)@7982 价差=160,[AU] 空carry 黄金2502 1手(空)@601.28 / 黄金2504 1手(多)@602.92 价差=-1.64 z=1.20 | [P] 空carry 棕榈油2501 1手(空)@8616 / 棕榈油2502 1手(多)@8522 价差=94 z=3.23 | [Y] 空carry 豆油2501 1手(空)@8142 / 豆油2503 1手(多)@7982 价差=160 z=2.01
2024-09-30,False,2,4,-40.0,0.0,160.0,440.0,0.0,0.0,23858.800000000003,22584.800000000003,140.0,40.0,0.00014000000000000094,46443.6,,,空carry 棕榈油2501 1手(空)@8568 / 棕榈油2502 1手(多)@8474 价差=94,空carry 豆油2501 1手(空)@8148 / 豆油2503 1手(多)@7984 价差=164,[P] 空carry 棕榈油2501 1手(空)@8568 / 棕榈油2502 1手(多)@8474 价差=94 z=2.98 | [Y] 空carry 豆油2501 1手(空)@8148 / 豆油2503 1手(多)@7984 价差=164 z=1.95
2024-10-08,False,2,4,0.0,0.0,520.0,140.0,0.0,0.0,24082.800000000003,22223.600000000002,165.0,0.0,0.00016500000000000073,46306.4,,,空carry 棕榈油2502 1手(空)@8668 / 棕榈油2503 1手(多)@8534 价差=134,空carry 豆油2503 1手(空)@8060 / 豆油2505 1手(多)@7814 价差=246,[P] 空carry 棕榈油2502 1手(空)@8668 / 棕榈油2503 1手(多)@8534 价差=134 z=4.12 | [Y] 空carry 豆油2503 1手(空)@8060 / 豆油2505 1手(多)@7814 价差=246 z=3.27
2024-10-09,False,4,8,40.0,22.81,40.0,140.0,260123.6,8623.2,23948.4,22131.200000000004,60.7,47.19,6.070350000003265e-05,314826.4,空carry 黄金2502 1手(空)@590.38 / 黄金2504 1手(多)@592 价差=-1.62,空carry 热卷2502 1手(空)@3591 / 热卷2503 1手(多)@3595 价差=-4,空carry 棕榈油2502 1手(空)@8594 / 棕榈油2503 1手(多)@8512 价差=82,空carry 豆油2503 1手(空)@8020 / 豆油2505 1手(多)@7788 价差=232,[AU] 空carry 黄金2502 1手(空)@590.38 / 黄金2504 1手(多)@592 价差=-1.62 z=1.00 | [HC] 空carry 热卷2502 1手(空)@3591 / 热卷2503 1手(多)@3595 价差=-4 z=1.23 | [P] 空carry 棕榈油2502 1手(空)@8594 / 棕榈油2503 1手(多)@8512 价差=82 z=1.82 | [Y] 空carry 豆油2503 1手(空)@8020 / 豆油2505 1手(多)@7788 价差=232 z=2.35
2024-10-10,False,3,6,-40.0,150.0,140.0,60.0,0.0,8636.4,24015.600000000002,22279.600000000002,77.5,40.0,7.749999999999873e-05,54931.6,,空carry 热卷2502 1手(空)@3595 / 热卷2503 1手(多)@3602 价差=-7,空carry 棕榈油2502 1手(空)@8616 / 棕榈油2503 1手(多)@8538 价差=78,空carry 豆油2503 1手(空)@8066 / 豆油2505 1手(多)@7848 价差=218,[HC] 空carry 热卷2502 1手(空)@3595 / 热卷2503 1手(多)@3602 价差=-7 z=0.86 | [P] 空carry 棕榈油2502 1手(空)@8616 / 棕榈油2503 1手(多)@8538 价差=78 z=1.57 | [Y] 空carry 豆油2503 1手(空)@8066 / 豆油2505 1手(多)@7848 价差=218 z=1.78
2024-10-11,False,3,6,220.0,-7.22,-120.0,-160.0,263956.0,0.0,24382.4,22405.600000000002,-16.8,47.22,-1.6804500000026612e-05,310744.0,空carry 黄金2502 1手(空)@599.18 / 黄金2504 1手(多)@600.62 价差=-1.44,,空carry 棕榈油2502 1手(空)@8740 / 棕榈油2503 1手(多)@8676 价差=64,空carry 豆油2503 1手(空)@8108 / 豆油2505 1手(多)@7896 价差=212,[AU] 空carry 黄金2502 1手(空)@599.18 / 黄金2504 1手(多)@600.62 价差=-1.44 z=2.22 | [P] 空carry 棕榈油2502 1手(空)@8740 / 棕榈油2503 1手(多)@8676 价差=64 z=0.92 | [Y] 空carry 豆油2503 1手(空)@8108 / 豆油2505 1手(多)@7896 价差=212 z=1.47
2024-10-14,False,3,6,-40.0,-17.31,80.0,180.0,0.0,8768.4,24427.200000000004,22316.0,50.67,47.31,5.0673249999999964e-05,55511.6,,空carry 热卷2502 1手(空)@3653 / 热卷2503 1手(多)@3654 价差=-1,空carry 棕榈油2502 1手(空)@8762 / 棕榈油2503 1手(多)@8686 价差=76,空carry 豆油2503 1手(空)@8084 / 豆油2505 1手(多)@7856 价差=228,[HC] 空carry 热卷2502 1手(空)@3653 / 热卷2503 1手(多)@3654 价差=-1 z=1.31 | [P] 空carry 棕榈油2502 1手(空)@8762 / 棕榈油2503 1手(多)@8686 价差=76 z=1.35 | [Y] 空carry 豆油2503 1手(空)@8084 / 豆油2505 1手(多)@7856 价差=228 z=1.56
2024-10-15,False,4,8,-60.0,-80.0,-100.0,60.0,266684.0,8697.6,24113.600000000002,22072.4,-45.0,40.0,-4.500000000003469e-05,321567.6,空carry 黄金2502 1手(空)@605.3 / 黄金2504 1手(多)@606.9 价差=-1.6,空carry 热卷2502 1手(空)@3624 / 热卷2503 1手(多)@3624 价差=0,空carry 棕榈油2502 1手(空)@8646 / 棕榈油2503 1手(多)@8578 价差=68,空carry 豆油2503 1手(空)@7988 / 豆油2505 1手(多)@7778 价差=210,[AU] 空carry 黄金2502 1手(空)@605.3 / 黄金2504 1手(多)@606.9 价差=-1.6 z=1.03 | [HC] 空carry 热卷2502 1手(空)@3624 / 热卷2503 1手(多)@3624 价差=0 z=1.26 | [P] 空carry 棕榈油2502 1手(空)@8646 / 棕榈油2503 1手(多)@8578 价差=68 z=1.03 | [Y] 空carry 豆油2503 1手(空)@7988 / 豆油2505 1手(多)@7778 价差=210 z=1.12
2024-10-16,False,4,8,140.0,80.0,-40.0,60.0,270384.4,8661.599999999999,24581.200000000004,22349.600000000002,60.0,0.0,6.000000000003293e-05,325976.8,空carry 黄金2502 1手(空)@613.72 / 黄金2504 1手(多)@615.3 价差=-1.58,空carry 热卷2502 1手(空)@3613 / 热卷2503 1手(多)@3605 价差=8,空carry 棕榈油2502 1手(空)@8818 / 棕榈油2503 1手(多)@8740 价差=78,空carry 豆油2503 1手(空)@8084 / 豆油2505 1手(多)@7880 价差=204,[AU] 空carry 黄金2502 1手(空)@613.72 / 黄金2504 1手(多)@615.3 价差=-1.58 z=1.37 | [HC] 空carry 热卷2502 1手(空)@3613 / 热卷2503 1手(多)@3605 价差=8 z=1.70 | [P] 空carry 棕榈油2502 1手(空)@8818 / 棕榈油2503 1手(多)@8740 价差=78 z=1.33 | [Y] 空carry 豆油2503 1手(空)@8084 / 豆油2505 1手(多)@7880 价差=204 z=0.91
2024-10-17,False,2,4,-40.0,-40.0,100.0,-5.0,0.0,8299.199999999999,24486.0,0.0,3.75,45.0,3.750000000001336e-06,32785.2,,空carry 热卷2502 1手(空)@3458 / 热卷2503 1手(多)@3458 价差=0,空carry 棕榈油2502 1手(空)@8786 / 棕榈油2503 1手(多)@8704 价差=82,,[HC] 空carry 热卷2502 1手(空)@3458 / 热卷2503 1手(多)@3458 价差=0 z=1.07 | [P] 空carry 棕榈油2502 1手(空)@8786 / 棕榈油2503 1手(多)@8704 价差=82 z=1.44
2024-10-18,False,3,6,220.0,90.0,220.0,0.0,273495.2,8472.0,24410.4,0.0,132.5,40.0,0.00013249999999999758,306377.6,空carry 黄金2502 1手(空)@620.86 / 黄金2504 1手(多)@622.3 价差=-1.44,空carry 热卷2502 1手(空)@3532 / 热卷2503 1手(多)@3528 价差=4,空carry 棕榈油2502 1手(空)@8754 / 棕榈油2503 1手(多)@8682 价差=72,,[AU] 空carry 黄金2502 1手(空)@620.86 / 黄金2504 1手(多)@622.3 价差=-1.44 z=2.17 | [HC] 空carry 热卷2502 1手(空)@3532 / 热卷2503 1手(多)@3528 价差=4 z=1.32 | [P] 空carry 棕榈油2502 1手(空)@8754 / 棕榈油2503 1手(多)@8682 价差=72 z=1.03
2024-10-21,False,1,2,-40.0,-7.08,-5.0,115.0,0.0,0.0,0.0,22192.800000000003,15.73,57.08,1.5731249999998095e-05,22192.8,,,,空carry 豆油2503 1手(空)@8030 / 豆油2505 1手(多)@7822 价差=208,[Y] 空carry 豆油2503 1手(空)@8030 / 豆油2505 1手(多)@7822 价差=208 z=0.76
2024-10-22,False,1,2,-200.0,0.0,0.0,-5.0,276808.4,0.0,0.0,0.0,-51.25,45.0,-5.124999999999352e-05,276808.4,空carry 黄金2502 1手(空)@628.3 / 黄金2504 1手(多)@629.92 价差=-1.62,,,,[AU] 空carry 黄金2502 1手(空)@628.3 / 黄金2504 1手(多)@629.92 价差=-1.62 z=0.94
2024-10-23,False,1,2,200.0,0.0,0.0,0.0,278339.6,0.0,0.0,0.0,50.0,0.0,4.999999999999318e-05,278339.6,空carry 黄金2502 1手(空)@631.86 / 黄金2504 1手(多)@633.32 价差=-1.46,,,,[AU] 空carry 黄金2502 1手(空)@631.86 / 黄金2504 1手(多)@633.32 价差=-1.46 z=1.82
2024-10-24,False,1,2,-40.0,0.0,-165.0,0.0,0.0,0.0,25552.800000000003,0.0,-51.25,45.0,-5.12499999999979e-05,25552.8,,,空carry 棕榈油2502 1手(空)@9166 / 棕榈油2503 1手(多)@9086 价差=80,,[P] 空carry 棕榈油2502 1手(空)@9166 / 棕榈油2503 1手(多)@9086 价差=80 z=1.11
2024-10-25,False,1,2,0.0,0.0,80.0,0.0,0.0,0.0,25676.0,0.0,20.0,0.0,1.9999999999998806e-05,25676.0,,,空carry 棕榈油2502 1手(空)@9218 / 棕榈油2503 1手(多)@9122 价差=96,,[P] 空carry 棕榈油2502 1手(空)@9218 / 棕榈油2503 1手(多)@9122 价差=96 z=1.65
2024-10-28,False,1,2,0.0,0.0,-180.0,0.0,0.0,0.0,25513.600000000002,0.0,-45.0,0.0,-4.4999999999999244e-05,25513.6,,,空carry 棕榈油2502 1手(空)@9156 / 棕榈油2503 1手(多)@9068 价差=88,,[P] 空carry 棕榈油2502 1手(空)@9156 / 棕榈油2503 1手(多)@9068 价差=88 z=1.33
2024-10-29,False,1,2,0.0,0.0,20.0,0.0,0.0,0.0,25488.4,0.0,5.0,0.0,4.999999999998238e-06,25488.4,,,空carry 棕榈油2502 1手(空)@9156 / 棕榈油2503 1手(多)@9050 价差=106,,[P] 空carry 棕榈油2502 1手(空)@9156 / 棕榈油2503 1手(多)@9050 价差=106 z=1.92
2024-10-30,False,1,2,0.0,0.0,-80.0,0.0,0.0,0.0,25855.200000000004,0.0,-20.0,0.0,-2.0000000000002075e-05,25855.2,,,空carry 棕榈油2502 1手(空)@9286 / 棕榈油2503 1手(多)@9182 价差=104,,[P] 空carry 棕榈油2502 1手(空)@9286 / 棕榈油2503 1手(多)@9182 价差=104 z=1.71
2024-10-31,False,1,2,0.0,0.0,120.0,0.0,0.0,0.0,26107.200000000004,0.0,30.0,0.0,3.0000000000004663e-05,26107.2,,,空carry 棕榈油2502 1手(空)@9380 / 棕榈油2503 1手(多)@9268 价差=112,,[P] 空carry 棕榈油2502 1手(空)@9380 / 棕榈油2503 1手(多)@9268 价差=112 z=1.87
2024-11-01,False,3,6,300.0,0.0,-0.0,175.0,279136.0,0.0,26350.800000000003,23254.0,118.75,45.0,0.00011874999999997333,328740.8,空carry 黄金2504 1手(空)@633.64 / 黄金2506 1手(多)@635.16 价差=-1.52,,空carry 棕榈油2503 1手(空)@9468 / 棕榈油2504 1手(多)@9354 价差=114,多carry 豆油2503 1手(多)@8378 / 豆油2505 1手(空)@8232 价差=146,[AU] 空carry 黄金2504 1手(空)@633.64 / 黄金2506 1手(多)@635.16 价差=-1.52 z=1.40 | [P] 空carry 棕榈油2503 1手(空)@9468 / 棕榈油2504 1手(多)@9354 价差=114 z=1.82 | [Y] 多carry 豆油2503 1手(多)@8378 / 豆油2505 1手(空)@8232 价差=146 z=-2.28
2024-11-04,False,3,6,40.0,0.0,0.0,120.0,277257.2,0.0,26412.4,23441.600000000002,40.0,80.0,3.9999999999964116e-05,327111.2,多carry 黄金2504 1手(多)@629.2 / 黄金2506 1手(空)@631.06 价差=-1.86,,空carry 棕榈油2503 1手(空)@9490 / 棕榈油2504 1手(多)@9376 价差=114,多carry 豆油2503 1手(多)@8454 / 豆油2505 1手(空)@8290 价差=164,[AU] 多carry 黄金2504 1手(多)@629.2 / 黄金2506 1手(空)@631.06 价差=-1.86 z=-1.46 | [P] 空carry 棕榈油2503 1手(空)@9490 / 棕榈油2504 1手(多)@9376 价差=114 z=1.76 | [Y] 多carry 豆油2503 1手(多)@8454 / 豆油2505 1手(空)@8290 价差=164 z=-1.50
2024-11-05,False,3,6,-40.0,72.75,-100.0,80.0,0.0,8706.0,26138.0,23251.200000000004,3.19,47.26,3.1862500000031986e-06,58095.2,,多carry 热卷2503 1手(多)@3616 / 热卷2504 1手(空)@3639 价差=-23,空carry 棕榈油2503 1手(空)@9392 / 棕榈油2504 1手(多)@9278 价差=114,多carry 豆油2503 1手(多)@8392 / 豆油2505 1手(空)@8216 价差=176,[HC] 多carry 热卷2503 1手(多)@3616 / 热卷2504 1手(空)@3639 价差=-23 z=-2.03 | [P] 空carry 棕榈油2503 1手(空)@9392 / 棕榈油2504 1手(多)@9278 价差=114 z=1.72 | [Y] 多carry 豆油2503 1手(多)@8392 / 豆油2505 1手(空)@8216 价差=176 z=-0.93
2024-11-06,False,3,6,-0.0,220.0,-420.0,-5.0,276614.80000000005,8622.0,26297.600000000002,0.0,-51.25,45.0,-5.125000000001883e-05,311534.4,多carry 黄金2504 1手(多)@627.78 / 黄金2506 1手(空)@629.56 价差=-1.78,多carry 热卷2503 1手(多)@3585 / 热卷2504 1手(空)@3600 价差=-15,空carry 棕榈油2503 1手(空)@9454 / 棕榈油2504 1手(多)@9330 价差=124,,[AU] 多carry 黄金2504 1手(多)@627.78 / 黄金2506 1手(空)@629.56 价差=-1.78 z=-0.91 | [HC] 多carry 热卷2503 1手(多)@3585 / 热卷2504 1手(空)@3600 价差=-15 z=-0.92 | [P] 空carry 棕榈油2503 1手(空)@9454 / 棕榈油2504 1手(多)@9330 价差=124 z=1.93
2024-11-07,False,3,6,220.0,165.55,100.0,0.0,271097.2,8672.4,26625.200000000004,0.0,121.39,14.45,0.00012138650000001117,306394.8,多carry 黄金2504 1手(多)@615.26 / 黄金2506 1手(空)@617 价差=-1.74,空carry 热卷2503 1手(空)@3617 / 热卷2504 1手(多)@3610 价差=7,空carry 棕榈油2503 1手(空)@9592 / 棕榈油2504 1手(多)@9426 价差=166,,[AU] 多carry 黄金2504 1手(多)@615.26 / 黄金2506 1手(空)@617 价差=-1.74 z=-0.90 | [HC] 空carry 热卷2503 1手(空)@3617 / 热卷2504 1手(多)@3610 价差=7 z=1.64 | [P] 空carry 棕榈油2503 1手(空)@9592 / 棕榈油2504 1手(多)@9426 价差=166 z=2.93
2024-11-08,False,3,6,100.0,-7.15,-160.0,-65.0,272932.0,0.0,27070.4,23898.000000000004,-33.04,92.15,-3.3037750000009535e-05,323900.4,空carry 黄金2504 1手(空)@619.54 / 黄金2506 1手(多)@621.06 价差=-1.52,,空carry 棕榈油2503 1手(空)@9746 / 棕榈油2504 1手(多)@9590 价差=156,多carry 豆油2503 1手(多)@8620 / 豆油2505 1手(空)@8450 价差=170,[AU] 空carry 黄金2504 1手(空)@619.54 / 黄金2506 1手(多)@621.06 价差=-1.52 z=1.17 | [P] 空carry 棕榈油2503 1手(空)@9746 / 棕榈油2504 1手(多)@9590 价差=156 z=2.38 | [Y] 多carry 豆油2503 1手(多)@8620 / 豆油2505 1手(空)@8450 价差=170 z=-1.09
2024-11-11,False,2,4,-40.0,0.0,-80.0,-160.0,0.0,0.0,27400.800000000003,23984.800000000003,-70.0,40.0,-7.00000000000023e-05,51385.6,,,空carry 棕榈油2503 1手(空)@9872 / 棕榈油2504 1手(多)@9700 价差=172,多carry 豆油2503 1手(多)@8648 / 豆油2505 1手(空)@8484 价差=164,[P] 空carry 棕榈油2503 1手(空)@9872 / 棕榈油2504 1手(多)@9700 价差=172 z=2.56 | [Y] 多carry 豆油2503 1手(多)@8648 / 豆油2505 1手(空)@8484 价差=164 z=-1.34
2024-11-12,False,4,8,-20.0,102.9,-40.0,260.0,268686.0,8518.8,27148.800000000003,23654.4,75.73,47.1,7.572524999996703e-05,328008.0,多carry 黄金2504 1手(多)@609.74 / 黄金2506 1手(空)@611.56 价差=-1.82,多carry 热卷2503 1手(多)@3540 / 热卷2504 1手(空)@3559 价差=-19,空carry 棕榈油2503 1手(空)@9786 / 棕榈油2504 1手(多)@9606 价差=180,多carry 豆油2503 1手(多)@8522 / 豆油2505 1手(空)@8374 价差=148,[AU] 多carry 黄金2504 1手(多)@609.74 / 黄金2506 1手(空)@611.56 价差=-1.82 z=-1.59 | [HC] 多carry 热卷2503 1手(多)@3540 / 热卷2504 1手(空)@3559 价差=-19 z=-1.39 | [P] 空carry 棕榈油2503 1手(空)@9786 / 棕榈油2504 1手(多)@9606 价差=180 z=2.60 | [Y] 多carry 豆油2503 1手(多)@8522 / 豆油2505 1手(空)@8374 价差=148 z=-1.97
2024-11-13,False,2,4,-60.0,-7.1,-260.0,-5.0,268197.6,0.0,26028.800000000003,0.0,-83.02,12.1,-8.302399999998119e-05,294226.4,多carry 黄金2504 1手(多)@608.64 / 黄金2506 1手(空)@610.44 价差=-1.8,,空carry 棕榈油2503 1手(空)@9388 / 棕榈油2504 1手(多)@9204 价差=184,,[AU] 多carry 黄金2504 1手(多)@608.64 / 黄金2506 1手(空)@610.44 价差=-1.8 z=-1.29 | [P] 空carry 棕榈油2503 1手(空)@9388 / 棕榈油2504 1手(多)@9204 价差=184 z=2.67
2024-11-14,False,3,6,120.0,22.95,420.0,0.0,263115.6,8460.0,26216.4,0.0,140.74,7.05,0.0001407375000000026,297792.0,多carry 黄金2504 1手(多)@597.06 / 黄金2506 1手(空)@598.92 价差=-1.86,多carry 热卷2503 1手(多)@3517 / 热卷2504 1手(空)@3533 价差=-16,空carry 棕榈油2503 1手(空)@9468 / 棕榈油2504 1手(多)@9258 价差=210,,[AU] 多carry 黄金2504 1手(多)@597.06 / 黄金2506 1手(空)@598.92 价差=-1.86 z=-1.82 | [HC] 多carry 热卷2503 1手(多)@3517 / 热卷2504 1手(空)@3533 价差=-16 z=-0.94 | [P] 空carry 棕榈油2503 1手(空)@9468 / 棕榈油2504 1手(多)@9258 价差=210 z=2.96
2024-11-15,False,3,6,140.0,-6.93,120.0,-105.0,263221.2,0.0,26684.000000000004,22554.0,37.02,11.93,3.7018249999981325e-05,312459.2,多carry 黄金2504 1手(多)@597.36 / 黄金2506 1手(空)@599.1 价差=-1.74,,空carry 棕榈油2503 1手(空)@9614 / 棕榈油2504 1手(多)@9446 价差=168,多carry 豆油2503 1手(多)@8128 / 豆油2505 1手(空)@7982 价差=146,[AU] 多carry 黄金2504 1手(多)@597.36 / 黄金2506 1手(空)@599.1 价差=-1.74 z=-0.83 | [P] 空carry 棕榈油2503 1手(空)@9614 / 棕榈油2504 1手(多)@9446 价差=168 z=1.87 | [Y] 多carry 豆油2503 1手(多)@8128 / 豆油2505 1手(空)@7982 价差=146 z=-1.77
2024-11-18,False,2,4,-40.0,0.0,-280.0,40.0,0.0,0.0,26404.0,22220.800000000003,-70.0,40.0,-7.000000000000296e-05,48624.8,,,空carry 棕榈油2503 1手(空)@9508 / 棕榈油2504 1手(多)@9352 价差=156,多carry 豆油2503 1手(多)@8004 / 豆油2505 1手(空)@7868 价差=136,[P] 空carry 棕榈油2503 1手(空)@9508 / 棕榈油2504 1手(多)@9352 价差=156 z=1.58 | [Y] 多carry 豆油2503 1手(多)@8004 / 豆油2505 1手(空)@7868 价差=136 z=-1.99
2024-11-19,False,2,4,0.0,0.0,80.0,300.0,0.0,0.0,26700.800000000003,22556.800000000003,95.0,0.0,9.500000000000018e-05,49257.6,,,空carry 棕榈油2503 1手(空)@9628 / 棕榈油2504 1手(多)@9444 价差=184,多carry 豆油2503 1手(多)@8126 / 豆油2505 1手(空)@7986 价差=140,[P] 空carry 棕榈油2503 1手(空)@9628 / 棕榈油2504 1手(多)@9444 价差=184 z=2.01 | [Y] 多carry 豆油2503 1手(多)@8126 / 豆油2505 1手(空)@7986 价差=140 z=-1.58
2024-11-20,False,1,2,0.0,0.0,120.0,-5.0,0.0,0.0,26516.0,0.0,28.75,5.0,2.8749999999998862e-05,26516.0,,,空carry 棕榈油2503 1手(空)@9558 / 棕榈油2504 1手(多)@9382 价差=176,,[P] 空carry 棕榈油2503 1手(空)@9558 / 棕榈油2504 1手(多)@9382 价差=176 z=1.79
2024-11-21,False,1,2,0.0,0.0,80.0,0.0,0.0,0.0,25418.4,0.0,20.0,0.0,2.000000000000138e-05,25418.4,,,空carry 棕榈油2503 1手(空)@9160 / 棕榈油2504 1手(多)@8996 价差=164,,[P] 空carry 棕榈油2503 1手(空)@9160 / 棕榈油2504 1手(多)@8996 价差=164 z=1.62
2024-11-22,False,3,6,220.0,0.0,-80.0,-225.0,277534.4,0.0,25384.800000000003,21968.800000000003,-21.25,45.0,-2.1249999999978145e-05,324888.0,空carry 黄金2504 1手(空)@629.98 / 黄金2506 1手(多)@631.54 价差=-1.56,,空carry 棕榈油2503 1手(空)@9144 / 棕榈油2504 1手(多)@8988 价差=156,多carry 豆油2503 1手(多)@7918 / 豆油2505 1手(空)@7774 价差=144,[AU] 空carry 黄金2504 1手(空)@629.98 / 黄金2506 1手(多)@631.54 价差=-1.56 z=1.58 | [P] 空carry 棕榈油2503 1手(空)@9144 / 棕榈油2504 1手(多)@8988 价差=156 z=1.41 | [Y] 多carry 豆油2503 1手(多)@7918 / 豆油2505 1手(空)@7774 价差=144 z=-1.19
2024-11-25,False,4,8,20.0,73.0,-120.0,280.0,273649.19999999995,8403.599999999999,25844.0,22206.800000000003,63.25,87.0,6.324925000003308e-05,330103.6,多carry 黄金2504 1手(多)@621.02 / 黄金2506 1手(空)@622.84 价差=-1.82,空carry 热卷2503 1手(空)@3502 / 热卷2504 1手(多)@3501 价差=1,空carry 棕榈油2503 1手(空)@9312 / 棕榈油2504 1手(多)@9148 价差=164,多carry 豆油2503 1手(多)@7992 / 豆油2505 1手(空)@7870 价差=122,[AU] 多carry 黄金2504 1手(多)@621.02 / 黄金2506 1手(空)@622.84 价差=-1.82 z=-0.85 | [HC] 空carry 热卷2503 1手(空)@3502 / 热卷2504 1手(多)@3501 价差=1 z=1.65 | [P] 空carry 棕榈油2503 1手(空)@9312 / 棕榈油2504 1手(多)@9148 价差=164 z=1.46 | [Y] 多carry 豆油2503 1手(多)@7992 / 豆油2505 1手(空)@7870 价差=122 z=-1.93
2024-11-26,False,1,2,-40.0,-7.03,-100.0,-5.0,0.0,0.0,26062.4,0.0,-38.01,52.03,-3.80067499999971e-05,26062.4,,,空carry 棕榈油2503 1手(空)@9396 / 棕榈油2504 1手(多)@9220 价差=176,,[P] 空carry 棕榈油2503 1手(空)@9396 / 棕榈油2504 1手(多)@9220 价差=176 z=1.59
2024-11-27,False,3,6,20.0,0.0,-40.0,-5.0,272443.6,0.0,26490.800000000003,22439.200000000004,-6.25,45.0,-6.250000000012207e-06,321373.6,多carry 黄金2504 1手(多)@618.24 / 黄金2506 1手(空)@620.14 价差=-1.9,,空carry 棕榈油2503 1手(空)@9554 / 棕榈油2504 1手(多)@9368 价差=186,多carry 豆油2503 1手(多)@8076 / 豆油2505 1手(空)@7952 价差=124,[AU] 多carry 黄金2504 1手(多)@618.24 / 黄金2506 1手(空)@620.14 价差=-1.9 z=-1.45 | [P] 空carry 棕榈油2503 1手(空)@9554 / 棕榈油2504 1手(多)@9368 价差=186 z=1.66 | [Y] 多carry 豆油2503 1手(多)@8076 / 豆油2505 1手(空)@7952 价差=124 z=-1.60
2024-11-28,False,3,6,-20.0,0.0,-340.0,-180.0,271013.6,0.0,26507.600000000002,22327.200000000004,-135.0,0.0,-0.0001349999999999772,319848.4,多carry 黄金2504 1手(多)@615.02 / 黄金2506 1手(空)@616.86 价差=-1.84,,空carry 棕榈油2503 1手(空)@9562 / 棕榈油2504 1手(多)@9372 价差=190,多carry 豆油2503 1手(多)@8036 / 豆油2505 1手(空)@7912 价差=124,[AU] 多carry 黄金2504 1手(多)@615.02 / 黄金2506 1手(空)@616.86 价差=-1.84 z=-0.94 | [P] 空carry 棕榈油2503 1手(空)@9562 / 棕榈油2504 1手(多)@9372 价差=190 z=1.66 | [Y] 多carry 豆油2503 1手(多)@8036 / 豆油2505 1手(空)@7912 价差=124 z=-1.46
2024-11-29,False,4,8,-0.0,-27.03,-480.0,200.0,273429.2,8436.0,27199.200000000004,22750.0,-76.76,7.03,-7.67575000000032e-05,331814.4,多carry 黄金2504 1手(多)@620.5 / 黄金2506 1手(空)@622.36 价差=-1.86,空carry 热卷2503 1手(空)@3513 / 热卷2504 1手(多)@3517 价差=-4,空carry 棕榈油2503 1手(空)@9826 / 棕榈油2504 1手(多)@9602 价差=224,多carry 豆油2503 1手(多)@8178 / 豆油2505 1手(空)@8072 价差=106,[AU] 多carry 黄金2504 1手(多)@620.5 / 黄金2506 1手(空)@622.36 价差=-1.86 z=-0.91 | [HC] 空carry 热卷2503 1手(空)@3513 / 热卷2504 1手(多)@3517 价差=-4 z=0.76 | [P] 空carry 棕榈油2503 1手(空)@9826 / 棕榈油2504 1手(多)@9602 价差=224 z=2.05 | [Y] 多carry 豆油2503 1手(多)@8178 / 豆油2505 1手(空)@8072 价差=106 z=-1.95
2024-12-02,False,2,4,-40.0,-7.11,-360.0,-5.0,271070.8,0.0,26356.4,0.0,-103.03,12.11,-0.00010302724999998545,297427.2,多carry 黄金2504 1手(多)@615.14 / 黄金2506 1手(空)@617 价差=-1.86,,空carry 棕榈油2504 1手(空)@9546 / 棕榈油2505 1手(多)@9280 价差=266,,[AU] 多carry 黄金2504 1手(多)@615.14 / 黄金2506 1手(空)@617 价差=-1.86 z=-1.02 | [P] 空carry 棕榈油2504 1手(空)@9546 / 棕榈油2505 1手(多)@9280 价差=266 z=2.70
2024-12-03,False,2,4,160.0,0.0,80.0,0.0,273666.8,0.0,26798.800000000003,0.0,60.0,0.0,5.999999999999963e-05,300465.6,多carry 黄金2504 1手(多)@621.02 / 黄金2506 1手(空)@622.92 价差=-1.9,,空carry 棕榈油2504 1手(空)@9722 / 棕榈油2505 1手(多)@9420 价差=302,,[AU] 多carry 黄金2504 1手(多)@621.02 / 黄金2506 1手(空)@622.92 价差=-1.9 z=-1.10 | [P] 空carry 棕榈油2504 1手(空)@9722 / 棕榈油2505 1手(多)@9420 价差=302 z=2.94
2024-12-04,False,2,4,-40.0,0.0,280.0,35.0,0.0,0.0,26882.800000000003,21943.600000000002,68.75,45.0,6.87500000000001e-05,48826.4,,,空carry 棕榈油2504 1手(空)@9748 / 棕榈油2505 1手(多)@9454 价差=294,多carry 豆油2505 1手(多)@7900 / 豆油2507 1手(空)@7774 价差=126,[P] 空carry 棕榈油2504 1手(空)@9748 / 棕榈油2505 1手(多)@9454 价差=294 z=2.60 | [Y] 多carry 豆油2505 1手(多)@7900 / 豆油2507 1手(空)@7774 价差=126 z=-0.95
2024-12-05,False,3,6,-140.0,-36.99,520.0,-5.0,273226.8,8390.4,26972.4,0.0,84.5,51.99,8.45020000000338e-05,308589.6,空carry 黄金2504 1手(空)@620.14 / 黄金2506 1手(多)@621.8 价差=-1.66,空carry 热卷2504 1手(空)@3497 / 热卷2505 1手(多)@3495 价差=2,空carry 棕榈油2504 1手(空)@9766 / 棕榈油2505 1手(多)@9500 价差=266,,[AU] 空carry 黄金2504 1手(空)@620.14 / 黄金2506 1手(多)@621.8 价差=-1.66 z=0.86 | [HC] 空carry 热卷2504 1手(空)@3497 / 热卷2505 1手(多)@3495 价差=2 z=2.00 | [P] 空carry 棕榈油2504 1手(空)@9766 / 棕榈油2505 1手(多)@9500 价差=266 z=2.08
2024-12-06,False,4,8,-120.0,-10.0,-280.0,-125.0,271893.6,8350.8,27179.600000000006,21952.0,-133.75,5.0,-0.00013375000000004236,329376.0,空carry 黄金2504 1手(空)@617.16 / 黄金2506 1手(多)@618.72 价差=-1.56,空carry 热卷2504 1手(空)@3482 / 热卷2505 1手(多)@3477 价差=5,空carry 棕榈油2504 1手(空)@9814 / 棕榈油2505 1手(多)@9600 价差=214,多carry 豆油2505 1手(多)@7896 / 豆油2507 1手(空)@7784 价差=112,[AU] 空carry 黄金2504 1手(空)@617.16 / 黄金2506 1手(多)@618.72 价差=-1.56 z=1.72 | [HC] 空carry 热卷2504 1手(空)@3482 / 热卷2505 1手(多)@3477 价差=5 z=2.13 | [P] 空carry 棕榈油2504 1手(空)@9814 / 棕榈油2505 1手(多)@9600 价差=214 z=1.28 | [Y] 多carry 豆油2505 1手(多)@7896 / 豆油2507 1手(空)@7784 价差=112 z=-1.41
2024-12-09,False,4,8,-60.0,90.0,-120.0,60.0,273310.4,8373.599999999999,27056.4,21795.2,-7.5,0.0,-7.49999999998748e-06,330535.6,空carry 黄金2504 1手(空)@620.44 / 黄金2506 1手(多)@621.88 价差=-1.44,空carry 热卷2504 1手(空)@3492 / 热卷2505 1手(多)@3486 价差=6,空carry 棕榈油2504 1手(空)@9784 / 棕榈油2505 1手(多)@9542 价差=242,多carry 豆油2505 1手(多)@7834 / 豆油2507 1手(空)@7734 价差=100,[AU] 空carry 黄金2504 1手(空)@620.44 / 黄金2506 1手(多)@621.88 价差=-1.44 z=2.31 | [HC] 空carry 热卷2504 1手(空)@3492 / 热卷2505 1手(多)@3486 价差=6 z=1.94 | [P] 空carry 棕榈油2504 1手(空)@9784 / 棕榈油2505 1手(多)@9542 价差=242 z=1.62 | [Y] 多carry 豆油2505 1手(多)@7834 / 豆油2507 1手(空)@7734 价差=100 z=-1.71
2024-12-10,False,3,6,60.0,-7.1,240.0,280.0,274362.0,0.0,26373.200000000004,21893.200000000004,143.23,7.1,0.00014322624999999742,322628.4,空carry 黄金2504 1手(空)@622.86 / 黄金2506 1手(多)@624.24 价差=-1.38,,空carry 棕榈油2504 1手(空)@9546 / 棕榈油2505 1手(多)@9292 价差=254,多carry 豆油2505 1手(多)@7872 / 豆油2507 1手(空)@7766 价差=106,[AU] 空carry 黄金2504 1手(空)@622.86 / 黄金2506 1手(多)@624.24 价差=-1.38 z=2.25 | [P] 空carry 棕榈油2504 1手(空)@9546 / 棕榈油2505 1手(多)@9292 价差=254 z=1.80 | [Y] 多carry 豆油2505 1手(多)@7872 / 豆油2507 1手(空)@7766 价差=106 z=-1.30
2024-12-11,False,2,4,20.0,0.0,100.0,-5.0,276795.2,0.0,26507.600000000002,0.0,28.75,5.0,2.8750000000042176e-05,303302.8,空carry 黄金2504 1手(空)@628.36 / 黄金2506 1手(多)@629.8 价差=-1.44,,空carry 棕榈油2504 1手(空)@9582 / 棕榈油2505 1手(多)@9352 价差=230,,[AU] 空carry 黄金2504 1手(空)@628.36 / 黄金2506 1手(多)@629.8 价差=-1.44 z=1.69 | [P] 空carry 棕榈油2504 1手(空)@9582 / 棕榈油2505 1手(多)@9352 价差=230 z=1.40
2024-12-12,False,2,4,-140.0,0.0,-80.0,0.0,278753.2,0.0,26112.800000000003,0.0,-55.0,0.0,-5.499999999999096e-05,304866.0,空carry 黄金2504 1手(空)@632.8 / 黄金2506 1手(多)@634.26 价差=-1.46,,空carry 棕榈油2504 1手(空)@9436 / 棕榈油2505 1手(多)@9216 价差=220,,[AU] 空carry 黄金2504 1手(空)@632.8 / 黄金2506 1手(多)@634.26 价差=-1.46 z=1.47 | [P] 空carry 棕榈油2504 1手(空)@9436 / 棕榈油2505 1手(多)@9216 价差=220 z=1.26
2024-12-13,False,3,6,200.0,0.0,-40.0,75.0,276232.0,0.0,26264.0,21985.600000000002,58.75,5.0,5.8749999999974364e-05,324481.6,空carry 黄金2504 1手(空)@627.14 / 黄金2506 1手(多)@628.46 价差=-1.32,,空carry 棕榈油2504 1手(空)@9494 / 棕榈油2505 1手(多)@9266 价差=228,多carry 豆油2505 1手(多)@7910 / 豆油2507 1手(空)@7794 价差=116,[AU] 空carry 黄金2504 1手(空)@627.14 / 黄金2506 1手(多)@628.46 价差=-1.32 z=1.87 | [P] 空carry 棕榈油2504 1手(空)@9494 / 棕榈油2505 1手(多)@9266 价差=228 z=1.31 | [Y] 多carry 豆油2505 1手(多)@7910 / 豆油2507 1手(空)@7794 价差=116 z=-0.78
2024-12-16,False,2,4,-40.0,-46.99,280.0,-5.0,0.0,8389.199999999999,26426.4,0.0,47.0,51.99,4.7002250000001076e-05,34815.6,,空carry 热卷2504 1手(空)@3498 / 热卷2505 1手(多)@3493 价差=5,空carry 棕榈油2504 1手(空)@9554 / 棕榈油2505 1手(多)@9322 价差=232,,[HC] 空carry 热卷2504 1手(空)@3498 / 热卷2505 1手(多)@3493 价差=5 z=1.68 | [P] 空carry 棕榈油2504 1手(空)@9554 / 棕榈油2505 1手(多)@9322 价差=232 z=1.30
2024-12-17,False,3,6,-220.0,-320.0,-280.0,0.0,273420.4,8394.0,26051.200000000004,0.0,-205.0,40.0,-0.00020500000000000192,307865.6,空carry 黄金2504 1手(空)@620.68 / 黄金2506 1手(多)@622.14 价差=-1.46,空carry 热卷2504 1手(空)@3502 / 热卷2505 1手(多)@3493 价差=9,空carry 棕榈油2504 1手(空)@9406 / 棕榈油2505 1手(多)@9202 价差=204,,[AU] 空carry 黄金2504 1手(空)@620.68 / 黄金2506 1手(多)@622.14 价差=-1.46 z=0.92 | [HC] 空carry 热卷2504 1手(空)@3502 / 热卷2505 1手(多)@3493 价差=9 z=2.06 | [P] 空carry 棕榈油2504 1手(空)@9406 / 棕榈油2505 1手(多)@9202 价差=204 z=0.92
2024-12-18,False,4,8,-0.0,380.0,300.0,-125.0,273169.6,8329.2,25536.0,21128.800000000003,138.75,5.0,0.00013874999999999714,328163.6,空carry 黄金2504 1手(空)@620.2 / 黄金2506 1手(多)@621.48 价差=-1.28,空carry 热卷2504 1手(空)@3491 / 热卷2505 1手(多)@3450 价差=41,空carry 棕榈油2504 1手(空)@9236 / 棕榈油2505 1手(多)@9004 价差=232,多carry 豆油2505 1手(多)@7590 / 豆油2507 1手(空)@7502 价差=88,[AU] 空carry 黄金2504 1手(空)@620.2 / 黄金2506 1手(多)@621.48 价差=-1.28 z=1.61 | [HC] 空carry 热卷2504 1手(空)@3491 / 热卷2505 1手(多)@3450 价差=41 z=3.67 | [P] 空carry 棕榈油2504 1手(空)@9236 / 棕榈油2505 1手(多)@9004 价差=232 z=1.35 | [Y] 多carry 豆油2505 1手(多)@7590 / 豆油2507 1手(空)@7502 价差=88 z=-2.09
2024-12-19,False,3,6,180.0,-6.84,-20.0,-120.0,270872.80000000005,0.0,24743.600000000002,20720.0,8.29,6.84,8.289749999974944e-06,316336.4,空carry 黄金2504 1手(空)@614.98 / 黄金2506 1手(多)@616.26 价差=-1.28,,空carry 棕榈油2504 1手(空)@8938 / 棕榈油2505 1手(多)@8736 价差=202,多carry 豆油2505 1手(多)@7438 / 豆油2507 1手(空)@7362 价差=76,[AU] 空carry 黄金2504 1手(空)@614.98 / 黄金2506 1手(多)@616.26 价差=-1.28 z=1.39 | [P] 空carry 棕榈油2504 1手(空)@8938 / 棕榈油2505 1手(多)@8736 价差=202 z=0.97 | [Y] 多carry 豆油2505 1手(多)@7438 / 豆油2507 1手(空)@7362 价差=76 z=-2.36
2024-12-20,False,3,6,-40.0,93.17,-280.0,0.0,0.0,8198.4,24785.600000000002,21106.4,-56.71,46.83,-5.6707999999995e-05,54090.4,,空carry 热卷2504 1手(空)@3422 / 热卷2505 1手(多)@3410 价差=12,空carry 棕榈油2504 1手(空)@8954 / 棕榈油2505 1手(多)@8750 价差=204,多carry 豆油2505 1手(多)@7570 / 豆油2507 1手(空)@7506 价差=64,[HC] 空carry 热卷2504 1手(空)@3422 / 热卷2505 1手(多)@3410 价差=12 z=0.97 | [P] 空carry 棕榈油2504 1手(空)@8954 / 棕榈油2505 1手(多)@8750 价差=204 z=0.96 | [Y] 多carry 豆油2505 1手(多)@7570 / 豆油2507 1手(空)@7506 价差=64 z=-2.40
2024-12-23,False,3,6,-160.0,-6.84,-160.0,180.0,273776.8,0.0,24998.4,21128.800000000003,-36.71,46.84,-3.6709500000002424e-05,319904.0,空carry 黄金2504 1手(空)@621.54 / 黄金2506 1手(多)@622.9 价差=-1.36,,空carry 棕榈油2504 1手(空)@9044 / 棕榈油2505 1手(多)@8812 价差=232,多carry 豆油2505 1手(多)@7578 / 豆油2507 1手(空)@7514 价差=64,[AU] 空carry 黄金2504 1手(空)@621.54 / 黄金2506 1手(多)@622.9 价差=-1.36 z=0.97 | [P] 空carry 棕榈油2504 1手(空)@9044 / 棕榈油2505 1手(多)@8812 价差=232 z=1.33 | [Y] 多carry 豆油2505 1手(多)@7578 / 豆油2507 1手(空)@7514 价差=64 z=-2.01
2024-12-24,False,4,8,-40.0,173.16,200.0,80.0,272615.2,8203.2,25048.800000000003,21260.4,103.29,6.84,0.00010329100000002275,327127.6,空carry 黄金2504 1手(空)@618.96 / 黄金2506 1手(多)@620.2 价差=-1.24,多carry 热卷2504 1手(多)@3405 / 热卷2505 1手(空)@3431 价差=-26,空carry 棕榈油2504 1手(空)@9070 / 棕榈油2505 1手(多)@8822 价差=248,多carry 豆油2505 1手(多)@7634 / 豆油2507 1手(空)@7552 价差=82,[AU] 空carry 黄金2504 1手(空)@618.96 / 黄金2506 1手(多)@620.2 价差=-1.24 z=1.32 | [HC] 多carry 热卷2504 1手(多)@3405 / 热卷2505 1手(空)@3431 价差=-26 z=-2.07 | [P] 空carry 棕榈油2504 1手(空)@9070 / 棕榈油2505 1手(多)@8822 价差=248 z=1.53 | [Y] 多carry 豆油2505 1手(多)@7634 / 豆油2507 1手(空)@7552 价差=82 z=-1.17
2024-12-25,False,3,6,20.0,-6.84,-180.0,-0.0,273196.0,0.0,24696.0,21355.600000000002,-41.71,6.84,-4.171049999997552e-05,319247.6,空carry 黄金2504 1手(空)@620.3 / 黄金2506 1手(多)@621.5 价差=-1.2,,空carry 棕榈油2504 1手(空)@8934 / 棕榈油2505 1手(多)@8706 价差=228,多carry 豆油2505 1手(多)@7672 / 豆油2507 1手(空)@7582 价差=90,[AU] 空carry 黄金2504 1手(空)@620.3 / 黄金2506 1手(多)@621.5 价差=-1.2 z=1.38 | [P] 空carry 棕榈油2504 1手(空)@8934 / 棕榈油2505 1手(多)@8706 价差=228 z=1.23 | [Y] 多carry 豆油2505 1手(多)@7672 / 豆油2507 1手(空)@7582 价差=90 z=-0.76
2024-12-26,False,2,4,-40.0,0.0,-20.0,-5.0,273561.19999999995,0.0,24816.4,0.0,-16.25,5.0,-1.6249999999991586e-05,298377.6,空carry 黄金2504 1手(空)@621.12 / 黄金2506 1手(多)@622.34 价差=-1.22,,空carry 棕榈油2504 1手(空)@8986 / 棕榈油2505 1手(多)@8740 价差=246,,[AU] 空carry 黄金2504 1手(空)@621.12 / 黄金2506 1手(多)@622.34 价差=-1.22 z=1.19 | [P] 空carry 棕榈油2504 1手(空)@8986 / 棕榈油2505 1手(多)@8740 价差=246 z=1.44
2024-12-27,False,2,4,360.0,0.0,-20.0,0.0,273886.80000000005,0.0,24948.0,0.0,85.0,0.0,8.500000000000526e-05,298834.8,空carry 黄金2504 1手(空)@621.88 / 黄金2506 1手(多)@623.06 价差=-1.18,,空carry 棕榈油2504 1手(空)@9034 / 棕榈油2505 1手(多)@8786 价差=248,,[AU] 空carry 黄金2504 1手(空)@621.88 / 黄金2506 1手(多)@623.06 价差=-1.18 z=1.27 | [P] 空carry 棕榈油2504 1手(空)@9034 / 棕榈油2505 1手(多)@8786 价差=248 z=1.40
2024-12-30,False,1,2,-40.0,0.0,-320.0,0.0,0.0,0.0,24833.2,0.0,-90.0,40.0,-8.999999999999904e-05,24833.2,,,空carry 棕榈油2504 1手(空)@8994 / 棕榈油2505 1手(多)@8744 价差=250,,[P] 空carry 棕榈油2504 1手(空)@8994 / 棕榈油2505 1手(多)@8744 价差=250 z=1.40
2024-12-31,False,2,4,0.0,23.18,340.0,0.0,0.0,8187.599999999999,24665.200000000004,0.0,90.79,6.82,9.079425000000147e-05,32852.8,,多carry 热卷2504 1手(多)@3405 / 热卷2505 1手(空)@3418 价差=-13,空carry 棕榈油2504 1手(空)@8950 / 棕榈油2505 1手(多)@8668 价差=282,,[HC] 多carry 热卷2504 1手(多)@3405 / 热卷2505 1手(空)@3418 价差=-13 z=-1.12 | [P] 空carry 棕榈油2504 1手(空)@8950 / 棕榈油2505 1手(多)@8668 价差=282 z=1.83
2025-01-02,False,1,2,-260.0,-6.85,-5.0,0.0,275567.6,0.0,0.0,0.0,-67.96,51.85,-6.796200000003616e-05,275567.6,多carry 黄金2506 1手(多)@625.5 / 黄金2508 1手(空)@627.08 价差=-1.58,,,,[AU] 多carry 黄金2506 1手(多)@625.5 / 黄金2508 1手(空)@627.08 价差=-1.58 z=-1.26
2025-01-03,False,2,4,140.0,0.0,0.0,-45.0,277719.2,0.0,0.0,21226.800000000003,23.75,5.0,2.3750000000025494e-05,298946.0,多carry 黄金2506 1手(多)@630.28 / 黄金2508 1手(空)@632.08 价差=-1.8,,,多carry 豆油2505 1手(多)@7612 / 豆油2507 1手(空)@7550 价差=62,[AU] 多carry 黄金2506 1手(多)@630.28 / 黄金2508 1手(空)@632.08 价差=-1.8 z=-2.48 | [Y] 多carry 豆油2505 1手(多)@7612 / 豆油2507 1手(空)@7550 价差=62 z=-1.59
2025-01-06,False,2,4,240.0,0.0,0.0,-120.0,276438.8,0.0,0.0,21086.800000000003,30.0,0.0,2.9999999999987993e-05,297525.6,多carry 黄金2506 1手(多)@627.44 / 黄金2508 1手(空)@629.1 价差=-1.66,,,多carry 豆油2505 1手(多)@7560 / 豆油2507 1手(空)@7502 价差=58,[AU] 多carry 黄金2506 1手(多)@627.44 / 黄金2508 1手(空)@629.1 价差=-1.66 z=-1.53 | [Y] 多carry 豆油2505 1手(多)@7560 / 豆油2507 1手(空)@7502 价差=58 z=-1.56
2025-01-07,False,1,2,-40.0,0.0,0.0,-0.0,0.0,0.0,0.0,21204.4,-10.0,40.0,-1.0000000000000555e-05,21204.4,,,,多carry 豆油2505 1手(多)@7596 / 豆油2507 1手(空)@7550 价差=46,[Y] 多carry 豆油2505 1手(多)@7596 / 豆油2507 1手(空)@7550 价差=46 z=-1.80
2025-01-08,False,2,4,-180.0,0.0,0.0,-20.0,277499.2,0.0,0.0,21081.200000000004,-50.0,40.0,-4.999999999999207e-05,298580.4,空carry 黄金2506 1手(空)@630.08 / 黄金2508 1手(多)@631.28 价差=-1.2,,,多carry 豆油2505 1手(多)@7552 / 豆油2507 1手(空)@7506 价差=46,[AU] 空carry 黄金2506 1手(空)@630.08 / 黄金2508 1手(多)@631.28 价差=-1.2 z=1.30 | [Y] 多carry 豆油2505 1手(多)@7552 / 豆油2507 1手(空)@7506 价差=46 z=-1.57
2025-01-09,False,2,4,440.0,0.0,0.0,200.0,279061.2,0.0,0.0,20865.600000000002,160.0,0.0,0.000160000000000027,299926.8,空carry 黄金2506 1手(空)@633.7 / 黄金2508 1手(多)@634.76 价差=-1.06,,,多carry 豆油2505 1手(多)@7474 / 豆油2507 1手(空)@7430 价差=44,[AU] 空carry 黄金2506 1手(空)@633.7 / 黄金2508 1手(多)@634.76 价差=-1.06 z=1.86 | [Y] 多carry 豆油2505 1手(多)@7474 / 豆油2507 1手(空)@7430 价差=44 z=-1.52
2025-01-10,False,1,2,-40.0,23.37,0.0,-5.0,0.0,7960.799999999999,0.0,0.0,-5.41,51.63,-5.408500000001748e-06,7960.8,,多carry 热卷2505 1手(多)@3312 / 热卷2506 1手(空)@3322 价差=-10,,,[HC] 多carry 热卷2505 1手(多)@3312 / 热卷2506 1手(空)@3322 价差=-10 z=-0.78
2025-01-13,False,1,2,-100.0,-6.72,0.0,0.0,281881.6,0.0,0.0,0.0,-26.68,46.72,-2.6680249999998864e-05,281881.6,多carry 黄金2506 1手(多)@639.84 / 黄金2508 1手(空)@641.44 价差=-1.6,,,,[AU] 多carry 黄金2506 1手(多)@639.84 / 黄金2508 1手(空)@641.44 价差=-1.6 z=-0.89
2025-01-14,False,2,4,20.0,13.17,0.0,0.0,279694.8,8198.4,0.0,0.0,8.29,6.83,8.29199999996951e-06,287893.2,多carry 黄金2506 1手(多)@634.84 / 黄金2508 1手(空)@636.5 价差=-1.66,多carry 热卷2505 1手(多)@3409 / 热卷2506 1手(空)@3423 价差=-14,,,[AU] 多carry 黄金2506 1手(多)@634.84 / 黄金2508 1手(空)@636.5 价差=-1.66 z=-1.21 | [HC] 多carry 热卷2505 1手(多)@3409 / 热卷2506 1手(空)@3423 价差=-14 z=-0.98
2025-01-15,False,1,2,0.0,-6.85,0.0,0.0,281107.2,0.0,0.0,0.0,-1.71,6.85,-1.711499999961915e-06,281107.2,多carry 黄金2506 1手(多)@638.06 / 黄金2508 1手(空)@639.7 价差=-1.64,,,,[AU] 多carry 黄金2506 1手(多)@638.06 / 黄金2508 1手(空)@639.7 价差=-1.64 z=-1.01
2025-01-16,False,1,2,-140.0,0.0,0.0,0.0,282084.0,0.0,0.0,0.0,-35.0,0.0,-3.499999999997976e-05,282084.0,多carry 黄金2506 1手(多)@640.28 / 黄金2508 1手(空)@641.92 价差=-1.64,,,,[AU] 多carry 黄金2506 1手(多)@640.28 / 黄金2508 1手(空)@641.92 价差=-1.64 z=-0.89
2025-01-17,False,2,4,280.0,0.0,-25.0,0.0,282704.4,0.0,23315.600000000002,0.0,63.75,5.0,6.374999999999336e-05,306020.0,多carry 黄金2506 1手(多)@641.62 / 黄金2508 1手(空)@643.4 价差=-1.78,,多carry 棕榈油2505 1手(多)@8390 / 棕榈油2506 1手(空)@8264 价差=126,,[AU] 多carry 黄金2506 1手(多)@641.62 / 黄金2508 1手(空)@643.4 价差=-1.78 z=-1.39 | [P] 多carry 棕榈油2505 1手(多)@8390 / 棕榈油2506 1手(空)@8264 价差=126 z=-0.90
2025-01-20,False,2,4,-40.0,83.06,20.0,0.0,0.0,8331.599999999999,23430.4,0.0,15.76,46.94,1.576425000000125e-05,31762.0,,空carry 热卷2505 1手(空)@3472 / 热卷2506 1手(多)@3471 价差=1,多carry 棕榈油2505 1手(多)@8430 / 棕榈油2506 1手(空)@8306 价差=124,,[HC] 空carry 热卷2505 1手(空)@3472 / 热卷2506 1手(多)@3471 价差=1 z=0.82 | [P] 多carry 棕榈油2505 1手(多)@8430 / 棕榈油2506 1手(空)@8306 价差=124 z=-0.99
2025-01-21,False,3,6,-100.0,-6.94,-200.0,135.0,282370.0,0.0,23472.4,21635.600000000002,-42.99,51.94,-4.2985999999967757e-05,327478.0,多carry 黄金2506 1手(多)@640.88 / 黄金2508 1手(空)@642.62 价差=-1.74,,多carry 棕榈油2505 1手(多)@8446 / 棕榈油2506 1手(空)@8320 价差=126,空carry 豆油2505 1手(空)@7784 / 豆油2507 1手(多)@7670 价差=114,[AU] 多carry 黄金2506 1手(多)@640.88 / 黄金2508 1手(空)@642.62 价差=-1.74 z=-1.10 | [P] 多carry 棕榈油2505 1手(多)@8446 / 棕榈油2506 1手(空)@8320 价差=126 z=-0.99 | [Y] 空carry 豆油2505 1手(空)@7784 / 豆油2507 1手(多)@7670 价差=114 z=2.04
2025-01-22,False,3,6,240.0,0.0,-80.0,140.0,284750.4,0.0,23259.600000000002,21492.800000000003,75.0,0.0,7.499999999998851e-05,329502.8,多carry 黄金2506 1手(多)@646.26 / 黄金2508 1手(空)@648.06 价差=-1.8,,多carry 棕榈油2505 1手(多)@8360 / 棕榈油2506 1手(空)@8254 价差=106,空carry 豆油2505 1手(空)@7726 / 豆油2507 1手(多)@7626 价差=100,[AU] 多carry 黄金2506 1手(多)@646.26 / 黄金2508 1手(空)@648.06 价差=-1.8 z=-1.18 | [P] 多carry 棕榈油2505 1手(多)@8360 / 棕榈油2506 1手(空)@8254 价差=106 z=-1.43 | [Y] 空carry 豆油2505 1手(空)@7726 / 豆油2507 1手(多)@7626 价差=100 z=1.20
2025-01-23,False,2,4,-40.0,23.09,60.0,-5.0,0.0,8293.2,22940.4,0.0,9.52,51.91,9.522250000001347e-06,31233.6,,空carry 热卷2505 1手(空)@3457 / 热卷2506 1手(多)@3454 价差=3,多carry 棕榈油2505 1手(多)@8242 / 棕榈油2506 1手(空)@8144 价差=98,,[HC] 空carry 热卷2505 1手(空)@3457 / 热卷2506 1手(多)@3454 价差=3 z=1.19 | [P] 多carry 棕榈油2505 1手(多)@8242 / 棕榈油2506 1手(空)@8144 价差=98 z=-1.59
2025-01-24,False,2,4,0.0,40.0,240.0,0.0,0.0,8335.199999999999,22976.800000000003,0.0,70.0,0.0,7.000000000000284e-05,31312.0,,空carry 热卷2505 1手(空)@3473 / 热卷2506 1手(多)@3473 价差=0,多carry 棕榈油2505 1手(多)@8258 / 棕榈油2506 1手(空)@8154 价差=104,,[HC] 空carry 热卷2505 1手(空)@3473 / 热卷2506 1手(多)@3473 价差=0 z=0.89 | [P] 多carry 棕榈油2505 1手(多)@8258 / 棕榈油2506 1手(空)@8154 价差=104 z=-1.46
2025-01-27,False,1,2,0.0,-6.97,-40.0,0.0,0.0,0.0,23486.4,0.0,-11.74,6.97,-1.174349999999875e-05,23486.4,,,多carry 棕榈油2505 1手(多)@8452 / 棕榈油2506 1手(空)@8324 价差=128,,[P] 多carry 棕榈油2505 1手(多)@8452 / 棕榈油2506 1手(空)@8324 价差=128 z=-0.99
2025-02-05,False,3,6,0.0,-46.84,180.0,195.0,0.0,8209.2,23657.200000000004,21736.4,82.04,11.84,8.203975000000025e-05,53602.8,,多carry 热卷2506 1手(多)@3412 / 热卷2507 1手(空)@3429 价差=-17,多carry 棕榈油2506 1手(多)@8488 / 棕榈油2507 1手(空)@8410 价差=78,多carry 豆油2507 1手(多)@7752 / 豆油2508 1手(空)@7774 价差=-22,[HC] 多carry 热卷2506 1手(多)@3412 / 热卷2507 1手(空)@3429 价差=-17 z=-1.94 | [P] 多carry 棕榈油2506 1手(多)@8488 / 棕榈油2507 1手(空)@8410 价差=78 z=-2.10 | [Y] 多carry 豆油2507 1手(多)@7752 / 豆油2508 1手(空)@7774 价差=-22 z=-3.23
2025-02-06,False,4,8,100.0,40.0,180.0,240.0,294998.0,8302.8,23800.0,21949.200000000004,140.0,40.0,0.00013999999999995993,349050.0,空carry 黄金2506 1手(空)@669.8 / 黄金2508 1手(多)@671.1 价差=-1.3,多carry 热卷2506 1手(多)@3449 / 热卷2507 1手(空)@3470 价差=-21,多carry 棕榈油2506 1手(多)@8548 / 棕榈油2507 1手(空)@8452 价差=96,多carry 豆油2507 1手(多)@7838 / 豆油2508 1手(空)@7840 价差=-2,[AU] 空carry 黄金2506 1手(空)@669.8 / 黄金2508 1手(多)@671.1 价差=-1.3 z=1.56 | [HC] 多carry 热卷2506 1手(多)@3449 / 热卷2507 1手(空)@3470 价差=-21 z=-2.27 | [P] 多carry 棕榈油2506 1手(多)@8548 / 棕榈油2507 1手(空)@8452 价差=96 z=-1.70 | [Y] 多carry 豆油2507 1手(多)@7838 / 豆油2508 1手(空)@7840 价差=-2 z=-2.09
2025-02-07,False,4,8,-80.0,-160.0,220.0,-260.0,295644.8,8298.0,24306.800000000003,22330.0,-70.0,0.0,-6.999999999998155e-05,350579.6,空carry 黄金2506 1手(空)@671.2 / 黄金2508 1手(多)@672.64 价差=-1.44,多carry 热卷2506 1手(多)@3449 / 热卷2507 1手(空)@3466 价差=-17,多carry 棕榈油2506 1手(多)@8738 / 棕榈油2507 1手(空)@8624 价差=114,多carry 豆油2507 1手(多)@7986 / 豆油2508 1手(空)@7964 价差=22,[AU] 空carry 黄金2506 1手(空)@671.2 / 黄金2508 1手(多)@672.64 价差=-1.44 z=0.82 | [HC] 多carry 热卷2506 1手(多)@3449 / 热卷2507 1手(空)@3466 价差=-17 z=-1.47 | [P] 多carry 棕榈油2506 1手(多)@8738 / 棕榈油2507 1手(空)@8624 价差=114 z=-1.36 | [Y] 多carry 豆油2507 1手(多)@7986 / 豆油2508 1手(空)@7964 价差=22 z=-1.20
2025-02-10,False,4,8,120.0,260.0,240.0,-80.0,299754.4,8242.8,24371.200000000004,22114.4,135.0,0.0,0.00013500000000000057,354482.8,空carry 黄金2506 1手(空)@680.58 / 黄金2508 1手(多)@681.94 价差=-1.36,多carry 热卷2506 1手(多)@3418 / 热卷2507 1手(空)@3451 价差=-33,多carry 棕榈油2506 1手(多)@8772 / 棕榈油2507 1手(空)@8636 价差=136,多carry 豆油2507 1手(多)@7896 / 豆油2508 1手(空)@7900 价差=-4,[AU] 空carry 黄金2506 1手(空)@680.58 / 黄金2508 1手(多)@681.94 价差=-1.36 z=1.18 | [HC] 多carry 热卷2506 1手(多)@3418 / 热卷2507 1手(空)@3451 价差=-33 z=-2.81 | [P] 多carry 棕榈油2506 1手(多)@8772 / 棕榈油2507 1手(空)@8636 价差=136 z=-0.88 | [Y] 多carry 豆油2507 1手(多)@7896 / 豆油2508 1手(空)@7900 价差=-4 z=-1.73
2025-02-11,False,1,2,-40.0,-6.8,-5.0,-60.0,0.0,0.0,0.0,22181.600000000002,-27.95,51.8,-2.7949249999998103e-05,22181.6,,,,多carry 豆油2507 1手(多)@7916 / 豆油2508 1手(空)@7928 价差=-12,[Y] 多carry 豆油2507 1手(多)@7916 / 豆油2508 1手(空)@7928 价差=-12 z=-1.70
2025-02-12,False,1,2,0.0,0.0,0.0,-60.0,0.0,0.0,0.0,22190.0,-15.0,0.0,-1.499999999999875e-05,22190.0,,,,多carry 豆油2507 1手(多)@7916 / 豆油2508 1手(空)@7934 价差=-18,[Y] 多carry 豆油2507 1手(多)@7916 / 豆油2508 1手(空)@7934 价差=-18 z=-1.63
2025-02-13,False,2,4,-60.0,0.0,0.0,-60.0,302090.8,0.0,0.0,21800.800000000003,-30.0,40.0,-2.9999999999997656e-05,323891.6,空carry 黄金2506 1手(空)@685.84 / 黄金2508 1手(多)@687.3 价差=-1.46,,,多carry 豆油2507 1手(多)@7774 / 豆油2508 1手(空)@7798 价差=-24,[AU] 空carry 黄金2506 1手(空)@685.84 / 黄金2508 1手(多)@687.3 价差=-1.46 z=0.75 | [Y] 多carry 豆油2507 1手(多)@7774 / 豆油2508 1手(空)@7798 价差=-24 z=-1.57
2025-02-14,False,4,8,-220.0,313.2,575.0,20.0,303679.2,8155.2,24682.0,21949.2,172.05,11.8,0.00017205100000000292,358465.6,空carry 黄金2506 1手(空)@689.46 / 黄金2508 1手(多)@690.9 价差=-1.44,空carry 热卷2506 1手(空)@3400 / 热卷2507 1手(多)@3396 价差=4,多carry 棕榈油2506 1手(多)@8874 / 棕榈油2507 1手(空)@8756 价差=118,多carry 豆油2507 1手(多)@7824 / 豆油2508 1手(空)@7854 价差=-30,[AU] 空carry 黄金2506 1手(空)@689.46 / 黄金2508 1手(多)@690.9 价差=-1.44 z=1.11 | [HC] 空carry 热卷2506 1手(空)@3400 / 热卷2507 1手(多)@3396 价差=4 z=1.52 | [P] 多carry 棕榈油2506 1手(多)@8874 / 棕榈油2507 1手(空)@8756 价差=118 z=-1.27 | [Y] 多carry 豆油2507 1手(多)@7824 / 豆油2508 1手(空)@7854 价差=-30 z=-1.52
2025-02-17,False,3,6,340.0,-283.64,-5.0,20.0,298614.80000000005,8181.599999999999,0.0,21688.800000000003,17.84,18.64,1.784100000002172e-05,328485.2,空carry 黄金2506 1手(空)@678.06 / 黄金2508 1手(多)@679.28 价差=-1.22,多carry 热卷2506 1手(多)@3395 / 热卷2507 1手(空)@3423 价差=-28,,多carry 豆油2507 1手(多)@7732 / 豆油2508 1手(空)@7760 价差=-28,[AU] 空carry 黄金2506 1手(空)@678.06 / 黄金2508 1手(多)@679.28 价差=-1.22 z=1.92 | [HC] 多carry 热卷2506 1手(多)@3395 / 热卷2507 1手(空)@3423 价差=-28 z=-1.80 | [Y] 多carry 豆油2507 1手(多)@7732 / 豆油2508 1手(空)@7760 价差=-28 z=-1.32
2025-02-18,False,2,4,-40.0,410.0,0.0,100.0,0.0,8214.0,0.0,21708.4,117.5,40.0,0.00011749999999999817,29922.4,,多carry 热卷2506 1手(多)@3395 / 热卷2507 1手(空)@3450 价差=-55,,多carry 豆油2507 1手(多)@7740 / 豆油2508 1手(空)@7766 价差=-26,[HC] 多carry 热卷2506 1手(多)@3395 / 热卷2507 1手(空)@3450 价差=-55 z=-3.03 | [Y] 多carry 豆油2507 1手(多)@7740 / 豆油2508 1手(空)@7766 价差=-26 z=-1.15
2025-02-19,False,1,2,0.0,-6.88,0.0,-140.0,0.0,0.0,0.0,21896.0,-36.72,6.88,-3.672099999999955e-05,21896.0,,,,多carry 豆油2507 1手(多)@7812 / 豆油2508 1手(空)@7828 价差=-16,[Y] 多carry 豆油2507 1手(多)@7812 / 豆油2508 1手(空)@7828 价差=-16 z=-0.87
2025-02-20,False,1,2,0.0,0.0,0.0,140.0,0.0,0.0,0.0,22016.4,35.0,0.0,3.499999999999945e-05,22016.4,,,,多carry 豆油2507 1手(多)@7848 / 豆油2508 1手(空)@7878 价差=-30,[Y] 多carry 豆油2507 1手(多)@7848 / 豆油2508 1手(空)@7878 价差=-30 z=-1.03
2025-02-21,False,1,2,80.0,0.0,0.0,-5.0,302192.0,0.0,0.0,0.0,18.75,45.0,1.875000000001927e-05,302192.0,多carry 黄金2506 1手(多)@685.9 / 黄金2508 1手(空)@687.7 价差=-1.8,,,,[AU] 多carry 黄金2506 1手(多)@685.9 / 黄金2508 1手(空)@687.7 价差=-1.8 z=-1.21
2025-02-24,True,0,0,-40.0,0.0,0.0,0.0,0.0,0.0,0.0,0.0,-10.0,40.0,-1e-05,0.0,,,,,全品种空仓
2025-02-25,False,1,2,0.0,0.0,0.0,55.0,0.0,0.0,0.0,21898.800000000003,13.75,5.0,1.3750000000000726e-05,21898.8,,,,多carry 豆油2507 1手(多)@7806 / 豆油2508 1手(空)@7836 价差=-30,[Y] 多carry 豆油2507 1手(多)@7806 / 豆油2508 1手(空)@7836 价差=-30 z=-0.80
2025-02-26,True,0,0,0.0,0.0,0.0,-5.0,0.0,0.0,0.0,0.0,-1.25,5.0,-1.25e-06,0.0,,,,,全品种空仓
2025-02-27,True,0,0,0.0,0.0,0.0,0.0,0.0,0.0,0.0,0.0,0.0,0.0,0.0,0.0,,,,,全品种空仓
2025-02-28,False,1,2,-180.0,0.0,0.0,0.0,296687.6,0.0,0.0,0.0,-45.0,40.0,-4.500000000000712e-05,296687.6,多carry 黄金2506 1手(多)@673.48 / 黄金2508 1手(空)@675.1 价差=-1.62,,,,[AU] 多carry 黄金2506 1手(多)@673.48 / 黄金2508 1手(空)@675.1 价差=-1.62 z=-0.87
2025-03-03,False,2,4,-220.0,3.14,0.0,0.0,297682.0,8228.4,0.0,0.0,-54.21,6.86,-5.421424999998226e-05,305910.4,多carry 黄金2508 1手(多)@675.74 / 黄金2510 1手(空)@677.36 价差=-1.62,空carry 热卷2507 1手(空)@3425 / 热卷2508 1手(多)@3432 价差=-7,,,[AU] 多carry 黄金2508 1手(多)@675.74 / 黄金2510 1手(空)@677.36 价差=-1.62 z=-0.83 | [HC] 空carry 热卷2507 1手(空)@3425 / 热卷2508 1手(多)@3432 价差=-7 z=0.87
2025-03-04,False,3,6,440.0,120.0,135.0,0.0,299613.6,8208.0,23578.800000000003,0.0,173.75,5.0,0.0001737500000000405,331400.4,多carry 黄金2508 1手(多)@680.02 / 黄金2510 1手(空)@681.86 价差=-1.84,空carry 热卷2507 1手(空)@3416 / 热卷2508 1手(多)@3424 价差=-8,多carry 棕榈油2507 1手(多)@8474 / 棕榈油2508 1手(空)@8368 价差=106,,[AU] 多carry 黄金2508 1手(多)@680.02 / 黄金2510 1手(空)@681.86 价差=-1.84 z=-2.02 | [HC] 空carry 热卷2507 1手(空)@3416 / 热卷2508 1手(多)@3424 价差=-8 z=0.82 | [P] 多carry 棕榈油2507 1手(多)@8474 / 棕榈油2508 1手(空)@8368 价差=106 z=-1.43
2025-03-05,False,3,6,200.0,-6.8,60.0,-45.0,301848.8,0.0,23598.4,21574.0,52.05,91.8,5.2050000000031176e-05,347021.2,空carry 黄金2508 1手(空)@685.32 / 黄金2510 1手(多)@686.72 价差=-1.4,,多carry 棕榈油2507 1手(多)@8488 / 棕榈油2508 1手(空)@8368 价差=120,多carry 豆油2507 1手(多)@7684 / 豆油2508 1手(空)@7726 价差=-42,[AU] 空carry 黄金2508 1手(空)@685.32 / 黄金2510 1手(多)@686.72 价差=-1.4 z=0.90 | [P] 多carry 棕榈油2507 1手(多)@8488 / 棕榈油2508 1手(空)@8368 价差=120 z=-1.09 | [Y] 多carry 豆油2507 1手(多)@7684 / 豆油2508 1手(空)@7726 价差=-42 z=-1.70
2025-03-06,False,3,6,200.0,0.0,660.0,0.0,301188.80000000005,0.0,23881.200000000004,21764.4,215.0,80.0,0.0002150000000000331,346834.4,多carry 黄金2508 1手(多)@683.68 / 黄金2510 1手(空)@685.36 价差=-1.68,,多carry 棕榈油2507 1手(多)@8592 / 棕榈油2508 1手(空)@8466 价差=126,多carry 豆油2507 1手(多)@7750 / 豆油2508 1手(空)@7796 价差=-46,[AU] 多carry 黄金2508 1手(多)@683.68 / 黄金2510 1手(空)@685.36 价差=-1.68 z=-0.88 | [P] 多carry 棕榈油2507 1手(多)@8592 / 棕榈油2508 1手(空)@8466 价差=126 z=-0.97 | [Y] 多carry 豆油2507 1手(多)@7750 / 豆油2508 1手(空)@7796 价差=-46 z=-1.74
2025-03-07,False,2,4,60.0,0.0,-5.0,-0.0,300643.2,0.0,0.0,21966.0,13.75,85.0,1.3749999999983502e-05,322609.2,空carry 黄金2508 1手(空)@682.58 / 黄金2510 1手(多)@683.98 价差=-1.4,,,多carry 豆油2507 1手(多)@7822 / 豆油2508 1手(空)@7868 价差=-46,[AU] 空carry 黄金2508 1手(空)@682.58 / 黄金2510 1手(多)@683.98 价差=-1.4 z=0.97 | [Y] 多carry 豆油2507 1手(多)@7822 / 豆油2508 1手(空)@7868 价差=-46 z=-1.89
2025-03-10,False,2,4,-40.0,0.0,475.0,-20.0,0.0,0.0,24124.800000000003,22066.800000000003,103.75,45.0,0.00010374999999999819,46191.6,,,多carry 棕榈油2507 1手(多)@8674 / 棕榈油2508 1手(空)@8558 价差=116,多carry 豆油2507 1手(多)@7858 / 豆油2508 1手(空)@7904 价差=-46,[P] 多carry 棕榈油2507 1手(多)@8674 / 棕榈油2508 1手(空)@8558 价差=116 z=-1.20 | [Y] 多carry 豆油2507 1手(多)@7858 / 豆油2508 1手(空)@7904 价差=-46 z=-1.72
2025-03-11,False,1,2,0.0,0.0,-5.0,40.0,0.0,0.0,0.0,21688.800000000003,8.75,5.0,8.749999999999992e-06,21688.8,,,,多carry 豆油2507 1手(多)@7722 / 豆油2508 1手(空)@7770 价差=-48,[Y] 多carry 豆油2507 1手(多)@7722 / 豆油2508 1手(空)@7770 价差=-48 z=-1.67
2025-03-12,False,2,4,0.0,0.0,115.0,40.0,0.0,0.0,23990.4,21660.800000000003,38.75,5.0,3.8750000000003354e-05,45651.2,,,多carry 棕榈油2507 1手(多)@8632 / 棕榈油2508 1手(空)@8504 价差=128,多carry 豆油2507 1手(多)@7714 / 豆油2508 1手(空)@7758 价差=-44,[P] 多carry 棕榈油2507 1手(多)@8632 / 棕榈油2508 1手(空)@8504 价差=128 z=-0.87 | [Y] 多carry 豆油2507 1手(多)@7714 / 豆油2508 1手(空)@7758 价差=-44 z=-1.20
2025-03-13,False,2,4,0.0,13.14,-5.0,-0.0,0.0,8228.4,0.0,21968.800000000003,2.04,11.86,2.0357499999981814e-06,30197.2,,空carry 热卷2507 1手(空)@3426 / 热卷2508 1手(多)@3431 价差=-5,,多carry 豆油2507 1手(多)@7826 / 豆油2508 1手(空)@7866 价差=-40,[HC] 空carry 热卷2507 1手(空)@3426 / 热卷2508 1手(多)@3431 价差=-5 z=1.13 | [Y] 多carry 豆油2507 1手(多)@7826 / 豆油2508 1手(空)@7866 价差=-40 z=-0.79
2025-03-14,False,2,4,180.0,-80.0,0.0,-5.0,307357.6,8300.4,0.0,0.0,23.75,45.0,2.3749999999997074e-05,315658.0,空carry 黄金2508 1手(空)@697.94 / 黄金2510 1手(多)@699.14 价差=-1.2,空carry 热卷2507 1手(空)@3455 / 热卷2508 1手(多)@3462 价差=-7,,,[AU] 空carry 黄金2508 1手(空)@697.94 / 黄金2510 1手(多)@699.14 价差=-1.2 z=2.30 | [HC] 空carry 热卷2507 1手(空)@3455 / 热卷2508 1手(多)@3462 价差=-7 z=1.09
2025-03-17,False,2,4,-200.0,170.0,0.0,0.0,307793.19999999995,8154.0,0.0,0.0,-7.5,0.0,-7.499999999972445e-06,315947.2,空carry 黄金2508 1手(空)@698.82 / 黄金2510 1手(多)@700.24 价差=-1.42,空carry 热卷2507 1手(空)@3398 / 热卷2508 1手(多)@3397 价差=1,,,[AU] 空carry 黄金2508 1手(空)@698.82 / 黄金2510 1手(多)@700.24 价差=-1.42 z=1.13 | [HC] 空carry 热卷2507 1手(空)@3398 / 热卷2508 1手(多)@3397 价差=1 z=1.61
2025-03-18,False,2,4,280.0,-6.78,55.0,0.0,309852.4,0.0,23962.4,0.0,82.06,11.78,8.205549999996611e-05,333814.8,空carry 黄金2508 1手(空)@703.6 / 黄金2510 1手(多)@704.82 价差=-1.22,,多carry 棕榈油2507 1手(多)@8622 / 棕榈油2508 1手(空)@8494 价差=128,,[AU] 空carry 黄金2508 1手(空)@703.6 / 黄金2510 1手(多)@704.82 价差=-1.22 z=2.06 | [P] 多carry 棕榈油2507 1手(多)@8622 / 棕榈油2508 1手(空)@8494 价差=128 z=-0.77
2025-03-19,True,0,0,-40.0,0.0,-5.0,0.0,0.0,0.0,0.0,0.0,-11.25,45.0,-1.125e-05,0.0,,,,,全品种空仓
2025-03-20,False,1,2,300.0,0.0,0.0,0.0,313482.4,0.0,0.0,0.0,75.0,40.0,7.499999999997727e-05,313482.4,空carry 黄金2508 1手(空)@711.84 / 黄金2510 1手(多)@713.08 价差=-1.24,,,,[AU] 空carry 黄金2508 1手(空)@711.84 / 黄金2510 1手(多)@713.08 价差=-1.24 z=1.74
2025-03-21,True,0,0,-40.0,0.0,0.0,0.0,0.0,0.0,0.0,0.0,-10.0,40.0,-1e-05,0.0,,,,,全品种空仓
2025-03-24,True,0,0,0.0,0.0,0.0,0.0,0.0,0.0,0.0,0.0,0.0,0.0,0.0,0.0,,,,,全品种空仓
2025-03-25,False,2,4,-60.0,23.19,0.0,0.0,311955.6,8169.6,0.0,0.0,-9.2,46.81,-9.201999999967405e-06,320125.2,多carry 黄金2508 1手(多)@708.14 / 黄金2510 1手(空)@709.84 价差=-1.7,多carry 热卷2507 1手(多)@3393 / 热卷2508 1手(空)@3415 价差=-22,,,[AU] 多carry 黄金2508 1手(多)@708.14 / 黄金2510 1手(空)@709.84 价差=-1.7 z=-0.82 | [HC] 多carry 热卷2507 1手(多)@3393 / 热卷2508 1手(空)@3415 价差=-22 z=-0.90
2025-03-26,False,1,2,160.0,-6.79,0.0,0.0,312936.80000000005,0.0,0.0,0.0,38.3,6.79,3.8301749999982093e-05,312936.8,多carry 黄金2508 1手(多)@710.36 / 黄金2510 1手(空)@712.08 价差=-1.72,,,,[AU] 多carry 黄金2508 1手(多)@710.36 / 黄金2510 1手(空)@712.08 价差=-1.72 z=-0.86
2025-03-27,False,3,6,-40.0,113.22,-25.0,55.0,0.0,8132.4,23486.4,21954.800000000003,25.81,56.78,2.5805750000001504e-05,53573.6,,多carry 热卷2507 1手(多)@3377 / 热卷2508 1手(空)@3400 价差=-23,多carry 棕榈油2507 1手(多)@8446 / 棕榈油2508 1手(空)@8330 价差=116,多carry 豆油2507 1手(多)@7816 / 豆油2508 1手(空)@7866 价差=-50,[HC] 多carry 热卷2507 1手(多)@3377 / 热卷2508 1手(空)@3400 价差=-23 z=-1.00 | [P] 多carry 棕榈油2507 1手(多)@8446 / 棕榈油2508 1手(空)@8330 价差=116 z=-0.89 | [Y] 多carry 豆油2507 1手(多)@7816 / 豆油2508 1手(空)@7866 价差=-50 z=-1.15
2025-03-28,False,1,2,0.0,-6.75,60.0,-5.0,0.0,0.0,24026.800000000003,0.0,12.06,11.75,1.2063250000000981e-05,24026.8,,,多carry 棕榈油2507 1手(多)@8638 / 棕榈油2508 1手(空)@8524 价差=114,,[P] 多carry 棕榈油2507 1手(多)@8638 / 棕榈油2508 1手(空)@8524 价差=114 z=-0.99
2025-03-31,False,3,6,-100.0,0.0,-60.0,35.0,322036.0,0.0,24113.600000000002,22209.600000000002,-31.25,45.0,-3.124999999998931e-05,368359.2,空carry 黄金2508 1手(空)@731.2 / 黄金2510 1手(多)@732.6 价差=-1.4,,多carry 棕榈油2507 1手(多)@8672 / 棕榈油2508 1手(空)@8552 价差=120,多carry 豆油2507 1手(多)@7904 / 豆油2508 1手(空)@7960 价差=-56,[AU] 空carry 黄金2508 1手(空)@731.2 / 黄金2510 1手(多)@732.6 价差=-1.4 z=0.91 | [P] 多carry 棕榈油2507 1手(多)@8672 / 棕榈油2508 1手(空)@8552 价差=120 z=-0.82 | [Y] 多carry 豆油2507 1手(多)@7904 / 豆油2508 1手(空)@7960 价差=-56 z=-2.05
2025-04-01,False,3,6,-100.0,0.0,-60.0,-10.0,324821.2,0.0,23917.600000000002,22094.800000000003,-42.5,10.0,-4.250000000000406e-05,370833.6,空carry 黄金2508 1手(空)@737.56 / 黄金2510 1手(多)@738.9 价差=-1.34,,多carry 棕榈油2508 1手(多)@8582 / 棕榈油2509 1手(空)@8502 价差=80,空carry 豆油2508 1手(空)@7894 / 豆油2509 1手(多)@7888 价差=6,[AU] 空carry 黄金2508 1手(空)@737.56 / 黄金2510 1手(多)@738.9 价差=-1.34 z=1.25 | [P] 多carry 棕榈油2508 1手(多)@8582 / 棕榈油2509 1手(空)@8502 价差=80 z=-1.92 | [Y] 空carry 豆油2508 1手(空)@7894 / 豆油2509 1手(多)@7888 价差=6 z=3.73
2025-04-02,False,4,8,320.0,43.25,0.0,20.0,323725.6,8097.599999999999,24374.0,22318.800000000003,95.81,6.75,9.581299999995567e-05,378516.0,空carry 黄金2508 1手(空)@735.12 / 黄金2510 1手(多)@736.36 价差=-1.24,空carry 热卷2508 1手(空)@3372 / 热卷2509 1手(多)@3376 价差=-4,多carry 棕榈油2508 1手(多)@8742 / 棕榈油2509 1手(空)@8668 价差=74,空carry 豆油2508 1手(空)@7974 / 豆油2509 1手(多)@7968 价差=6,[AU] 空carry 黄金2508 1手(空)@735.12 / 黄金2510 1手(多)@736.36 价差=-1.24 z=1.61 | [HC] 空carry 热卷2508 1手(空)@3372 / 热卷2509 1手(多)@3376 价差=-4 z=1.58 | [P] 多carry 棕榈油2508 1手(多)@8742 / 棕榈油2509 1手(空)@8668 价差=74 z=-2.13 | [Y] 空carry 豆油2508 1手(空)@7974 / 豆油2509 1手(多)@7968 价差=6 z=2.72
2025-04-03,False,3,6,-40.0,100.0,100.0,-220.0,0.0,8048.4,24127.600000000002,22108.800000000003,-15.0,40.0,-1.4999999999997783e-05,54284.8,,空carry 热卷2508 1手(空)@3349 / 热卷2509 1手(多)@3358 价差=-9,多carry 棕榈油2508 1手(多)@8654 / 棕榈油2509 1手(空)@8580 价差=74,空carry 豆油2508 1手(空)@7898 / 豆油2509 1手(多)@7894 价差=4,[HC] 空carry 热卷2508 1手(空)@3349 / 热卷2509 1手(多)@3358 价差=-9 z=0.80 | [P] 多carry 棕榈油2508 1手(多)@8654 / 棕榈油2509 1手(空)@8580 价差=74 z=-2.24 | [Y] 空carry 豆油2508 1手(空)@7898 / 豆油2509 1手(多)@7894 价差=4 z=2.13
2025-04-07,False,3,6,40.0,-6.51,-80.0,20.0,316562.4,0.0,22920.800000000003,21372.4,-6.63,46.51,-6.6282500000150505e-06,360855.6,空carry 黄金2508 1手(空)@718.98 / 黄金2510 1手(多)@719.94 价差=-0.96,,多carry 棕榈油2508 1手(多)@8228 / 棕榈油2509 1手(空)@8144 价差=84,空carry 豆油2508 1手(空)@7646 / 豆油2509 1手(多)@7620 价差=26,[AU] 空carry 黄金2508 1手(空)@718.98 / 黄金2510 1手(多)@719.94 价差=-0.96 z=2.46 | [P] 多carry 棕榈油2508 1手(多)@8228 / 棕榈油2509 1手(空)@8144 价差=84 z=-1.68 | [Y] 空carry 豆油2508 1手(空)@7646 / 豆油2509 1手(多)@7620 价差=26 z=2.54
2025-04-08,False,4,8,-200.0,13.6,20.0,-140.0,317310.4,7684.799999999999,22943.200000000004,21392.0,-76.6,6.4,-7.660099999999861e-05,369330.4,空carry 黄金2508 1手(空)@720.64 / 黄金2510 1手(多)@721.68 价差=-1.04,空carry 热卷2508 1手(空)@3201 / 热卷2509 1手(多)@3203 价差=-2,多carry 棕榈油2508 1手(多)@8232 / 棕榈油2509 1手(空)@8156 价差=76,空carry 豆油2508 1手(空)@7652 / 豆油2509 1手(多)@7628 价差=24,[AU] 空carry 黄金2508 1手(空)@720.64 / 黄金2510 1手(多)@721.68 价差=-1.04 z=1.79 | [HC] 空carry 热卷2508 1手(空)@3201 / 热卷2509 1手(多)@3203 价差=-2 z=1.62 | [P] 多carry 棕榈油2508 1手(多)@8232 / 棕榈油2509 1手(空)@8156 价差=76 z=-1.86 | [Y] 空carry 豆油2508 1手(空)@7652 / 豆油2509 1手(多)@7628 价差=24 z=2.04
2025-04-09,False,4,8,160.0,60.0,-140.0,100.0,321120.8,7692.0,22447.600000000002,21266.0,45.0,0.0,4.499999999998822e-05,372526.4,空carry 黄金2508 1手(空)@729.4 / 黄金2510 1手(多)@730.24 价差=-0.84,空carry 热卷2508 1手(空)@3203 / 热卷2509 1手(多)@3207 价差=-4,多carry 棕榈油2508 1手(多)@8056 / 棕榈油2509 1手(空)@7978 价差=78,空carry 豆油2508 1手(空)@7614 / 豆油2509 1手(多)@7576 价差=38,[AU] 空carry 黄金2508 1手(空)@729.4 / 黄金2510 1手(多)@730.24 价差=-0.84 z=2.23 | [HC] 空carry 热卷2508 1手(空)@3203 / 热卷2509 1手(多)@3207 价差=-4 z=1.21 | [P] 多carry 棕榈油2508 1手(多)@8056 / 棕榈油2509 1手(空)@7978 价差=78 z=-1.68 | [Y] 空carry 豆油2508 1手(空)@7614 / 豆油2509 1手(多)@7576 价差=38 z=2.13
2025-04-10,False,3,6,-100.0,-6.49,-40.0,40.0,328248.8,0.0,23010.4,21448.0,-26.62,6.49,-2.6622999999977786e-05,372707.2,空carry 黄金2508 1手(空)@745.52 / 黄金2510 1手(多)@746.52 价差=-1,,多carry 棕榈油2508 1手(多)@8250 / 棕榈油2509 1手(空)@8186 价差=64,空carry 豆油2508 1手(空)@7674 / 豆油2509 1手(多)@7646 价差=28,[AU] 空carry 黄金2508 1手(空)@745.52 / 黄金2510 1手(多)@746.52 价差=-1 z=1.49 | [P] 多carry 棕榈油2508 1手(多)@8250 / 棕榈油2509 1手(空)@8186 价差=64 z=-2.10 | [Y] 空carry 豆油2508 1手(空)@7674 / 豆油2509 1手(多)@7646 价差=28 z=1.56
2025-04-11,False,4,8,-0.0,3.53,100.0,80.0,333946.8,7766.4,23032.800000000003,21537.600000000002,45.88,6.47,4.588199999999252e-05,386283.6,空carry 黄金2508 1手(空)@758.52 / 黄金2510 1手(多)@759.42 价差=-0.9,空carry 热卷2508 1手(空)@3234 / 热卷2509 1手(多)@3238 价差=-4,多carry 棕榈油2508 1手(多)@8256 / 棕榈油2509 1手(空)@8196 价差=60,空carry 豆油2508 1手(空)@7704 / 豆油2509 1手(多)@7680 价差=24,[AU] 空carry 黄金2508 1手(空)@758.52 / 黄金2510 1手(多)@759.42 价差=-0.9 z=1.68 | [HC] 空carry 热卷2508 1手(空)@3234 / 热卷2509 1手(多)@3238 价差=-4 z=1.15 | [P] 多carry 棕榈油2508 1手(多)@8256 / 棕榈油2509 1手(空)@8196 价差=60 z=-2.10 | [Y] 空carry 豆油2508 1手(空)@7704 / 豆油2509 1手(多)@7680 价差=24 z=1.28
2025-04-14,False,4,8,60.0,-0.0,-40.0,20.0,336578.0,7765.2,22974.000000000004,21576.800000000003,10.0,0.0,1.0000000000001488e-05,388894.0,空carry 黄金2508 1手(空)@764.5 / 黄金2510 1手(多)@765.4 价差=-0.9,空carry 热卷2508 1手(空)@3233 / 热卷2509 1手(多)@3238 价差=-5,多carry 棕榈油2508 1手(多)@8240 / 棕榈油2509 1手(空)@8170 价差=70,空carry 豆油2508 1手(空)@7714 / 豆油2509 1手(多)@7698 价差=16,[AU] 空carry 黄金2508 1手(空)@764.5 / 黄金2510 1手(多)@765.4 价差=-0.9 z=1.53 | [HC] 空carry 热卷2508 1手(空)@3233 / 热卷2509 1手(多)@3238 价差=-5 z=0.99 | [P] 多carry 棕榈油2508 1手(多)@8240 / 棕榈油2509 1手(空)@8170 价差=70 z=-1.71 | [Y] 空carry 豆油2508 1手(空)@7714 / 豆油2509 1手(多)@7698 价差=16 z=0.93
2025-04-15,False,4,8,-180.0,90.0,60.0,20.0,336978.4,7741.2,22867.600000000002,21512.4,-2.5,0.0,-2.499999999970761e-06,389099.6,空carry 黄金2508 1手(空)@765.38 / 黄金2510 1手(多)@766.34 价差=-0.96,空carry 热卷2508 1手(空)@3223 / 热卷2509 1手(多)@3228 价差=-5,多carry 棕榈油2508 1手(多)@8200 / 棕榈油2509 1手(空)@8134 价差=66,空carry 豆油2508 1手(空)@7690 / 豆油2509 1手(多)@7676 价差=14,[AU] 空carry 黄金2508 1手(空)@765.38 / 黄金2510 1手(多)@766.34 价差=-0.96 z=1.20 | [HC] 空carry 热卷2508 1手(空)@3223 / 热卷2509 1手(多)@3228 价差=-5 z=1.10 | [P] 多carry 棕榈油2508 1手(多)@8200 / 棕榈油2509 1手(空)@8134 价差=66 z=-1.74 | [Y] 空carry 豆油2508 1手(空)@7690 / 豆油2509 1手(多)@7676 价差=14 z=0.79
2025-04-16,False,2,4,360.0,-6.38,-140.0,-5.0,344542.0,0.0,22719.200000000004,0.0,52.16,11.38,5.215549999996311e-05,367261.2,空carry 黄金2508 1手(空)@782.66 / 黄金2510 1手(多)@783.44 价差=-0.78,,多carry 棕榈油2508 1手(多)@8150 / 棕榈油2509 1手(空)@8078 价差=72,,[AU] 空carry 黄金2508 1手(空)@782.66 / 黄金2510 1手(多)@783.44 价差=-0.78 z=1.59 | [P] 多carry 棕榈油2508 1手(多)@8150 / 棕榈油2509 1手(空)@8078 价差=72 z=-1.49
2025-04-17,False,2,4,-40.0,33.62,-0.0,0.0,0.0,7651.199999999999,23052.4,0.0,-1.59,46.38,-1.5940000000003546e-06,30703.6,,空carry 热卷2508 1手(空)@3189 / 热卷2509 1手(多)@3187 价差=2,多carry 棕榈油2508 1手(多)@8262 / 棕榈油2509 1手(空)@8204 价差=58,,[HC] 空carry 热卷2508 1手(空)@3189 / 热卷2509 1手(多)@3187 价差=2 z=1.82 | [P] 多carry 棕榈油2508 1手(多)@8262 / 棕榈油2509 1手(空)@8204 价差=58 z=-1.85
2025-04-18,False,3,6,80.0,60.0,-60.0,0.0,348704.4,7615.199999999999,22850.800000000003,0.0,20.0,40.0,2.0000000000003454e-05,379170.4,空carry 黄金2508 1手(空)@792.06 / 黄金2510 1手(多)@792.96 价差=-0.9,空carry 热卷2508 1手(空)@3172 / 热卷2509 1手(多)@3174 价差=-2,多carry 棕榈油2508 1手(多)@8190 / 棕榈油2509 1手(空)@8132 价差=58,,[AU] 空carry 黄金2508 1手(空)@792.06 / 黄金2510 1手(多)@792.96 价差=-0.9 z=1.12 | [HC] 空carry 热卷2508 1手(空)@3172 / 热卷2509 1手(多)@3174 价差=-2 z=1.16 | [P] 多carry 棕榈油2508 1手(多)@8190 / 棕榈油2509 1手(空)@8132 价差=58 z=-1.75
2025-04-21,False,2,4,460.0,-6.4,140.0,0.0,354873.19999999995,0.0,22663.200000000004,0.0,148.4,6.4,0.00014840000000001898,377536.4,空carry 黄金2508 1手(空)@806.02 / 黄金2510 1手(多)@807.04 价差=-1.02,,多carry 棕榈油2508 1手(多)@8120 / 棕榈油2509 1手(空)@8068 价差=52,,[AU] 空carry 黄金2508 1手(空)@806.02 / 黄金2510 1手(多)@807.04 价差=-1.02 z=0.77 | [P] 多carry 棕榈油2508 1手(多)@8120 / 棕榈油2509 1手(空)@8068 价差=52 z=-1.82
2025-04-22,False,2,4,-40.0,373.66,-80.0,0.0,0.0,7608.0,22856.4,0.0,63.41,46.34,6.341499999999688e-05,30464.4,,空carry 热卷2508 1手(空)@3179 / 热卷2509 1手(多)@3161 价差=18,多carry 棕榈油2508 1手(多)@8196 / 棕榈油2509 1手(空)@8130 价差=66,,[HC] 空carry 热卷2508 1手(空)@3179 / 热卷2509 1手(多)@3161 价差=18 z=2.78 | [P] 多carry 棕榈油2508 1手(多)@8196 / 棕榈油2509 1手(空)@8130 价差=66 z=-1.39
2025-04-23,False,3,6,-160.0,37.14,40.0,0.0,345906.0,7713.599999999999,23091.600000000002,0.0,-20.71,52.86,-2.0713999999982377e-05,376711.2,多carry 黄金2508 1手(多)@785.4 / 黄金2510 1手(空)@786.9 价差=-1.5,多carry 热卷2508 1手(多)@3204 / 热卷2509 1手(空)@3224 价差=-20,多carry 棕榈油2508 1手(多)@8276 / 棕榈油2509 1手(空)@8218 价差=58,,[AU] 多carry 黄金2508 1手(多)@785.4 / 黄金2510 1手(空)@786.9 价差=-1.5 z=-0.79 | [HC] 多carry 热卷2508 1手(多)@3204 / 热卷2509 1手(空)@3224 价差=-20 z=-1.23 | [P] 多carry 棕榈油2508 1手(多)@8276 / 棕榈油2509 1手(空)@8218 价差=58 z=-1.56
2025-04-24,False,3,6,220.0,-6.38,-180.0,195.0,349681.19999999995,0.0,23130.800000000003,22005.200000000004,57.16,11.38,5.715574999998923e-05,394817.2,多carry 黄金2508 1手(多)@793.92 / 黄金2510 1手(空)@795.54 价差=-1.62,,多carry 棕榈油2508 1手(多)@8292 / 棕榈油2509 1手(空)@8230 价差=62,空carry 豆油2508 1手(空)@7872 / 豆油2509 1手(多)@7846 价差=26,[AU] 多carry 黄金2508 1手(多)@793.92 / 黄金2510 1手(空)@795.54 价差=-1.62 z=-1.24 | [P] 多carry 棕榈油2508 1手(多)@8292 / 棕榈油2509 1手(空)@8230 价差=62 z=-1.41 | [Y] 空carry 豆油2508 1手(空)@7872 / 豆油2509 1手(多)@7846 价差=26 z=0.79
2025-04-25,False,1,2,-40.0,0.0,240.0,-5.0,0.0,0.0,23514.4,0.0,48.75,45.0,4.8749999999999776e-05,23514.4,,,多carry 棕榈油2508 1手(多)@8420 / 棕榈油2509 1手(空)@8376 价差=44,,[P] 多carry 棕榈油2508 1手(多)@8420 / 棕榈油2509 1手(空)@8376 价差=44 z=-1.82
2025-04-28,False,2,4,0.0,63.54,-0.0,0.0,0.0,7748.4,22982.4,0.0,15.89,6.46,1.5885749999999217e-05,30730.8,,空carry 热卷2508 1手(空)@3230 / 热卷2509 1手(多)@3227 价差=3,多carry 棕榈油2508 1手(多)@8242 / 棕榈油2509 1手(空)@8174 价差=68,,[HC] 空carry 热卷2508 1手(空)@3230 / 热卷2509 1手(多)@3227 价差=3 z=1.10 | [P] 多carry 棕榈油2508 1手(多)@8242 / 棕榈油2509 1手(空)@8174 价差=68 z=-1.16
2025-04-29,False,2,4,0.0,-6.4,20.0,-25.0,0.0,0.0,22831.200000000004,21784.000000000004,-2.85,11.4,-2.849499999995708e-06,44615.2,,,多carry 棕榈油2508 1手(多)@8188 / 棕榈油2509 1手(空)@8120 价差=68,多carry 豆油2508 1手(多)@7780 / 豆油2509 1手(空)@7780 价差=0,[P] 多carry 棕榈油2508 1手(多)@8188 / 棕榈油2509 1手(空)@8120 价差=68 z=-1.12 | [Y] 多carry 豆油2508 1手(多)@7780 / 豆油2509 1手(空)@7780 价差=0 z=-1.16
2025-04-30,False,2,4,0.0,0.0,-120.0,40.0,0.0,0.0,22912.4,21926.800000000003,-20.0,0.0,-1.999999999999966e-05,44839.2,,,多carry 棕榈油2508 1手(多)@8218 / 棕榈油2509 1手(空)@8148 价差=70,多carry 豆油2508 1手(多)@7830 / 豆油2509 1手(空)@7832 价差=-2,[P] 多carry 棕榈油2508 1手(多)@8218 / 棕榈油2509 1手(空)@8148 价差=70 z=-1.04 | [Y] 多carry 豆油2508 1手(多)@7830 / 豆油2509 1手(空)@7832 价差=-2 z=-1.25
2025-05-06,False,3,6,-600.0,0.0,-80.0,40.0,351854.80000000005,0.0,22316.0,21753.200000000004,-160.0,40.0,-0.00015999999999997955,395924.0,多carry 黄金2510 1手(多)@798.96 / 黄金2512 1手(空)@800.38 价差=-1.42,,多carry 棕榈油2509 1手(多)@7974 / 棕榈油2510 1手(空)@7966 价差=8,多carry 豆油2509 1手(多)@7760 / 豆油2511 1手(空)@7778 价差=-18,[AU] 多carry 黄金2510 1手(多)@798.96 / 黄金2512 1手(空)@800.38 价差=-1.42 z=-0.88 | [P] 多carry 棕榈油2509 1手(多)@7974 / 棕榈油2510 1手(空)@7966 价差=8 z=-2.43 | [Y] 多carry 豆油2509 1手(多)@7760 / 豆油2511 1手(空)@7778 价差=-18 z=-2.17
2025-05-07,False,3,6,-60.0,0.0,80.0,-0.0,354908.4,0.0,22159.2,21820.4,5.0,0.0,5.000000000019146e-06,398888.0,多carry 黄金2510 1手(多)@805.62 / 黄金2512 1手(空)@807.6 价差=-1.98,,多carry 棕榈油2509 1手(多)@7914 / 棕榈油2510 1手(空)@7914 价差=0,多carry 豆油2509 1手(多)@7786 / 豆油2511 1手(空)@7800 价差=-14,[AU] 多carry 黄金2510 1手(多)@805.62 / 黄金2512 1手(空)@807.6 价差=-1.98 z=-2.61 | [P] 多carry 棕榈油2509 1手(多)@7914 / 棕榈油2510 1手(空)@7914 价差=0 z=-2.46 | [Y] 多carry 豆油2509 1手(多)@7786 / 豆油2511 1手(空)@7800 价差=-14 z=-1.68
2025-05-08,False,3,6,100.0,0.0,-120.0,-0.0,349368.8,0.0,22131.200000000004,21747.600000000002,-5.0,0.0,-5.000000000003048e-06,393247.6,多carry 黄金2510 1手(多)@793 / 黄金2512 1手(空)@795.04 价差=-2.04,,多carry 棕榈油2509 1手(多)@7908 / 棕榈油2510 1手(空)@7900 价差=8,多carry 豆油2509 1手(多)@7760 / 豆油2511 1手(空)@7774 价差=-14,[AU] 多carry 黄金2510 1手(多)@793 / 黄金2512 1手(空)@795.04 价差=-2.04 z=-2.32 | [P] 多carry 棕榈油2509 1手(多)@7908 / 棕榈油2510 1手(空)@7900 价差=8 z=-2.14 | [Y] 多carry 豆油2509 1手(多)@7760 / 豆油2511 1手(空)@7774 价差=-14 z=-1.49
2025-05-09,False,3,6,120.0,0.0,60.0,-40.0,348299.6,0.0,22086.4,21803.600000000002,35.0,0.0,3.499999999995498e-05,392189.6,多carry 黄金2510 1手(多)@790.62 / 黄金2512 1手(空)@792.56 价差=-1.94,,多carry 棕榈油2509 1手(多)@7886 / 棕榈油2510 1手(空)@7890 价差=-4,多carry 豆油2509 1手(多)@7780 / 豆油2511 1手(空)@7794 价差=-14,[AU] 多carry 黄金2510 1手(多)@790.62 / 黄金2512 1手(空)@792.56 价差=-1.94 z=-1.76 | [P] 多carry 棕榈油2509 1手(多)@7886 / 棕榈油2510 1手(空)@7890 价差=-4 z=-2.26 | [Y] 多carry 豆油2509 1手(多)@7780 / 豆油2511 1手(空)@7794 价差=-14 z=-1.33
2025-05-12,False,3,6,-140.0,0.0,80.0,60.0,341145.19999999995,0.0,22464.4,21904.4,0.0,0.0,1.7656986983638488e-17,385514.0,多carry 黄金2510 1手(多)@774.42 / 黄金2512 1手(空)@776.24 价差=-1.82,,多carry 棕榈油2509 1手(多)@8024 / 棕榈油2510 1手(空)@8022 价差=2,多carry 豆油2509 1手(多)@7814 / 豆油2511 1手(空)@7832 价差=-18,[AU] 多carry 黄金2510 1手(多)@774.42 / 黄金2512 1手(空)@776.24 价差=-1.82 z=-1.38 | [P] 多carry 棕榈油2509 1手(多)@8024 / 棕榈油2510 1手(空)@8022 价差=2 z=-2.02 | [Y] 多carry 豆油2509 1手(多)@7814 / 豆油2511 1手(空)@7832 价差=-18 z=-1.49
2025-05-13,False,3,6,-20.0,0.0,160.0,-80.0,339090.4,0.0,22257.2,21834.4,15.0,0.0,1.5000000000010061e-05,383182.0,多carry 黄金2510 1手(多)@769.68 / 黄金2512 1手(空)@771.64 价差=-1.96,,多carry 棕榈油2509 1手(多)@7954 / 棕榈油2510 1手(空)@7944 价差=10,多carry 豆油2509 1手(多)@7792 / 豆油2511 1手(空)@7804 价差=-12,[AU] 多carry 黄金2510 1手(多)@769.68 / 黄金2512 1手(空)@771.64 价差=-1.96 z=-1.56 | [P] 多carry 棕榈油2509 1手(多)@7954 / 棕榈油2510 1手(空)@7944 价差=10 z=-1.77 | [Y] 多carry 豆油2509 1手(多)@7792 / 豆油2511 1手(空)@7804 价差=-12 z=-1.00
2025-05-14,False,3,6,420.0,0.0,-80.0,-60.0,336437.19999999995,0.0,22878.800000000003,22187.2,70.0,0.0,7.0000000000029e-05,381503.2,多carry 黄金2510 1手(多)@763.64 / 黄金2512 1手(空)@765.62 价差=-1.98,,多carry 棕榈油2509 1手(多)@8184 / 棕榈油2510 1手(空)@8158 价差=26,多carry 豆油2509 1手(多)@7914 / 豆油2511 1手(空)@7934 价差=-20,[AU] 多carry 黄金2510 1手(多)@763.64 / 黄金2512 1手(空)@765.62 价差=-1.98 z=-1.47 | [P] 多carry 棕榈油2509 1手(多)@8184 / 棕榈油2510 1手(空)@8158 价差=26 z=-1.41 | [Y] 多carry 豆油2509 1手(多)@7914 / 豆油2511 1手(空)@7934 价差=-20 z=-1.43
2025-05-15,False,2,4,-40.0,0.0,40.0,-20.0,0.0,0.0,22509.200000000004,21865.200000000004,-5.0,40.0,-5.000000000001251e-06,44374.4,,,多carry 棕榈油2509 1手(多)@8048 / 棕榈油2510 1手(空)@8030 价差=18,多carry 豆油2509 1手(多)@7796 / 豆油2511 1手(空)@7822 价差=-26,[P] 多carry 棕榈油2509 1手(多)@8048 / 棕榈油2510 1手(空)@8030 价差=18 z=-1.50 | [Y] 多carry 豆油2509 1手(多)@7796 / 豆油2511 1手(空)@7822 价差=-26 z=-1.64
2025-05-16,False,2,4,0.0,0.0,60.0,60.0,0.0,0.0,22324.4,21750.4,30.0,0.0,2.9999999999999293e-05,44074.8,,,多carry 棕榈油2509 1手(多)@7984 / 棕榈油2510 1手(空)@7962 价差=22,多carry 豆油2509 1手(多)@7754 / 豆油2511 1手(空)@7782 价差=-28,[P] 多carry 棕榈油2509 1手(多)@7984 / 棕榈油2510 1手(空)@7962 价差=22 z=-1.37 | [Y] 多carry 豆油2509 1手(多)@7754 / 豆油2511 1手(空)@7782 价差=-28 z=-1.57
2025-05-19,False,2,4,0.0,0.0,20.0,-20.0,0.0,0.0,22355.200000000004,21803.600000000002,-0.0,0.0,-3.879563337250147e-18,44158.8,,,多carry 棕榈油2509 1手(多)@7998 / 棕榈油2510 1手(空)@7970 价差=28,多carry 豆油2509 1手(多)@7776 / 豆油2511 1手(空)@7798 价差=-22,[P] 多carry 棕榈油2509 1手(多)@7998 / 棕榈油2510 1手(空)@7970 价差=28 z=-1.21 | [Y] 多carry 豆油2509 1手(多)@7776 / 豆油2511 1手(空)@7798 价差=-22 z=-1.06
2025-05-20,False,2,4,0.0,0.0,-80.0,-60.0,0.0,0.0,22654.800000000003,21929.600000000002,-35.0,0.0,-3.500000000000054e-05,44584.4,,,多carry 棕榈油2509 1手(多)@8106 / 棕榈油2510 1手(空)@8076 价差=30,多carry 豆油2509 1手(多)@7820 / 豆油2511 1手(空)@7844 价差=-24,[P] 多carry 棕榈油2509 1手(多)@8106 / 棕榈油2510 1手(空)@8076 价差=30 z=-1.14 | [Y] 多carry 豆油2509 1手(多)@7820 / 豆油2511 1手(空)@7844 价差=-24 z=-1.10
2025-05-21,False,2,4,0.0,0.0,20.0,140.0,0.0,0.0,22660.4,21921.2,40.0,0.0,3.9999999999999204e-05,44581.6,,,多carry 棕榈油2509 1手(多)@8104 / 棕榈油2510 1手(空)@8082 价差=22,多carry 豆油2509 1手(多)@7814 / 豆油2511 1手(空)@7844 价差=-30,[P] 多carry 棕榈油2509 1手(多)@8104 / 棕榈油2510 1手(空)@8082 价差=22 z=-1.26 | [Y] 多carry 豆油2509 1手(多)@7814 / 豆油2511 1手(空)@7844 价差=-30 z=-1.32
2025-05-22,False,2,4,80.0,0.0,-20.0,-5.0,344550.8,0.0,22349.600000000002,0.0,13.75,45.0,1.375000000002235e-05,366900.4,多carry 黄金2510 1手(多)@782.14 / 黄金2512 1手(空)@784 价差=-1.86,,多carry 棕榈油2509 1手(多)@7994 / 棕榈油2510 1手(空)@7970 价差=24,,[AU] 多carry 黄金2510 1手(多)@782.14 / 黄金2512 1手(空)@784 价差=-1.86 z=-0.77 | [P] 多carry 棕榈油2509 1手(多)@7994 / 棕榈油2510 1手(空)@7970 价差=24 z=-1.19
2025-05-23,False,3,6,-40.0,63.61,120.0,-5.0,0.0,7665.599999999999,22386.0,21803.600000000002,34.65,51.39,3.465299999999937e-05,51855.2,,空carry 热卷2509 1手(空)@3199 / 热卷2510 1手(多)@3189 价差=10,多carry 棕榈油2509 1手(多)@8006 / 棕榈油2510 1手(空)@7984 价差=22,多carry 豆油2509 1手(多)@7774 / 豆油2511 1手(空)@7800 价差=-26,[HC] 空carry 热卷2509 1手(空)@3199 / 热卷2510 1手(多)@3189 价差=10 z=2.26 | [P] 多carry 棕榈油2509 1手(多)@8006 / 棕榈油2510 1手(空)@7984 价差=22 z=-1.20 | [Y] 多carry 豆油2509 1手(多)@7774 / 豆油2511 1手(空)@7800 价差=-26 z=-0.93
2025-05-26,False,3,6,0.0,-80.0,-40.0,60.0,0.0,7534.799999999999,22223.600000000002,21607.600000000002,-15.0,0.0,-1.4999999999998003e-05,51366.0,,空carry 热卷2509 1手(空)@3141 / 热卷2510 1手(多)@3138 价差=3,多carry 棕榈油2509 1手(多)@7954 / 棕榈油2510 1手(空)@7920 价差=34,多carry 豆油2509 1手(多)@7704 / 豆油2511 1手(空)@7730 价差=-26,[HC] 空carry 热卷2509 1手(空)@3141 / 热卷2510 1手(多)@3138 价差=3 z=1.15 | [P] 多carry 棕榈油2509 1手(多)@7954 / 棕榈油2510 1手(空)@7920 价差=34 z=-0.92 | [Y] 多carry 豆油2509 1手(多)@7704 / 豆油2511 1手(空)@7730 价差=-26 z=-0.87
2025-05-27,False,2,4,0.0,-60.0,-240.0,-5.0,0.0,7479.599999999999,22481.2,0.0,-76.25,5.0,-7.625000000000198e-05,29960.8,,空carry 热卷2509 1手(空)@3122 / 热卷2510 1手(多)@3111 价差=11,多carry 棕榈油2509 1手(多)@8044 / 棕榈油2510 1手(空)@8014 价差=30,,[HC] 空carry 热卷2509 1手(空)@3122 / 热卷2510 1手(多)@3111 价差=11 z=2.35 | [P] 多carry 棕榈油2509 1手(多)@8044 / 棕榈油2510 1手(空)@8014 价差=30 z=-0.98
2025-05-28,False,2,4,0.0,-20.0,360.0,0.0,0.0,7460.4,22604.4,0.0,85.0,0.0,8.499999999999675e-05,30064.8,,空carry 热卷2509 1手(空)@3117 / 热卷2510 1手(多)@3100 价差=17,多carry 棕榈油2509 1手(多)@8076 / 棕榈油2510 1手(空)@8070 价差=6,,[HC] 空carry 热卷2509 1手(空)@3117 / 热卷2510 1手(多)@3100 价差=17 z=2.59 | [P] 多carry 棕榈油2509 1手(多)@8076 / 棕榈油2510 1手(空)@8070 价差=6 z=-1.45
2025-05-29,False,1,2,0.0,-100.0,-5.0,0.0,0.0,7486.799999999999,0.0,0.0,-26.25,5.0,-2.625000000000015e-05,7486.8,,空carry 热卷2509 1手(空)@3129 / 热卷2510 1手(多)@3110 价差=19,,,[HC] 空carry 热卷2509 1手(空)@3129 / 热卷2510 1手(多)@3110 价差=19 z=2.33
2025-05-30,False,2,4,0.0,30.0,0.0,195.0,0.0,7417.2,0.0,21425.600000000002,56.25,5.0,5.625000000000095e-05,28842.8,,空carry 热卷2509 1手(空)@3105 / 热卷2510 1手(多)@3076 价差=29,,多carry 豆油2509 1手(多)@7638 / 豆油2511 1手(空)@7666 价差=-28,[HC] 空carry 热卷2509 1手(空)@3105 / 热卷2510 1手(多)@3076 价差=29 z=2.65 | [Y] 多carry 豆油2509 1手(多)@7638 / 豆油2511 1手(空)@7666 价差=-28 z=-1.18
2025-06-03,False,2,4,0.0,-6.09,-25.0,60.0,0.0,0.0,22797.600000000002,21610.4,7.23,11.09,7.226499999999395e-06,44408.0,,,多carry 棕榈油2510 1手(多)@8152 / 棕榈油2511 1手(空)@8132 价差=20,多carry 豆油2511 1手(多)@7700 / 豆油2512 1手(空)@7736 价差=-36,[P] 多carry 棕榈油2510 1手(多)@8152 / 棕榈油2511 1手(空)@8132 价差=20 z=-1.10 | [Y] 多carry 豆油2511 1手(多)@7700 / 豆油2512 1手(空)@7736 价差=-36 z=-2.27
2025-06-04,False,3,6,-20.0,0.0,-280.0,20.0,345545.2,0.0,22610.0,21585.2,-70.0,40.0,-6.999999999999516e-05,389740.4,多carry 黄金2510 1手(多)@784.28 / 黄金2512 1手(空)@786.38 价差=-2.1,,多carry 棕榈油2510 1手(多)@8084 / 棕榈油2511 1手(空)@8066 价差=18,多carry 豆油2511 1手(多)@7694 / 豆油2512 1手(空)@7724 价差=-30,[AU] 多carry 黄金2510 1手(多)@784.28 / 黄金2512 1手(空)@786.38 价差=-2.1 z=-1.94 | [P] 多carry 棕榈油2510 1手(多)@8084 / 棕榈油2511 1手(空)@8066 价差=18 z=-1.10 | [Y] 多carry 豆油2511 1手(多)@7694 / 豆油2512 1手(空)@7724 价差=-30 z=-1.19
2025-06-05,False,3,6,160.0,0.0,100.0,-0.0,346095.19999999995,0.0,22576.4,21560.0,65.0,0.0,6.500000000003382e-05,390231.6,多carry 黄金2510 1手(多)@785.54 / 黄金2512 1手(空)@787.62 价差=-2.08,,多carry 棕榈油2510 1手(多)@8058 / 棕榈油2511 1手(空)@8068 价差=-10,多carry 豆油2511 1手(多)@7686 / 豆油2512 1手(空)@7714 价差=-28,[AU] 多carry 黄金2510 1手(多)@785.54 / 黄金2512 1手(空)@787.62 价差=-2.08 z=-1.59 | [P] 多carry 棕榈油2510 1手(多)@8058 / 棕榈油2511 1手(空)@8068 价差=-10 z=-1.64 | [Y] 多carry 豆油2511 1手(多)@7686 / 豆油2512 1手(空)@7714 价差=-28 z=-0.79
2025-06-06,False,1,2,-40.0,0.0,180.0,-5.0,0.0,0.0,22556.800000000003,0.0,33.75,45.0,3.374999999999605e-05,22556.8,,,多carry 棕榈油2510 1手(多)@8056 / 棕榈油2511 1手(空)@8056 价差=0,,[P] 多carry 棕榈油2510 1手(多)@8056 / 棕榈油2511 1手(空)@8056 价差=0 z=-1.41
2025-06-09,False,1,2,0.0,0.0,-280.0,0.0,0.0,0.0,22755.600000000002,0.0,-70.0,0.0,-6.999999999999945e-05,22755.6,,,多carry 棕榈油2510 1手(多)@8136 / 棕榈油2511 1手(空)@8118 价差=18,,[P] 多carry 棕榈油2510 1手(多)@8136 / 棕榈油2511 1手(空)@8118 价差=18 z=-0.98
2025-06-10,False,3,6,40.0,0.0,100.0,95.0,342232.0,0.0,22576.4,21761.600000000002,58.75,45.0,5.8750000000045474e-05,386570.0,空carry 黄金2510 1手(空)@776.94 / 黄金2512 1手(多)@778.66 价差=-1.72,,多carry 棕榈油2510 1手(多)@8058 / 棕榈油2511 1手(空)@8068 价差=-10,空carry 豆油2511 1手(空)@7764 / 豆油2512 1手(多)@7780 价差=-16,[AU] 空carry 黄金2510 1手(空)@776.94 / 黄金2512 1手(多)@778.66 价差=-1.72 z=0.86 | [P] 多carry 棕榈油2510 1手(多)@8058 / 棕榈油2511 1手(空)@8068 价差=-10 z=-1.57 | [Y] 空carry 豆油2511 1手(空)@7764 / 豆油2512 1手(多)@7780 价差=-16 z=1.40
2025-06-11,False,1,2,-40.0,0.0,60.0,-5.0,0.0,0.0,22209.600000000002,0.0,3.75,45.0,3.750000000000142e-06,22209.6,,,多carry 棕榈油2510 1手(多)@7932 / 棕榈油2511 1手(空)@7932 价差=0,,[P] 多carry 棕榈油2510 1手(多)@7932 / 棕榈油2511 1手(空)@7932 价差=0 z=-1.30
2025-06-12,False,2,4,0.0,0.0,140.0,-5.0,0.0,0.0,22318.800000000003,21571.2,33.75,5.0,3.375000000000361e-05,43890.0,,,多carry 棕榈油2510 1手(多)@7974 / 棕榈油2511 1手(空)@7968 价差=6,空carry 豆油2511 1手(空)@7694 / 豆油2512 1手(多)@7714 价差=-20,[P] 多carry 棕榈油2510 1手(多)@7974 / 棕榈油2511 1手(空)@7968 价差=6 z=-1.13 | [Y] 空carry 豆油2511 1手(空)@7694 / 豆油2512 1手(多)@7714 价差=-20 z=0.94
2025-06-13,False,2,4,0.0,0.0,260.0,-180.0,0.0,0.0,22629.600000000002,21823.2,20.0,0.0,2.000000000000284e-05,44452.8,,,多carry 棕榈油2510 1手(多)@8092 / 棕榈油2511 1手(空)@8072 价差=20,空carry 豆油2511 1手(空)@7784 / 豆油2512 1手(多)@7804 价差=-20,[P] 多carry 棕榈油2510 1手(多)@8092 / 棕榈油2511 1手(空)@8072 价差=20 z=-0.78 | [Y] 空carry 豆油2511 1手(空)@7784 / 豆油2512 1手(多)@7804 价差=-20 z=0.86
2025-06-16,False,1,2,0.0,0.0,-5.0,40.0,0.0,0.0,0.0,22302.0,8.75,5.0,8.750000000003013e-06,22302.0,,,,空carry 豆油2511 1手(空)@7964 / 豆油2512 1手(多)@7966 价差=-2,[Y] 空carry 豆油2511 1手(空)@7964 / 豆油2512 1手(多)@7966 价差=-2 z=2.99
2025-06-17,False,2,4,0.0,13.81,0.0,-0.0,0.0,7423.2,0.0,22352.4,3.45,6.19,3.4534999999991225e-06,29775.6,,多carry 热卷2510 1手(多)@3093 / 热卷2511 1手(空)@3093 价差=0,,空carry 豆油2511 1手(空)@7980 / 豆油2512 1手(多)@7986 价差=-6,[HC] 多carry 热卷2510 1手(多)@3093 / 热卷2511 1手(空)@3093 价差=0 z=-0.81 | [Y] 空carry 豆油2511 1手(空)@7980 / 豆油2512 1手(多)@7986 价差=-6 z=2.03
2025-06-18,False,1,2,0.0,-6.2,0.0,-80.0,0.0,0.0,0.0,22587.600000000002,-21.55,6.2,-2.155049999999912e-05,22587.6,,,,空carry 豆油2511 1手(空)@8064 / 豆油2512 1手(多)@8070 价差=-6,[Y] 空carry 豆油2511 1手(空)@8064 / 豆油2512 1手(多)@8070 价差=-6 z=1.75
2025-06-19,False,3,6,0.0,13.8,255.0,140.0,0.0,7446.0,23735.600000000002,22794.800000000003,102.2,11.2,0.0001021987500000014,53976.4,,多carry 热卷2510 1手(多)@3103 / 热卷2511 1手(空)@3102 价差=1,多carry 棕榈油2510 1手(多)@8472 / 棕榈油2511 1手(空)@8482 价差=-10,空carry 豆油2511 1手(空)@8142 / 豆油2512 1手(多)@8140 价差=2,[HC] 多carry 热卷2510 1手(多)@3103 / 热卷2511 1手(空)@3102 价差=1 z=-0.82 | [P] 多carry 棕榈油2510 1手(多)@8472 / 棕榈油2511 1手(空)@8482 价差=-10 z=-1.44 | [Y] 空carry 豆油2511 1手(空)@8142 / 豆油2512 1手(多)@8140 价差=2 z=2.18
2025-06-20,False,2,4,0.0,-6.23,20.0,140.0,0.0,0.0,23732.800000000003,22786.4,38.44,6.23,3.8442749999999574e-05,46519.2,,,多carry 棕榈油2510 1手(多)@8484 / 棕榈油2511 1手(空)@8468 价差=16,空carry 豆油2511 1手(空)@8132 / 豆油2512 1手(多)@8144 价差=-12,[P] 多carry 棕榈油2510 1手(多)@8484 / 棕榈油2511 1手(空)@8468 价差=16 z=-0.77 | [Y] 空carry 豆油2511 1手(空)@8132 / 豆油2512 1手(多)@8144 价差=-12 z=0.75
2025-06-23,False,2,4,-100.0,-36.22,-5.0,-5.0,345008.4,7468.799999999999,0.0,0.0,-36.56,56.22,-3.6555999999992e-05,352477.2,空carry 黄金2510 1手(空)@783.22 / 黄金2512 1手(多)@785 价差=-1.78,多carry 热卷2510 1手(多)@3112 / 热卷2511 1手(空)@3112 价差=0,,,[AU] 空carry 黄金2510 1手(空)@783.22 / 黄金2512 1手(多)@785 价差=-1.78 z=0.99 | [HC] 多carry 热卷2510 1手(多)@3112 / 热卷2511 1手(空)@3112 价差=0 z=-0.92
2025-06-24,False,3,6,80.0,10.0,-65.0,0.0,340903.19999999995,7441.199999999999,23223.2,0.0,6.25,5.0,6.250000000031004e-06,371567.6,空carry 黄金2510 1手(空)@773.92 / 黄金2512 1手(多)@775.64 价差=-1.72,多carry 热卷2510 1手(多)@3099 / 热卷2511 1手(空)@3102 价差=-3,多carry 棕榈油2510 1手(多)@8294 / 棕榈油2511 1手(空)@8294 价差=0,,[AU] 空carry 黄金2510 1手(空)@773.92 / 黄金2512 1手(多)@775.64 价差=-1.72 z=1.31 | [HC] 多carry 热卷2510 1手(多)@3099 / 热卷2511 1手(空)@3102 价差=-3 z=-1.24 | [P] 多carry 棕榈油2510 1手(多)@8294 / 棕榈油2511 1手(空)@8294 价差=0 z=-1.19
2025-06-25,False,2,4,-40.0,20.0,140.0,0.0,0.0,7437.6,23276.4,0.0,30.0,40.0,2.999999999999831e-05,30714.0,,多carry 热卷2510 1手(多)@3098 / 热卷2511 1手(空)@3100 价差=-2,多carry 棕榈油2510 1手(多)@8310 / 棕榈油2511 1手(空)@8316 价差=-6,,[HC] 多carry 热卷2510 1手(多)@3098 / 热卷2511 1手(空)@3100 价差=-2 z=-1.00 | [P] 多carry 棕榈油2510 1手(多)@8310 / 棕榈油2511 1手(空)@8316 价差=-6 z=-1.36
2025-06-26,False,2,4,0.0,-6.21,80.0,115.0,0.0,0.0,23363.200000000004,22416.800000000003,47.2,11.21,4.719850000000044e-05,45780.0,,,多carry 棕榈油2510 1手(多)@8348 / 棕榈油2511 1手(空)@8340 价差=8,空carry 豆油2511 1手(空)@8002 / 豆油2512 1手(多)@8010 价差=-8,[P] 多carry 棕榈油2510 1手(多)@8348 / 棕榈油2511 1手(空)@8340 价差=8 z=-0.91 | [Y] 空carry 豆油2511 1手(空)@8002 / 豆油2512 1手(多)@8010 价差=-8 z=1.01
2025-06-27,False,1,2,0.0,33.75,-5.0,-5.0,0.0,7495.2,0.0,0.0,5.94,16.25,5.938500000000284e-06,7495.2,,多carry 热卷2510 1手(多)@3121 / 热卷2511 1手(空)@3125 价差=-4,,,[HC] 多carry 热卷2510 1手(多)@3121 / 热卷2511 1手(空)@3125 价差=-4 z=-1.13
2025-06-30,False,3,6,20.0,-6.25,-65.0,175.0,338118.0,0.0,23312.800000000003,22380.4,30.94,56.25,3.0938499999988476e-05,383811.2,空carry 黄金2510 1手(空)@767.58 / 黄金2512 1手(多)@769.32 价差=-1.74,,多carry 棕榈油2510 1手(多)@8328 / 棕榈油2511 1手(空)@8324 价差=4,空carry 豆油2511 1手(空)@7990 / 豆油2512 1手(多)@7996 价差=-6,[AU] 空carry 黄金2510 1手(空)@767.58 / 黄金2512 1手(多)@769.32 价差=-1.74 z=0.83 | [P] 多carry 棕榈油2510 1手(多)@8328 / 棕榈油2511 1手(空)@8324 价差=4 z=-1.03 | [Y] 空carry 豆油2511 1手(空)@7990 / 豆油2512 1手(多)@7996 价差=-6 z=1.08
2025-07-01,False,4,8,20.0,33.72,80.0,-50.0,342742.4,7534.799999999999,23363.200000000004,22377.600000000002,20.93,96.28,2.093025000001839e-05,396018.0,多carry 黄金2512 1手(多)@777.9 / 黄金2602 1手(空)@780.02 价差=-2.12,多carry 热卷2511 1手(多)@3136 / 热卷2512 1手(空)@3143 价差=-7,多carry 棕榈油2511 1手(多)@8342 / 棕榈油2512 1手(空)@8346 价差=-4,多carry 豆油2511 1手(多)@7980 / 豆油2512 1手(空)@8004 价差=-24,[AU] 多carry 黄金2512 1手(多)@777.9 / 黄金2602 1手(空)@780.02 价差=-2.12 z=-2.31 | [HC] 多carry 热卷2511 1手(多)@3136 / 热卷2512 1手(空)@3143 价差=-7 z=-2.34 | [P] 多carry 棕榈油2511 1手(多)@8342 / 棕榈油2512 1手(空)@8346 价差=-4 z=-1.27 | [Y] 多carry 豆油2511 1手(多)@7980 / 豆油2512 1手(空)@8004 价差=-24 z=-0.78
2025-07-02,False,4,8,-100.0,-10.0,-0.0,40.0,342764.4,7671.6,23632.0,22517.600000000002,-17.5,0.0,-1.749999999999153e-05,396585.6,多carry 黄金2512 1手(多)@778 / 黄金2602 1手(空)@780.02 价差=-2.02,多carry 热卷2511 1手(多)@3195 / 热卷2512 1手(空)@3198 价差=-3,多carry 棕榈油2511 1手(多)@8442 / 棕榈油2512 1手(空)@8438 价差=4,多carry 豆油2511 1手(多)@8028 / 豆油2512 1手(空)@8056 价差=-28,[AU] 多carry 黄金2512 1手(多)@778 / 黄金2602 1手(空)@780.02 价差=-2.02 z=-1.53 | [HC] 多carry 热卷2511 1手(多)@3195 / 热卷2512 1手(空)@3198 价差=-3 z=-1.12 | [P] 多carry 棕榈油2511 1手(多)@8442 / 棕榈油2512 1手(空)@8438 价差=4 z=-0.96 | [Y] 多carry 豆油2511 1手(多)@8028 / 豆油2512 1手(空)@8056 价差=-28 z=-1.22
2025-07-03,False,4,8,-140.0,-0.0,40.0,-40.0,344995.19999999995,7711.2,23727.200000000004,22467.200000000004,-35.0,0.0,-3.499999999999569e-05,398900.8,多carry 黄金2512 1手(多)@783.02 / 黄金2602 1手(空)@785.14 价差=-2.12,多carry 热卷2511 1手(多)@3211 / 热卷2512 1手(空)@3215 价差=-4,多carry 棕榈油2511 1手(多)@8476 / 棕榈油2512 1手(空)@8472 价差=4,多carry 豆油2511 1手(多)@8012 / 豆油2512 1手(空)@8036 价差=-24,[AU] 多carry 黄金2512 1手(多)@783.02 / 黄金2602 1手(空)@785.14 价差=-2.12 z=-2.21 | [HC] 多carry 热卷2511 1手(多)@3211 / 热卷2512 1手(空)@3215 价差=-4 z=-1.30 | [P] 多carry 棕榈油2511 1手(多)@8476 / 棕榈油2512 1手(空)@8472 价差=4 z=-0.93 | [Y] 多carry 豆油2511 1手(多)@8012 / 豆油2512 1手(空)@8036 价差=-24 z=-0.84
2025-07-04,False,4,8,340.0,-40.0,-60.0,-100.0,343169.2,7699.2,23710.4,22338.4,35.0,0.0,3.499999999998852e-05,396917.2,多carry 黄金2512 1手(多)@778.8 / 黄金2602 1手(空)@781.06 价差=-2.26,多carry 热卷2511 1手(多)@3206 / 热卷2512 1手(空)@3210 价差=-4,多carry 棕榈油2511 1手(多)@8472 / 棕榈油2512 1手(空)@8464 价差=8,多carry 豆油2511 1手(多)@7964 / 豆油2512 1手(空)@7992 价差=-28,[AU] 多carry 黄金2512 1手(多)@778.8 / 黄金2602 1手(空)@781.06 价差=-2.26 z=-2.66 | [HC] 多carry 热卷2511 1手(多)@3206 / 热卷2512 1手(空)@3210 价差=-4 z=-1.20 | [P] 多carry 棕榈油2511 1手(多)@8472 / 棕榈油2512 1手(空)@8464 价差=8 z=-0.76 | [Y] 多carry 豆油2511 1手(多)@7964 / 豆油2512 1手(空)@7992 价差=-28 z=-1.27
2025-07-07,False,3,6,-40.0,0.0,60.0,40.0,0.0,7670.4,23685.200000000004,22206.800000000003,15.0,40.0,1.5000000000002169e-05,53562.4,,多carry 热卷2511 1手(多)@3192 / 热卷2512 1手(空)@3200 价差=-8,多carry 棕榈油2511 1手(多)@8460 / 棕榈油2512 1手(空)@8458 价差=2,多carry 豆油2511 1手(多)@7912 / 豆油2512 1手(空)@7950 价差=-38,[HC] 多carry 热卷2511 1手(多)@3192 / 热卷2512 1手(空)@3200 价差=-8 z=-2.01 | [P] 多carry 棕榈油2511 1手(多)@8460 / 棕榈油2512 1手(空)@8458 价差=2 z=-0.95 | [Y] 多carry 豆油2511 1手(多)@7912 / 豆油2512 1手(空)@7950 价差=-38 z=-2.02
2025-07-08,False,3,6,180.0,-10.0,-5.0,-20.0,342874.4,7677.6,0.0,22330.0,36.25,45.0,3.6249999999961064e-05,372882.0,多carry 黄金2512 1手(多)@778.22 / 黄金2602 1手(空)@780.3 价差=-2.08,多carry 热卷2511 1手(多)@3195 / 热卷2512 1手(空)@3203 价差=-8,,多carry 豆油2511 1手(多)@7958 / 豆油2512 1手(空)@7992 价差=-34,[AU] 多carry 黄金2512 1手(多)@778.22 / 黄金2602 1手(空)@780.3 价差=-2.08 z=-1.24 | [HC] 多carry 热卷2511 1手(多)@3195 / 热卷2512 1手(空)@3203 价差=-8 z=-1.73 | [Y] 多carry 豆油2511 1手(多)@7958 / 豆油2512 1手(空)@7992 价差=-34 z=-1.46
2025-07-09,False,3,6,-40.0,50.0,75.0,20.0,0.0,7681.2,24197.600000000002,22271.200000000004,26.25,45.0,2.6249999999996725e-05,54150.0,,多carry 热卷2511 1手(多)@3196 / 热卷2512 1手(空)@3205 价差=-9,多carry 棕榈油2511 1手(多)@8644 / 棕榈油2512 1手(空)@8640 价差=4,多carry 豆油2511 1手(多)@7936 / 豆油2512 1手(空)@7972 价差=-36,[HC] 多carry 热卷2511 1手(多)@3196 / 热卷2512 1手(空)@3205 价差=-9 z=-1.76 | [P] 多carry 棕榈油2511 1手(多)@8644 / 棕榈油2512 1手(空)@8640 价差=4 z=-0.84 | [Y] 多carry 豆油2511 1手(多)@7936 / 豆油2512 1手(空)@7972 价差=-36 z=-1.51
2025-07-10,False,1,2,0.0,-6.53,-5.0,120.0,0.0,0.0,0.0,22302.0,27.12,11.53,2.7116999999999575e-05,22302.0,,,,多carry 豆油2511 1手(多)@7948 / 豆油2512 1手(空)@7982 价差=-34,[Y] 多carry 豆油2511 1手(多)@7948 / 豆油2512 1手(空)@7982 价差=-34 z=-1.22
2025-07-11,False,2,4,220.0,0.0,75.0,-5.0,341598.4,0.0,24178.000000000004,0.0,72.5,50.0,7.249999999999028e-05,365776.4,空carry 黄金2512 1手(空)@775.48 / 黄金2602 1手(多)@777.24 价差=-1.76,,多carry 棕榈油2511 1手(多)@8630 / 棕榈油2512 1手(空)@8640 价差=-10,,[AU] 空carry 黄金2512 1手(空)@775.48 / 黄金2602 1手(多)@777.24 价差=-1.76 z=0.92 | [P] 多carry 棕榈油2511 1手(多)@8630 / 棕榈油2512 1手(空)@8640 价差=-10 z=-1.32
2025-07-14,False,2,4,-40.0,0.0,-20.0,95.0,0.0,0.0,24441.200000000004,22419.600000000002,8.75,45.0,8.749999999999698e-06,46860.8,,,多carry 棕榈油2511 1手(多)@8728 / 棕榈油2512 1手(空)@8730 价差=-2,多carry 豆油2511 1手(多)@7992 / 豆油2512 1手(空)@8022 价差=-30,[P] 多carry 棕榈油2511 1手(多)@8728 / 棕榈油2512 1手(空)@8730 价差=-2 z=-0.98 | [Y] 多carry 豆油2511 1手(多)@7992 / 豆油2512 1手(空)@8022 价差=-30 z=-0.80
2025-07-15,False,2,4,0.0,13.46,20.0,-5.0,0.0,7845.599999999999,24348.800000000003,0.0,7.12,11.54,7.115499999999528e-06,32194.4,,多carry 热卷2511 1手(多)@3266 / 热卷2512 1手(空)@3272 价差=-6,多carry 棕榈油2511 1手(多)@8694 / 棕榈油2512 1手(空)@8698 价差=-4,,[HC] 多carry 热卷2511 1手(多)@3266 / 热卷2512 1手(空)@3272 价差=-6 z=-0.80 | [P] 多carry 棕榈油2511 1手(多)@8694 / 棕榈油2512 1手(空)@8698 价差=-4 z=-1.04
2025-07-16,False,1,2,0.0,-6.52,40.0,0.0,0.0,0.0,24385.200000000004,0.0,8.37,6.52,8.370500000001449e-06,24385.2,,,多carry 棕榈油2511 1手(多)@8708 / 棕榈油2512 1手(空)@8710 价差=-2,,[P] 多carry 棕榈油2511 1手(多)@8708 / 棕榈油2512 1手(空)@8710 价差=-2 z=-0.93
2025-07-17,False,1,2,0.0,0.0,-5.0,55.0,0.0,0.0,0.0,22649.200000000004,12.5,10.0,1.2500000000003751e-05,22649.2,,,,空carry 豆油2511 1手(空)@8082 / 豆油2512 1手(多)@8096 价差=-14,[Y] 空carry 豆油2511 1手(空)@8082 / 豆油2512 1手(多)@8096 价差=-14 z=0.93
2025-07-18,False,3,6,-140.0,53.36,55.0,-5.0,343274.8,7964.4,24948.0,0.0,-9.16,56.64,-9.159249999982265e-06,376187.2,多carry 黄金2512 1手(多)@779.14 / 黄金2602 1手(空)@781.2 价差=-2.06,空carry 热卷2511 1手(空)@3320 / 热卷2512 1手(多)@3317 价差=3,多carry 棕榈油2511 1手(多)@8908 / 棕榈油2512 1手(空)@8912 价差=-4,,[AU] 多carry 黄金2512 1手(多)@779.14 / 黄金2602 1手(空)@781.2 价差=-2.06 z=-0.86 | [HC] 空carry 热卷2511 1手(空)@3320 / 热卷2512 1手(多)@3317 价差=3 z=2.23 | [P] 多carry 棕榈油2511 1手(多)@8908 / 棕榈油2512 1手(空)@8912 价差=-4 z=-0.96
2025-07-21,False,2,4,120.0,-6.8,-5.0,-65.0,345285.6,0.0,0.0,22699.600000000002,10.8,16.8,1.0799250000048914e-05,367985.2,多carry 黄金2512 1手(多)@783.66 / 黄金2602 1手(空)@785.82 价差=-2.16,,,空carry 豆油2511 1手(空)@8106 / 豆油2512 1手(多)@8108 价差=-2,[AU] 多carry 黄金2512 1手(多)@783.66 / 黄金2602 1手(空)@785.82 价差=-2.16 z=-1.31 | [Y] 空carry 豆油2511 1手(空)@8106 / 豆油2512 1手(多)@8108 价差=-2 z=1.97
2025-07-22,False,1,2,-40.0,0.0,0.0,80.0,0.0,0.0,0.0,22635.200000000004,10.0,40.0,9.999999999998402e-06,22635.2,,,,空carry 豆油2511 1手(空)@8086 / 豆油2512 1手(多)@8082 价差=4,[Y] 空carry 豆油2511 1手(空)@8086 / 豆油2512 1手(多)@8082 价差=4 z=2.13
2025-07-23,False,4,8,500.0,-16.89,215.0,60.0,350226.80000000005,8262.0,25113.200000000004,22629.600000000002,189.53,51.88,0.0001895287500000192,406231.6,空carry 黄金2512 1手(空)@795.08 / 黄金2602 1手(多)@796.86 价差=-1.78,多carry 热卷2511 1手(多)@3439 / 热卷2512 1手(空)@3446 价差=-7,多carry 棕榈油2511 1手(多)@8968 / 棕榈油2512 1手(空)@8970 价差=-2,空carry 豆油2511 1手(空)@8080 / 豆油2512 1手(多)@8084 价差=-4,[AU] 空carry 黄金2512 1手(空)@795.08 / 黄金2602 1手(多)@796.86 价差=-1.78 z=1.55 | [HC] 多carry 热卷2511 1手(多)@3439 / 热卷2512 1手(空)@3446 价差=-7 z=-0.94 | [P] 多carry 棕榈油2511 1手(多)@8968 / 棕榈油2512 1手(空)@8970 价差=-2 z=-0.82 | [Y] 空carry 豆油2511 1手(空)@8080 / 豆油2512 1手(多)@8084 价差=-4 z=1.33
2025-07-24,False,3,6,-100.0,140.0,-5.0,-300.0,344097.6,8318.4,0.0,22862.000000000004,-66.25,85.0,-6.62499999999551e-05,375278.0,多carry 黄金2512 1手(多)@780.88 / 黄金2602 1手(空)@783.2 价差=-2.32,多carry 热卷2511 1手(多)@3462 / 热卷2512 1手(空)@3470 价差=-8,,空carry 豆油2511 1手(空)@8160 / 豆油2512 1手(多)@8170 价差=-10,[AU] 多carry 黄金2512 1手(多)@780.88 / 黄金2602 1手(空)@783.2 价差=-2.32 z=-2.04 | [HC] 多carry 热卷2511 1手(多)@3462 / 热卷2512 1手(空)@3470 价差=-8 z=-1.17 | [Y] 空carry 豆油2511 1手(空)@8160 / 豆油2512 1手(多)@8170 价差=-10 z=0.85
2025-07-25,False,4,8,60.0,125.97,255.0,280.0,343424.4,8416.8,25004.0,22803.2,180.24,19.03,0.00018024299999999356,399648.4,多carry 黄金2512 1手(多)@779.34 / 黄金2602 1手(空)@781.68 价差=-2.34,空carry 热卷2511 1手(空)@3510 / 热卷2512 1手(多)@3504 价差=6,多carry 棕榈油2511 1手(多)@8922 / 棕榈油2512 1手(空)@8938 价差=-16,空carry 豆油2511 1手(空)@8154 / 豆油2512 1手(多)@8134 价差=20,[AU] 多carry 黄金2512 1手(多)@779.34 / 黄金2602 1手(空)@781.68 价差=-2.34 z=-1.88 | [HC] 空carry 热卷2511 1手(空)@3510 / 热卷2512 1手(多)@3504 价差=6 z=2.72 | [P] 多carry 棕榈油2511 1手(多)@8922 / 棕榈油2512 1手(空)@8938 价差=-16 z=-1.48 | [Y] 空carry 豆油2511 1手(空)@8154 / 豆油2512 1手(多)@8134 价差=20 z=2.54
2025-07-28,False,2,4,80.0,66.37,-5.0,-5.0,342381.6,8179.199999999999,0.0,0.0,34.09,23.63,3.409200000001998e-05,350560.8,多carry 黄金2512 1手(多)@777 / 黄金2602 1手(空)@779.28 价差=-2.28,多carry 热卷2511 1手(多)@3404 / 热卷2512 1手(空)@3412 价差=-8,,,[AU] 多carry 黄金2512 1手(多)@777 / 黄金2602 1手(空)@779.28 价差=-2.28 z=-1.42 | [HC] 多carry 热卷2511 1手(多)@3404 / 热卷2512 1手(空)@3412 价差=-8 z=-0.93
2025-07-29,False,3,6,-40.0,5.98,0.0,-85.0,340868.0,8409.6,0.0,23030.0,-29.75,19.02,-2.975400000002113e-05,372307.6,多carry 黄金2512 1手(多)@773.6 / 黄金2602 1手(空)@775.8 价差=-2.2,空carry 热卷2511 1手(空)@3504 / 热卷2512 1手(多)@3504 价差=0,,空carry 豆油2511 1手(空)@8224 / 豆油2512 1手(多)@8226 价差=-2,[AU] 多carry 黄金2512 1手(多)@773.6 / 黄金2602 1手(空)@775.8 价差=-2.2 z=-0.97 | [HC] 空carry 热卷2511 1手(空)@3504 / 热卷2512 1手(多)@3504 价差=0 z=1.11 | [Y] 空carry 豆油2511 1手(空)@8224 / 豆油2512 1手(多)@8226 价差=-2 z=0.99
2025-07-30,False,2,4,-160.0,-6.98,0.0,120.0,341827.2,0.0,0.0,23046.800000000003,-11.74,6.98,-1.1743999999992695e-05,364874.0,多carry 黄金2512 1手(多)@775.76 / 黄金2602 1手(空)@778 价差=-2.24,,,空carry 豆油2511 1手(空)@8234 / 豆油2512 1手(多)@8228 价差=6,[AU] 多carry 黄金2512 1手(多)@775.76 / 黄金2602 1手(空)@778 价差=-2.24 z=-1.07 | [Y] 空carry 豆油2511 1手(空)@8234 / 豆油2512 1手(多)@8228 价差=6 z=1.35
2025-07-31,False,1,2,300.0,0.0,0.0,-5.0,340313.6,0.0,0.0,0.0,73.75,5.0,7.374999999999801e-05,340313.6,多carry 黄金2512 1手(多)@772.24 / 黄金2602 1手(空)@774.64 价差=-2.4,,,,[AU] 多carry 黄金2512 1手(多)@772.24 / 黄金2602 1手(空)@774.64 价差=-2.4 z=-1.75
2025-08-01,False,2,4,-40.0,-16.81,0.0,35.0,0.0,8166.0,0.0,23102.800000000003,-5.45,51.8,-5.451250000001332e-06,31268.8,,空carry 热卷2512 1手(空)@3402 / 热卷2601 1手(多)@3403 价差=-1,,空carry 豆油2512 1手(空)@8276 / 豆油2601 1手(多)@8226 价差=50,[HC] 空carry 热卷2512 1手(空)@3402 / 热卷2601 1手(多)@3403 价差=-1 z=0.80 | [Y] 空carry 豆油2512 1手(空)@8276 / 豆油2601 1手(多)@8226 价差=50 z=2.87
2025-08-04,False,3,6,40.0,-50.0,0.0,80.0,345325.2,8196.0,0.0,23063.600000000002,17.5,40.0,1.7499999999985446e-05,376584.8,多carry 黄金2512 1手(多)@783.7 / 黄金2602 1手(空)@785.96 价差=-2.26,空carry 热卷2512 1手(空)@3415 / 热卷2601 1手(多)@3415 价差=0,,空carry 豆油2512 1手(空)@8260 / 豆油2601 1手(多)@8214 价差=46,[AU] 多carry 黄金2512 1手(多)@783.7 / 黄金2602 1手(空)@785.96 价差=-2.26 z=-0.85 | [HC] 空carry 热卷2512 1手(空)@3415 / 热卷2601 1手(多)@3415 价差=0 z=0.96 | [Y] 空carry 豆油2512 1手(空)@8260 / 豆油2601 1手(多)@8214 价差=46 z=2.22
2025-08-05,False,3,6,-40.0,10.0,95.0,80.0,0.0,8314.8,25300.800000000003,23349.200000000004,36.25,45.0,3.625000000000205e-05,56964.8,,空carry 热卷2512 1手(空)@3467 / 热卷2601 1手(多)@3462 价差=5,多carry 棕榈油2512 1手(多)@9028 / 棕榈油2601 1手(空)@9044 价差=-16,空carry 豆油2512 1手(空)@8358 / 豆油2601 1手(多)@8320 价差=38,[HC] 空carry 热卷2512 1手(空)@3467 / 热卷2601 1手(多)@3462 价差=5 z=1.91 | [P] 多carry 棕榈油2512 1手(多)@9028 / 棕榈油2601 1手(空)@9044 价差=-16 z=-1.61 | [Y] 空carry 豆油2512 1手(空)@8358 / 豆油2601 1手(多)@8320 价差=38 z=1.66
2025-08-06,False,3,6,0.0,20.0,-60.0,0.0,0.0,8296.8,25152.4,23506.000000000004,-10.0,0.0,-1.0000000000000575e-05,56955.2,,空carry 热卷2512 1手(空)@3459 / 热卷2601 1手(多)@3455 价差=4,多carry 棕榈油2512 1手(多)@8980 / 棕榈油2601 1手(空)@8986 价差=-6,空carry 豆油2512 1手(空)@8410 / 豆油2601 1手(多)@8380 价差=30,[HC] 空carry 热卷2512 1手(空)@3459 / 热卷2601 1手(多)@3455 价差=4 z=1.51 | [P] 多carry 棕榈油2512 1手(多)@8980 / 棕榈油2601 1手(空)@8986 价差=-6 z=-0.99 | [Y] 空carry 豆油2512 1手(空)@8410 / 豆油2601 1手(多)@8380 价差=30 z=1.21
2025-08-07,False,3,6,0.0,10.0,-0.0,60.0,0.0,8258.4,25088.0,23500.4,17.5,0.0,1.74999999999995e-05,56846.8,,空carry 热卷2512 1手(空)@3442 / 热卷2601 1手(多)@3440 价差=2,多carry 棕榈油2512 1手(多)@8954 / 棕榈油2601 1手(空)@8966 价差=-12,空carry 豆油2512 1手(空)@8408 / 豆油2601 1手(多)@8378 价差=30,[HC] 空carry 热卷2512 1手(空)@3442 / 热卷2601 1手(多)@3440 价差=2 z=0.95 | [P] 多carry 棕榈油2512 1手(多)@8954 / 棕榈油2601 1手(空)@8966 价差=-12 z=-1.30 | [Y] 空carry 豆油2512 1手(空)@8408 / 豆油2601 1手(多)@8378 价差=30 z=1.10
2025-08-08,False,2,4,0.0,-6.86,-40.0,-40.0,0.0,0.0,25183.200000000004,23520.0,-21.71,6.86,-2.1714749999996677e-05,48703.2,,,多carry 棕榈油2512 1手(多)@8988 / 棕榈油2601 1手(空)@9000 价差=-12,空carry 豆油2512 1手(空)@8412 / 豆油2601 1手(多)@8388 价差=24,[P] 多carry 棕榈油2512 1手(多)@8988 / 棕榈油2601 1手(空)@9000 价差=-12 z=-1.26 | [Y] 空carry 豆油2512 1手(空)@8412 / 豆油2601 1手(多)@8388 价差=24 z=0.77
2025-08-11,False,2,4,0.0,0.0,-0.0,20.0,0.0,0.0,25844.0,23671.200000000004,5.0,0.0,5.000000000001805e-06,49515.2,,,多carry 棕榈油2512 1手(多)@9222 / 棕榈油2601 1手(空)@9238 价差=-16,空carry 豆油2512 1手(空)@8468 / 豆油2601 1手(多)@8440 价差=28,[P] 多carry 棕榈油2512 1手(多)@9222 / 棕榈油2601 1手(空)@9238 价差=-16 z=-1.41 | [Y] 空carry 豆油2512 1手(空)@8468 / 豆油2601 1手(多)@8440 价差=28 z=0.86
2025-08-12,False,2,4,0.0,-26.96,0.0,-5.0,0.0,8349.599999999999,26286.4,0.0,-7.99,11.96,-7.989500000000114e-06,34636.0,,空carry 热卷2512 1手(空)@3480 / 热卷2601 1手(多)@3478 价差=2,多carry 棕榈油2512 1手(多)@9380 / 棕榈油2601 1手(空)@9396 价差=-16,,[HC] 空carry 热卷2512 1手(空)@3480 / 热卷2601 1手(多)@3478 价差=2 z=0.77 | [P] 多carry 棕榈油2512 1手(多)@9380 / 棕榈油2601 1手(空)@9396 价差=-16 z=-1.35
2025-08-13,False,2,4,0.0,30.0,-20.0,0.0,0.0,8277.599999999999,26549.600000000002,0.0,2.5,0.0,2.499999999999645e-06,34827.2,,空carry 热卷2512 1手(空)@3451 / 热卷2601 1手(多)@3447 价差=4,多carry 棕榈油2512 1手(多)@9474 / 棕榈油2601 1手(空)@9490 价差=-16,,[HC] 空carry 热卷2512 1手(空)@3451 / 热卷2601 1手(多)@3447 价差=4 z=1.11 | [P] 多carry 棕榈油2512 1手(多)@9474 / 棕榈油2601 1手(空)@9490 价差=-16 z=-1.30
2025-08-14,False,2,4,300.0,-6.85,20.0,0.0,343992.0,0.0,26205.200000000004,0.0,78.29,46.85,7.828675000000707e-05,370197.2,空carry 黄金2512 1手(空)@780.84 / 黄金2602 1手(多)@782.76 价差=-1.92,,多carry 棕榈油2512 1手(多)@9350 / 棕榈油2601 1手(空)@9368 价差=-18,,[AU] 空carry 黄金2512 1手(空)@780.84 / 黄金2602 1手(多)@782.76 价差=-1.92 z=1.51 | [P] 多carry 棕榈油2512 1手(多)@9350 / 棕榈油2601 1手(空)@9368 价差=-18 z=-1.37
2025-08-15,False,2,4,-40.0,0.0,80.0,-45.0,0.0,0.0,26465.600000000002,23942.800000000003,-1.25,45.0,-1.250000000000277e-06,50408.4,,,多carry 棕榈油2512 1手(多)@9444 / 棕榈油2601 1手(空)@9460 价差=-16,空carry 豆油2512 1手(空)@8568 / 豆油2601 1手(多)@8534 价差=34,[P] 多carry 棕榈油2512 1手(多)@9444 / 棕榈油2601 1手(空)@9460 价差=-16 z=-1.21 | [Y] 空carry 豆油2512 1手(空)@8568 / 豆油2601 1手(多)@8534 价差=34 z=0.86
2025-08-18,False,2,4,0.0,-36.83,-5.0,-80.0,0.0,8202.0,0.0,23898.0,-30.46,11.84,-3.045875000000108e-05,32100.0,,空carry 热卷2512 1手(空)@3422 / 热卷2601 1手(多)@3413 价差=9,,空carry 豆油2512 1手(空)@8554 / 豆油2601 1手(多)@8516 价差=38,[HC] 空carry 热卷2512 1手(空)@3422 / 热卷2601 1手(多)@3413 价差=9 z=1.89 | [Y] 空carry 豆油2512 1手(空)@8554 / 豆油2601 1手(多)@8516 价差=38 z=0.97
2025-08-19,False,3,6,0.0,40.0,55.0,-100.0,0.0,8181.6,26961.200000000004,23937.200000000004,-1.25,5.0,-1.2499999999998224e-06,59080.0,,空carry 热卷2512 1手(空)@3415 / 热卷2601 1手(多)@3403 价差=12,多carry 棕榈油2512 1手(多)@9618 / 棕榈油2601 1手(空)@9640 价差=-22,空carry 豆油2512 1手(空)@8572 / 豆油2601 1手(多)@8526 价差=46,[HC] 空carry 热卷2512 1手(空)@3415 / 热卷2601 1手(多)@3403 价差=12 z=2.09 | [P] 多carry 棕榈油2512 1手(多)@9618 / 棕榈油2601 1手(空)@9640 价差=-22 z=-1.46 | [Y] 空carry 豆油2512 1手(空)@8572 / 豆油2601 1手(多)@8526 价差=46 z=1.25
2025-08-20,False,4,8,-140.0,-30.0,80.0,40.0,341347.6,8133.6,26728.800000000003,23637.600000000002,-12.5,40.0,-1.2500000000020648e-05,399847.6,空carry 黄金2512 1手(空)@774.78 / 黄金2602 1手(多)@776.8 价差=-2.02,空carry 热卷2512 1手(空)@3393 / 热卷2601 1手(多)@3385 价差=8,多carry 棕榈油2512 1手(多)@9538 / 棕榈油2601 1手(空)@9554 价差=-16,空carry 豆油2512 1手(空)@8470 / 豆油2601 1手(多)@8414 价差=56,[AU] 空carry 黄金2512 1手(空)@774.78 / 黄金2602 1手(多)@776.8 价差=-2.02 z=1.13 | [HC] 空carry 热卷2512 1手(空)@3393 / 热卷2601 1手(多)@3385 价差=8 z=1.23 | [P] 多carry 棕榈油2512 1手(多)@9538 / 棕榈油2601 1手(空)@9554 价差=-16 z=-1.11 | [Y] 空carry 豆油2512 1手(空)@8470 / 豆油2601 1手(多)@8414 价差=56 z=1.58
2025-08-21,False,3,6,100.0,30.0,-5.0,20.0,342390.4,8077.2,0.0,23576.0,36.25,5.0,3.625000000000025e-05,374043.6,空carry 黄金2512 1手(空)@777.2 / 黄金2602 1手(多)@779.12 价差=-1.92,空carry 热卷2512 1手(空)@3371 / 热卷2601 1手(多)@3360 价差=11,,空carry 豆油2512 1手(空)@8446 / 豆油2601 1手(多)@8394 价差=52,[AU] 空carry 黄金2512 1手(空)@777.2 / 黄金2602 1手(多)@779.12 价差=-1.92 z=1.74 | [HC] 空carry 热卷2512 1手(空)@3371 / 热卷2601 1手(多)@3360 价差=11 z=1.64 | [Y] 空carry 豆油2512 1手(空)@8446 / 豆油2601 1手(多)@8394 价差=52 z=1.28
2025-08-22,False,4,8,-100.0,-40.0,15.0,20.0,341699.6,8054.4,26835.200000000004,23752.4,-26.25,5.0,-2.624999999998075e-05,400341.6,空carry 黄金2512 1手(空)@775.58 / 黄金2602 1手(多)@777.6 价差=-2.02,空carry 热卷2512 1手(空)@3360 / 热卷2601 1手(多)@3352 价差=8,多carry 棕榈油2512 1手(多)@9576 / 棕榈油2601 1手(空)@9592 价差=-16,空carry 豆油2512 1手(空)@8508 / 豆油2601 1手(多)@8458 价差=50,[AU] 空carry 黄金2512 1手(空)@775.58 / 黄金2602 1手(多)@777.6 价差=-2.02 z=0.86 | [HC] 空carry 热卷2512 1手(空)@3360 / 热卷2601 1手(多)@3352 价差=8 z=1.03 | [P] 多carry 棕榈油2512 1手(多)@9576 / 棕榈油2601 1手(空)@9592 价差=-16 z=-1.07 | [Y] 空carry 豆油2512 1手(空)@8508 / 豆油2601 1手(多)@8458 价差=50 z=1.06
2025-08-25,False,4,8,240.0,-10.0,-20.0,-80.0,344273.6,8119.199999999999,26810.0,23833.600000000002,32.5,0.0,3.25000000000289e-05,403036.4,空carry 黄金2512 1手(空)@781.48 / 黄金2602 1手(多)@783.4 价差=-1.92,空carry 热卷2512 1手(空)@3389 / 热卷2601 1手(多)@3377 价差=12,多carry 棕榈油2512 1手(多)@9568 / 棕榈油2601 1手(空)@9582 价差=-14,空carry 豆油2512 1手(空)@8536 / 豆油2601 1手(多)@8488 价差=48,[AU] 空carry 黄金2512 1手(空)@781.48 / 黄金2602 1手(多)@783.4 价差=-1.92 z=1.57 | [HC] 空carry 热卷2512 1手(空)@3389 / 热卷2601 1手(多)@3377 价差=12 z=1.66 | [P] 多carry 棕榈油2512 1手(多)@9568 / 棕榈油2601 1手(空)@9582 价差=-14 z=-1.03 | [Y] 空carry 豆油2512 1手(空)@8536 / 豆油2601 1手(多)@8488 价差=48 z=0.89
2025-08-26,False,3,6,-40.0,80.0,100.0,-0.0,0.0,8072.4,26577.600000000002,23755.200000000004,35.0,40.0,3.5000000000000126e-05,58405.2,,空carry 热卷2512 1手(空)@3370 / 热卷2601 1手(多)@3357 价差=13,多carry 棕榈油2512 1手(多)@9484 / 棕榈油2601 1手(空)@9500 价差=-16,空carry 豆油2512 1手(空)@8512 / 豆油2601 1手(多)@8456 价差=56,[HC] 空carry 热卷2512 1手(空)@3370 / 热卷2601 1手(多)@3357 价差=13 z=1.62 | [P] 多carry 棕榈油2512 1手(多)@9484 / 棕榈油2601 1手(空)@9500 价差=-16 z=-1.15 | [Y] 空carry 豆油2512 1手(空)@8512 / 豆油2601 1手(多)@8456 价差=56 z=1.27
2025-08-27,False,1,2,0.0,-6.69,-5.0,40.0,0.0,0.0,0.0,23570.4,7.08,11.69,7.078250000001037e-06,23570.4,,,,空carry 豆油2512 1手(空)@8446 / 豆油2601 1手(多)@8390 价差=56,[Y] 空carry 豆油2512 1手(空)@8446 / 豆油2601 1手(多)@8390 价差=56 z=1.19
2025-08-28,False,2,4,100.0,0.0,0.0,20.0,346068.80000000005,0.0,0.0,23514.4,30.0,40.0,3.0000000000013137e-05,369583.2,空carry 黄金2512 1手(空)@785.56 / 黄金2602 1手(多)@787.48 价差=-1.92,,,空carry 豆油2512 1手(空)@8424 / 豆油2601 1手(多)@8372 价差=52,[AU] 空carry 黄金2512 1手(空)@785.56 / 黄金2602 1手(多)@787.48 价差=-1.92 z=1.62 | [Y] 空carry 豆油2512 1手(空)@8424 / 豆油2601 1手(多)@8372 价差=52 z=0.97
2025-08-29,False,2,4,-40.0,0.0,-5.0,20.0,0.0,0.0,26056.800000000003,23472.4,-6.25,45.0,-6.250000000000313e-06,49529.2,,,多carry 棕榈油2512 1手(多)@9296 / 棕榈油2601 1手(空)@9316 价差=-20,空carry 豆油2512 1手(空)@8408 / 豆油2601 1手(多)@8358 价差=50,[P] 多carry 棕榈油2512 1手(多)@9296 / 棕榈油2601 1手(空)@9316 价差=-20 z=-1.40 | [Y] 空carry 豆油2512 1手(空)@8408 / 豆油2601 1手(多)@8358 价差=50 z=0.80
2025-09-01,False,4,8,0.0,-76.6,90.0,-20.0,354393.6,7924.799999999999,26191.2,23284.800000000003,-1.65,56.6,-1.6509999999766176e-06,411794.4,多carry 黄金2602 1手(多)@804.3 / 黄金2604 1手(空)@806.58 价差=-2.28,多carry 热卷2601 1手(多)@3303 / 热卷2602 1手(空)@3301 价差=2,空carry 棕榈油2601 1手(空)@9384 / 棕榈油2602 1手(多)@9324 价差=60,空carry 豆油2601 1手(空)@8348 / 豆油2603 1手(多)@8284 价差=64,[AU] 多carry 黄金2602 1手(多)@804.3 / 黄金2604 1手(空)@806.58 价差=-2.28 z=-1.29 | [HC] 多carry 热卷2601 1手(多)@3303 / 热卷2602 1手(空)@3301 价差=2 z=-0.88 | [P] 空carry 棕榈油2601 1手(空)@9384 / 棕榈油2602 1手(多)@9324 价差=60 z=3.77 | [Y] 空carry 豆油2601 1手(空)@8348 / 豆油2603 1手(多)@8284 价差=64 z=1.75
2025-09-02,False,4,8,-180.0,50.0,120.0,60.0,356144.8,7921.2,26311.600000000002,23304.4,12.5,0.0,1.2500000000019806e-05,413682.0,多carry 黄金2602 1手(多)@808.3 / 黄金2604 1手(空)@810.54 价差=-2.24,多carry 热卷2601 1手(多)@3298 / 热卷2602 1手(空)@3303 价差=-5,空carry 棕榈油2601 1手(空)@9422 / 棕榈油2602 1手(多)@9372 价差=50,空carry 豆油2601 1手(空)@8356 / 豆油2603 1手(多)@8290 价差=66,[AU] 多carry 黄金2602 1手(多)@808.3 / 黄金2604 1手(空)@810.54 价差=-2.24 z=-0.83 | [HC] 多carry 热卷2601 1手(多)@3298 / 热卷2602 1手(空)@3303 价差=-5 z=-2.10 | [P] 空carry 棕榈油2601 1手(空)@9422 / 棕榈油2602 1手(多)@9372 价差=50 z=2.85 | [Y] 空carry 豆油2601 1手(空)@8356 / 豆油2603 1手(多)@8290 价差=66 z=1.66
2025-09-03,False,4,8,160.0,0.0,540.0,60.0,360813.19999999995,7917.599999999999,26177.200000000004,23340.800000000003,190.0,0.0,0.00018999999999996824,418248.8,多carry 黄金2602 1手(多)@818.82 / 黄金2604 1手(空)@821.24 价差=-2.42,多carry 热卷2601 1手(多)@3299 / 热卷2602 1手(空)@3299 价差=0,空carry 棕榈油2601 1手(空)@9368 / 棕榈油2602 1手(多)@9330 价差=38,空carry 豆油2601 1手(空)@8366 / 豆油2603 1手(多)@8306 价差=60,[AU] 多carry 黄金2602 1手(多)@818.82 / 黄金2604 1手(空)@821.24 价差=-2.42 z=-1.90 | [HC] 多carry 热卷2601 1手(多)@3299 / 热卷2602 1手(空)@3299 价差=0 z=-1.00 | [P] 空carry 棕榈油2601 1手(空)@9368 / 棕榈油2602 1手(多)@9330 价差=38 z=2.05 | [Y] 空carry 豆油2601 1手(空)@8366 / 豆油2603 1手(多)@8306 价差=60 z=1.11
2025-09-04,False,2,4,-40.0,0.0,650.0,-5.0,0.0,7951.2,26314.4,0.0,151.25,55.0,0.00015124999999999853,34265.6,,多carry 热卷2601 1手(多)@3313 / 热卷2602 1手(空)@3313 价差=0,多carry 棕榈油2601 1手(多)@9390 / 棕榈油2602 1手(空)@9406 价差=-16,,[HC] 多carry 热卷2601 1手(多)@3313 / 热卷2602 1手(空)@3313 价差=0 z=-0.97 | [P] 多carry 棕榈油2601 1手(多)@9390 / 棕榈油2602 1手(空)@9406 价差=-16 z=-0.98
2025-09-05,False,4,8,260.0,10.0,-370.0,55.0,361187.19999999995,8016.0,26602.800000000003,23545.200000000004,-11.25,55.0,-1.1250000000023206e-05,419351.2,多carry 黄金2602 1手(多)@819.72 / 黄金2604 1手(空)@822.04 价差=-2.32,多carry 热卷2601 1手(多)@3340 / 热卷2602 1手(空)@3340 价差=0,空carry 棕榈油2601 1手(空)@9526 / 棕榈油2602 1手(多)@9476 价差=50,空carry 豆油2601 1手(空)@8450 / 豆油2603 1手(多)@8368 价差=82,[AU] 多carry 黄金2602 1手(多)@819.72 / 黄金2604 1手(空)@822.04 价差=-2.32 z=-0.96 | [HC] 多carry 热卷2601 1手(多)@3340 / 热卷2602 1手(空)@3340 价差=0 z=-0.95 | [P] 空carry 棕榈油2601 1手(空)@9526 / 棕榈油2602 1手(多)@9476 价差=50 z=2.54 | [Y] 空carry 豆油2601 1手(空)@8450 / 豆油2603 1手(多)@8368 价差=82 z=2.22
2025-09-08,False,4,8,-80.0,-30.0,500.0,40.0,364368.4,8043.599999999999,26384.4,23458.4,107.5,80.0,0.00010749999999998982,422254.8,空carry 黄金2602 1手(空)@827.1 / 黄金2604 1手(多)@829.12 价差=-2.02,多carry 热卷2601 1手(多)@3352 / 热卷2602 1手(空)@3351 价差=1,空carry 棕榈油2601 1手(空)@9466 / 棕榈油2602 1手(多)@9380 价差=86,空carry 豆油2601 1手(空)@8416 / 豆油2603 1手(多)@8340 价差=76,[AU] 空carry 黄金2602 1手(空)@827.1 / 黄金2604 1手(多)@829.12 价差=-2.02 z=1.42 | [HC] 多carry 热卷2601 1手(多)@3352 / 热卷2602 1手(空)@3351 价差=1 z=-0.79 | [P] 空carry 棕榈油2601 1手(空)@9466 / 棕榈油2602 1手(多)@9380 价差=86 z=4.02 | [Y] 空carry 豆油2601 1手(空)@8416 / 豆油2603 1手(多)@8340 价差=76 z=1.62
2025-09-09,False,4,8,260.0,30.0,60.0,0.0,369780.4,8040.0,26510.4,23441.600000000002,87.5,0.0,8.749999999998414e-05,427772.4,空carry 黄金2602 1手(空)@839.4 / 黄金2604 1手(多)@841.42 价差=-2.02,多carry 热卷2601 1手(多)@3349 / 热卷2602 1手(空)@3351 价差=-2,空carry 棕榈油2601 1手(空)@9486 / 棕榈油2602 1手(多)@9450 价差=36,空carry 豆油2601 1手(空)@8408 / 豆油2603 1手(多)@8336 价差=72,[AU] 空carry 黄金2602 1手(空)@839.4 / 黄金2604 1手(多)@841.42 价差=-2.02 z=1.45 | [HC] 多carry 热卷2601 1手(多)@3349 / 热卷2602 1手(空)@3351 价差=-2 z=-1.30 | [P] 空carry 棕榈油2601 1手(空)@9486 / 棕榈油2602 1手(多)@9450 价差=36 z=1.58 | [Y] 空carry 豆油2601 1手(空)@8408 / 豆油2603 1手(多)@8336 价差=72 z=1.25
2025-09-10,False,2,4,-40.0,-6.68,-160.0,-200.0,0.0,0.0,25841.2,23016.0,-101.67,46.68,-0.00010167075000000193,48857.2,,,空carry 棕榈油2601 1手(空)@9244 / 棕榈油2602 1手(多)@9214 价差=30,空carry 豆油2601 1手(空)@8256 / 豆油2603 1手(多)@8184 价差=72,[P] 空carry 棕榈油2601 1手(空)@9244 / 棕榈油2602 1手(多)@9214 价差=30 z=1.32 | [Y] 空carry 豆油2601 1手(空)@8256 / 豆油2603 1手(多)@8184 价差=72 z=1.20
2025-09-11,False,3,6,0.0,53.33,100.0,140.0,0.0,8006.4,26059.600000000002,23212.0,73.33,6.67,7.333200000000013e-05,57278.0,,多carry 热卷2601 1手(多)@3334 / 热卷2602 1手(空)@3338 价差=-4,空carry 棕榈油2601 1手(空)@9330 / 棕榈油2602 1手(多)@9284 价差=46,空carry 豆油2601 1手(空)@8336 / 豆油2603 1手(多)@8244 价差=92,[HC] 多carry 热卷2601 1手(多)@3334 / 热卷2602 1手(空)@3338 价差=-4 z=-1.50 | [P] 空carry 棕榈油2601 1手(空)@9330 / 棕榈油2602 1手(多)@9284 价差=46 z=1.96 | [Y] 空carry 豆油2601 1手(空)@8336 / 豆油2603 1手(多)@8244 价差=92 z=2.29
2025-09-12,False,3,6,200.0,-6.73,-180.0,-20.0,369701.19999999995,0.0,25978.4,23192.4,-1.68,46.73,-1.681499999981952e-06,418872.0,多carry 黄金2602 1手(多)@839.02 / 黄金2604 1手(空)@841.44 价差=-2.42,,空carry 棕榈油2601 1手(空)@9296 / 棕榈油2602 1手(多)@9260 价差=36,空carry 豆油2601 1手(空)@8322 / 豆油2603 1手(多)@8244 价差=78,[AU] 多carry 黄金2602 1手(多)@839.02 / 黄金2604 1手(空)@841.44 价差=-2.42 z=-1.36 | [P] 空carry 棕榈油2601 1手(空)@9296 / 棕榈油2602 1手(多)@9260 价差=36 z=1.47 | [Y] 空carry 豆油2601 1手(空)@8322 / 豆油2603 1手(多)@8244 价差=78 z=1.23
2025-09-15,False,2,4,-40.0,0.0,20.0,240.0,0.0,0.0,26306.0,23340.800000000003,55.0,40.0,5.5000000000004786e-05,49646.8,,,空carry 棕榈油2601 1手(空)@9422 / 棕榈油2602 1手(多)@9368 价差=54,空carry 豆油2601 1手(空)@8376 / 豆油2603 1手(多)@8296 价差=80,[P] 空carry 棕榈油2601 1手(空)@9422 / 棕榈油2602 1手(多)@9368 价差=54 z=2.15 | [Y] 空carry 豆油2601 1手(空)@8376 / 豆油2603 1手(多)@8296 价差=80 z=1.27
2025-09-16,False,2,4,220.0,0.0,160.0,-5.0,373181.6,0.0,26476.800000000003,0.0,93.75,45.0,9.374999999996935e-05,399658.4,多carry 黄金2602 1手(多)@846.88 / 黄金2604 1手(空)@849.4 价差=-2.52,,空carry 棕榈油2601 1手(空)@9482 / 棕榈油2602 1手(多)@9430 价差=52,,[AU] 多carry 黄金2602 1手(多)@846.88 / 黄金2604 1手(空)@849.4 价差=-2.52 z=-1.69 | [P] 空carry 棕榈油2601 1手(空)@9482 / 棕榈油2602 1手(多)@9430 价差=52 z=1.95
2025-09-17,False,1,2,-40.0,0.0,80.0,0.0,0.0,0.0,26336.800000000003,0.0,10.0,40.0,9.999999999997954e-06,26336.8,,,空carry 棕榈油2601 1手(空)@9424 / 棕榈油2602 1手(多)@9388 价差=36,,[P] 空carry 棕榈油2601 1手(空)@9424 / 棕榈油2602 1手(多)@9388 价差=36 z=1.24
2025-09-18,False,2,4,540.0,0.0,220.0,0.0,365398.0,0.0,26012.0,0.0,190.0,40.0,0.00018999999999997017,391410.0,多carry 黄金2602 1手(多)@829.22 / 黄金2604 1手(空)@831.68 价差=-2.46,,空carry 棕榈油2601 1手(空)@9304 / 棕榈油2602 1手(多)@9276 价差=28,,[AU] 多carry 黄金2602 1手(多)@829.22 / 黄金2604 1手(空)@831.68 价差=-2.46 z=-1.45 | [P] 空carry 棕榈油2601 1手(空)@9304 / 棕榈油2602 1手(多)@9276 价差=28 z=0.90
2025-09-19,False,2,4,-0.0,73.26,-5.0,0.0,366916.0,8086.799999999999,0.0,0.0,17.07,91.74,1.7065249999976277e-05,375002.8,空carry 黄金2602 1手(空)@832.96 / 黄金2604 1手(多)@834.84 价差=-1.88,空carry 热卷2601 1手(空)@3374 / 热卷2602 1手(多)@3365 价差=9,,,[AU] 空carry 黄金2602 1手(空)@832.96 / 黄金2604 1手(多)@834.84 价差=-1.88 z=2.12 | [HC] 空carry 热卷2601 1手(空)@3374 / 热卷2602 1手(多)@3365 价差=9 z=1.33
2025-09-22,False,3,6,520.0,-6.76,35.0,135.0,373982.4,0.0,26157.600000000002,23368.800000000003,170.81,16.76,0.00017081024999996954,423508.8,空carry 黄金2602 1手(空)@848.98 / 黄金2604 1手(多)@850.94 价差=-1.96,,空carry 棕榈油2601 1手(空)@9360 / 棕榈油2602 1手(多)@9324 价差=36,多carry 豆油2601 1手(多)@8366 / 豆油2603 1手(空)@8326 价差=40,[AU] 空carry 黄金2602 1手(空)@848.98 / 黄金2604 1手(多)@850.94 价差=-1.96 z=1.73 | [P] 空carry 棕榈油2601 1手(空)@9360 / 棕榈油2602 1手(多)@9324 价差=36 z=1.20 | [Y] 多carry 豆油2601 1手(多)@8366 / 豆油2603 1手(空)@8326 价差=40 z=-1.96
2025-09-23,False,3,6,100.0,0.0,240.0,-40.0,377995.19999999995,0.0,25306.4,22565.200000000004,75.0,80.0,7.50000000000029e-05,425866.8,多carry 黄金2602 1手(多)@857.84 / 黄金2604 1手(空)@860.32 价差=-2.48,,空carry 棕榈油2601 1手(空)@9054 / 棕榈油2602 1手(多)@9022 价差=32,多carry 豆油2601 1手(多)@8086 / 豆油2603 1手(空)@8032 价差=54,[AU] 多carry 黄金2602 1手(多)@857.84 / 黄金2604 1手(空)@860.32 价差=-2.48 z=-0.92 | [P] 空carry 棕榈油2601 1手(空)@9054 / 棕榈油2602 1手(多)@9022 价差=32 z=1.05 | [Y] 多carry 豆油2601 1手(多)@8086 / 豆油2603 1手(空)@8032 价差=54 z=-0.85
2025-09-24,False,1,2,-40.0,0.0,-5.0,0.0,0.0,0.0,0.0,22610.000000000004,-11.25,45.0,-1.1249999999997812e-05,22610.0,,,,多carry 豆油2601 1手(多)@8100 / 豆油2603 1手(空)@8050 价差=50,[Y] 多carry 豆油2601 1手(多)@8100 / 豆油2603 1手(空)@8050 价差=50 z=-1.11
2025-09-25,False,1,2,0.0,0.0,0.0,-200.0,0.0,0.0,0.0,22867.600000000002,-50.0,0.0,-5.0000000000001114e-05,22867.6,,,,多carry 豆油2601 1手(多)@8192 / 豆油2603 1手(空)@8142 价差=50,[Y] 多carry 豆油2601 1手(多)@8192 / 豆油2603 1手(空)@8142 价差=50 z=-1.10
2025-09-26,False,4,8,-20.0,23.37,395.0,120.0,378012.80000000005,7958.4,25894.4,22811.600000000002,129.59,51.63,0.00012959200000003848,434677.2,空carry 黄金2602 1手(空)@858.08 / 黄金2604 1手(多)@860.16 价差=-2.08,多carry 热卷2601 1手(多)@3313 / 热卷2602 1手(空)@3319 价差=-6,多carry 棕榈油2601 1手(多)@9236 / 棕榈油2602 1手(空)@9260 价差=-24,多carry 豆油2601 1手(多)@8162 / 豆油2603 1手(空)@8132 价差=30,[AU] 空carry 黄金2602 1手(空)@858.08 / 黄金2604 1手(多)@860.16 价差=-2.08 z=1.18 | [HC] 多carry 热卷2601 1手(多)@3313 / 热卷2602 1手(空)@3319 价差=-6 z=-2.03 | [P] 多carry 棕榈油2601 1手(多)@9236 / 棕榈油2602 1手(空)@9260 价差=-24 z=-1.26 | [Y] 多carry 豆油2601 1手(多)@8162 / 豆油2603 1手(空)@8132 价差=30 z=-2.24
2025-09-29,False,3,6,-60.0,-20.0,-5.0,220.0,382769.2,7897.199999999999,0.0,22761.200000000004,33.75,5.0,3.375000000004492e-05,413427.6,空carry 黄金2602 1手(空)@868.88 / 黄金2604 1手(多)@870.98 价差=-2.1,多carry 热卷2601 1手(多)@3289 / 热卷2602 1手(空)@3292 价差=-3,,多carry 豆油2601 1手(多)@8150 / 豆油2603 1手(空)@8108 价差=42,[AU] 空carry 黄金2602 1手(空)@868.88 / 黄金2604 1手(多)@870.98 价差=-2.1 z=1.10 | [HC] 多carry 热卷2601 1手(多)@3289 / 热卷2602 1手(空)@3292 价差=-3 z=-0.98 | [Y] 多carry 豆油2601 1手(多)@8150 / 豆油2603 1手(空)@8108 价差=42 z=-1.29
2025-09-30,False,3,6,200.0,0.0,695.0,-5.0,386240.8,7813.2,25726.4,0.0,222.5,10.0,0.00022250000000000966,419780.4,空carry 黄金2602 1手(空)@876.8 / 黄金2604 1手(多)@878.84 价差=-2.04,多carry 热卷2601 1手(多)@3253 / 热卷2602 1手(空)@3258 价差=-5,空carry 棕榈油2601 1手(空)@9228 / 棕榈油2602 1手(多)@9148 价差=80,,[AU] 空carry 黄金2602 1手(空)@876.8 / 黄金2604 1手(多)@878.84 价差=-2.04 z=1.33 | [HC] 多carry 热卷2601 1手(多)@3253 / 热卷2602 1手(空)@3258 价差=-5 z=-1.60 | [P] 空carry 棕榈油2601 1手(空)@9228 / 棕榈油2602 1手(多)@9148 价差=80 z=2.74
2025-10-09,False,4,8,80.0,-20.0,100.0,75.0,404052.0,7902.0,26709.200000000004,22890.0,58.75,5.0,5.8749999999996285e-05,461553.2,空carry 黄金2602 1手(空)@917.18 / 黄金2604 1手(多)@919.42 价差=-2.24,多carry 热卷2602 1手(多)@3291 / 热卷2603 1手(空)@3294 价差=-3,空carry 棕榈油2602 1手(空)@9560 / 棕榈油2603 1手(多)@9518 价差=42,空carry 豆油2603 1手(空)@8276 / 豆油2605 1手(多)@8074 价差=202,[AU] 空carry 黄金2602 1手(空)@917.18 / 黄金2604 1手(多)@919.42 价差=-2.24 z=0.77 | [HC] 多carry 热卷2602 1手(多)@3291 / 热卷2603 1手(空)@3294 价差=-3 z=-0.91 | [P] 空carry 棕榈油2602 1手(空)@9560 / 棕榈油2603 1手(多)@9518 价差=42 z=1.20 | [Y] 空carry 豆油2603 1手(空)@8276 / 豆油2605 1手(多)@8074 价差=202 z=3.80
2025-10-10,False,3,6,-40.0,-20.0,120.0,160.0,0.0,7902.0,26370.4,22817.200000000004,55.0,40.0,5.5000000000001296e-05,57089.6,,多carry 热卷2602 1手(多)@3290 / 热卷2603 1手(空)@3295 价差=-5,空carry 棕榈油2602 1手(空)@9434 / 棕榈油2603 1手(多)@9402 价差=32,空carry 豆油2603 1手(空)@8246 / 豆油2605 1手(多)@8052 价差=194,[HC] 多carry 热卷2602 1手(多)@3290 / 热卷2603 1手(空)@3295 价差=-5 z=-1.37 | [P] 空carry 棕榈油2602 1手(空)@9434 / 棕榈油2603 1手(多)@9402 价差=32 z=0.83 | [Y] 空carry 豆油2603 1手(空)@8246 / 豆油2605 1手(多)@8052 价差=194 z=2.65
2025-10-13,False,2,4,0.0,100.0,-5.0,-40.0,0.0,7846.799999999999,0.0,22738.800000000003,13.75,5.0,1.3750000000000095e-05,30585.6,,多carry 热卷2602 1手(多)@3266 / 热卷2603 1手(空)@3273 价差=-7,,空carry 豆油2603 1手(空)@8210 / 豆油2605 1手(多)@8032 价差=178,[HC] 多carry 热卷2602 1手(多)@3266 / 热卷2603 1手(空)@3273 价差=-7 z=-1.69 | [Y] 空carry 豆油2603 1手(空)@8210 / 豆油2605 1手(多)@8032 价差=178 z=1.94
2025-10-14,False,3,6,-120.0,37.02,0.0,240.0,414862.8,7789.199999999999,0.0,22705.200000000004,39.25,52.98,3.925449999991836e-05,445357.2,空carry 黄金2602 1手(空)@941.8 / 黄金2604 1手(多)@943.94 价差=-2.14,空carry 热卷2602 1手(空)@3247 / 热卷2603 1手(多)@3244 价差=3,,空carry 豆油2603 1手(空)@8200 / 豆油2605 1手(多)@8018 价差=182,[AU] 空carry 黄金2602 1手(空)@941.8 / 黄金2604 1手(多)@943.94 价差=-2.14 z=1.34 | [HC] 空carry 热卷2602 1手(空)@3247 / 热卷2603 1手(多)@3244 价差=3 z=0.91 | [Y] 空carry 豆油2603 1手(空)@8200 / 豆油2605 1手(多)@8018 价差=182 z=1.75
2025-10-15,False,2,4,400.0,-6.43,0.0,140.0,424261.2,0.0,0.0,22761.200000000004,133.39,6.43,0.0001333920000000294,447022.4,空carry 黄金2602 1手(空)@963.2 / 黄金2604 1手(多)@965.26 价差=-2.06,,,空carry 豆油2603 1手(空)@8208 / 豆油2605 1手(多)@8050 价差=158,[AU] 空carry 黄金2602 1手(空)@963.2 / 黄金2604 1手(多)@965.26 价差=-2.06 z=1.73 | [Y] 空carry 豆油2603 1手(空)@8208 / 豆油2605 1手(多)@8050 价差=158 z=1.18
2025-10-16,False,2,4,-40.0,0.0,75.0,-80.0,0.0,0.0,26090.4,22775.200000000004,-11.25,45.0,-1.1249999999999716e-05,48865.6,,,多carry 棕榈油2602 1手(多)@9310 / 棕榈油2603 1手(空)@9326 价差=-16,空carry 豆油2603 1手(空)@8206 / 豆油2605 1手(多)@8062 价差=144,[P] 多carry 棕榈油2602 1手(多)@9310 / 棕榈油2603 1手(空)@9326 价差=-16 z=-0.94 | [Y] 空carry 豆油2603 1手(空)@8206 / 豆油2605 1手(多)@8062 价差=144 z=0.86
2025-10-17,False,2,4,140.0,0.0,-5.0,-140.0,441403.6,0.0,0.0,22730.4,-1.25,45.0,-1.2499999999798774e-06,464134.0,空carry 黄金2602 1手(空)@1002.22 / 黄金2604 1手(多)@1004.16 价差=-1.94,,,空carry 豆油2603 1手(空)@8194 / 豆油2605 1手(多)@8042 价差=152,[AU] 空carry 黄金2602 1手(空)@1002.22 / 黄金2604 1手(多)@1004.16 价差=-1.94 z=2.10 | [Y] 空carry 豆油2603 1手(空)@8194 / 豆油2605 1手(多)@8042 价差=152 z=0.92
2025-10-20,False,2,4,-100.0,0.0,0.0,420.0,428568.80000000005,0.0,0.0,22918.0,80.0,0.0,8.000000000002595e-05,451486.8,空carry 黄金2602 1手(空)@972.96 / 黄金2604 1手(多)@975.08 价差=-2.12,,,空carry 豆油2603 1手(空)@8268 / 豆油2605 1手(多)@8102 价差=166,[AU] 空carry 黄金2602 1手(空)@972.96 / 黄金2604 1手(多)@975.08 价差=-2.12 z=1.11 | [Y] 空carry 豆油2603 1手(空)@8268 / 豆油2605 1手(多)@8102 价差=166 z=1.05
2025-10-21,False,2,4,80.0,-26.45,0.0,-5.0,439150.80000000005,7737.599999999999,0.0,0.0,12.14,11.45,1.2137999999970846e-05,446888.4,空carry 黄金2602 1手(空)@997.06 / 黄金2604 1手(多)@999.08 价差=-2.02,多carry 热卷2602 1手(多)@3222 / 热卷2603 1手(空)@3226 价差=-4,,,[AU] 空carry 黄金2602 1手(空)@997.06 / 黄金2604 1手(多)@999.08 价差=-2.02 z=1.48 | [HC] 多carry 热卷2602 1手(多)@3222 / 热卷2603 1手(空)@3226 价差=-4 z=-0.78
2025-10-22,False,3,6,-240.0,-30.0,35.0,0.0,420714.8,7797.599999999999,25695.600000000002,0.0,-58.75,5.0,-5.875000000000945e-05,454208.0,空carry 黄金2602 1手(空)@955.12 / 黄金2604 1手(多)@957.22 价差=-2.1,多carry 热卷2602 1手(多)@3246 / 热卷2603 1手(空)@3252 价差=-6,多carry 棕榈油2602 1手(多)@9170 / 棕榈油2603 1手(空)@9184 价差=-14,,[AU] 空carry 黄金2602 1手(空)@955.12 / 黄金2604 1手(多)@957.22 价差=-2.1 z=0.81 | [HC] 多carry 热卷2602 1手(多)@3246 / 热卷2603 1手(空)@3252 价差=-6 z=-1.17 | [P] 多carry 棕榈油2602 1手(多)@9170 / 棕榈油2603 1手(空)@9184 价差=-14 z=-0.85
2025-10-23,False,2,4,260.0,20.0,-5.0,0.0,416218.0,7825.2,0.0,0.0,68.75,5.0,6.875000000001666e-05,424043.2,空carry 黄金2602 1手(空)@945.02 / 黄金2604 1手(多)@946.88 价差=-1.86,多carry 热卷2602 1手(多)@3256 / 热卷2603 1手(空)@3265 价差=-9,,,[AU] 空carry 黄金2602 1手(空)@945.02 / 黄金2604 1手(多)@946.88 价差=-1.86 z=1.48 | [HC] 多carry 热卷2602 1手(多)@3256 / 热卷2603 1手(空)@3265 价差=-9 z=-1.67
2025-10-24,False,1,2,-40.0,30.0,0.0,0.0,0.0,7810.799999999999,0.0,0.0,-2.5,40.0,-2.499999999999659e-06,7810.8,,多carry 热卷2602 1手(多)@3251 / 热卷2603 1手(空)@3258 价差=-7,,,[HC] 多carry 热卷2602 1手(多)@3251 / 热卷2603 1手(空)@3258 价差=-7 z=-1.09
2025-10-27,False,1,2,0.0,-6.61,235.0,0.0,0.0,0.0,25494.0,0.0,57.1,11.61,5.709850000000029e-05,25494.0,,,多carry 棕榈油2602 1手(多)@9086 / 棕榈油2603 1手(空)@9124 价差=-38,,[P] 多carry 棕榈油2602 1手(多)@9086 / 棕榈油2603 1手(空)@9124 价差=-38 z=-1.69
2025-10-28,False,2,4,720.0,0.0,-200.0,0.0,398173.6,0.0,25169.200000000004,0.0,130.0,40.0,0.0001300000000000274,423342.8,多carry 黄金2602 1手(多)@903.66 / 黄金2604 1手(空)@906.22 价差=-2.56,,多carry 棕榈油2602 1手(多)@8982 / 棕榈油2603 1手(空)@8996 价差=-14,,[AU] 多carry 黄金2602 1手(多)@903.66 / 黄金2604 1手(空)@906.22 价差=-2.56 z=-1.75 | [P] 多carry 棕榈油2602 1手(多)@8982 / 棕榈油2603 1手(空)@8996 价差=-14 z=-0.79
2025-10-29,False,3,6,300.0,3.3,-100.0,0.0,402388.8,8037.599999999999,24822.0,0.0,50.83,86.7,5.0825499999985095e-05,435248.4,空carry 黄金2602 1手(空)@913.62 / 黄金2604 1手(多)@915.42 价差=-1.8,空carry 热卷2602 1手(空)@3349 / 热卷2603 1手(多)@3349 价差=0,多carry 棕榈油2602 1手(多)@8848 / 棕榈油2603 1手(空)@8882 价差=-34,,[AU] 空carry 黄金2602 1手(空)@913.62 / 黄金2604 1手(多)@915.42 价差=-1.8 z=1.39 | [HC] 空carry 热卷2602 1手(空)@3349 / 热卷2603 1手(多)@3349 价差=0 z=1.01 | [P] 多carry 棕榈油2602 1手(多)@8848 / 棕榈油2603 1手(空)@8882 价差=-34 z=-1.50
2025-10-30,False,2,4,-40.0,20.0,40.0,0.0,0.0,7966.799999999999,24802.4,0.0,5.0,40.0,5.000000000000341e-06,32769.2,,空carry 热卷2602 1手(空)@3319 / 热卷2603 1手(多)@3320 价差=-1,多carry 棕榈油2602 1手(多)@8836 / 棕榈油2603 1手(空)@8880 价差=-44,,[HC] 空carry 热卷2602 1手(空)@3319 / 热卷2603 1手(多)@3320 价差=-1 z=0.84 | [P] 多carry 棕榈油2602 1手(多)@8836 / 棕榈油2603 1手(空)@8880 价差=-44 z=-1.79
2025-10-31,False,2,4,160.0,-6.62,100.0,0.0,407413.6,0.0,24634.4,0.0,63.34,46.62,6.334424999998471e-05,432048.0,空carry 黄金2602 1手(空)@924.98 / 黄金2604 1手(多)@926.9 价差=-1.92,,多carry 棕榈油2602 1手(多)@8778 / 棕榈油2603 1手(空)@8818 价差=-40,,[AU] 空carry 黄金2602 1手(空)@924.98 / 黄金2604 1手(多)@926.9 价差=-1.92 z=0.87 | [P] 多carry 棕榈油2602 1手(多)@8778 / 棕榈油2603 1手(空)@8818 价差=-40 z=-1.60
2025-11-03,False,2,4,-40.0,3.41,120.0,0.0,0.0,7910.4,24452.4,0.0,20.85,46.59,2.085200000000062e-05,32362.8,,空carry 热卷2603 1手(空)@3296 / 热卷2604 1手(多)@3296 价差=0,多carry 棕榈油2603 1手(多)@8716 / 棕榈油2604 1手(空)@8750 价差=-34,,[HC] 空carry 热卷2603 1手(空)@3296 / 热卷2604 1手(多)@3296 价差=0 z=1.20 | [P] 多carry 棕榈油2603 1手(多)@8716 / 棕榈油2604 1手(空)@8750 价差=-34 z=-1.35
2025-11-04,False,3,6,780.0,30.0,-200.0,0.0,405631.6,7839.599999999999,24374.0,0.0,152.5,40.0,0.0001525000000000189,437845.2,空carry 黄金2604 1手(空)@920.98 / 黄金2606 1手(多)@922.8 价差=-1.82,空carry 热卷2603 1手(空)@3266 / 热卷2604 1手(多)@3267 价差=-1,多carry 棕榈油2603 1手(多)@8694 / 棕榈油2604 1手(空)@8716 价差=-22,,[AU] 空carry 黄金2604 1手(空)@920.98 / 黄金2606 1手(多)@922.8 价差=-1.82 z=1.11 | [HC] 空carry 热卷2603 1手(空)@3266 / 热卷2604 1手(多)@3267 价差=-1 z=0.79 | [P] 多carry 棕榈油2603 1手(多)@8694 / 棕榈油2604 1手(空)@8716 价差=-22 z=-0.91
2025-11-05,False,2,4,280.0,-6.51,40.0,0.0,404148.8,0.0,24334.800000000003,0.0,78.37,86.51,7.837200000001412e-05,428483.6,多carry 黄金2604 1手(多)@917.2 / 黄金2606 1手(空)@919.84 价差=-2.64,,多carry 棕榈油2603 1手(多)@8670 / 棕榈油2604 1手(空)@8712 价差=-42,,[AU] 多carry 黄金2604 1手(多)@917.2 / 黄金2606 1手(空)@919.84 价差=-2.64 z=-2.18 | [P] 多carry 棕榈油2603 1手(多)@8670 / 棕榈油2604 1手(空)@8712 价差=-42 z=-1.57
2025-11-06,False,1,2,-40.0,0.0,80.0,0.0,0.0,0.0,24626.0,0.0,10.0,40.0,9.999999999999886e-06,24626.0,,,多carry 棕榈油2603 1手(多)@8776 / 棕榈油2604 1手(空)@8814 价差=-38,,[P] 多carry 棕榈油2603 1手(多)@8776 / 棕榈油2604 1手(空)@8814 价差=-38 z=-1.38
2025-11-07,False,4,8,-80.0,63.5,-360.0,-65.0,408152.8,7801.199999999999,24469.2,22548.4,-110.38,51.5,-0.00011037524999996432,462971.6,多carry 黄金2604 1手(多)@926.42 / 黄金2606 1手(空)@928.82 价差=-2.4,多carry 热卷2603 1手(多)@3247 / 热卷2604 1手(空)@3254 价差=-7,多carry 棕榈油2603 1手(多)@8724 / 棕榈油2604 1手(空)@8754 价差=-30,空carry 豆油2603 1手(空)@8146 / 豆油2605 1手(多)@7960 价差=186,[AU] 多carry 黄金2604 1手(多)@926.42 / 黄金2606 1手(空)@928.82 价差=-2.4 z=-1.13 | [HC] 多carry 热卷2603 1手(多)@3247 / 热卷2604 1手(空)@3254 价差=-7 z=-1.27 | [P] 多carry 棕榈油2603 1手(多)@8724 / 棕榈油2604 1手(空)@8754 价差=-30 z=-1.09 | [Y] 空carry 豆油2603 1手(空)@8146 / 豆油2605 1手(多)@7960 价差=186 z=1.89
2025-11-10,False,4,8,20.0,26.96,500.0,140.0,414770.4,7821.599999999999,24631.600000000002,22663.200000000004,171.74,13.04,0.0001717409999999269,469886.8,多carry 黄金2604 1手(多)@941.44 / 黄金2606 1手(空)@943.88 价差=-2.44,空carry 热卷2603 1手(空)@3259 / 热卷2604 1手(多)@3259 价差=0,多carry 棕榈油2603 1手(多)@8764 / 棕榈油2604 1手(空)@8830 价差=-66,空carry 豆油2603 1手(空)@8190 / 豆油2605 1手(多)@7998 价差=192,[AU] 多carry 黄金2604 1手(多)@941.44 / 黄金2606 1手(空)@943.88 价差=-2.44 z=-1.10 | [HC] 空carry 热卷2603 1手(空)@3259 / 热卷2604 1手(多)@3259 价差=0 z=1.03 | [P] 多carry 棕榈油2603 1手(多)@8764 / 棕榈油2604 1手(空)@8830 价差=-66 z=-2.17 | [Y] 空carry 豆油2603 1手(空)@8190 / 豆油2605 1手(多)@7998 价差=192 z=2.05
2025-11-11,False,2,4,-260.0,-6.5,-5.0,-100.0,420424.4,0.0,0.0,22722.0,-92.87,11.5,-9.28745000000095e-05,443146.4,多carry 黄金2604 1手(多)@954.3 / 黄金2606 1手(空)@956.72 价差=-2.42,,,空carry 豆油2603 1手(空)@8204 / 豆油2605 1手(多)@8026 价差=178,[AU] 多carry 黄金2604 1手(多)@954.3 / 黄金2606 1手(空)@956.72 价差=-2.42 z=-0.84 | [Y] 空carry 豆油2603 1手(空)@8204 / 豆油2605 1手(多)@8026 价差=178 z=1.32
2025-11-12,False,3,6,-160.0,0.0,-225.0,-20.0,419108.80000000005,0.0,24752.0,22842.4,-101.25,5.0,-0.000101249999999986,466703.2,多carry 黄金2604 1手(多)@951.18 / 黄金2606 1手(空)@953.86 价差=-2.68,,多carry 棕榈油2603 1手(多)@8826 / 棕榈油2604 1手(空)@8854 价差=-28,空carry 豆油2603 1手(空)@8252 / 豆油2605 1手(多)@8064 价差=188,[AU] 多carry 黄金2604 1手(多)@951.18 / 黄金2606 1手(空)@953.86 价差=-2.68 z=-1.58 | [P] 多carry 棕榈油2603 1手(多)@8826 / 棕榈油2604 1手(空)@8854 价差=-28 z=-0.94 | [Y] 空carry 豆油2603 1手(空)@8252 / 豆油2605 1手(多)@8064 价差=188 z=1.65
2025-11-13,False,4,8,320.0,33.48,180.0,-20.0,425612.0,7824.0,24822.000000000004,22929.2,128.37,6.52,0.0001283700000000172,481187.2,多carry 黄金2604 1手(多)@965.88 / 黄金2606 1手(空)@968.72 价差=-2.84,空carry 热卷2603 1手(空)@3260 / 热卷2604 1手(多)@3260 价差=0,多carry 棕榈油2603 1手(多)@8840 / 棕榈油2604 1手(空)@8890 价差=-50,空carry 豆油2603 1手(空)@8284 / 豆油2605 1手(多)@8094 价差=190,[AU] 多carry 黄金2604 1手(多)@965.88 / 黄金2606 1手(空)@968.72 价差=-2.84 z=-1.76 | [HC] 空carry 热卷2603 1手(空)@3260 / 热卷2604 1手(多)@3260 价差=0 z=1.25 | [P] 多carry 棕榈油2603 1手(多)@8840 / 棕榈油2604 1手(空)@8890 价差=-50 z=-1.58 | [Y] 空carry 豆油2603 1手(空)@8284 / 豆油2605 1手(多)@8094 价差=190 z=1.54
2025-11-14,False,3,6,-580.0,-6.53,140.0,80.0,422338.4,0.0,24511.200000000004,22747.200000000004,-91.63,6.53,-9.163149999999734e-05,469596.8,多carry 黄金2604 1手(多)@958.6 / 黄金2606 1手(空)@961.12 价差=-2.52,,多carry 棕榈油2603 1手(多)@8738 / 棕榈油2604 1手(空)@8770 价差=-32,空carry 豆油2603 1手(空)@8220 / 豆油2605 1手(多)@8028 价差=192,[AU] 多carry 黄金2604 1手(多)@958.6 / 黄金2606 1手(空)@961.12 价差=-2.52 z=-0.75 | [P] 多carry 棕榈油2603 1手(多)@8738 / 棕榈油2604 1手(空)@8770 价差=-32 z=-1.02 | [Y] 空carry 豆油2603 1手(空)@8220 / 豆油2605 1手(多)@8028 价差=192 z=1.45
2025-11-17,False,3,6,140.0,-6.61,-5.0,80.0,411906.0,7933.2,0.0,22780.800000000003,52.1,11.61,5.2097249999980854e-05,442620.0,多carry 黄金2604 1手(多)@934.6 / 黄金2606 1手(空)@937.7 价差=-3.1,空carry 热卷2603 1手(空)@3305 / 热卷2604 1手(多)@3306 价差=-1,,空carry 豆油2603 1手(空)@8228 / 豆油2605 1手(多)@8044 价差=184,[AU] 多carry 黄金2604 1手(多)@934.6 / 黄金2606 1手(空)@937.7 价差=-3.1 z=-2.28 | [HC] 空carry 热卷2603 1手(空)@3305 / 热卷2604 1手(多)@3306 价差=-1 z=0.89 | [Y] 空carry 豆油2603 1手(空)@8228 / 豆油2605 1手(多)@8044 价差=184 z=1.02
2025-11-18,False,3,6,940.0,20.0,295.0,-5.0,407272.8,7894.799999999999,24690.4,0.0,312.5,10.0,0.000312500000000014,439858.0,多carry 黄金2604 1手(多)@924.14 / 黄金2606 1手(空)@927.1 价差=-2.96,空carry 热卷2603 1手(空)@3289 / 热卷2604 1手(多)@3290 价差=-1,多carry 棕榈油2603 1手(多)@8794 / 棕榈油2604 1手(空)@8842 价差=-48,,[AU] 多carry 黄金2604 1手(多)@924.14 / 黄金2606 1手(空)@927.1 价差=-2.96 z=-1.73 | [HC] 空carry 热卷2603 1手(空)@3289 / 热卷2604 1手(多)@3290 价差=-1 z=0.82 | [P] 多carry 棕榈油2603 1手(多)@8794 / 棕榈油2604 1手(空)@8842 价差=-48 z=-1.46
2025-11-19,False,2,4,520.0,-6.56,-5.0,-45.0,415162.0,0.0,0.0,23038.4,115.86,96.56,0.00011585975000002239,438200.4,空carry 黄金2604 1手(空)@942.54 / 黄金2606 1手(多)@944.56 价差=-2.02,,,多carry 豆油2603 1手(多)@8300 / 豆油2605 1手(空)@8156 价差=144,[AU] 空carry 黄金2604 1手(空)@942.54 / 黄金2606 1手(多)@944.56 价差=-2.02 z=0.85 | [Y] 多carry 豆油2603 1手(多)@8300 / 豆油2605 1手(空)@8156 价差=144 z=-1.00
2025-11-20,False,2,4,-40.0,0.0,175.0,240.0,0.0,0.0,24631.600000000002,22736.000000000004,93.75,45.0,9.375000000000296e-05,47367.6,,,多carry 棕榈油2603 1手(多)@8776 / 棕榈油2604 1手(空)@8818 价差=-42,多carry 豆油2603 1手(多)@8190 / 豆油2605 1手(空)@8050 价差=140,[P] 多carry 棕榈油2603 1手(多)@8776 / 棕榈油2604 1手(空)@8818 价差=-42 z=-1.25 | [Y] 多carry 豆油2603 1手(多)@8190 / 豆油2605 1手(空)@8050 价差=140 z=-1.22
2025-11-21,False,2,4,-80.0,-6.55,-5.0,-5.0,409490.4,7860.0,0.0,0.0,-24.14,56.55,-2.4137499999958164e-05,417350.4,多carry 黄金2604 1手(多)@929.18 / 黄金2606 1手(空)@932.14 价差=-2.96,空carry 热卷2603 1手(空)@3275 / 热卷2604 1手(多)@3275 价差=0,,,[AU] 多carry 黄金2604 1手(多)@929.18 / 黄金2606 1手(空)@932.14 价差=-2.96 z=-1.45 | [HC] 空carry 热卷2603 1手(空)@3275 / 热卷2604 1手(多)@3275 价差=0 z=1.12
2025-11-24,False,3,6,180.0,10.0,0.0,-145.0,411004.0,7905.599999999999,0.0,22489.600000000002,11.25,5.0,1.125000000001399e-05,441399.2,多carry 黄金2604 1手(多)@932.6 / 黄金2606 1手(空)@935.6 价差=-3,空carry 热卷2603 1手(空)@3294 / 热卷2604 1手(多)@3294 价差=0,,多carry 豆油2603 1手(多)@8102 / 豆油2605 1手(空)@7962 价差=140,[AU] 多carry 黄金2604 1手(多)@932.6 / 黄金2606 1手(空)@935.6 价差=-3 z=-1.36 | [HC] 空carry 热卷2603 1手(空)@3294 / 热卷2604 1手(多)@3294 价差=0 z=1.01 | [Y] 多carry 豆油2603 1手(多)@8102 / 豆油2605 1手(空)@7962 价差=140 z=-1.29
2025-11-25,False,3,6,380.0,-6.62,255.0,100.0,418118.80000000005,0.0,23724.4,22425.200000000004,182.1,11.62,0.00018209624999998816,464268.4,多carry 黄金2604 1手(多)@948.86 / 黄金2606 1手(空)@951.68 价差=-2.82,,多carry 棕榈油2603 1手(多)@8460 / 棕榈油2604 1手(空)@8486 价差=-26,多carry 豆油2603 1手(多)@8072 / 豆油2605 1手(空)@7946 价差=126,[AU] 多carry 黄金2604 1手(多)@948.86 / 黄金2606 1手(空)@951.68 价差=-2.82 z=-0.77 | [P] 多carry 棕榈油2603 1手(多)@8460 / 棕榈油2604 1手(空)@8486 价差=-26 z=-0.79 | [Y] 多carry 豆油2603 1手(多)@8072 / 豆油2605 1手(空)@7946 价差=126 z=-1.81
2025-11-26,False,2,4,-40.0,13.39,-5.0,240.0,0.0,7932.0,0.0,22450.4,52.1,51.61,5.20975000000002e-05,30382.4,,多carry 热卷2603 1手(多)@3302 / 热卷2604 1手(空)@3308 价差=-6,,多carry 豆油2603 1手(多)@8086 / 豆油2605 1手(空)@7950 价差=136,[HC] 多carry 热卷2603 1手(多)@3302 / 热卷2604 1手(空)@3308 价差=-6 z=-1.73 | [Y] 多carry 豆油2603 1手(多)@8086 / 豆油2605 1手(空)@7950 价差=136 z=-1.33
2025-11-27,True,0,0,0.0,-6.57,0.0,-5.0,0.0,0.0,0.0,0.0,-2.89,11.57,-2.8915e-06,0.0,,,,,全品种空仓
2025-11-28,False,1,2,120.0,0.0,0.0,0.0,421176.8,0.0,0.0,0.0,30.0,40.0,3.000000000000773e-05,421176.8,空carry 黄金2604 1手(空)@956.12 / 黄金2606 1手(多)@958.32 价差=-2.2,,,,[AU] 空carry 黄金2604 1手(空)@956.12 / 黄金2606 1手(多)@958.32 价差=-2.2 z=1.03
2025-12-01,False,3,6,-40.0,3.35,195.0,-85.0,0.0,7975.2,24396.4,22579.200000000004,18.34,56.65,1.8338499999997727e-05,54950.8,,空carry 热卷2604 1手(空)@3326 / 热卷2605 1手(多)@3320 价差=6,空carry 棕榈油2604 1手(空)@8728 / 棕榈油2605 1手(多)@8698 价差=30,多carry 豆油2605 1手(多)@8086 / 豆油2607 1手(空)@8042 价差=44,[HC] 空carry 热卷2604 1手(空)@3326 / 热卷2605 1手(多)@3320 价差=6 z=2.81 | [P] 空carry 棕榈油2604 1手(空)@8728 / 棕榈油2605 1手(多)@8698 价差=30 z=0.88 | [Y] 多carry 豆油2605 1手(多)@8086 / 豆油2607 1手(空)@8042 价差=44 z=-3.35
2025-12-02,False,2,4,0.0,80.0,-5.0,160.0,0.0,7978.799999999999,0.0,22618.4,58.75,5.0,5.874999999999923e-05,30597.2,,空carry 热卷2604 1手(空)@3327 / 热卷2605 1手(多)@3322 价差=5,,多carry 豆油2605 1手(多)@8096 / 豆油2607 1手(空)@8060 价差=36,[HC] 空carry 热卷2604 1手(空)@3327 / 热卷2605 1手(多)@3322 价差=5 z=2.06 | [Y] 多carry 豆油2605 1手(多)@8096 / 豆油2607 1手(空)@8060 价差=36 z=-2.67
2025-12-03,False,2,4,0.0,-6.64,15.0,-60.0,0.0,0.0,24584.0,22590.4,-12.91,11.64,-1.2911250000003132e-05,47174.4,,,空carry 棕榈油2604 1手(空)@8796 / 棕榈油2605 1手(多)@8764 价差=32,多carry 豆油2605 1手(多)@8094 / 豆油2607 1手(空)@8042 价差=52,[P] 空carry 棕榈油2604 1手(空)@8796 / 棕榈油2605 1手(多)@8764 价差=32 z=1.00 | [Y] 多carry 豆油2605 1手(多)@8094 / 豆油2607 1手(空)@8042 价差=52 z=-1.94
2025-12-04,False,3,6,-140.0,0.0,-100.0,-100.0,421036.0,0.0,24390.800000000003,22531.600000000002,-85.0,40.0,-8.50000000000471e-05,467958.4,空carry 黄金2604 1手(空)@955.8 / 黄金2606 1手(多)@958 价差=-2.2,,空carry 棕榈油2604 1手(空)@8726 / 棕榈油2605 1手(多)@8696 价差=30,多carry 豆油2605 1手(多)@8070 / 豆油2607 1手(空)@8024 价差=46,[AU] 空carry 黄金2604 1手(空)@955.8 / 黄金2606 1手(多)@958 价差=-2.2 z=1.23 | [P] 空carry 棕榈油2604 1手(空)@8726 / 棕榈油2605 1手(多)@8696 价差=30 z=0.95 | [Y] 多carry 豆油2605 1手(多)@8070 / 豆油2607 1手(空)@8024 价差=46 z=-1.77
2025-12-05,False,3,6,120.0,0.0,-60.0,180.0,424252.4,0.0,24589.600000000002,22573.600000000002,60.0,0.0,5.999999999999781e-05,471415.6,空carry 黄金2604 1手(空)@963.16 / 黄金2606 1手(多)@965.26 价差=-2.1,,空carry 棕榈油2604 1手(空)@8802 / 棕榈油2605 1手(多)@8762 价差=40,多carry 豆油2605 1手(多)@8080 / 豆油2607 1手(空)@8044 价差=36,[AU] 空carry 黄金2604 1手(空)@963.16 / 黄金2606 1手(多)@965.26 价差=-2.1 z=1.44 | [P] 空carry 棕榈油2604 1手(空)@8802 / 棕榈油2605 1手(多)@8762 价差=40 z=1.20 | [Y] 多carry 豆油2605 1手(多)@8080 / 豆油2607 1手(空)@8044 价差=36 z=-1.70
2025-12-08,False,4,8,-100.0,-36.58,-260.0,-140.0,423187.6,7900.799999999999,24430.0,22414.0,-134.15,6.58,-0.00013414600000000824,477932.4,空carry 黄金2604 1手(空)@960.68 / 黄金2606 1手(多)@962.9 价差=-2.22,空carry 热卷2604 1手(空)@3293 / 热卷2605 1手(多)@3291 价差=2,空carry 棕榈油2604 1手(空)@8748 / 棕榈油2605 1手(多)@8702 价差=46,多carry 豆油2605 1手(多)@8032 / 豆油2607 1手(空)@7978 价差=54,[AU] 空carry 黄金2604 1手(空)@960.68 / 黄金2606 1手(多)@962.9 价差=-2.22 z=1.01 | [HC] 空carry 热卷2604 1手(空)@3293 / 热卷2605 1手(多)@3291 价差=2 z=0.98 | [P] 空carry 棕榈油2604 1手(空)@8748 / 棕榈油2605 1手(多)@8702 价差=46 z=1.39 | [Y] 多carry 豆油2605 1手(多)@8032 / 豆油2607 1手(空)@7978 价差=54 z=-1.25
2025-12-09,False,4,8,340.0,30.0,340.0,120.0,420147.19999999995,7810.799999999999,24259.200000000004,22299.2,207.5,0.0,0.00020749999999999095,474516.4,空carry 黄金2604 1手(空)@953.82 / 黄金2606 1手(多)@955.94 价差=-2.12,空carry 热卷2604 1手(空)@3257 / 热卷2605 1手(多)@3252 价差=5,空carry 棕榈油2604 1手(空)@8700 / 棕榈油2605 1手(多)@8628 价差=72,多carry 豆油2605 1手(多)@7984 / 豆油2607 1手(空)@7944 价差=40,[AU] 空carry 黄金2604 1手(空)@953.82 / 黄金2606 1手(多)@955.94 价差=-2.12 z=1.17 | [HC] 空carry 热卷2604 1手(空)@3257 / 热卷2605 1手(多)@3252 价差=5 z=1.71 | [P] 空carry 棕榈油2604 1手(空)@8700 / 棕榈油2605 1手(多)@8628 价差=72 z=2.22 | [Y] 多carry 豆油2605 1手(多)@7984 / 豆油2607 1手(空)@7944 价差=40 z=-1.33
2025-12-10,False,2,4,-40.0,-6.57,-220.0,-0.0,0.0,0.0,23931.600000000002,22327.200000000004,-66.64,46.57,-6.664150000000013e-05,46258.8,,,空carry 棕榈油2604 1手(空)@8566 / 棕榈油2605 1手(多)@8528 价差=38,多carry 豆油2605 1手(多)@8000 / 豆油2607 1手(空)@7948 价差=52,[P] 空carry 棕榈油2604 1手(空)@8566 / 棕榈油2605 1手(多)@8528 价差=38 z=1.18 | [Y] 多carry 豆油2605 1手(多)@8000 / 豆油2607 1手(空)@7948 价差=52 z=-1.02
2025-12-11,False,4,8,1160.0,63.51,180.0,-20.0,422637.6,7786.799999999999,24281.600000000002,22428.0,345.88,46.49,0.00034587774999996656,477134.0,空carry 黄金2604 1手(空)@960.08 / 黄金2606 1手(多)@961 价差=-0.92,空carry 热卷2604 1手(空)@3251 / 热卷2605 1手(多)@3238 价差=13,空carry 棕榈油2604 1手(空)@8702 / 棕榈油2605 1手(多)@8642 价差=60,多carry 豆油2605 1手(多)@8036 / 豆油2607 1手(空)@7984 价差=52,[AU] 空carry 黄金2604 1手(空)@960.08 / 黄金2606 1手(多)@961 价差=-0.92 z=3.03 | [HC] 空carry 热卷2604 1手(空)@3251 / 热卷2605 1手(多)@3238 价差=13 z=2.92 | [P] 空carry 棕榈油2604 1手(空)@8702 / 棕榈油2605 1手(多)@8642 价差=60 z=1.78 | [Y] 多carry 豆油2605 1手(多)@8036 / 豆油2607 1手(空)@7984 价差=52 z=-0.93
2025-12-12,False,3,6,-40.0,-10.0,-260.0,60.0,0.0,7764.0,24004.4,22313.2,-62.5,40.0,-6.249999999999932e-05,54081.6,,空carry 热卷2604 1手(空)@3238 / 热卷2605 1手(多)@3232 价差=6,空carry 棕榈油2604 1手(空)@8594 / 棕榈油2605 1手(多)@8552 价差=42,多carry 豆油2605 1手(多)@7994 / 豆油2607 1手(空)@7944 价差=50,[HC] 空carry 热卷2604 1手(空)@3238 / 热卷2605 1手(多)@3232 价差=6 z=1.17 | [P] 空carry 棕榈油2604 1手(空)@8594 / 棕榈油2605 1手(多)@8552 价差=42 z=1.26 | [Y] 多carry 豆油2605 1手(多)@7994 / 豆油2607 1手(空)@7944 价差=50 z=-0.88
2025-12-15,False,3,6,220.0,60.0,460.0,-5.0,433906.0,7767.6,23872.800000000003,0.0,183.75,45.0,0.00018375000000002103,465546.4,空carry 黄金2604 1手(空)@985.14 / 黄金2606 1手(多)@987.16 价差=-2.02,空carry 热卷2604 1手(空)@3240 / 热卷2605 1手(多)@3233 价差=7,空carry 棕榈油2604 1手(空)@8560 / 棕榈油2605 1手(多)@8492 价差=68,,[AU] 空carry 黄金2604 1手(空)@985.14 / 黄金2606 1手(多)@987.16 价差=-2.02 z=0.82 | [HC] 空carry 热卷2604 1手(空)@3240 / 热卷2605 1手(多)@3233 价差=7 z=1.25 | [P] 空carry 棕榈油2604 1手(空)@8560 / 棕榈油2605 1手(多)@8492 价差=68 z=1.99
2025-12-16,False,1,2,-40.0,-6.49,-5.0,-125.0,0.0,0.0,0.0,21974.4,-44.12,56.49,-4.4123250000000835e-05,21974.4,,,,多carry 豆油2605 1手(多)@7872 / 豆油2607 1手(空)@7824 价差=48,[Y] 多carry 豆油2605 1手(多)@7872 / 豆油2607 1手(空)@7824 价差=48 z=-0.77
2025-12-17,False,2,4,0.0,0.0,515.0,0.0,0.0,0.0,23497.600000000002,21851.200000000004,128.75,5.0,0.00012875000000000012,45348.8,,,空carry 棕榈油2604 1手(空)@8442 / 棕榈油2605 1手(多)@8342 价差=100,多carry 豆油2605 1手(多)@7822 / 豆油2607 1手(空)@7786 价差=36,[P] 空carry 棕榈油2604 1手(空)@8442 / 棕榈油2605 1手(多)@8342 价差=100 z=2.84 | [Y] 多carry 豆油2605 1手(多)@7822 / 豆油2607 1手(空)@7786 价差=36 z=-0.91
2025-12-18,False,3,6,0.0,23.44,80.0,20.0,0.0,7872.0,23497.600000000002,21795.200000000004,30.86,6.56,3.08599999999986e-05,53164.8,,空carry 热卷2604 1手(空)@3283 / 热卷2605 1手(多)@3277 价差=6,空carry 棕榈油2604 1手(空)@8416 / 棕榈油2605 1手(多)@8368 价差=48,多carry 豆油2605 1手(多)@7802 / 豆油2607 1手(空)@7766 价差=36,[HC] 空carry 热卷2604 1手(空)@3283 / 热卷2605 1手(多)@3277 价差=6 z=0.90 | [P] 空carry 棕榈油2604 1手(空)@8416 / 棕榈油2605 1手(多)@8368 价差=48 z=1.32 | [Y] 多carry 豆油2605 1手(多)@7802 / 豆油2607 1手(空)@7766 价差=36 z=-0.82
2025-12-19,False,1,2,0.0,-6.54,160.0,-5.0,0.0,0.0,23273.600000000002,0.0,37.11,11.54,3.711475000000244e-05,23273.6,,,空carry 棕榈油2604 1手(空)@8332 / 棕榈油2605 1手(多)@8292 价差=40,,[P] 空carry 棕榈油2604 1手(空)@8332 / 棕榈油2605 1手(多)@8292 价差=40 z=1.09
2025-12-22,False,2,4,-80.0,-36.56,-5.0,0.0,441663.2,7872.0,0.0,0.0,-30.39,51.56,-3.0389999999951782e-05,449535.2,空carry 黄金2604 1手(空)@1002.78 / 黄金2606 1手(多)@1004.78 价差=-2,空carry 热卷2604 1手(空)@3283 / 热卷2605 1手(多)@3277 价差=6,,,[AU] 空carry 黄金2604 1手(空)@1002.78 / 黄金2606 1手(多)@1004.78 价差=-2 z=0.81 | [HC] 空carry 热卷2604 1手(空)@3283 / 热卷2605 1手(多)@3277 价差=6 z=0.79
2025-12-23,False,3,6,240.0,50.0,15.0,0.0,447796.8,7885.2,23822.4,0.0,76.25,5.0,7.624999999993206e-05,479504.4,空carry 黄金2604 1手(空)@1016.74 / 黄金2606 1手(多)@1018.7 价差=-1.96,空carry 热卷2604 1手(空)@3290 / 热卷2605 1手(多)@3281 价差=9,空carry 棕榈油2604 1手(空)@8530 / 棕榈油2605 1手(多)@8486 价差=44,,[AU] 空carry 黄金2604 1手(空)@1016.74 / 黄金2606 1手(多)@1018.7 价差=-1.96 z=0.90 | [HC] 空carry 热卷2604 1手(空)@3290 / 热卷2605 1手(多)@3281 价差=9 z=1.31 | [P] 空carry 棕榈油2604 1手(空)@8530 / 棕榈油2605 1手(多)@8486 价差=44 z=1.15
2025-12-24,False,1,2,-40.0,-6.57,-0.0,0.0,0.0,0.0,23825.200000000004,0.0,-11.64,46.57,-1.1643500000002473e-05,23825.2,,,空carry 棕榈油2604 1手(空)@8530 / 棕榈油2605 1手(多)@8488 价差=42,,[P] 空carry 棕榈油2604 1手(空)@8530 / 棕榈油2605 1手(多)@8488 价差=42 z=1.09
2025-12-25,False,1,2,0.0,0.0,-160.0,0.0,0.0,0.0,23976.4,0.0,-40.0,0.0,-3.999999999999551e-05,23976.4,,,空carry 棕榈油2604 1手(空)@8584 / 棕榈油2605 1手(多)@8542 价差=42,,[P] 空carry 棕榈油2604 1手(空)@8584 / 棕榈油2605 1手(多)@8542 价差=42 z=1.05
2025-12-26,False,2,4,0.0,73.42,120.0,0.0,0.0,7892.4,24071.600000000002,0.0,48.36,6.58,4.8355750000000514e-05,31964.0,,空carry 热卷2604 1手(空)@3294 / 热卷2605 1手(多)@3283 价差=11,空carry 棕榈油2604 1手(空)@8626 / 棕榈油2605 1手(多)@8568 价差=58,,[HC] 空carry 热卷2604 1手(空)@3294 / 热卷2605 1手(多)@3283 价差=11 z=1.70 | [P] 空carry 棕榈油2604 1手(空)@8626 / 棕榈油2605 1手(多)@8568 价差=58 z=1.43
2025-12-29,False,2,4,20.0,-6.58,20.0,0.0,444989.6,0.0,23898.0,0.0,8.36,46.58,8.35575000000955e-06,468887.6,多carry 黄金2604 1手(多)@1009.98 / 黄金2606 1手(空)@1012.7 价差=-2.72,,空carry 棕榈油2604 1手(空)@8558 / 棕榈油2605 1手(多)@8512 价差=46,,[AU] 多carry 黄金2604 1手(多)@1009.98 / 黄金2606 1手(空)@1012.7 价差=-2.72 z=-1.31 | [P] 空carry 棕榈油2604 1手(空)@8558 / 棕榈油2605 1手(多)@8512 价差=46 z=1.08
2025-12-30,False,3,6,540.0,0.0,0.0,-85.0,435076.4,0.0,24304.0,21971.600000000002,113.75,5.0,0.000113749999999979,481352.0,多carry 黄金2604 1手(多)@987.48 / 黄金2606 1手(空)@990.14 价差=-2.66,,空carry 棕榈油2604 1手(空)@8702 / 棕榈油2605 1手(多)@8658 价差=44,空carry 豆油2605 1手(空)@7878 / 豆油2607 1手(多)@7816 价差=62,[AU] 多carry 黄金2604 1手(多)@987.48 / 黄金2606 1手(空)@990.14 价差=-2.66 z=-1.27 | [P] 空carry 棕榈油2604 1手(空)@8702 / 棕榈油2605 1手(多)@8658 价差=44 z=0.99 | [Y] 空carry 豆油2605 1手(空)@7878 / 豆油2607 1手(多)@7816 价差=62 z=2.10
2025-12-31,False,3,6,-40.0,-6.54,0.0,80.0,0.0,7843.2,24096.800000000003,21915.600000000002,8.37,46.54,8.366000000001407e-06,53855.6,,多carry 热卷2604 1手(多)@3266 / 热卷2605 1手(空)@3270 价差=-4,空carry 棕榈油2604 1手(空)@8628 / 棕榈油2605 1手(多)@8584 价差=44,空carry 豆油2605 1手(空)@7862 / 豆油2607 1手(多)@7792 价差=70,[HC] 多carry 热卷2604 1手(多)@3266 / 热卷2605 1手(空)@3270 价差=-4 z=-2.14 | [P] 空carry 棕榈油2604 1手(空)@8628 / 棕榈油2605 1手(多)@8584 价差=44 z=1.03 | [Y] 空carry 豆油2605 1手(空)@7862 / 豆油2607 1手(多)@7792 价差=70 z=2.51
2026-01-05,False,4,8,-180.0,-20.0,40.0,-100.0,440532.4,7802.4,23696.4,21910.0,-65.0,40.0,-6.499999999999029e-05,493941.2,多carry 黄金2606 1手(多)@999.88 / 黄金2608 1手(空)@1002.54 价差=-2.66,多carry 热卷2605 1手(多)@3248 / 热卷2606 1手(空)@3254 价差=-6,空carry 棕榈油2605 1手(空)@8488 / 棕榈油2606 1手(多)@8438 价差=50,空carry 豆油2605 1手(空)@7856 / 豆油2607 1手(多)@7794 价差=62,[AU] 多carry 黄金2606 1手(多)@999.88 / 黄金2608 1手(空)@1002.54 价差=-2.66 z=-1.16 | [HC] 多carry 热卷2605 1手(多)@3248 / 热卷2606 1手(空)@3254 价差=-6 z=-2.26 | [P] 空carry 棕榈油2605 1手(空)@8488 / 棕榈油2606 1手(多)@8438 价差=50 z=1.20 | [Y] 空carry 豆油2605 1手(空)@7856 / 豆油2607 1手(多)@7794 价差=62 z=1.44
2026-01-06,False,4,8,-100.0,-40.0,60.0,-60.0,445060.0,7840.799999999999,23735.600000000002,22052.800000000003,-35.0,0.0,-3.500000000001991e-05,498689.2,多carry 黄金2606 1手(多)@1010.1 / 黄金2608 1手(空)@1012.9 价差=-2.8,多carry 热卷2605 1手(多)@3263 / 热卷2606 1手(空)@3271 价差=-8,空carry 棕榈油2605 1手(空)@8500 / 棕榈油2606 1手(多)@8454 价差=46,空carry 豆油2605 1手(空)@7912 / 豆油2607 1手(多)@7840 价差=72,[AU] 多carry 黄金2606 1手(多)@1010.1 / 黄金2608 1手(空)@1012.9 价差=-2.8 z=-1.31 | [HC] 多carry 热卷2605 1手(多)@3263 / 热卷2606 1手(空)@3271 价差=-8 z=-2.25 | [P] 空carry 棕榈油2605 1手(空)@8500 / 棕榈油2606 1手(多)@8454 价差=46 z=1.08 | [Y] 空carry 豆油2605 1手(空)@7912 / 豆油2607 1手(多)@7840 价差=72 z=2.10
2026-01-07,False,4,8,220.0,100.0,-0.0,80.0,442442.0,8011.199999999999,23917.600000000002,22173.200000000004,100.0,0.0,9.999999999998393e-05,496544.0,多carry 黄金2606 1手(多)@1004.1 / 黄金2608 1手(空)@1007 价差=-2.9,多carry 热卷2605 1手(多)@3332 / 热卷2606 1手(空)@3344 价差=-12,空carry 棕榈油2605 1手(空)@8562 / 棕榈油2606 1手(多)@8522 价差=40,空carry 豆油2605 1手(空)@7958 / 豆油2607 1手(多)@7880 价差=78,[AU] 多carry 黄金2606 1手(多)@1004.1 / 黄金2608 1手(空)@1007 价差=-2.9 z=-1.44 | [HC] 多carry 热卷2605 1手(多)@3332 / 热卷2606 1手(空)@3344 价差=-12 z=-2.39 | [P] 空carry 棕榈油2605 1手(空)@8562 / 棕榈油2606 1手(多)@8522 价差=40 z=0.89 | [Y] 空carry 豆油2605 1手(空)@7958 / 豆油2607 1手(多)@7880 价差=78 z=2.20
2026-01-08,False,3,6,-560.0,-6.64,40.0,-160.0,441804.0,0.0,24057.600000000002,22145.2,-171.66,6.64,-0.0001716589999999751,488006.8,多carry 黄金2606 1手(多)@1002.76 / 黄金2608 1手(空)@1005.44 价差=-2.68,,空carry 棕榈油2605 1手(空)@8612 / 棕榈油2606 1手(多)@8572 价差=40,空carry 豆油2605 1手(空)@7944 / 豆油2607 1手(多)@7874 价差=70,[AU] 多carry 黄金2606 1手(多)@1002.76 / 黄金2608 1手(空)@1005.44 价差=-2.68 z=-0.85 | [P] 空carry 棕榈油2605 1手(空)@8612 / 棕榈油2606 1手(多)@8572 价差=40 z=0.86 | [Y] 空carry 豆油2605 1手(空)@7944 / 豆油2607 1手(多)@7874 价差=70 z=1.37
2026-01-09,False,3,6,300.0,-26.6,-5.0,80.0,445649.6,7915.199999999999,0.0,22262.800000000003,87.1,11.6,8.710099999996387e-05,475827.6,多carry 黄金2606 1手(多)@1011.22 / 黄金2608 1手(空)@1014.46 价差=-3.24,多carry 热卷2605 1手(多)@3294 / 热卷2606 1手(空)@3302 价差=-8,,空carry 豆油2605 1手(空)@7994 / 豆油2607 1手(多)@7908 价差=86,[AU] 多carry 黄金2606 1手(多)@1011.22 / 黄金2608 1手(空)@1014.46 价差=-3.24 z=-1.85 | [HC] 多carry 热卷2605 1手(多)@3294 / 热卷2606 1手(空)@3302 价差=-8 z=-1.49 | [Y] 空carry 豆油2605 1手(空)@7994 / 豆油2607 1手(多)@7908 价差=86 z=2.17
2026-01-12,False,3,6,-0.0,-80.0,0.0,0.0,454401.2,7958.4,0.0,22274.0,-20.0,0.0,-2.0000000000056556e-05,484633.6,多carry 黄金2606 1手(多)@1031.26 / 黄金2608 1手(空)@1034.2 价差=-2.94,多carry 热卷2605 1手(多)@3311 / 热卷2606 1手(空)@3321 价差=-10,,空carry 豆油2605 1手(空)@7994 / 豆油2607 1手(多)@7916 价差=78,[AU] 多carry 黄金2606 1手(多)@1031.26 / 黄金2608 1手(空)@1034.2 价差=-2.94 z=-1.19 | [HC] 多carry 热卷2605 1手(多)@3311 / 热卷2606 1手(空)@3321 价差=-10 z=-1.62 | [Y] 空carry 豆油2605 1手(空)@7994 / 豆油2607 1手(多)@7916 价差=78 z=1.44
2026-01-13,False,3,6,-40.0,70.0,0.0,-40.0,454999.6,7948.799999999999,0.0,22251.600000000002,-2.5,0.0,-2.4999999999907595e-06,485200.0,多carry 黄金2606 1手(多)@1032.62 / 黄金2608 1手(空)@1035.56 价差=-2.94,多carry 热卷2605 1手(多)@3303 / 热卷2606 1手(空)@3321 价差=-18,,空carry 豆油2605 1手(空)@7986 / 豆油2607 1手(多)@7908 价差=78,[AU] 多carry 黄金2606 1手(多)@1032.62 / 黄金2608 1手(空)@1035.56 价差=-2.94 z=-1.06 | [HC] 多carry 热卷2605 1手(多)@3303 / 热卷2606 1手(空)@3321 价差=-18 z=-2.26 | [Y] 空carry 豆油2605 1手(空)@7986 / 豆油2607 1手(多)@7908 价差=78 z=1.29
2026-01-14,False,3,6,-220.0,60.0,0.0,40.0,460895.6,7947.599999999999,0.0,22285.200000000004,-30.0,0.0,-3.0000000000012547e-05,491128.4,多carry 黄金2606 1手(多)@1046 / 黄金2608 1手(空)@1048.98 价差=-2.98,多carry 热卷2605 1手(多)@3306 / 热卷2606 1手(空)@3317 价差=-11,,空carry 豆油2605 1手(空)@8000 / 豆油2607 1手(多)@7918 价差=82,[AU] 多carry 黄金2606 1手(多)@1046 / 黄金2608 1手(空)@1048.98 价差=-2.98 z=-0.97 | [HC] 多carry 热卷2605 1手(多)@3306 / 热卷2606 1手(空)@3317 价差=-11 z=-1.23 | [Y] 空carry 豆油2605 1手(空)@8000 / 豆油2607 1手(多)@7918 价差=82 z=1.38
2026-01-15,False,2,4,800.0,-6.62,0.0,0.0,458418.4,0.0,0.0,22117.200000000004,198.35,6.62,0.0001983452500000172,480535.6,多carry 黄金2606 1手(多)@1040.26 / 黄金2608 1手(空)@1043.46 价差=-3.2,,,空carry 豆油2605 1手(空)@7938 / 豆油2607 1手(多)@7860 价差=78,[AU] 多carry 黄金2606 1手(多)@1040.26 / 黄金2608 1手(空)@1043.46 价差=-3.2 z=-1.43 | [Y] 空carry 豆油2605 1手(空)@7938 / 豆油2607 1手(多)@7860 价差=78 z=1.03
2026-01-16,False,1,2,-40.0,0.0,0.0,-40.0,0.0,0.0,0.0,22335.600000000002,-20.0,40.0,-2.0000000000000107e-05,22335.6,,,,空carry 豆油2605 1手(空)@8016 / 豆油2607 1手(多)@7938 价差=78,[Y] 空carry 豆油2605 1手(空)@8016 / 豆油2607 1手(多)@7938 价差=78 z=0.94
2026-01-19,False,2,4,0.0,13.39,0.0,0.0,0.0,7929.599999999999,0.0,22274.0,3.35,6.61,3.348000000000327e-06,30203.6,,多carry 热卷2605 1手(多)@3299 / 热卷2606 1手(空)@3309 价差=-10,,空carry 豆油2605 1手(空)@7996 / 豆油2607 1手(多)@7914 价差=82,[HC] 多carry 热卷2605 1手(多)@3299 / 热卷2606 1手(空)@3309 价差=-10 z=-0.92 | [Y] 空carry 豆油2605 1手(空)@7996 / 豆油2607 1手(多)@7914 价差=82 z=1.08
2026-01-20,False,2,4,440.0,-6.56,0.0,80.0,468072.0,0.0,0.0,22374.800000000003,128.36,46.56,0.00012836000000000325,490446.8,多carry 黄金2606 1手(多)@1062.2 / 黄金2608 1手(空)@1065.4 价差=-3.2,,,空carry 豆油2605 1手(空)@8032 / 豆油2607 1手(多)@7950 价差=82,[AU] 多carry 黄金2606 1手(多)@1062.2 / 黄金2608 1手(空)@1065.4 价差=-3.2 z=-1.13 | [Y] 空carry 豆油2605 1手(空)@8032 / 豆油2607 1手(多)@7950 价差=82 z=1.00
2026-01-21,True,0,0,-40.0,0.0,0.0,-5.0,0.0,0.0,0.0,0.0,-11.25,45.0,-1.125e-05,0.0,,,,,全品种空仓
2026-01-22,True,0,0,0.0,0.0,0.0,0.0,0.0,0.0,0.0,0.0,0.0,0.0,0.0,0.0,,,,,全品种空仓
2026-01-23,False,1,2,840.0,0.0,0.0,0.0,492668.0,0.0,0.0,0.0,210.0,40.0,0.00021000000000003094,492668.0,空carry 黄金2606 1手(空)@1118.38 / 黄金2608 1手(多)@1121.02 价差=-2.64,,,,[AU] 空carry 黄金2606 1手(空)@1118.38 / 黄金2608 1手(多)@1121.02 价差=-2.64 z=0.93
2026-01-26,False,1,2,-360.0,0.0,0.0,0.0,505269.6,0.0,0.0,0.0,-90.0,80.0,-8.999999999999159e-05,505269.6,多carry 黄金2606 1手(多)@1146.58 / 黄金2608 1手(空)@1150.1 价差=-3.52,,,,[AU] 多carry 黄金2606 1手(多)@1146.58 / 黄金2608 1手(空)@1150.1 价差=-3.52 z=-1.25
2026-01-27,False,1,2,460.0,0.0,0.0,0.0,507610.4,0.0,0.0,0.0,115.0,0.0,0.00011499999999998363,507610.4,多carry 黄金2606 1手(多)@1151.76 / 黄金2608 1手(空)@1155.56 价差=-3.8,,,,[AU] 多carry 黄金2606 1手(多)@1151.76 / 黄金2608 1手(空)@1155.56 价差=-3.8 z=-1.82
2026-01-28,False,1,2,-40.0,0.0,0.0,35.0,0.0,0.0,0.0,23217.600000000002,-1.25,45.0,-1.2499999999971863e-06,23217.6,,,,多carry 豆油2605 1手(多)@8326 / 豆油2607 1手(空)@8258 价差=68,[Y] 多carry 豆油2605 1手(多)@8326 / 豆油2607 1手(空)@8258 价差=68 z=-1.04
2026-01-29,True,0,0,0.0,0.0,0.0,-5.0,0.0,0.0,0.0,0.0,-1.25,5.0,-1.25e-06,0.0,,,,,全品种空仓
2026-01-30,False,2,4,1400.0,0.0,0.0,-45.0,512692.4,0.0,0.0,23102.800000000003,338.75,45.0,0.0003387500000000006,535795.2,多carry 黄金2606 1手(多)@1163.36 / 黄金2608 1手(空)@1167.06 价差=-3.7,,,多carry 豆油2605 1手(多)@8282 / 豆油2607 1手(空)@8220 价差=62,[AU] 多carry 黄金2606 1手(多)@1163.36 / 黄金2608 1手(空)@1167.06 价差=-3.7 z=-1.27 | [Y] 多carry 豆油2605 1手(多)@8282 / 豆油2607 1手(空)@8220 价差=62 z=-2.01
2026-02-02,False,4,8,-480.0,3.46,-5.0,40.0,444272.4,7846.799999999999,25107.600000000002,22520.4,-110.38,91.54,-0.00011038475000000589,499747.2,空carry 黄金2606 1手(空)@1008.58 / 黄金2608 1手(多)@1010.84 价差=-2.26,空carry 热卷2606 1手(空)@3269 / 热卷2607 1手(多)@3270 价差=-1,空carry 棕榈油2606 1手(空)@8992 / 棕榈油2607 1手(多)@8942 价差=50,多carry 豆油2607 1手(多)@8034 / 豆油2608 1手(空)@8052 价差=-18,[AU] 空carry 黄金2606 1手(空)@1008.58 / 黄金2608 1手(多)@1010.84 价差=-2.26 z=1.75 | [HC] 空carry 热卷2606 1手(空)@3269 / 热卷2607 1手(多)@3270 价差=-1 z=1.62 | [P] 空carry 棕榈油2606 1手(空)@8992 / 棕榈油2607 1手(多)@8942 价差=50 z=0.84 | [Y] 多carry 豆油2607 1手(多)@8034 / 豆油2608 1手(空)@8052 价差=-18 z=-4.10
2026-02-03,False,4,8,500.0,30.0,40.0,80.0,483018.8,7857.6,25331.600000000002,22526.0,162.5,0.0,0.00016250000000002314,538734.0,空carry 黄金2606 1手(空)@1096.84 / 黄金2608 1手(多)@1098.7 价差=-1.86,空carry 热卷2606 1手(空)@3273 / 热卷2607 1手(多)@3275 价差=-2,空carry 棕榈油2606 1手(空)@9072 / 棕榈油2607 1手(多)@9022 价差=50,多carry 豆油2607 1手(多)@8038 / 豆油2608 1手(空)@8052 价差=-14,[AU] 空carry 黄金2606 1手(空)@1096.84 / 黄金2608 1手(多)@1098.7 价差=-1.86 z=2.61 | [HC] 空carry 热卷2606 1手(空)@3273 / 热卷2607 1手(多)@3275 价差=-2 z=1.24 | [P] 空carry 棕榈油2606 1手(空)@9072 / 棕榈油2607 1手(多)@9022 价差=50 z=0.80 | [Y] 多carry 豆油2607 1手(多)@8038 / 豆油2608 1手(空)@8052 价差=-14 z=-2.80
2026-02-04,False,2,4,680.0,-6.56,-5.0,-20.0,504336.8,0.0,0.0,22643.600000000002,162.11,11.56,0.00016210875000002,526980.4,空carry 黄金2606 1手(空)@1145.04 / 黄金2608 1手(多)@1147.4 价差=-2.36,,,多carry 豆油2607 1手(多)@8084 / 豆油2608 1手(空)@8090 价差=-6,[AU] 空carry 黄金2606 1手(空)@1145.04 / 黄金2608 1手(多)@1147.4 价差=-2.36 z=1.50 | [Y] 多carry 豆油2607 1手(多)@8084 / 豆油2608 1手(空)@8090 价差=-6 z=-2.08
2026-02-05,False,1,2,-40.0,0.0,0.0,40.0,0.0,0.0,0.0,22562.4,-0.0,40.0,-2.360778239562933e-18,22562.4,,,,多carry 豆油2607 1手(多)@8054 / 豆油2608 1手(空)@8062 价差=-8,[Y] 多carry 豆油2607 1手(多)@8054 / 豆油2608 1手(空)@8062 价差=-8 z=-1.83
2026-02-06,False,1,2,0.0,0.0,0.0,-60.0,0.0,0.0,0.0,22579.200000000004,-15.0,0.0,-1.5000000000000305e-05,22579.2,,,,多carry 豆油2607 1手(多)@8062 / 豆油2608 1手(空)@8066 价差=-4,[Y] 多carry 豆油2607 1手(多)@8062 / 豆油2608 1手(空)@8066 价差=-4 z=-1.51
2026-02-09,False,3,6,80.0,-26.5,0.0,-60.0,497204.4,7795.199999999999,0.0,22621.2,-1.62,46.5,-1.624000000042889e-06,527620.8,空carry 黄金2606 1手(空)@1128.78 / 黄金2608 1手(多)@1131.24 价差=-2.46,空carry 热卷2606 1手(空)@3247 / 热卷2607 1手(多)@3249 价差=-2,,多carry 豆油2607 1手(多)@8074 / 豆油2608 1手(空)@8084 价差=-10,[AU] 空carry 黄金2606 1手(空)@1128.78 / 黄金2608 1手(多)@1131.24 价差=-2.46 z=1.11 | [HC] 空carry 热卷2606 1手(空)@3247 / 热卷2607 1手(多)@3249 价差=-2 z=1.18 | [Y] 多carry 豆油2607 1手(多)@8074 / 豆油2608 1手(空)@8084 价差=-10 z=-1.48
2026-02-10,False,3,6,340.0,-30.0,0.0,100.0,495110.0,7754.4,0.0,22568.0,102.5,0.0,0.00010250000000005365,525432.4,空carry 黄金2606 1手(空)@1123.96 / 黄金2608 1手(多)@1126.54 价差=-2.58,空carry 热卷2606 1手(空)@3231 / 热卷2607 1手(多)@3231 价差=0,,多carry 豆油2607 1手(多)@8052 / 豆油2608 1手(空)@8068 价差=-16,[AU] 空carry 黄金2606 1手(空)@1123.96 / 黄金2608 1手(多)@1126.54 价差=-2.58 z=0.76 | [HC] 空carry 热卷2606 1手(空)@3231 / 热卷2607 1手(多)@3231 价差=0 z=1.77 | [Y] 多carry 豆油2607 1手(多)@8052 / 豆油2608 1手(空)@8068 价差=-16 z=-1.44
2026-02-11,False,2,4,-40.0,80.0,0.0,40.0,0.0,7774.799999999999,0.0,22582.0,20.0,40.0,2.000000000000001e-05,30356.8,,空carry 热卷2606 1手(空)@3241 / 热卷2607 1手(多)@3238 价差=3,,多carry 豆油2607 1手(多)@8062 / 豆油2608 1手(空)@8068 价差=-6,[HC] 空carry 热卷2606 1手(空)@3241 / 热卷2607 1手(多)@3238 价差=3 z=2.24 | [Y] 多carry 豆油2607 1手(多)@8062 / 豆油2608 1手(空)@8068 价差=-6 z=-1.08
2026-02-12,False,2,4,800.0,-6.45,0.0,60.0,497543.19999999995,0.0,0.0,22509.200000000004,213.39,46.45,0.00021338775000003348,520052.4,空carry 黄金2606 1手(空)@1129.74 / 黄金2608 1手(多)@1131.82 价差=-2.08,,,多carry 豆油2607 1手(多)@8038 / 豆油2608 1手(空)@8040 价差=-2,[AU] 空carry 黄金2606 1手(空)@1129.74 / 黄金2608 1手(多)@1131.82 价差=-2.08 z=1.60 | [Y] 多carry 豆油2607 1手(多)@8038 / 豆油2608 1手(空)@8040 价差=-2 z=-0.90
2026-02-13,True,0,0,-40.0,0.0,0.0,-5.0,0.0,0.0,0.0,0.0,-11.25,45.0,-1.125e-05,0.0,,,,,全品种空仓
2026-02-24,True,0,0,0.0,0.0,0.0,0.0,0.0,0.0,0.0,0.0,0.0,0.0,0.0,0.0,,,,,全品种空仓
2026-02-25,False,1,2,0.0,63.51,0.0,0.0,0.0,7789.2,0.0,0.0,15.88,6.49,1.5877250000000198e-05,7789.2,,多carry 热卷2606 1手(多)@3240 / 热卷2607 1手(空)@3251 价差=-11,,,[HC] 多carry 热卷2606 1手(多)@3240 / 热卷2607 1手(空)@3251 价差=-11 z=-1.65
2026-02-26,False,1,2,0.0,-6.46,-25.0,0.0,0.0,0.0,24413.200000000004,0.0,-7.86,11.46,-7.864000000001108e-06,24413.2,,,多carry 棕榈油2606 1手(多)@8722 / 棕榈油2607 1手(空)@8716 价差=6,,[P] 多carry 棕榈油2606 1手(多)@8722 / 棕榈油2607 1手(空)@8716 价差=6 z=-1.26
2026-02-27,False,2,4,0.0,0.0,-220.0,-25.0,0.0,0.0,24606.4,22985.200000000004,-61.25,5.0,-6.124999999999767e-05,47591.6,,,多carry 棕榈油2606 1手(多)@8790 / 棕榈油2607 1手(空)@8786 价差=4,多carry 豆油2607 1手(多)@8202 / 豆油2608 1手(空)@8216 价差=-14,[P] 多carry 棕榈油2606 1手(多)@8790 / 棕榈油2607 1手(空)@8786 价差=4 z=-1.46 | [Y] 多carry 豆油2607 1手(多)@8202 / 豆油2608 1手(空)@8216 价差=-14 z=-0.82
2026-03-02,False,3,6,200.0,0.0,20.0,100.0,530248.4,0.0,24981.600000000002,23116.800000000003,80.0,40.0,8.000000000000432e-05,578346.8,空carry 黄金2608 1手(空)@1203.8 / 黄金2610 1手(多)@1206.42 价差=-2.62,,多carry 棕榈油2607 1手(多)@8926 / 棕榈油2608 1手(空)@8918 价差=8,多carry 豆油2607 1手(多)@8248 / 豆油2608 1手(空)@8264 价差=-16,[AU] 空carry 黄金2608 1手(空)@1203.8 / 黄金2610 1手(多)@1206.42 价差=-2.62 z=0.82 | [P] 多carry 棕榈油2607 1手(多)@8926 / 棕榈油2608 1手(空)@8918 价差=8 z=-1.29 | [Y] 多carry 豆油2607 1手(多)@8248 / 豆油2608 1手(空)@8264 价差=-16 z=-0.79
2026-03-03,False,2,4,-40.0,13.54,40.0,-5.0,0.0,7754.4,25219.600000000002,0.0,2.13,51.46,2.1344999999991653e-06,32974.0,,空carry 热卷2607 1手(空)@3231 / 热卷2608 1手(多)@3231 价差=0,多carry 棕榈油2607 1手(多)@9012 / 棕榈油2608 1手(空)@9002 价差=10,,[HC] 空carry 热卷2607 1手(空)@3231 / 热卷2608 1手(多)@3231 价差=0 z=1.29 | [P] 多carry 棕榈油2607 1手(多)@9012 / 棕榈油2608 1手(空)@9002 价差=10 z=-1.28
2026-03-04,False,1,2,0.0,-6.45,-60.0,0.0,0.0,0.0,25270.0,0.0,-16.61,6.45,-1.661300000000088e-05,25270.0,,,多carry 棕榈油2607 1手(多)@9032 / 棕榈油2608 1手(空)@9018 价差=14,,[P] 多carry 棕榈油2607 1手(多)@9032 / 棕榈油2608 1手(空)@9018 价差=14 z=-1.13
2026-03-05,False,3,6,1260.0,63.55,200.0,0.0,510096.4,7744.799999999999,25491.200000000004,0.0,380.89,46.45,0.00038088649999997516,543332.4,空carry 黄金2608 1手(空)@1158.44 / 黄金2610 1手(多)@1160.18 价差=-1.74,多carry 热卷2607 1手(多)@3223 / 热卷2608 1手(空)@3231 价差=-8,多carry 棕榈油2607 1手(多)@9108 / 棕榈油2608 1手(空)@9100 价差=8,,[AU] 空carry 黄金2608 1手(空)@1158.44 / 黄金2610 1手(多)@1160.18 价差=-1.74 z=2.13 | [HC] 多carry 热卷2607 1手(多)@3223 / 热卷2608 1手(空)@3231 价差=-8 z=-1.06 | [P] 多carry 棕榈油2607 1手(多)@9108 / 棕榈油2608 1手(空)@9100 价差=8 z=-1.42
2026-03-06,False,1,2,-40.0,-12.96,-5.0,0.0,0.0,7777.2,0.0,0.0,-14.49,57.96,-1.449049999999902e-05,7777.2,,空carry 热卷2607 1手(空)@3240 / 热卷2608 1手(多)@3241 价差=-1,,,[HC] 空carry 热卷2607 1手(空)@3240 / 热卷2608 1手(多)@3241 价差=-1 z=0.87
2026-03-09,False,3,6,1180.0,70.0,0.0,75.0,504983.6,7882.799999999999,0.0,24155.600000000002,331.25,45.0,0.00033125000000003144,537022.0,空carry 黄金2608 1手(空)@1146.52 / 黄金2610 1手(多)@1148.86 价差=-2.34,空carry 热卷2607 1手(空)@3284 / 热卷2608 1手(多)@3285 价差=-1,,空carry 豆油2607 1手(空)@8628 / 豆油2608 1手(多)@8626 价差=2,[AU] 空carry 黄金2608 1手(空)@1146.52 / 黄金2610 1手(多)@1148.86 价差=-2.34 z=0.78 | [HC] 空carry 热卷2607 1手(空)@3284 / 热卷2608 1手(多)@3285 价差=-1 z=0.79 | [Y] 空carry 豆油2607 1手(空)@8628 / 豆油2608 1手(多)@8626 价差=2 z=1.22
2026-03-10,False,2,4,440.0,76.91,0.0,-5.0,509168.0,7852.799999999999,0.0,0.0,127.98,98.09,0.00012797800000001615,517020.8,多carry 黄金2608 1手(多)@1155.42 / 黄金2610 1手(空)@1158.98 价差=-3.56,多carry 热卷2607 1手(多)@3268 / 热卷2608 1手(空)@3276 价差=-8,,,[AU] 多carry 黄金2608 1手(多)@1155.42 / 黄金2610 1手(空)@1158.98 价差=-3.56 z=-1.80 | [HC] 多carry 热卷2607 1手(多)@3268 / 热卷2608 1手(空)@3276 价差=-8 z=-1.13
2026-03-11,False,3,6,-40.0,-3.11,-125.0,95.0,0.0,7868.4,26639.2,23814.0,-18.28,63.11,-1.827849999999583e-05,58321.6,,空carry 热卷2607 1手(空)@3279 / 热卷2608 1手(多)@3278 价差=1,多carry 棕榈油2607 1手(多)@9524 / 棕榈油2608 1手(空)@9504 价差=20,空carry 豆油2607 1手(空)@8506 / 豆油2608 1手(多)@8504 价差=2,[HC] 空carry 热卷2607 1手(空)@3279 / 热卷2608 1手(多)@3278 价差=1 z=1.34 | [P] 多carry 棕榈油2607 1手(多)@9524 / 棕榈油2608 1手(空)@9504 价差=20 z=-0.81 | [Y] 空carry 豆油2607 1手(空)@8506 / 豆油2608 1手(多)@8504 价差=2 z=1.13
2026-03-12,False,2,4,0.0,10.0,320.0,-5.0,0.0,7879.2,26975.200000000004,0.0,81.25,5.0,8.124999999999986e-05,34854.4,,空carry 热卷2607 1手(空)@3283 / 热卷2608 1手(多)@3283 价差=0,多carry 棕榈油2607 1手(多)@9638 / 棕榈油2608 1手(空)@9630 价差=8,,[HC] 空carry 热卷2607 1手(空)@3283 / 热卷2608 1手(多)@3283 价差=0 z=0.97 | [P] 多carry 棕榈油2607 1手(多)@9638 / 棕榈油2608 1手(空)@9630 价差=8 z=-1.37
2026-03-13,False,1,2,0.0,-6.62,-5.0,255.0,0.0,0.0,0.0,24152.800000000003,60.85,16.62,6.0846249999999414e-05,24152.8,,,,空carry 豆油2607 1手(空)@8628 / 豆油2608 1手(多)@8624 价差=4,[Y] 空carry 豆油2607 1手(空)@8628 / 豆油2608 1手(多)@8624 价差=4 z=1.32
2026-03-16,False,3,6,240.0,-86.62,0.0,290.0,495369.6,7941.6,0.0,24295.600000000002,110.85,56.62,0.00011084549999999105,527606.8,空carry 黄金2608 1手(空)@1124.7 / 黄金2610 1手(多)@1126.98 价差=-2.28,空carry 热卷2607 1手(空)@3310 / 热卷2608 1手(多)@3308 价差=2,,多carry 豆油2607 1手(多)@8666 / 豆油2608 1手(空)@8688 价差=-22,[AU] 空carry 黄金2608 1手(空)@1124.7 / 黄金2610 1手(多)@1126.98 价差=-2.28 z=1.03 | [HC] 空carry 热卷2607 1手(空)@3310 / 热卷2608 1手(多)@3308 价差=2 z=1.31 | [Y] 多carry 豆油2607 1手(多)@8666 / 豆油2608 1手(空)@8688 价差=-22 z=-2.29
2026-03-17,False,2,4,-40.0,40.0,0.0,130.0,0.0,7960.799999999999,0.0,24040.800000000003,32.5,50.0,3.2499999999999035e-05,32001.6,,空carry 热卷2607 1手(空)@3322 / 热卷2608 1手(多)@3312 价差=10,,空carry 豆油2607 1手(空)@8590 / 豆油2608 1手(多)@8582 价差=8,[HC] 空carry 热卷2607 1手(空)@3322 / 热卷2608 1手(多)@3312 价差=10 z=2.63 | [Y] 空carry 豆油2607 1手(空)@8590 / 豆油2608 1手(多)@8582 价差=8 z=1.56
2026-03-18,False,2,4,100.0,100.0,0.0,-5.0,493275.2,7953.599999999999,0.0,0.0,48.75,45.0,4.875000000000527e-05,501228.8,空carry 黄金2608 1手(空)@1119.98 / 黄金2610 1手(多)@1122.18 价差=-2.2,空carry 热卷2607 1手(空)@3317 / 热卷2608 1手(多)@3311 价差=6,,,[AU] 空carry 黄金2608 1手(空)@1119.98 / 黄金2610 1手(多)@1122.18 价差=-2.2 z=1.14 | [HC] 空carry 热卷2607 1手(空)@3317 / 热卷2608 1手(多)@3311 价差=6 z=1.59
2026-03-19,False,1,2,-40.0,-6.63,0.0,15.0,0.0,0.0,0.0,23965.200000000004,-7.91,51.63,-7.907999999998614e-06,23965.2,,,,多carry 豆油2607 1手(多)@8552 / 豆油2608 1手(空)@8566 价差=-14,[Y] 多carry 豆油2607 1手(多)@8552 / 豆油2608 1手(空)@8566 价差=-14 z=-1.29
2026-03-20,False,2,4,0.0,83.38,0.0,40.0,0.0,7941.599999999999,0.0,24029.600000000002,30.85,6.62,3.084549999999787e-05,31971.2,,多carry 热卷2607 1手(多)@3306 / 热卷2608 1手(空)@3312 价差=-6,,多carry 豆油2607 1手(多)@8576 / 豆油2608 1手(空)@8588 价差=-12,[HC] 多carry 热卷2607 1手(多)@3306 / 热卷2608 1手(空)@3312 价差=-6 z=-0.76 | [Y] 多carry 豆油2607 1手(多)@8576 / 豆油2608 1手(空)@8588 价差=-12 z=-0.94
2026-03-23,False,2,4,2160.0,-3.34,0.0,-5.0,416178.4,8002.799999999999,0.0,0.0,537.92,58.34,0.0005379155,424181.2,空carry 黄金2608 1手(空)@945.5 / 黄金2610 1手(多)@946.22 价差=-0.72,空carry 热卷2607 1手(空)@3336 / 热卷2608 1手(多)@3333 价差=3,,,[AU] 空carry 黄金2608 1手(空)@945.5 / 黄金2610 1手(多)@946.22 价差=-0.72 z=3.09 | [HC] 空carry 热卷2607 1手(空)@3336 / 热卷2608 1手(多)@3333 价差=3 z=0.99
2026-03-24,False,2,4,160.0,-6.67,-45.0,0.0,432942.4,0.0,27020.000000000004,0.0,27.08,91.67,2.708299999997726e-05,459962.4,多carry 黄金2608 1手(多)@982.5 / 黄金2610 1手(空)@985.42 价差=-2.92,,多carry 棕榈油2607 1手(多)@9660 / 棕榈油2608 1手(空)@9640 价差=20,,[AU] 多carry 黄金2608 1手(多)@982.5 / 黄金2610 1手(空)@985.42 价差=-2.92 z=-1.24 | [P] 多carry 棕榈油2607 1手(多)@9660 / 棕榈油2608 1手(空)@9640 价差=20 z=-0.78
2026-03-25,False,1,2,-40.0,0.0,80.0,0.0,0.0,0.0,26723.200000000004,0.0,10.0,40.0,1.0000000000000141e-05,26723.2,,,多carry 棕榈油2607 1手(多)@9552 / 棕榈油2608 1手(空)@9536 价差=16,,[P] 多carry 棕榈油2607 1手(多)@9552 / 棕榈油2608 1手(空)@9536 价差=16 z=-1.01
2026-03-26,False,3,6,120.0,43.37,-5.0,75.0,440176.0,7960.799999999999,0.0,24116.4,58.34,56.63,5.8341500000009355e-05,472253.2,多carry 黄金2608 1手(多)@998.82 / 黄金2610 1手(空)@1001.98 价差=-3.16,多carry 热卷2607 1手(多)@3313 / 热卷2608 1手(空)@3321 价差=-8,,多carry 豆油2607 1手(多)@8604 / 豆油2608 1手(空)@8622 价差=-18,[AU] 多carry 黄金2608 1手(多)@998.82 / 黄金2610 1手(空)@1001.98 价差=-3.16 z=-1.47 | [HC] 多carry 热卷2607 1手(多)@3313 / 热卷2608 1手(空)@3321 价差=-8 z=-1.39 | [Y] 多carry 豆油2607 1手(多)@8604 / 豆油2608 1手(空)@8622 价差=-18 z=-1.45
2026-03-27,False,2,4,740.0,-6.62,235.0,-5.0,441188.0,0.0,27325.200000000004,0.0,240.85,16.62,0.00024084524999997737,468513.2,多carry 黄金2608 1手(多)@1001.2 / 黄金2610 1手(空)@1004.2 价差=-3,,空carry 棕榈油2607 1手(空)@9780 / 棕榈油2608 1手(多)@9738 价差=42,,[AU] 多carry 黄金2608 1手(多)@1001.2 / 黄金2610 1手(空)@1004.2 价差=-3 z=-1.09 | [P] 空carry 棕榈油2607 1手(空)@9780 / 棕榈油2608 1手(多)@9738 价差=42 z=0.78
2026-03-30,False,2,4,-40.0,0.0,-230.0,35.0,0.0,0.0,27857.200000000004,24290.0,-58.75,55.0,-5.874999999999804e-05,52147.2,,,多carry 棕榈油2607 1手(多)@9958 / 棕榈油2608 1手(空)@9940 价差=18,多carry 豆油2607 1手(多)@8652 / 豆油2608 1手(空)@8698 价差=-46,[P] 多carry 棕榈油2607 1手(多)@9958 / 棕榈油2608 1手(空)@9940 价差=18 z=-0.89 | [Y] 多carry 豆油2607 1手(多)@8652 / 豆油2608 1手(空)@8698 价差=-46 z=-3.28
2026-03-31,False,4,8,200.0,13.39,-40.0,-260.0,450894.4,7935.6,27714.4,24172.4,-21.65,46.61,-2.165325000002089e-05,510716.8,多carry 黄金2608 1手(多)@1023.3 / 黄金2610 1手(空)@1026.22 价差=-2.92,多carry 热卷2607 1手(多)@3300 / 热卷2608 1手(空)@3313 价差=-13,多carry 棕榈油2607 1手(多)@9896 / 棕榈油2608 1手(空)@9900 价差=-4,多carry 豆油2607 1手(多)@8612 / 豆油2608 1手(空)@8654 价差=-42,[AU] 多carry 黄金2608 1手(多)@1023.3 / 黄金2610 1手(空)@1026.22 价差=-2.92 z=-0.78 | [HC] 多carry 热卷2607 1手(多)@3300 / 热卷2608 1手(空)@3313 价差=-13 z=-2.10 | [P] 多carry 棕榈油2607 1手(多)@9896 / 棕榈油2608 1手(空)@9900 价差=-4 z=-2.27 | [Y] 多carry 豆油2607 1手(多)@8612 / 豆油2608 1手(空)@8654 价差=-42 z=-2.33
2026-04-01,False,3,6,-40.0,6.78,-20.0,30.0,0.0,7932.0,27526.800000000003,24077.2,-5.8,63.22,-5.804999999993512e-06,59536.0,,空carry 热卷2608 1手(空)@3307 / 热卷2609 1手(多)@3303 价差=4,多carry 棕榈油2608 1手(多)@9838 / 棕榈油2609 1手(空)@9824 价差=14,空carry 豆油2608 1手(空)@8614 / 豆油2609 1手(多)@8584 价差=30,[HC] 空carry 热卷2608 1手(空)@3307 / 热卷2609 1手(多)@3303 价差=4 z=1.02 | [P] 多carry 棕榈油2608 1手(多)@9838 / 棕榈油2609 1手(空)@9824 价差=14 z=-1.05 | [Y] 空carry 豆油2608 1手(空)@8614 / 豆油2609 1手(多)@8584 价差=30 z=2.31
2026-04-02,False,3,6,520.0,-6.59,40.0,80.0,452254.0,0.0,28039.200000000004,24295.600000000002,158.35,46.59,0.00015835350000000583,504588.8,多carry 黄金2608 1手(多)@1026.3 / 黄金2610 1手(空)@1029.4 价差=-3.1,,多carry 棕榈油2608 1手(多)@10020 / 棕榈油2609 1手(空)@10008 价差=12,空carry 豆油2608 1手(空)@8690 / 豆油2609 1手(多)@8664 价差=26,[AU] 多carry 黄金2608 1手(多)@1026.3 / 黄金2610 1手(空)@1029.4 价差=-3.1 z=-0.98 | [P] 多carry 棕榈油2608 1手(多)@10020 / 棕榈油2609 1手(空)@10008 价差=12 z=-1.17 | [Y] 空carry 豆油2608 1手(空)@8690 / 豆油2609 1手(多)@8664 价差=26 z=1.80
2026-04-03,False,3,6,-40.0,83.44,0.0,-40.0,0.0,7872.0,27988.800000000003,24312.4,0.86,46.56,8.600000000042271e-07,60173.2,,空carry 热卷2608 1手(空)@3282 / 热卷2609 1手(多)@3278 价差=4,多carry 棕榈油2608 1手(多)@10004 / 棕榈油2609 1手(空)@9988 价差=16,空carry 豆油2608 1手(空)@8692 / 豆油2609 1手(多)@8674 价差=18,[HC] 空carry 热卷2608 1手(空)@3282 / 热卷2609 1手(多)@3278 价差=4 z=0.89 | [P] 多carry 棕榈油2608 1手(多)@10004 / 棕榈油2609 1手(空)@9988 价差=16 z=-0.86 | [Y] 空carry 豆油2608 1手(空)@8692 / 豆油2609 1手(多)@8674 价差=18 z=1.26
2026-04-07,False,2,4,0.0,-6.54,60.0,-40.0,0.0,0.0,27988.800000000003,24525.200000000004,3.36,6.54,3.364750000001706e-06,52514.0,,,多carry 棕榈油2608 1手(多)@10004 / 棕榈油2609 1手(空)@9988 价差=16,空carry 豆油2608 1手(空)@8770 / 豆油2609 1手(多)@8748 价差=22,[P] 多carry 棕榈油2608 1手(多)@10004 / 棕榈油2609 1手(空)@9988 价差=16 z=-0.83 | [Y] 空carry 豆油2608 1手(空)@8770 / 豆油2609 1手(多)@8748 价差=22 z=1.35
2026-04-08,False,2,4,0.0,63.45,-5.0,-40.0,0.0,7860.0,0.0,23724.4,4.61,11.55,4.612499999996235e-06,31584.4,,多carry 热卷2608 1手(多)@3272 / 热卷2609 1手(空)@3278 价差=-6,,空carry 豆油2608 1手(空)@8486 / 豆油2609 1手(多)@8460 价差=26,[HC] 多carry 热卷2608 1手(多)@3272 / 热卷2609 1手(空)@3278 价差=-6 z=-0.95 | [Y] 空carry 豆油2608 1手(空)@8486 / 豆油2609 1手(多)@8460 价差=26 z=1.39
2026-04-09,False,3,6,580.0,-6.54,-15.0,50.0,460121.2,0.0,27039.600000000006,23830.800000000003,152.12,51.54,0.0001521162499999952,510991.6,多carry 黄金2608 1手(多)@1044.08 / 黄金2610 1手(空)@1047.38 价差=-3.3,,多carry 棕榈油2608 1手(多)@9664 / 棕榈油2609 1手(空)@9650 价差=14,空carry 豆油2608 1手(空)@8526 / 豆油2609 1手(多)@8496 价差=30,[AU] 多carry 黄金2608 1手(多)@1044.08 / 黄金2610 1手(空)@1047.38 价差=-3.3 z=-1.20 | [P] 多carry 棕榈油2608 1手(多)@9664 / 棕榈油2609 1手(空)@9650 价差=14 z=-0.92 | [Y] 空carry 豆油2608 1手(空)@8526 / 豆油2609 1手(多)@8496 价差=30 z=1.43
2026-04-10,False,2,4,-40.0,0.0,80.0,-30.0,0.0,0.0,26957.000000000004,23851.800000000003,2.5,40.0,2.4999999999991117e-06,50808.8,,,多carry 棕榈油2608 1手(多)@9634 / 棕榈油2609 1手(空)@9621 价差=13,空carry 豆油2608 1手(空)@8531 / 豆油2609 1手(多)@8506 价差=25,[P] 多carry 棕榈油2608 1手(多)@9634 / 棕榈油2609 1手(空)@9621 价差=13 z=-0.97 | [Y] 空carry 豆油2608 1手(空)@8531 / 豆油2609 1手(多)@8506 价差=25 z=1.10
2026-04-13,False,2,4,0.0,73.46,-5.0,40.0,0.0,7852.799999999999,0.0,23802.800000000003,27.11,11.54,2.711400000000128e-05,31655.6,,多carry 热卷2608 1手(多)@3269 / 热卷2609 1手(空)@3275 价差=-6,,空carry 豆油2608 1手(空)@8515 / 豆油2609 1手(多)@8487 价差=28,[HC] 多carry 热卷2608 1手(多)@3269 / 热卷2609 1手(空)@3275 价差=-6 z=-0.89 | [Y] 空carry 豆油2608 1手(空)@8515 / 豆油2609 1手(多)@8487 价差=28 z=1.13
2026-04-14,False,2,4,0.0,-6.56,-65.0,20.0,0.0,0.0,26432.0,23716.0,-12.89,11.56,-1.288950000000147e-05,50148.0,,,多carry 棕榈油2608 1手(多)@9446 / 棕榈油2609 1手(空)@9434 价差=12,空carry 豆油2608 1手(空)@8482 / 豆油2609 1手(多)@8458 价差=24,[P] 多carry 棕榈油2608 1手(多)@9446 / 棕榈油2609 1手(空)@9434 价差=12 z=-0.99 | [Y] 空carry 豆油2608 1手(空)@8482 / 豆油2609 1手(多)@8458 价差=24 z=0.87
2026-04-15,False,2,4,0.0,123.42,30.0,-5.0,0.0,7894.799999999999,26359.200000000004,0.0,37.11,11.58,3.710525000000027e-05,34254.0,,空carry 热卷2608 1手(空)@3291 / 热卷2609 1手(多)@3288 价差=3,多carry 棕榈油2608 1手(多)@9417 / 棕榈油2609 1手(空)@9411 价差=6,,[HC] 空carry 热卷2608 1手(空)@3291 / 热卷2609 1手(多)@3288 价差=3 z=0.88 | [P] 多carry 棕榈油2608 1手(多)@9417 / 棕榈油2609 1手(空)@9411 价差=6 z=-1.46
2026-04-16,False,3,6,360.0,126.73,-260.0,0.0,468762.8,7963.2,26338.200000000004,0.0,56.68,53.27,5.668199999996681e-05,503064.2,空carry 黄金2608 1手(空)@1064.3 / 黄金2610 1手(多)@1066.44 价差=-2.14,多carry 热卷2608 1手(多)@3313 / 热卷2609 1手(空)@3323 价差=-10,多carry 棕榈油2608 1手(多)@9411 / 棕榈油2609 1手(空)@9402 价差=9,,[AU] 空carry 黄金2608 1手(空)@1064.3 / 黄金2610 1手(多)@1066.44 价差=-2.14 z=0.99 | [HC] 多carry 热卷2608 1手(多)@3313 / 热卷2609 1手(空)@3323 价差=-10 z=-1.55 | [P] 多carry 棕榈油2608 1手(多)@9411 / 棕榈油2609 1手(空)@9402 价差=9 z=-1.16
2026-04-17,False,2,4,-40.0,196.73,20.0,0.0,0.0,7960.799999999999,26553.800000000003,0.0,44.18,53.27,4.418299999999766e-05,34514.6,,空carry 热卷2608 1手(空)@3319 / 热卷2609 1手(多)@3315 价差=4,多carry 棕榈油2608 1手(多)@9475 / 棕榈油2609 1手(空)@9492 价差=-17,,[HC] 空carry 热卷2608 1手(空)@3319 / 热卷2609 1手(多)@3315 价差=4 z=1.12 | [P] 多carry 棕榈油2608 1手(多)@9475 / 棕榈油2609 1手(空)@9492 价差=-17 z=-3.10
2026-04-20,False,3,6,160.0,176.55,-20.0,0.0,465942.4,8072.4,26539.800000000003,0.0,79.14,53.45,7.913650000004103e-05,500554.6,空carry 黄金2608 1手(空)@1057.86 / 黄金2610 1手(多)@1060.06 价差=-2.2,多carry 热卷2608 1手(多)@3355 / 热卷2609 1手(空)@3372 价差=-17,多carry 棕榈油2608 1手(多)@9471 / 棕榈油2609 1手(空)@9486 价差=-15,,[AU] 空carry 黄金2608 1手(空)@1057.86 / 黄金2610 1手(多)@1060.06 价差=-2.2 z=0.85 | [HC] 多carry 热卷2608 1手(多)@3355 / 热卷2609 1手(空)@3372 价差=-17 z=-2.38 | [P] 多carry 棕榈油2608 1手(多)@9471 / 棕榈油2609 1手(空)@9486 价差=-15 z=-2.70
2026-04-21,False,2,4,520.0,-6.72,-130.0,0.0,464534.4,0.0,27220.200000000004,0.0,95.82,6.72,9.582100000000938e-05,491754.6,空carry 黄金2608 1手(空)@1054.56 / 黄金2610 1手(多)@1056.96 价差=-2.4,,多carry 棕榈油2608 1手(多)@9713 / 棕榈油2609 1手(空)@9730 价差=-17,,[AU] 空carry 黄金2608 1手(空)@1054.56 / 黄金2610 1手(多)@1056.96 价差=-2.4 z=0.97 | [P] 多carry 棕榈油2608 1手(多)@9713 / 棕榈油2609 1手(空)@9730 价差=-17 z=-2.61
2026-04-22,False,2,4,-40.0,103.24,-130.0,0.0,0.0,8114.4,27459.600000000002,0.0,-16.69,46.76,-1.6690500000000426e-05,35574.0,,多carry 热卷2608 1手(多)@3377 / 热卷2609 1手(空)@3385 价差=-8,多carry 棕榈油2608 1手(多)@9792 / 棕榈油2609 1手(空)@9822 价差=-30,,[HC] 多carry 热卷2608 1手(多)@3377 / 热卷2609 1手(空)@3385 价差=-8 z=-0.83 | [P] 多carry 棕榈油2608 1手(多)@9792 / 棕榈油2609 1手(空)@9822 价差=-30 z=-3.13
2026-04-23,False,3,6,60.0,56.49,-60.0,0.0,459276.4,8108.4,27326.600000000002,0.0,14.12,53.51,1.4121500000027126e-05,494711.4,空carry 黄金2608 1手(空)@1042.78 / 黄金2610 1手(多)@1044.84 价差=-2.06,空carry 热卷2608 1手(空)@3380 / 热卷2609 1手(多)@3377 价差=3,多carry 棕榈油2608 1手(多)@9738 / 棕榈油2609 1手(空)@9781 价差=-43,,[AU] 空carry 黄金2608 1手(空)@1042.78 / 黄金2610 1手(多)@1044.84 价差=-2.06 z=1.63 | [HC] 空carry 热卷2608 1手(空)@3380 / 热卷2609 1手(多)@3377 价差=3 z=0.90 | [P] 多carry 棕榈油2608 1手(多)@9738 / 棕榈油2609 1手(空)@9781 价差=-43 z=-3.47
2026-04-24,False,2,4,720.0,-6.77,-170.0,0.0,455796.0,0.0,27309.800000000003,0.0,135.81,6.77,0.00013580700000001108,483105.8,空carry 黄金2608 1手(空)@1034.82 / 黄金2610 1手(多)@1036.98 价差=-2.16,,多carry 棕榈油2608 1手(多)@9729 / 棕榈油2609 1手(空)@9778 价差=-49,,[AU] 空carry 黄金2608 1手(空)@1034.82 / 黄金2610 1手(多)@1036.98 价差=-2.16 z=1.22 | [P] 多carry 棕榈油2608 1手(多)@9729 / 棕榈油2609 1手(空)@9778 价差=-49 z=-3.36
2026-04-27,False,2,4,200.0,0.0,-70.0,0.0,459122.4,0.0,27305.600000000006,0.0,32.5,80.0,3.2500000000047905e-05,486428.0,多carry 黄金2608 1手(多)@1042.02 / 黄金2610 1手(空)@1044.9 价差=-2.88,,多carry 棕榈油2608 1手(多)@9719 / 棕榈油2609 1手(空)@9785 价差=-66,,[AU] 多carry 黄金2608 1手(多)@1042.02 / 黄金2610 1手(空)@1044.9 价差=-2.88 z=-0.80 | [P] 多carry 棕榈油2608 1手(多)@9719 / 棕榈油2609 1手(空)@9785 价差=-66 z=-3.64
2026-04-28,False,1,2,-40.0,0.0,90.0,0.0,0.0,0.0,27223.000000000004,0.0,12.5,40.0,1.250000000000083e-05,27223.0,,,多carry 棕榈油2608 1手(多)@9686 / 棕榈油2609 1手(空)@9759 价差=-73,,[P] 多carry 棕榈油2608 1手(多)@9686 / 棕榈油2609 1手(空)@9759 价差=-73 z=-3.47
2026-04-29,False,2,4,0.0,0.0,-120.0,-45.0,0.0,0.0,27294.4,24014.200000000004,-41.25,5.0,-4.124999999999711e-05,51308.6,,,多carry 棕榈油2608 1手(多)@9716 / 棕榈油2609 1手(空)@9780 价差=-64,多carry 豆油2608 1手(多)@8580 / 豆油2609 1手(空)@8573 价差=7,[P] 多carry 棕榈油2608 1手(多)@9716 / 棕榈油2609 1手(空)@9780 价差=-64 z=-2.83 | [Y] 多carry 豆油2608 1手(多)@8580 / 豆油2609 1手(空)@8573 价差=7 z=-1.40
2026-04-30,False,3,6,160.0,0.0,-10.0,-20.0,448738.4,0.0,27392.4,24098.200000000004,32.5,40.0,3.249999999992477e-05,500229.0,空carry 黄金2608 1手(空)@1018.78 / 黄金2610 1手(多)@1020.94 价差=-2.16,,多carry 棕榈油2608 1手(多)@9745 / 棕榈油2609 1手(空)@9821 价差=-76,多carry 豆油2608 1手(多)@8608 / 豆油2609 1手(空)@8605 价差=3,[AU] 空carry 黄金2608 1手(空)@1018.78 / 黄金2610 1手(多)@1020.94 价差=-2.16 z=1.09 | [P] 多carry 棕榈油2608 1手(多)@9745 / 棕榈油2609 1手(空)@9821 价差=-76 z=-2.96 | [Y] 多carry 豆油2608 1手(多)@8608 / 豆油2609 1手(空)@8605 价差=3 z=-1.66
2026-05-06,False,1,2,-40.0,0.0,50.0,-5.0,0.0,0.0,27657.000000000004,0.0,1.25,45.0,1.2500000000023875e-06,27657.0,,,多carry 棕榈油2609 1手(多)@9864 / 棕榈油2610 1手(空)@9891 价差=-27,,[P] 多carry 棕榈油2609 1手(多)@9864 / 棕榈油2610 1手(空)@9891 价差=-27 z=-1.25
2026-05-07,False,2,4,0.0,0.0,-240.0,-15.0,0.0,0.0,27336.4,23984.800000000003,-63.75,5.0,-6.37500000000006e-05,51321.2,,,多carry 棕榈油2609 1手(多)@9752 / 棕榈油2610 1手(空)@9774 价差=-22,空carry 豆油2609 1手(空)@8581 / 豆油2611 1手(多)@8551 价差=30,[P] 多carry 棕榈油2609 1手(多)@9752 / 棕榈油2610 1手(空)@9774 价差=-22 z=-1.06 | [Y] 空carry 豆油2609 1手(空)@8581 / 豆油2611 1手(多)@8551 价差=30 z=1.39
2026-05-08,False,3,6,-180.0,0.0,10.0,10.0,459426.0,0.0,27168.4,23720.200000000004,-40.0,40.0,-4.000000000000256e-05,510314.6,空carry 黄金2610 1手(空)@1043.04 / 黄金2612 1手(多)@1045.26 价差=-2.22,,多carry 棕榈油2609 1手(多)@9680 / 棕榈油2610 1手(空)@9726 价差=-46,空carry 豆油2609 1手(空)@8487 / 豆油2611 1手(多)@8456 价差=31,[AU] 空carry 黄金2610 1手(空)@1043.04 / 黄金2612 1手(多)@1045.26 价差=-2.22 z=0.88 | [P] 多carry 棕榈油2609 1手(多)@9680 / 棕榈油2610 1手(空)@9726 价差=-46 z=-1.78 | [Y] 空carry 豆油2609 1手(空)@8487 / 豆油2611 1手(多)@8456 价差=31 z=1.38
2026-05-11,False,4,8,40.0,3.02,-120.0,40.0,454282.4,8382.0,27172.600000000002,23931.600000000002,-9.25,6.98,-9.246249999992244e-06,513768.6,空carry 黄金2610 1手(空)@1031.42 / 黄金2612 1手(多)@1033.5 价差=-2.08,多carry 热卷2609 1手(多)@3488 / 热卷2610 1手(空)@3497 价差=-9,多carry 棕榈油2609 1手(多)@9682 / 棕榈油2610 1手(空)@9727 价差=-45,空carry 豆油2609 1手(空)@8562 / 豆油2611 1手(多)@8532 价差=30,[AU] 空carry 黄金2610 1手(空)@1031.42 / 黄金2612 1手(多)@1033.5 价差=-2.08 z=1.12 | [HC] 多carry 热卷2609 1手(多)@3488 / 热卷2610 1手(空)@3497 价差=-9 z=-1.06 | [P] 多carry 棕榈油2609 1手(多)@9682 / 棕榈油2610 1手(空)@9727 价差=-45 z=-1.68 | [Y] 空carry 豆油2609 1手(空)@8562 / 豆油2611 1手(多)@8532 价差=30 z=1.23
2026-05-12,False,4,8,-260.0,30.0,-60.0,20.0,455998.4,8320.8,26861.800000000003,23906.4,-67.5,0.0,-6.750000000003083e-05,515087.4,空carry 黄金2610 1手(空)@1035.3 / 黄金2612 1手(多)@1037.42 价差=-2.12,多carry 热卷2609 1手(多)@3463 / 热卷2610 1手(空)@3471 价差=-8,多carry 棕榈油2609 1手(多)@9565 / 棕榈油2610 1手(空)@9622 价差=-57,空carry 豆油2609 1手(空)@8551 / 豆油2611 1手(多)@8525 价差=26,[AU] 空carry 黄金2610 1手(空)@1035.3 / 黄金2612 1手(多)@1037.42 价差=-2.12 z=1.02 | [HC] 多carry 热卷2609 1手(多)@3463 / 热卷2610 1手(空)@3471 价差=-8 z=-0.80 | [P] 多carry 棕榈油2609 1手(多)@9565 / 棕榈油2610 1手(空)@9622 价差=-57 z=-2.00 | [Y] 空carry 豆油2609 1手(空)@8551 / 豆油2611 1手(多)@8525 价差=26 z=0.85
2026-05-13,False,2,4,-0.0,-6.96,-20.0,-5.0,456064.39999999997,0.0,26665.800000000003,0.0,-7.99,11.96,-7.989250000080348e-06,482730.2,空carry 黄金2610 1手(空)@1035.58 / 黄金2612 1手(多)@1037.44 价差=-1.86,,多carry 棕榈油2609 1手(多)@9492 / 棕榈油2610 1手(空)@9555 价差=-63,,[AU] 空carry 黄金2610 1手(空)@1035.58 / 黄金2612 1手(多)@1037.44 价差=-1.86 z=1.73 | [P] 多carry 棕榈油2609 1手(多)@9492 / 棕榈油2610 1手(空)@9555 价差=-63 z=-2.10
2026-05-14,False,2,4,680.0,0.0,150.0,0.0,455809.19999999995,0.0,26425.000000000004,0.0,207.5,0.0,0.00020750000000001198,482234.2,空carry 黄金2610 1手(空)@1035 / 黄金2612 1手(多)@1036.86 价差=-1.86,,多carry 棕榈油2609 1手(多)@9405 / 棕榈油2610 1手(空)@9470 价差=-65,,[AU] 空carry 黄金2610 1手(空)@1035 / 黄金2612 1手(多)@1036.86 价差=-1.86 z=1.52 | [P] 多carry 棕榈油2609 1手(多)@9405 / 棕榈油2610 1手(空)@9470 价差=-65 z=-2.07
2026-05-15,False,2,4,400.0,0.0,-20.0,0.0,444677.2,0.0,26446.000000000004,0.0,95.0,80.0,9.499999999996516e-05,471123.2,多carry 黄金2610 1手(多)@1009.36 / 黄金2612 1手(空)@1011.9 价差=-2.54,,多carry 棕榈油2609 1手(多)@9420 / 棕榈油2610 1手(空)@9470 价差=-50,,[AU] 多carry 黄金2610 1手(多)@1009.36 / 黄金2612 1手(空)@1011.9 价差=-2.54 z=-0.94 | [P] 多carry 棕榈油2609 1手(多)@9420 / 棕榈油2610 1手(空)@9470 价差=-50 z=-1.54
2026-05-18,False,3,6,-40.0,3.15,40.0,-25.0,0.0,8218.8,26885.600000000002,23695.000000000004,-5.46,51.85,-5.462249999999569e-06,58799.4,,多carry 热卷2609 1手(多)@3420 / 热卷2610 1手(空)@3429 价差=-9,多carry 棕榈油2609 1手(多)@9576 / 棕榈油2610 1手(空)@9628 价差=-52,空carry 豆油2609 1手(空)@8475 / 豆油2611 1手(多)@8450 价差=25,[HC] 多carry 热卷2609 1手(多)@3420 / 热卷2610 1手(空)@3429 价差=-9 z=-0.79 | [P] 多carry 棕榈油2609 1手(多)@9576 / 棕榈油2610 1手(空)@9628 价差=-52 z=-1.51 | [Y] 空carry 豆油2609 1手(空)@8475 / 豆油2611 1手(多)@8450 价差=25 z=0.78
2026-05-19,False,3,6,40.0,-6.85,-30.0,50.0,442512.4,0.0,27148.800000000003,24008.600000000002,13.29,46.85,1.3287999999976495e-05,493669.8,多carry 黄金2610 1手(多)@1004.4 / 黄金2612 1手(空)@1007.02 价差=-2.62,,多carry 棕榈油2609 1手(多)@9672 / 棕榈油2610 1手(空)@9720 价差=-48,空carry 豆油2609 1手(空)@8588 / 豆油2611 1手(多)@8561 价差=27,[AU] 多carry 黄金2610 1手(多)@1004.4 / 黄金2612 1手(空)@1007.02 价差=-2.62 z=-1.22 | [P] 多carry 棕榈油2609 1手(多)@9672 / 棕榈油2610 1手(空)@9720 价差=-48 z=-1.33 | [Y] 空carry 豆油2609 1手(空)@8588 / 豆油2611 1手(多)@8561 价差=27 z=0.93
2026-05-20,False,2,4,640.0,0.0,-180.0,-5.0,435736.4,0.0,27290.200000000004,0.0,113.75,5.0,0.00011374999999999051,463026.6,多carry 黄金2610 1手(多)@989.04 / 黄金2612 1手(空)@991.58 价差=-2.54,,多carry 棕榈油2609 1手(多)@9721 / 棕榈油2610 1手(空)@9772 价差=-51,,[AU] 多carry 黄金2610 1手(多)@989.04 / 黄金2612 1手(空)@991.58 价差=-2.54 z=-1.04 | [P] 多carry 棕榈油2609 1手(多)@9721 / 棕榈油2610 1手(空)@9772 价差=-51 z=-1.36
2026-05-21,False,3,6,80.0,0.0,100.0,35.0,439344.4,0.0,26747.0,23889.600000000002,53.75,85.0,5.374999999999799e-05,489981.0,空carry 黄金2610 1手(空)@997.56 / 黄金2612 1手(多)@999.46 价差=-1.9,,多carry 棕榈油2609 1手(多)@9518 / 棕榈油2610 1手(空)@9587 价差=-69,多carry 豆油2609 1手(多)@8537 / 豆油2611 1手(空)@8527 价差=10,[AU] 空carry 黄金2610 1手(空)@997.56 / 黄金2612 1手(多)@999.46 价差=-1.9 z=1.12 | [P] 多carry 棕榈油2609 1手(多)@9518 / 棕榈油2610 1手(空)@9587 价差=-69 z=-1.83 | [Y] 多carry 豆油2609 1手(多)@8537 / 豆油2611 1手(空)@8527 价差=10 z=-0.81
2026-05-22,False,2,4,-40.0,13.24,30.0,-5.0,0.0,8113.2,26601.4,0.0,-0.44,51.76,-4.4025000000035505e-07,34714.6,,多carry 热卷2609 1手(多)@3376 / 热卷2610 1手(空)@3385 价差=-9,多carry 棕榈油2609 1手(多)@9471 / 棕榈油2610 1手(空)@9530 价差=-59,,[HC] 多carry 热卷2609 1手(多)@3376 / 热卷2610 1手(空)@3385 价差=-9 z=-1.10 | [P] 多carry 棕榈油2609 1手(多)@9471 / 棕榈油2610 1手(空)@9530 价差=-59 z=-1.49
2026-05-25,False,2,4,880.0,-6.86,-210.0,0.0,442090.0,0.0,26577.600000000002,0.0,165.79,46.86,0.00016578574999997272,468667.6,空carry 黄金2610 1手(空)@1003.88 / 黄金2612 1手(多)@1005.62 价差=-1.74,,多carry 棕榈油2609 1手(多)@9464 / 棕榈油2610 1手(空)@9520 价差=-56,,[AU] 空carry 黄金2610 1手(空)@1003.88 / 黄金2612 1手(多)@1005.62 价差=-1.74 z=1.49 | [P] 多carry 棕榈油2609 1手(多)@9464 / 棕榈油2610 1手(空)@9520 价差=-56 z=-1.36
2026-05-26,False,3,6,380.0,3.28,10.0,0.0,439432.4,8067.599999999999,26520.200000000004,0.0,98.32,86.72,9.831924999997509e-05,474020.2,多carry 黄金2610 1手(多)@997.38 / 黄金2612 1手(空)@1000.04 价差=-2.66,多carry 热卷2609 1手(多)@3357 / 热卷2610 1手(空)@3366 价差=-9,多carry 棕榈油2609 1手(多)@9433 / 棕榈油2610 1手(空)@9510 价差=-77,,[AU] 多carry 黄金2610 1手(多)@997.38 / 黄金2612 1手(空)@1000.04 价差=-2.66 z=-1.41 | [HC] 多carry 热卷2609 1手(多)@3357 / 热卷2610 1手(空)@3366 价差=-9 z=-1.14 | [P] 多carry 棕榈油2609 1手(多)@9433 / 棕榈油2610 1手(空)@9510 价差=-77 z=-1.87
2026-05-27,False,2,4,-40.0,-6.72,-10.0,35.0,0.0,0.0,26754.0,23623.600000000002,-5.43,51.72,-5.429500000002019e-06,50377.6,,,多carry 棕榈油2609 1手(多)@9517 / 棕榈油2610 1手(空)@9593 价差=-76,多carry 豆油2609 1手(多)@8442 / 豆油2611 1手(空)@8432 价差=10,[P] 多carry 棕榈油2609 1手(多)@9517 / 棕榈油2610 1手(空)@9593 价差=-76 z=-1.74 | [Y] 多carry 豆油2609 1手(多)@8442 / 豆油2611 1手(空)@8432 价差=10 z=-0.86
2026-05-28,False,2,4,-220.0,0.0,-20.0,-5.0,424608.8,0.0,26985.000000000004,0.0,-61.25,45.0,-6.125000000005086e-05,451593.8,多carry 黄金2610 1手(多)@963.82 / 黄金2612 1手(空)@966.22 价差=-2.4,,多carry 棕榈油2609 1手(多)@9599 / 棕榈油2610 1手(空)@9676 价差=-77,,[AU] 多carry 黄金2610 1手(多)@963.82 / 黄金2612 1手(空)@966.22 价差=-2.4 z=-0.93 | [P] 多carry 棕榈油2609 1手(多)@9599 / 棕榈油2610 1手(空)@9676 价差=-77 z=-1.67
2026-05-29,False,3,6,120.0,0.0,50.0,-15.0,436959.6,0.0,26968.200000000004,23947.0,38.75,5.0,3.874999999999316e-05,487874.8,多carry 黄金2610 1手(多)@991.8 / 黄金2612 1手(空)@994.38 价差=-2.58,,多carry 棕榈油2609 1手(多)@9592 / 棕榈油2610 1手(空)@9671 价差=-79,多carry 豆油2609 1手(多)@8553 / 豆油2611 1手(空)@8552 价差=1,[AU] 多carry 黄金2610 1手(多)@991.8 / 黄金2612 1手(空)@994.38 价差=-2.58 z=-1.28 | [P] 多carry 棕榈油2609 1手(多)@9592 / 棕榈油2610 1手(空)@9671 价差=-79 z=-1.65 | [Y] 多carry 豆油2609 1手(多)@8553 / 豆油2611 1手(空)@8552 价差=1 z=-1.84
2026-06-01,False,4,8,300.0,23.2,130.0,-50.0,434390.0,8163.6,27533.800000000003,24068.800000000003,100.8,6.8,0.00010079924999995521,494156.2,多carry 黄金2610 1手(多)@986.02 / 黄金2612 1手(空)@988.48 价差=-2.46,空carry 热卷2610 1手(空)@3400 / 热卷2611 1手(多)@3403 价差=-3,多carry 棕榈油2610 1手(多)@9803 / 棕榈油2611 1手(空)@9864 价差=-61,多carry 豆油2611 1手(多)@8596 / 豆油2612 1手(空)@8596 价差=0,[AU] 多carry 黄金2610 1手(多)@986.02 / 黄金2612 1手(空)@988.48 价差=-2.46 z=-0.94 | [HC] 空carry 热卷2610 1手(空)@3400 / 热卷2611 1手(多)@3403 价差=-3 z=1.46 | [P] 多carry 棕榈油2610 1手(多)@9803 / 棕榈油2611 1手(空)@9864 价差=-61 z=-1.12 | [Y] 多carry 豆油2611 1手(多)@8596 / 豆油2612 1手(空)@8596 价差=0 z=-1.80
2026-06-02,False,2,4,-40.0,-6.8,-140.0,-80.0,0.0,0.0,27504.4,23991.800000000003,-66.7,46.8,-6.670099999999752e-05,51496.2,,,多carry 棕榈油2610 1手(多)@9799 / 棕榈油2611 1手(空)@9847 价差=-48,多carry 豆油2611 1手(多)@8566 / 豆油2612 1手(空)@8571 价差=-5,[P] 多carry 棕榈油2610 1手(多)@9799 / 棕榈油2611 1手(空)@9847 价差=-48 z=-0.78 | [Y] 多carry 豆油2611 1手(多)@8566 / 豆油2612 1手(空)@8571 价差=-5 z=-2.10
2026-06-03,False,2,4,0.0,0.0,10.0,140.0,0.0,0.0,27641.600000000002,24101.0,37.5,0.0,3.749999999999954e-05,51742.6,,,多carry 棕榈油2610 1手(多)@9841 / 棕榈油2611 1手(空)@9903 价差=-62,多carry 豆油2611 1手(多)@8601 / 豆油2612 1手(空)@8614 价差=-13,[P] 多carry 棕榈油2610 1手(多)@9841 / 棕榈油2611 1手(空)@9903 价差=-62 z=-1.08 | [Y] 多carry 豆油2611 1手(多)@8601 / 豆油2612 1手(空)@8614 价差=-13 z=-2.29
2026-06-04,False,2,4,0.0,0.0,-40.0,50.0,0.0,0.0,27108.200000000004,23846.200000000004,2.5,0.0,2.499999999999204e-06,50954.4,,,多carry 棕榈油2610 1手(多)@9651 / 棕榈油2611 1手(空)@9712 价差=-61,多carry 豆油2611 1手(多)@8517 / 豆油2612 1手(空)@8516 价差=1,[P] 多carry 棕榈油2610 1手(多)@9651 / 棕榈油2611 1手(空)@9712 价差=-61 z=-1.05 | [Y] 多carry 豆油2611 1手(多)@8517 / 豆油2612 1手(空)@8516 价差=1 z=-1.07
2026-06-05,False,2,4,460.0,0.0,-30.0,-5.0,430174.80000000005,0.0,26604.2,0.0,106.25,45.0,0.00010624999999999015,456779.0,多carry 黄金2610 1手(多)@976.46 / 黄金2612 1手(空)@978.88 价差=-2.42,,多carry 棕榈油2610 1手(多)@9469 / 棕榈油2611 1手(空)@9534 价差=-65,,[AU] 多carry 黄金2610 1手(多)@976.46 / 黄金2612 1手(空)@978.88 价差=-2.42 z=-0.80 | [P] 多carry 棕榈油2610 1手(多)@9469 / 棕榈油2611 1手(空)@9534 价差=-65 z=-1.14
2026-06-08,False,2,4,-40.0,0.0,-20.0,105.0,0.0,0.0,26700.800000000003,23507.4,11.25,45.0,1.1249999999996675e-05,50208.2,,,多carry 棕榈油2610 1手(多)@9502 / 棕榈油2611 1手(空)@9570 价差=-68,多carry 豆油2611 1手(多)@8395 / 豆油2612 1手(空)@8396 价差=-1,[P] 多carry 棕榈油2610 1手(多)@9502 / 棕榈油2611 1手(空)@9570 价差=-68 z=-1.17 | [Y] 多carry 豆油2611 1手(多)@8395 / 豆油2612 1手(空)@8396 价差=-1 z=-1.07
2026-06-09,False,2,4,620.0,0.0,90.0,-5.0,418338.8,0.0,26261.2,0.0,176.25,45.0,0.00017624999999998742,444600.0,多carry 黄金2610 1手(多)@949.34 / 黄金2612 1手(空)@952.2 价差=-2.86,,多carry 棕榈油2610 1手(多)@9344 / 棕榈油2611 1手(空)@9414 价差=-70,,[AU] 多carry 黄金2610 1手(多)@949.34 / 黄金2612 1手(空)@952.2 价差=-2.86 z=-2.11 | [P] 多carry 棕榈油2610 1手(多)@9344 / 棕榈油2611 1手(空)@9414 价差=-70 z=-1.21
2026-06-10,False,1,2,-40.0,0.0,-0.0,0.0,0.0,0.0,26332.600000000002,0.0,-10.0,40.0,-1.000000000000074e-05,26332.6,,,多carry 棕榈油2610 1手(多)@9374 / 棕榈油2611 1手(空)@9435 价差=-61,,[P] 多carry 棕榈油2610 1手(多)@9374 / 棕榈油2611 1手(空)@9435 价差=-61 z=-0.94
2026-06-11,False,2,4,-160.0,0.0,60.0,0.0,395322.4,0.0,26548.200000000004,0.0,-25.0,40.0,-2.5000000000044907e-05,421870.6,多carry 黄金2610 1手(多)@897.3 / 黄金2612 1手(空)@899.62 价差=-2.32,,多carry 棕榈油2610 1手(多)@9451 / 棕榈油2611 1手(空)@9512 价差=-61,,[AU] 多carry 黄金2610 1手(多)@897.3 / 黄金2612 1手(空)@899.62 价差=-2.32 z=-0.76 | [P] 多carry 棕榈油2610 1手(多)@9451 / 棕榈油2611 1手(空)@9512 价差=-61 z=-0.90
2026-06-12,False,1,2,120.0,0.0,-5.0,0.0,402494.4,0.0,0.0,0.0,28.75,5.0,2.875000000001546e-05,402494.4,多carry 黄金2610 1手(多)@913.54 / 黄金2612 1手(空)@915.98 价差=-2.44,,,,[AU] 多carry 黄金2610 1手(多)@913.54 / 黄金2612 1手(空)@915.98 价差=-2.44 z=-0.99
2026-06-15,False,2,4,-40.0,3.2,0.0,-65.0,0.0,8162.4,0.0,23290.4,-25.45,51.8,-2.545050000000306e-05,31452.8,,多carry 热卷2610 1手(多)@3397 / 热卷2611 1手(空)@3405 价差=-8,,多carry 豆油2611 1手(多)@8317 / 豆油2612 1手(空)@8319 价差=-2,[HC] 多carry 热卷2610 1手(多)@3397 / 热卷2611 1手(空)@3405 价差=-8 z=-0.87 | [Y] 多carry 豆油2611 1手(多)@8317 / 豆油2612 1手(空)@8319 价差=-2 z=-0.87
2026-06-16,False,1,2,0.0,-6.77,0.0,-110.0,0.0,0.0,0.0,23335.200000000004,-29.19,6.77,-2.919274999999963e-05,23335.2,,,,多carry 豆油2611 1手(多)@8330 / 豆油2612 1手(空)@8338 价差=-8,[Y] 多carry 豆油2611 1手(多)@8330 / 豆油2612 1手(空)@8338 价差=-8 z=-1.46
2026-06-17,False,2,4,0.0,-26.74,0.0,30.0,0.0,8094.0,0.0,23398.200000000004,0.81,6.74,8.137500000002982e-07,31492.2,,空carry 热卷2610 1手(空)@3371 / 热卷2611 1手(多)@3374 价差=-3,,多carry 豆油2611 1手(多)@8347 / 豆油2612 1手(空)@8366 价差=-19,[HC] 空carry 热卷2610 1手(空)@3371 / 热卷2611 1手(多)@3374 价差=-3 z=2.10 | [Y] 多carry 豆油2611 1手(多)@8347 / 豆油2612 1手(空)@8366 价差=-19 z=-2.37
2026-06-18,False,3,6,-0.0,10.0,0.0,150.0,413974.0,8038.799999999999,0.0,23329.600000000002,40.0,40.0,3.999999999998808e-05,445342.4,空carry 黄金2610 1手(空)@939.9 / 黄金2612 1手(多)@941.8 价差=-1.9,空carry 热卷2610 1手(空)@3349 / 热卷2611 1手(多)@3350 价差=-1,,多carry 豆油2611 1手(多)@8324 / 豆油2612 1手(空)@8340 价差=-16,[AU] 空carry 黄金2610 1手(空)@939.9 / 黄金2612 1手(多)@941.8 价差=-1.9 z=1.18 | [HC] 空carry 热卷2610 1手(空)@3349 / 热卷2611 1手(多)@3350 价差=-1 z=2.58 | [Y] 多carry 豆油2611 1手(多)@8324 / 豆油2612 1手(空)@8340 价差=-16 z=-1.76
2026-06-22,False,2,4,400.0,30.0,0.0,-5.0,404822.0,8013.6,0.0,0.0,106.25,5.0,0.00010625000000004025,412835.6,空carry 黄金2610 1手(空)@919.08 / 黄金2612 1手(多)@921.02 价差=-1.94,空carry 热卷2610 1手(空)@3338 / 热卷2611 1手(多)@3340 价差=-2,,,[AU] 空carry 黄金2610 1手(空)@919.08 / 黄金2612 1手(多)@921.02 价差=-1.94 z=0.88 | [HC] 空carry 热卷2610 1手(空)@3338 / 热卷2611 1手(多)@3340 价差=-2 z=1.83
2026-06-23,False,2,4,-20.0,-6.66,15.0,0.0,396462.0,0.0,26370.4,0.0,-2.91,91.66,-2.9147500000095e-06,422832.4,多carry 黄金2610 1手(多)@899.88 / 黄金2612 1手(空)@902.22 价差=-2.34,,多carry 棕榈油2610 1手(多)@9384 / 棕榈油2611 1手(空)@9452 价差=-68,,[AU] 多carry 黄金2610 1手(多)@899.88 / 黄金2612 1手(空)@902.22 价差=-2.34 z=-0.78 | [P] 多carry 棕榈油2610 1手(多)@9384 / 棕榈油2611 1手(空)@9452 价差=-68 z=-0.94
2026-06-24,False,1,2,-40.0,0.0,80.0,0.0,0.0,0.0,26426.4,0.0,10.0,40.0,9.999999999998807e-06,26426.4,,,多carry 棕榈油2610 1手(多)@9405 / 棕榈油2611 1手(空)@9471 价差=-66,,[P] 多carry 棕榈油2610 1手(多)@9405 / 棕榈油2611 1手(空)@9471 价差=-66 z=-0.85
2026-06-25,False,3,6,180.0,13.37,-5.0,-45.0,384920.80000000005,7959.599999999999,0.0,23391.200000000004,35.84,56.63,3.5841750000050195e-05,416271.6,多carry 黄金2610 1手(多)@873.56 / 黄金2612 1手(空)@876.08 价差=-2.52,多carry 热卷2610 1手(多)@3312 / 热卷2611 1手(空)@3321 价差=-9,,空carry 豆油2611 1手(空)@8362 / 豆油2612 1手(多)@8346 价差=16,[AU] 多carry 黄金2610 1手(多)@873.56 / 黄金2612 1手(空)@876.08 价差=-2.52 z=-1.73 | [HC] 多carry 热卷2610 1手(多)@3312 / 热卷2611 1手(空)@3321 价差=-9 z=-1.55 | [Y] 空carry 豆油2611 1手(空)@8362 / 豆油2612 1手(多)@8346 价差=16 z=1.82
2026-06-26,False,1,2,-40.0,-6.64,0.0,80.0,0.0,0.0,0.0,23643.2,8.34,46.64,8.34025000000236e-06,23643.2,,,,空carry 豆油2611 1手(空)@8454 / 豆油2612 1手(多)@8434 价差=20,[Y] 空carry 豆油2611 1手(空)@8454 / 豆油2612 1手(多)@8434 价差=20 z=2.10
2026-06-29,False,3,6,380.0,3.35,0.0,-20.0,392515.2,7975.199999999999,0.0,23741.200000000004,90.84,46.65,9.083849999999754e-05,424231.6,多carry 黄金2610 1手(多)@890.86 / 黄金2612 1手(空)@893.3 价差=-2.44,多carry 热卷2610 1手(多)@3319 / 热卷2611 1手(空)@3327 价差=-8,,空carry 豆油2611 1手(空)@8485 / 豆油2612 1手(多)@8473 价差=12,[AU] 多carry 黄金2610 1手(多)@890.86 / 黄金2612 1手(空)@893.3 价差=-2.44 z=-1.09 | [HC] 多carry 热卷2610 1手(多)@3319 / 热卷2611 1手(空)@3327 价差=-8 z=-0.95 | [Y] 空carry 豆油2611 1手(空)@8485 / 豆油2612 1手(多)@8473 价差=12 z=1.16
2026-06-30,False,1,2,-40.0,-6.64,0.0,30.0,0.0,0.0,0.0,23674.0,-4.16,46.64,-4.1592500000013e-06,23674.0,,,,空carry 豆油2611 1手(空)@8462 / 豆油2612 1手(多)@8448 价差=14,[Y] 空carry 豆油2611 1手(空)@8462 / 豆油2612 1手(多)@8448 价差=14 z=1.23
2026-07-01,False,4,8,840.0,53.41,35.0,40.0,385101.2,7909.2,26371.800000000003,23633.4,242.1,51.59,0.00024210224999997277,443015.6,空carry 黄金2612 1手(空)@874.46 / 黄金2702 1手(多)@876 价差=-1.54,多carry 热卷2611 1手(多)@3291 / 热卷2612 1手(空)@3300 价差=-9,多carry 棕榈油2611 1手(多)@9382 / 棕榈油2612 1手(空)@9455 价差=-73,空carry 豆油2611 1手(空)@8446 / 豆油2612 1手(多)@8435 价差=11,[AU] 空carry 黄金2612 1手(空)@874.46 / 黄金2702 1手(多)@876 价差=-1.54 z=2.12 | [HC] 多carry 热卷2611 1手(多)@3291 / 热卷2612 1手(空)@3300 价差=-9 z=-1.25 | [P] 多carry 棕榈油2611 1手(多)@9382 / 棕榈油2612 1手(空)@9455 价差=-73 z=-1.00 | [Y] 空carry 豆油2611 1手(空)@8446 / 豆油2612 1手(多)@8435 价差=11 z=0.85
2026-07-02,False,3,6,260.0,96.83,-60.0,-5.0,394367.6,7902.0,26131.0,0.0,72.96,98.17,7.295750000000357e-05,428400.6,多carry 黄金2612 1手(多)@895.08 / 黄金2702 1手(空)@897.5 价差=-2.42,空carry 热卷2611 1手(空)@3291 / 热卷2612 1手(多)@3294 价差=-3,多carry 棕榈油2611 1手(多)@9298 / 棕榈油2612 1手(空)@9367 价差=-69,,[AU] 多carry 黄金2612 1手(多)@895.08 / 黄金2702 1手(空)@897.5 价差=-2.42 z=-0.86 | [HC] 空carry 热卷2611 1手(空)@3291 / 热卷2612 1手(多)@3294 价差=-3 z=1.38 | [P] 多carry 棕榈油2611 1手(多)@9298 / 棕榈油2612 1手(空)@9367 价差=-69 z=-0.86
2026-07-03,False,2,4,-40.0,-143.16,70.0,0.0,0.0,7896.0,25979.800000000003,0.0,-28.29,53.16,-2.8289999999998955e-05,33875.8,,多carry 热卷2611 1手(多)@3283 / 热卷2612 1手(空)@3297 价差=-14,多carry 棕榈油2611 1手(多)@9241 / 棕榈油2612 1手(空)@9316 价差=-75,,[HC] 多carry 热卷2611 1手(多)@3283 / 热卷2612 1手(空)@3297 价差=-14 z=-2.64 | [P] 多carry 棕榈油2611 1手(多)@9241 / 棕榈油2612 1手(空)@9316 价差=-75 z=-1.07
2026-07-06,False,3,6,0.0,90.0,110.0,25.0,0.0,7930.799999999999,26350.800000000003,23851.800000000003,56.25,5.0,5.6249999999997356e-05,58133.4,,多carry 热卷2611 1手(多)@3291 / 热卷2612 1手(空)@3318 价差=-27,多carry 棕榈油2611 1手(多)@9377 / 棕榈油2612 1手(空)@9445 价差=-68,空carry 豆油2611 1手(空)@8524 / 豆油2612 1手(多)@8513 价差=11,[HC] 多carry 热卷2611 1手(多)@3291 / 热卷2612 1手(空)@3318 价差=-27 z=-3.61 | [P] 多carry 棕榈油2611 1手(多)@9377 / 棕榈油2612 1手(空)@9445 价差=-68 z=-0.76 | [Y] 空carry 豆油2611 1手(空)@8524 / 豆油2612 1手(多)@8513 价差=11 z=0.76
2026-07-07,False,1,2,0.0,90.0,-5.0,-5.0,0.0,7915.199999999999,0.0,0.0,20.0,10.0,1.9999999999999155e-05,7915.2,,多carry 热卷2611 1手(多)@3289 / 热卷2612 1手(空)@3307 价差=-18,,,[HC] 多carry 热卷2611 1手(多)@3289 / 热卷2612 1手(空)@3307 价差=-18 z=-1.69
2026-07-08,False,2,4,40.0,30.0,0.0,0.0,399678.4,7956.0,0.0,0.0,17.5,40.0,1.7500000000020093e-05,407634.4,多carry 黄金2612 1手(多)@907.14 / 黄金2702 1手(空)@909.58 价差=-2.44,多carry 热卷2611 1手(多)@3304 / 热卷2701 1手(空)@3326 价差=-22,,,[AU] 多carry 黄金2612 1手(多)@907.14 / 黄金2702 1手(空)@909.58 价差=-2.44 z=-0.89 | [HC] 多carry 热卷2611 1手(多)@3304 / 热卷2701 1手(空)@3326 价差=-22 z=-1.98
2026-07-09,True,0,0,-40.0,-6.62,0.0,0.0,0.0,0.0,0.0,0.0,-11.65,46.62,-1.1654e-05,0.0,,,,,全品种空仓
2026-07-10,False,3,6,2120.0,-116.6,-95.0,0.0,397042.8,7923.6,26341.0,0.0,477.1,51.6,0.00047709925000000565,431307.4,空carry 黄金2612 1手(空)@902.34 / 黄金2702 1手(多)@902.4 价差=-0.06,多carry 热卷2611 1手(多)@3293 / 热卷2612 1手(空)@3310 价差=-17,多carry 棕榈油2611 1手(多)@9369 / 棕榈油2612 1手(空)@9446 价差=-77,,[AU] 空carry 黄金2612 1手(空)@902.34 / 黄金2702 1手(多)@902.4 价差=-0.06 z=3.78 | [HC] 多carry 热卷2611 1手(多)@3293 / 热卷2612 1手(空)@3310 价差=-17 z=-1.10 | [P] 多carry 棕榈油2611 1手(多)@9369 / 棕榈油2612 1手(空)@9446 价差=-77 z=-1.15
2026-07-13,False,2,4,-40.0,120.0,90.0,0.0,0.0,7874.4,26292.0,0.0,42.5,40.0,4.249999999999713e-05,34166.4,,多carry 热卷2611 1手(多)@3267 / 热卷2612 1手(空)@3295 价差=-28,多carry 棕榈油2611 1手(多)@9347 / 棕榈油2612 1手(空)@9433 价差=-86,,[HC] 多carry 热卷2611 1手(多)@3267 / 热卷2612 1手(空)@3295 价差=-28 z=-2.19 | [P] 多carry 棕榈油2611 1手(多)@9347 / 棕榈油2612 1手(空)@9433 价差=-86 z=-1.62
2026-07-14,False,2,4,580.0,-6.61,20.0,0.0,389782.8,0.0,26607.0,0.0,148.35,46.61,0.00014834649999999303,416389.8,多carry 黄金2612 1手(多)@884.54 / 黄金2702 1手(空)@887.2 价差=-2.66,,多carry 棕榈油2611 1手(多)@9464 / 棕榈油2612 1手(空)@9541 价差=-77,,[AU] 多carry 黄金2612 1手(多)@884.54 / 黄金2702 1手(空)@887.2 价差=-2.66 z=-1.07 | [P] 多carry 棕榈油2611 1手(多)@9464 / 棕榈油2612 1手(空)@9541 价差=-77 z=-1.13
2026-07-15,False,2,4,-40.0,73.33,-60.0,0.0,0.0,8008.799999999999,26422.2,0.0,-6.67,46.67,-6.668500000000634e-06,34431.0,,多carry 热卷2611 1手(多)@3326 / 热卷2612 1手(空)@3348 价差=-22,多carry 棕榈油2611 1手(多)@9399 / 棕榈油2612 1手(空)@9474 价差=-75,,[HC] 多carry 热卷2611 1手(多)@3326 / 热卷2612 1手(空)@3348 价差=-22 z=-1.24 | [P] 多carry 棕榈油2611 1手(多)@9399 / 棕榈油2612 1手(空)@9474 价差=-75 z=-1.09
2026-07-16,False,1,2,0.0,-6.66,-60.0,0.0,0.0,0.0,26335.4,0.0,-16.67,6.66,-1.666549999999973e-05,26335.4,,,多carry 棕榈油2611 1手(多)@9365 / 棕榈油2612 1手(空)@9446 价差=-81,,[P] 多carry 棕榈油2611 1手(多)@9365 / 棕榈油2612 1手(空)@9446 价差=-81 z=-1.48
2026-07-17,False,1,2,0.0,0.0,40.0,0.0,0.0,0.0,26293.4,0.0,10.0,0.0,9.999999999995623e-06,26293.4,,,多carry 棕榈油2611 1手(多)@9347 / 棕榈油2612 1手(空)@9434 价差=-87,,[P] 多carry 棕榈油2611 1手(多)@9347 / 棕榈油2612 1手(空)@9434 价差=-87 z=-1.88
2026-07-20,False,1,2,0.0,0.0,30.0,0.0,0.0,0.0,26691.000000000004,0.0,7.5,0.0,7.499999999997897e-06,26691.0,,,多carry 棕榈油2611 1手(多)@9491 / 棕榈油2612 1手(空)@9574 价差=-83,,[P] 多carry 棕榈油2611 1手(多)@9491 / 棕榈油2612 1手(空)@9574 价差=-83 z=-1.54
2026-07-21,False,3,6,0.0,53.4,-90.0,-95.0,0.0,7926.0,26325.600000000002,24017.0,-32.9,11.6,-3.290125000000076e-05,58268.6,,多carry 热卷2611 1手(多)@3292 / 热卷2612 1手(空)@3313 价差=-21,多carry 棕榈油2611 1手(多)@9362 / 棕榈油2612 1手(空)@9442 价差=-80,多carry 豆油2611 1手(多)@8579 / 豆油2612 1手(空)@8576 价差=3,[HC] 多carry 热卷2611 1手(多)@3292 / 热卷2612 1手(空)@3313 价差=-21 z=-0.94 | [P] 多carry 棕榈油2611 1手(多)@9362 / 棕榈油2612 1手(空)@9442 价差=-80 z=-1.39 | [Y] 多carry 豆油2611 1手(多)@8579 / 豆油2612 1手(空)@8576 价差=3 z=-0.97
2026-07-22,False,2,4,0.0,-6.57,0.0,40.0,0.0,0.0,26346.600000000002,23769.200000000004,8.36,6.57,8.356750000001392e-06,50115.8,,,多carry 棕榈油2611 1手(多)@9365 / 棕榈油2612 1手(空)@9454 价差=-89,多carry 豆油2611 1手(多)@8486 / 豆油2612 1手(空)@8492 价差=-6,[P] 多carry 棕榈油2611 1手(多)@9365 / 棕榈油2612 1手(空)@9454 价差=-89 z=-1.97 | [Y] 多carry 豆油2611 1手(多)@8486 / 豆油2612 1手(空)@8492 价差=-6 z=-2.27
2026-07-23,False,3,6,0.0,-26.59,40.0,30.0,0.0,7910.4,27071.800000000003,24032.4,10.85,6.59,1.0852000000005579e-05,59014.6,,空carry 热卷2611 1手(空)@3293 / 热卷2612 1手(多)@3299 价差=-6,多carry 棕榈油2611 1手(多)@9624 / 棕榈油2612 1手(空)@9713 价差=-89,多carry 豆油2611 1手(多)@8582 / 豆油2612 1手(空)@8584 价差=-2,[HC] 空carry 热卷2611 1手(空)@3293 / 热卷2612 1手(多)@3299 价差=-6 z=1.23 | [P] 多carry 棕榈油2611 1手(多)@9624 / 棕榈油2612 1手(空)@9713 价差=-89 z=-1.72 | [Y] 多carry 豆油2611 1手(多)@8582 / 豆油2612 1手(空)@8584 价差=-2 z=-1.44
2026-07-24,False,3,6,0.0,-10.0,-10.0,10.0,0.0,7900.799999999999,27197.800000000003,24241.0,-2.5,0.0,-2.500000000002327e-06,59339.6,,空carry 热卷2611 1手(空)@3290 / 热卷2612 1手(多)@3294 价差=-4,多carry 棕榈油2611 1手(多)@9671 / 棕榈油2612 1手(空)@9756 价差=-85,多carry 豆油2611 1手(多)@8658 / 豆油2612 1手(空)@8657 价差=1,[HC] 空carry 热卷2611 1手(空)@3290 / 热卷2612 1手(多)@3294 价差=-4 z=1.45 | [P] 多carry 棕榈油2611 1手(多)@9671 / 棕榈油2612 1手(空)@9756 价差=-85 z=-1.36 | [Y] 多carry 豆油2611 1手(多)@8658 / 豆油2612 1手(空)@8657 价差=1 z=-0.89
2026-07-27,False,2,4,0.0,70.0,20.0,-5.0,0.0,7916.4,26740.0,0.0,21.25,5.0,2.1250000000000395e-05,34656.4,,空carry 热卷2611 1手(空)@3297 / 热卷2612 1手(多)@3300 价差=-3,多carry 棕榈油2611 1手(多)@9507 / 棕榈油2612 1手(空)@9593 价差=-86,,[HC] 空carry 热卷2611 1手(空)@3297 / 热卷2612 1手(多)@3300 价差=-3 z=1.49 | [P] 多carry 棕榈油2611 1手(多)@9507 / 棕榈油2612 1手(空)@9593 价差=-86 z=-1.49
2026-07-28,False,2,4,0.0,-6.58,-10.0,-65.0,0.0,0.0,26499.200000000004,23713.2,-20.39,11.58,-2.0393999999998443e-05,50212.4,,,多carry 棕榈油2611 1手(多)@9422 / 棕榈油2612 1手(空)@9506 价差=-84,多carry 豆油2611 1手(多)@8464 / 豆油2612 1手(空)@8474 价差=-10,[P] 多carry 棕榈油2611 1手(多)@9422 / 棕榈油2612 1手(空)@9506 价差=-84 z=-1.36 | [Y] 多carry 豆油2611 1手(多)@8464 / 豆油2612 1手(空)@8474 价差=-10 z=-2.56
2026-07-29,False,2,4,0.0,0.0,30.0,70.0,0.0,0.0,26693.800000000003,23696.4,25.0,0.0,2.4999999999999886e-05,50390.2,,,多carry 棕榈油2611 1手(多)@9491 / 棕榈油2612 1手(空)@9576 价差=-85,多carry 豆油2611 1手(多)@8455 / 豆油2612 1手(空)@8471 价差=-16,[P] 多carry 棕榈油2611 1手(多)@9491 / 棕榈油2612 1手(空)@9576 价差=-85 z=-1.35 | [Y] 多carry 豆油2611 1手(多)@8455 / 豆油2612 1手(空)@8471 价差=-16 z=-2.75
2026-07-30,False,2,4,0.0,0.0,-120.0,60.0,0.0,0.0,26700.800000000003,23678.200000000004,-15.0,0.0,-1.5000000000002132e-05,50379.0,,,多carry 棕榈油2611 1手(多)@9495 / 棕榈油2612 1手(空)@9577 价差=-82,多carry 豆油2611 1手(多)@8452 / 豆油2612 1手(空)@8461 价差=-9,[P] 多carry 棕榈油2611 1手(多)@9495 / 棕榈油2612 1手(空)@9577 价差=-82 z=-1.14 | [Y] 多carry 豆油2611 1手(多)@8452 / 豆油2612 1手(空)@8461 价差=-9 z=-1.50
2026-07-31,False,1,2,0.0,0.0,-30.0,-5.0,0.0,0.0,26404.0,0.0,-8.75,5.0,-8.749999999998622e-06,26404.0,,,多carry 棕榈油2611 1手(多)@9383 / 棕榈油2612 1手(空)@9477 价差=-94,,[P] 多carry 棕榈油2611 1手(多)@9383 / 棕榈油2612 1手(空)@9477 价差=-94 z=-2.11
2026-08-03,False,3,6,0.0,113.57,-50.0,55.0,0.0,7713.599999999999,26594.4,23538.200000000004,29.64,11.43,2.96429999999978e-05,57846.2,,空carry 热卷2612 1手(空)@3214 / 热卷2701 1手(多)@3214 价差=0,多carry 棕榈油2612 1手(多)@9454 / 棕榈油2701 1手(空)@9542 价差=-88,空carry 豆油2612 1手(空)@8425 / 豆油2701 1手(多)@8388 价差=37,[HC] 空carry 热卷2612 1手(空)@3214 / 热卷2701 1手(多)@3214 价差=0 z=1.94 | [P] 多carry 棕榈油2612 1手(多)@9454 / 棕榈油2701 1手(空)@9542 价差=-88 z=-1.55 | [Y] 空carry 豆油2612 1手(空)@8425 / 豆油2701 1手(多)@8388 价差=37 z=3.26
2026-08-04,False,2,4,0.0,-6.43,40.0,-0.0,0.0,0.0,26733.000000000004,23675.4,8.39,6.43,8.392500000000377e-06,50408.4,,,多carry 棕榈油2612 1手(多)@9501 / 棕榈油2701 1手(空)@9594 价差=-93,空carry 豆油2612 1手(空)@8471 / 豆油2701 1手(多)@8440 价差=31,[P] 多carry 棕榈油2612 1手(多)@9501 / 棕榈油2701 1手(空)@9594 价差=-93 z=-1.84 | [Y] 空carry 豆油2612 1手(空)@8471 / 豆油2701 1手(多)@8440 价差=31 z=2.22
2026-08-05,False,3,6,0.0,3.55,-0.0,-20.0,0.0,7736.4,27007.4,23630.600000000002,-4.11,6.45,-4.111750000001537e-06,58374.4,,空carry 热卷2612 1手(空)@3220 / 热卷2701 1手(多)@3227 价差=-7,多carry 棕榈油2612 1手(多)@9601 / 棕榈油2701 1手(空)@9690 价差=-89,空carry 豆油2612 1手(空)@8455 / 豆油2701 1手(多)@8424 价差=31,[HC] 空carry 热卷2612 1手(空)@3220 / 热卷2701 1手(多)@3227 价差=-7 z=0.82 | [P] 多carry 棕榈油2612 1手(多)@9601 / 棕榈油2701 1手(空)@9690 价差=-89 z=-1.41 | [Y] 空carry 豆油2612 1手(空)@8455 / 豆油2701 1手(多)@8424 价差=31 z=1.89
2026-08-06,False,2,4,0.0,-6.49,-70.0,-10.0,0.0,0.0,27001.800000000003,23681.0,-21.62,6.49,-2.1623499999998947e-05,50682.8,,,多carry 棕榈油2612 1手(多)@9599 / 棕榈油2701 1手(空)@9688 价差=-89,空carry 豆油2612 1手(空)@8474 / 豆油2701 1手(多)@8441 价差=33,[P] 多carry 棕榈油2612 1手(多)@9599 / 棕榈油2701 1手(空)@9688 价差=-89 z=-1.36 | [Y] 空carry 豆油2612 1手(空)@8474 / 豆油2701 1手(多)@8441 价差=33 z=1.76
2026-08-07,False,3,6,0.0,-6.51,-20.0,-0.0,0.0,7813.2,26919.200000000004,23688.0,-6.63,6.51,-6.6277499999955905e-06,58420.4,,空carry 热卷2612 1手(空)@3255 / 热卷2701 1手(多)@3256 价差=-1,多carry 棕榈油2612 1手(多)@9566 / 棕榈油2701 1手(空)@9662 价差=-96,空carry 豆油2612 1手(空)@8477 / 豆油2701 1手(多)@8443 价差=34,[HC] 空carry 热卷2612 1手(空)@3255 / 热卷2701 1手(多)@3256 价差=-1 z=1.49 | [P] 多carry 棕榈油2612 1手(多)@9566 / 棕榈油2701 1手(空)@9662 价差=-96 z=-1.81 | [Y] 空carry 豆油2612 1手(空)@8477 / 豆油2701 1手(多)@8443 价差=34 z=1.60
2026-08-10,False,4,8,-400.0,80.0,80.0,-20.0,418699.6,7801.2,27050.800000000003,23693.600000000002,-65.0,40.0,-6.500000000004141e-05,477245.2,空carry 黄金2612 1手(空)@950.5 / 黄金2702 1手(多)@952.68 价差=-2.18,空carry 热卷2612 1手(空)@3250 / 热卷2701 1手(多)@3251 价差=-1,多carry 棕榈油2612 1手(多)@9612 / 棕榈油2701 1手(空)@9710 价差=-98,空carry 豆油2612 1手(空)@8479 / 豆油2701 1手(多)@8445 价差=34,[AU] 空carry 黄金2612 1手(空)@950.5 / 黄金2702 1手(多)@952.68 价差=-2.18 z=1.20 | [HC] 空carry 热卷2612 1手(空)@3250 / 热卷2701 1手(多)@3251 价差=-1 z=1.45 | [P] 多carry 棕榈油2612 1手(多)@9612 / 棕榈油2701 1手(空)@9710 价差=-98 z=-1.84 | [Y] 空carry 豆油2612 1手(空)@8479 / 豆油2701 1手(多)@8445 价差=34 z=1.42
2026-08-11,False,3,6,340.0,-6.51,-130.0,-20.0,419386.0,0.0,27157.200000000004,23760.800000000003,45.87,6.51,4.587325000000204e-05,470304.0,空carry 黄金2612 1手(空)@952.24 / 黄金2702 1手(多)@954.06 价差=-1.82,,多carry 棕榈油2612 1手(多)@9654 / 棕榈油2701 1手(空)@9744 价差=-90,空carry 豆油2612 1手(空)@8504 / 豆油2701 1手(多)@8468 价差=36,[AU] 空carry 黄金2612 1手(空)@952.24 / 黄金2702 1手(多)@954.06 价差=-1.82 z=2.77 | [P] 多carry 棕榈油2612 1手(多)@9654 / 棕榈油2701 1手(空)@9744 价差=-90 z=-1.21 | [Y] 空carry 豆油2612 1手(空)@8504 / 豆油2701 1手(多)@8468 价差=36 z=1.38
2026-08-12,False,3,6,200.0,0.0,-140.0,-10.0,423209.6,0.0,26990.600000000002,23690.800000000003,12.5,0.0,1.2499999999992013e-05,473891.0,空carry 黄金2612 1手(空)@960.76 / 黄金2702 1手(多)@962.92 价差=-2.16,,多carry 棕榈油2612 1手(多)@9588 / 棕榈油2701 1手(空)@9691 价差=-103,空carry 豆油2612 1手(空)@8480 / 豆油2701 1手(多)@8442 价差=38,[AU] 空carry 黄金2612 1手(空)@960.76 / 黄金2702 1手(多)@962.92 价差=-2.16 z=1.06 | [P] 多carry 棕榈油2612 1手(多)@9588 / 棕榈油2701 1手(空)@9691 价差=-103 z=-2.09 | [Y] 空carry 豆油2612 1手(空)@8480 / 豆油2701 1手(多)@8442 价差=38 z=1.34
2026-08-13,False,2,4,-40.0,0.0,-60.0,0.0,0.0,0.0,27094.200000000004,23812.600000000002,-25.0,40.0,-2.4999999999995766e-05,50906.8,,,多carry 棕榈油2612 1手(多)@9618 / 棕榈油2701 1手(空)@9735 价差=-117,空carry 豆油2612 1手(空)@8524 / 豆油2701 1手(多)@8485 价差=39,[P] 多carry 棕榈油2612 1手(多)@9618 / 棕榈油2701 1手(空)@9735 价差=-117 z=-2.82 | [Y] 空carry 豆油2612 1手(空)@8524 / 豆油2701 1手(多)@8485 价差=39 z=1.25
2026-08-14,False,3,6,0.0,43.45,-120.0,-0.0,0.0,7863.599999999999,27374.200000000004,23969.4,-19.14,6.55,-1.9138250000003665e-05,59207.2,,空carry 热卷2612 1手(空)@3276 / 热卷2701 1手(多)@3277 价差=-1,多carry 棕榈油2612 1手(多)@9715 / 棕榈油2701 1手(空)@9838 价差=-123,空carry 豆油2612 1手(空)@8580 / 豆油2701 1手(多)@8541 价差=39,[HC] 空carry 热卷2612 1手(空)@3276 / 热卷2701 1手(多)@3277 价差=-1 z=1.29 | [P] 多carry 棕榈油2612 1手(多)@9715 / 棕榈油2701 1手(空)@9838 价差=-123 z=-2.86 | [Y] 空carry 豆油2612 1手(空)@8580 / 豆油2701 1手(多)@8541 价差=39 z=1.13
2026-08-17,False,2,4,0.0,-6.56,-50.0,-140.0,0.0,0.0,27357.4,24025.4,-49.14,6.56,-4.91405000000004e-05,51382.8,,,多carry 棕榈油2612 1手(多)@9703 / 棕榈油2701 1手(空)@9838 价差=-135,空carry 豆油2612 1手(空)@8600 / 豆油2701 1手(多)@8561 价差=39,[P] 多carry 棕榈油2612 1手(多)@9703 / 棕榈油2701 1手(空)@9838 价差=-135 z=-3.22 | [Y] 空carry 豆油2612 1手(空)@8600 / 豆油2701 1手(多)@8561 价差=39 z=1.02
2026-08-18,False,3,6,0.0,13.41,-160.0,-60.0,0.0,7905.599999999999,27652.800000000003,24417.4,-51.65,6.59,-5.1647000000000564e-05,59975.8,,空carry 热卷2612 1手(空)@3294 / 热卷2701 1手(多)@3294 价差=0,多carry 棕榈油2612 1手(多)@9806 / 棕榈油2701 1手(空)@9946 价差=-140,空carry 豆油2612 1手(空)@8747 / 豆油2701 1手(多)@8694 价差=53,[HC] 空carry 热卷2612 1手(空)@3294 / 热卷2701 1手(多)@3294 价差=0 z=1.42 | [P] 多carry 棕榈油2612 1手(多)@9806 / 棕榈油2701 1手(空)@9946 价差=-140 z=-3.09 | [Y] 空carry 豆油2612 1手(空)@8747 / 豆油2701 1手(多)@8694 价差=53 z=1.49
2026-08-19,False,3,6,0.0,20.0,240.0,-110.0,0.0,7917.6,27764.800000000003,24574.200000000004,37.5,0.0,3.749999999999966e-05,60256.6,,空carry 热卷2612 1手(空)@3298 / 热卷2701 1手(多)@3300 价差=-2,多carry 棕榈油2612 1手(多)@9838 / 棕榈油2701 1手(空)@9994 价差=-156,空carry 豆油2612 1手(空)@8806 / 豆油2701 1手(多)@8747 价差=59,[HC] 空carry 热卷2612 1手(空)@3298 / 热卷2701 1手(多)@3300 价差=-2 z=0.92 | [P] 多carry 棕榈油2612 1手(多)@9838 / 棕榈油2701 1手(空)@9994 价差=-156 z=-3.41 | [Y] 空carry 豆油2612 1手(空)@8806 / 豆油2701 1手(多)@8747 价差=59 z=1.57
2026-08-20,False,2,4,0.0,-6.6,-80.0,140.0,0.0,0.0,28263.200000000004,24869.600000000002,13.35,6.6,1.334899999999881e-05,53132.8,,,多carry 棕榈油2612 1手(多)@10028 / 棕榈油2701 1手(空)@10160 价差=-132,空carry 豆油2612 1手(空)@8917 / 豆油2701 1手(多)@8847 价差=70,[P] 多carry 棕榈油2612 1手(多)@10028 / 棕榈油2701 1手(空)@10160 价差=-132 z=-2.08 | [Y] 空carry 豆油2612 1手(空)@8917 / 豆油2701 1手(多)@8847 价差=70 z=1.78
2026-08-21,False,4,8,-340.0,3.38,-170.0,-60.0,435784.8,7948.799999999999,28252.000000000004,24785.600000000002,-141.66,46.62,-0.0001416559999999404,496771.2,空carry 黄金2612 1手(空)@989.32 / 黄金2702 1手(多)@991.52 价差=-2.2,空carry 热卷2612 1手(空)@3312 / 热卷2701 1手(多)@3312 价差=0,多carry 棕榈油2612 1手(多)@10020 / 棕榈油2701 1手(空)@10160 价差=-140,空carry 豆油2612 1手(空)@8880 / 豆油2701 1手(多)@8824 价差=56,[AU] 空carry 黄金2612 1手(空)@989.32 / 黄金2702 1手(多)@991.52 价差=-2.2 z=1.02 | [HC] 空carry 热卷2612 1手(空)@3312 / 热卷2701 1手(多)@3312 价差=0 z=1.25 | [P] 多carry 棕榈油2612 1手(多)@10020 / 棕榈油2701 1手(空)@10160 价差=-140 z=-2.28 | [Y] 空carry 豆油2612 1手(空)@8880 / 豆油2701 1手(多)@8824 价差=56 z=1.09
2026-08-24,False,4,8,60.0,-0.0,-10.0,240.0,444404.4,8034.0,28186.200000000004,24740.800000000003,72.5,0.0,7.24999999999601e-05,505365.4,空carry 黄金2612 1手(空)@1009.06 / 黄金2702 1手(多)@1010.96 价差=-1.9,空carry 热卷2612 1手(空)@3347 / 热卷2701 1手(多)@3348 价差=-1,多carry 棕榈油2612 1手(多)@9988 / 棕榈油2701 1手(空)@10145 价差=-157,空carry 豆油2612 1手(空)@8867 / 豆油2701 1手(多)@8805 价差=62,[AU] 空carry 黄金2612 1手(空)@1009.06 / 黄金2702 1手(多)@1010.96 价差=-1.9 z=2.26 | [HC] 空carry 热卷2612 1手(空)@3347 / 热卷2701 1手(多)@3348 价差=-1 z=0.99 | [P] 多carry 棕榈油2612 1手(多)@9988 / 棕榈油2701 1手(空)@10145 价差=-157 z=-2.75 | [Y] 空carry 豆油2612 1手(空)@8867 / 豆油2701 1手(多)@8805 价差=62 z=1.20
2026-08-25,False,3,6,100.0,-20.0,-30.0,-5.0,443335.2,8036.4,28000.000000000004,0.0,11.25,5.0,1.1250000000024333e-05,479371.6,空carry 黄金2612 1手(空)@1006.6 / 黄金2702 1手(多)@1008.56 价差=-1.96,空carry 热卷2612 1手(空)@3348 / 热卷2701 1手(多)@3349 价差=-1,多carry 棕榈油2612 1手(多)@9921 / 棕榈油2701 1手(空)@10079 价差=-158,,[AU] 空carry 黄金2612 1手(空)@1006.6 / 黄金2702 1手(多)@1008.56 价差=-1.96 z=1.71 | [HC] 空carry 热卷2612 1手(空)@3348 / 热卷2701 1手(多)@3349 价差=-1 z=0.90 | [P] 多carry 棕榈油2612 1手(多)@9921 / 棕榈油2701 1手(空)@10079 价差=-158 z=-2.62
2026-08-26,False,4,8,-20.0,-40.0,-40.0,55.0,442741.2,8034.0,27780.200000000004,24620.4,-11.25,5.0,-1.1250000000015823e-05,503175.8,空carry 黄金2612 1手(空)@1005.2 / 黄金2702 1手(多)@1007.26 价差=-2.06,空carry 热卷2612 1手(空)@3348 / 热卷2701 1手(多)@3347 价差=1,多carry 棕榈油2612 1手(多)@9841 / 棕榈油2701 1手(空)@10002 价差=-161,空carry 豆油2612 1手(空)@8821 / 豆油2701 1手(多)@8765 价差=56,[AU] 空carry 黄金2612 1手(空)@1005.2 / 黄金2702 1手(多)@1007.26 价差=-2.06 z=1.17 | [HC] 空carry 热卷2612 1手(空)@3348 / 热卷2701 1手(多)@3347 价差=1 z=1.22 | [P] 多carry 棕榈油2612 1手(多)@9841 / 棕榈油2701 1手(空)@10002 价差=-161 z=-2.59 | [Y] 空carry 豆油2612 1手(空)@8821 / 豆油2701 1手(多)@8765 价差=56 z=0.91
2026-08-27,False,3,6,-100.0,20.0,-50.0,-5.0,439278.4,8036.4,27895.000000000004,0.0,-33.75,5.0,-3.374999999998388e-05,475209.8,空carry 黄金2612 1手(空)@997.34 / 黄金2702 1手(多)@999.38 价差=-2.04,空carry 热卷2612 1手(空)@3351 / 热卷2701 1手(多)@3346 价差=5,多carry 棕榈油2612 1手(多)@9880 / 棕榈油2701 1手(空)@10045 价差=-165,,[AU] 空carry 黄金2612 1手(空)@997.34 / 黄金2702 1手(多)@999.38 价差=-2.04 z=1.08 | [HC] 空carry 热卷2612 1手(空)@3351 / 热卷2701 1手(多)@3346 价差=5 z=1.89 | [P] 多carry 棕榈油2612 1手(多)@9880 / 棕榈油2701 1手(空)@10045 价差=-165 z=-2.51
2026-08-28,False,3,6,280.0,-30.0,-60.0,0.0,441113.2,8098.799999999999,28240.800000000003,0.0,47.5,0.0,4.749999999998164e-05,477452.8,空carry 黄金2612 1手(空)@1001.56 / 黄金2702 1手(多)@1003.5 价差=-1.94,空carry 热卷2612 1手(空)@3376 / 热卷2701 1手(多)@3373 价差=3,多carry 棕榈油2612 1手(多)@10001 / 棕榈油2701 1手(空)@10171 价差=-170,,[AU] 空carry 黄金2612 1手(空)@1001.56 / 黄金2702 1手(多)@1003.5 价差=-1.94 z=1.37 | [HC] 空carry 热卷2612 1手(空)@3376 / 热卷2701 1手(多)@3373 价差=3 z=1.34 | [P] 多carry 棕榈油2612 1手(多)@10001 / 棕榈油2701 1手(空)@10171 价差=-170 z=-2.44
2026-08-31,False,2,4,-40.0,80.0,170.0,0.0,0.0,8193.599999999999,28546.0,0.0,52.5,40.0,5.249999999999944e-05,36739.6,,空carry 热卷2612 1手(空)@3417 / 热卷2701 1手(多)@3411 价差=6,多carry 棕榈油2612 1手(多)@10107 / 棕榈油2701 1手(空)@10283 价差=-176,,[HC] 空carry 热卷2612 1手(空)@3417 / 热卷2701 1手(多)@3411 价差=6 z=1.78 | [P] 多carry 棕榈油2612 1手(多)@10107 / 棕榈油2701 1手(空)@10283 价差=-176 z=-2.40
2026-09-01,False,4,8,-320.0,-33.57,-50.0,-15.0,424850.8,8144.4,29055.600000000002,25435.200000000004,-104.64,58.57,-0.00010464349999999004,487486.0,空carry 黄金2702 1手(空)@964.6 / 黄金2704 1手(多)@966.54 价差=-1.94,多carry 热卷2701 1手(多)@3388 / 热卷2702 1手(空)@3399 价差=-11,多carry 棕榈油2701 1手(多)@10297 / 棕榈油2702 1手(空)@10457 价差=-160,多carry 豆油2701 1手(多)@9098 / 豆油2703 1手(空)@9070 价差=28,[AU] 空carry 黄金2702 1手(空)@964.6 / 黄金2704 1手(多)@966.54 价差=-1.94 z=0.96 | [HC] 多carry 热卷2701 1手(多)@3388 / 热卷2702 1手(空)@3399 价差=-11 z=-1.77 | [P] 多carry 棕榈油2701 1手(多)@10297 / 棕榈油2702 1手(空)@10457 价差=-160 z=-1.75 | [Y] 多carry 豆油2701 1手(多)@9098 / 豆油2703 1手(空)@9070 价差=28 z=-1.29
2026-09-02,False,4,8,540.0,80.0,90.0,-110.0,415232.4,8091.6,28751.800000000003,25478.600000000002,150.0,0.0,0.00014999999999996703,477554.4,空carry 黄金2702 1手(空)@942.88 / 黄金2704 1手(多)@944.54 价差=-1.66,多carry 热卷2701 1手(多)@3365 / 热卷2702 1手(空)@3378 价差=-13,多carry 棕榈油2701 1手(多)@10186 / 棕榈油2702 1手(空)@10351 价差=-165,多carry 豆油2701 1手(多)@9113 / 豆油2703 1手(空)@9086 价差=27,[AU] 空carry 黄金2702 1手(空)@942.88 / 黄金2704 1手(多)@944.54 价差=-1.66 z=1.82 | [HC] 多carry 热卷2701 1手(多)@3365 / 热卷2702 1手(空)@3378 价差=-13 z=-1.94 | [P] 多carry 棕榈油2701 1手(多)@10186 / 棕榈油2702 1手(空)@10351 价差=-165 z=-1.85 | [Y] 多carry 豆油2701 1手(多)@9113 / 豆油2703 1手(空)@9086 价差=27 z=-1.33
2026-09-03,False,2,4,-40.0,-6.74,90.0,30.0,0.0,0.0,28826.0,25522.0,18.31,46.74,1.831475000000658e-05,54348.0,,,多carry 棕榈油2701 1手(多)@10217 / 棕榈油2702 1手(空)@10373 价差=-156,多carry 豆油2701 1手(多)@9123 / 豆油2703 1手(空)@9107 价差=16,[P] 多carry 棕榈油2701 1手(多)@10217 / 棕榈油2702 1手(空)@10373 价差=-156 z=-1.52 | [Y] 多carry 豆油2701 1手(多)@9123 / 豆油2703 1手(空)@9107 价差=16 z=-1.96
2026-09-04,False,4,8,60.0,13.22,70.0,-130.0,427715.2,8131.2,28849.800000000003,25635.4,3.31,46.78,3.306000000018841e-06,490331.6,多carry 黄金2702 1手(多)@970.9 / 黄金2704 1手(空)@973.26 价差=-2.36,多carry 热卷2701 1手(多)@3381 / 热卷2702 1手(空)@3395 价差=-14,多carry 棕榈油2701 1手(多)@10230 / 棕榈油2702 1手(空)@10377 价差=-147,多carry 豆油2701 1手(多)@9165 / 豆油2703 1手(空)@9146 价差=19,[AU] 多carry 黄金2702 1手(多)@970.9 / 黄金2704 1手(空)@973.26 价差=-2.36 z=-1.08 | [HC] 多carry 热卷2701 1手(多)@3381 / 热卷2702 1手(空)@3395 价差=-14 z=-1.87 | [P] 多carry 棕榈油2701 1手(多)@10230 / 棕榈油2702 1手(空)@10377 价差=-147 z=-1.23 | [Y] 多carry 豆油2701 1手(多)@9165 / 豆油2703 1手(空)@9146 价差=19 z=-1.58
2026-09-07,False,4,8,20.0,60.0,-20.0,30.0,420899.6,8092.799999999999,29187.200000000004,25673.200000000004,22.5,0.0,2.2500000000008597e-05,483852.8,多carry 黄金2702 1手(多)@955.46 / 黄金2704 1手(空)@957.72 价差=-2.26,多carry 热卷2701 1手(多)@3366 / 热卷2702 1手(空)@3378 价差=-12,多carry 棕榈油2701 1手(多)@10354 / 棕榈油2702 1手(空)@10494 价差=-140,多carry 豆油2701 1手(多)@9172 / 豆油2703 1手(空)@9166 价差=6,[AU] 多carry 黄金2702 1手(多)@955.46 / 黄金2704 1手(空)@957.72 价差=-2.26 z=-0.77 | [HC] 多carry 热卷2701 1手(多)@3366 / 热卷2702 1手(空)@3378 价差=-12 z=-1.35 | [P] 多carry 棕榈油2701 1手(多)@10354 / 棕榈油2702 1手(空)@10494 价差=-140 z=-0.96 | [Y] 多carry 豆油2701 1手(多)@9172 / 豆油2703 1手(空)@9166 价差=6 z=-2.09
2026-09-08,False,2,4,0.0,0.0,30.0,-10.0,0.0,0.0,29332.800000000003,25716.600000000002,5.0,0.0,4.999999999998892e-06,55049.4,,,多carry 棕榈油2701 1手(多)@10405 / 棕榈油2702 1手(空)@10547 价差=-142,多carry 豆油2701 1手(多)@9189 / 豆油2703 1手(空)@9180 价差=9,[P] 多carry 棕榈油2701 1手(多)@10405 / 棕榈油2702 1手(空)@10547 价差=-142 z=-0.96 | [Y] 多carry 豆油2701 1手(多)@9189 / 豆油2703 1手(空)@9180 价差=9 z=-1.68
2026-09-09,False,2,4,0.0,0.0,140.0,60.0,0.0,0.0,29054.200000000004,25589.200000000004,50.0,0.0,4.999999999999625e-05,54643.4,,,多carry 棕榈油2701 1手(多)@10307 / 棕榈油2702 1手(空)@10446 价差=-139,多carry 豆油2701 1手(多)@9143 / 豆油2703 1手(空)@9135 价差=8,[P] 多carry 棕榈油2701 1手(多)@10307 / 棕榈油2702 1手(空)@10446 价差=-139 z=-0.88 | [Y] 多carry 豆油2701 1手(多)@9143 / 豆油2703 1手(空)@9135 价差=8 z=-1.54
2026-09-10,False,1,2,0.0,0.0,-5.0,140.0,0.0,0.0,0.0,25359.600000000002,33.75,5.0,3.375000000000027e-05,25359.6,,,,多carry 豆油2701 1手(多)@9064 / 豆油2703 1手(空)@9050 价差=14,[Y] 多carry 豆油2701 1手(多)@9064 / 豆油2703 1手(空)@9050 价差=14 z=-1.12
2026-09-11,False,1,2,0.0,0.0,-5.0,-5.0,0.0,0.0,28287.000000000004,0.0,-2.5,10.0,-2.5e-06,28287.0,,,多carry 棕榈油2701 1手(多)@10035 / 棕榈油2702 1手(空)@10170 价差=-135,,[P] 多carry 棕榈油2701 1手(多)@10035 / 棕榈油2702 1手(空)@10170 价差=-135 z=-0.83
