日期,era,final盈亏,news门控盈亏,dual盈亏,macro降权门控盈亏,weather_v3代理盈亏,组合_v3盈亏,组合_无天气盈亏,组合日收益_3M,core保证金,新闻可用
2010-07-01,final_only,-663.0,0.0,-663.0,0.0,0.0,-663.0,-663.0,-0.000221,26430.0,0
2010-07-02,final_only,-521.0,0.0,-521.0,0.0,0.0,-521.0,-521.0,-0.00017366666666666667,27573.0,0
2010-07-05,final_only,361.0,0.0,361.0,0.0,0.0,361.0,361.0,0.00012033333333333334,28754.0,0
2010-07-06,final_only,-453.0,0.0,-453.0,0.0,0.0,-453.0,-453.0,-0.000151,27402.0,0
2010-07-07,final_only,-398.0,0.0,-398.0,0.0,0.0,-398.0,-398.0,-0.00013266666666666667,23815.0,0
2010-07-08,final_only,-606.0,0.0,-606.0,0.0,0.0,-606.0,-606.0,-0.000202,19894.0,0
2010-07-09,final_only,-19.0,0.0,-19.0,0.0,0.0,-19.0,-19.0,-6.333333333333333e-06,10638.0,0
2010-07-12,final_only,98.0,0.0,98.0,0.0,0.0,98.0,98.0,3.266666666666666e-05,6887.0,0
2010-07-13,final_only,-211.0,0.0,-211.0,0.0,0.0,-211.0,-211.0,-7.033333333333334e-05,18975.0,0
2010-07-14,final_only,47.0,0.0,47.0,0.0,0.0,47.0,47.0,1.5666666666666667e-05,8482.0,0
2010-07-15,final_only,564.0,0.0,564.0,0.0,0.0,564.0,564.0,0.000188,15858.0,0
2010-07-16,final_only,-145.0,0.0,-145.0,0.0,0.0,-145.0,-145.0,-4.8333333333333334e-05,16642.0,0
2010-07-19,final_only,-807.0,0.0,-807.0,0.0,0.0,-807.0,-807.0,-0.000269,21645.0,0
2010-07-20,final_only,333.0,0.0,333.0,0.0,0.0,333.0,333.0,0.000111,21305.0,0
2010-07-21,final_only,-1030.0,0.0,-1030.0,0.0,0.0,-1030.0,-1030.0,-0.00034333333333333335,21252.0,0
2010-07-22,final_only,-321.0,0.0,-321.0,0.0,0.0,-321.0,-321.0,-0.000107,29197.0,0
2010-07-23,final_only,-137.0,0.0,-137.0,0.0,0.0,-137.0,-137.0,-4.566666666666667e-05,29377.0,0
2010-07-26,final_only,-125.0,0.0,-125.0,0.0,0.0,-125.0,-125.0,-4.1666666666666665e-05,28130.0,0
2010-07-27,final_only,261.0,0.0,261.0,0.0,0.0,261.0,261.0,8.7e-05,29069.0,0
2010-07-28,final_only,1425.0,0.0,1425.0,0.0,0.0,1425.0,1425.0,0.000475,29288.0,0
2010-07-29,final_only,-235.0,0.0,-235.0,0.0,0.0,-235.0,-235.0,-7.833333333333333e-05,29437.0,0
2010-07-30,final_only,5449.0,0.0,5449.0,0.0,0.0,5449.0,5449.0,0.0018163333333333334,49772.0,0
2010-08-02,final_only,-59.0,0.0,-59.0,0.0,0.0,-59.0,-59.0,-1.9666666666666666e-05,63342.0,0
2010-08-03,final_only,4335.0,0.0,4335.0,0.0,0.0,4335.0,4335.0,0.001445,55744.0,0
2010-08-04,final_only,-4225.0,0.0,-4225.0,0.0,0.0,-4225.0,-4225.0,-0.0014083333333333333,68716.0,0
2010-08-05,final_only,2947.0,0.0,2947.0,0.0,0.0,2947.0,2947.0,0.0009823333333333333,78060.0,0
2010-08-06,final_only,3770.0,0.0,3770.0,0.0,0.0,3770.0,3770.0,0.0012566666666666666,78738.0,0
2010-08-09,final_only,-6475.0,0.0,-6475.0,0.0,0.0,-6475.0,-6475.0,-0.0021583333333333333,71602.0,0
2010-08-10,final_only,-1941.0,0.0,-1941.0,0.0,0.0,-1941.0,-1941.0,-0.000647,62270.0,0
2010-08-11,final_only,-1617.0,0.0,-1617.0,0.0,0.0,-1617.0,-1617.0,-0.000539,64506.0,0
2010-08-12,final_only,719.0,0.0,719.0,0.0,0.0,719.0,719.0,0.00023966666666666667,33724.0,0
2010-08-13,final_only,-116.0,0.0,-116.0,0.0,0.0,-116.0,-116.0,-3.866666666666667e-05,41385.0,0
2010-08-16,final_only,-675.0,0.0,-675.0,0.0,0.0,-675.0,-675.0,-0.000225,47500.0,0
2010-08-17,final_only,564.0,0.0,564.0,0.0,0.0,564.0,564.0,0.000188,77790.0,0
2010-08-18,final_only,3674.0,0.0,3674.0,0.0,0.0,3674.0,3674.0,0.0012246666666666667,72604.0,0
2010-08-19,final_only,-6573.0,0.0,-6573.0,0.0,0.0,-6573.0,-6573.0,-0.002191,78314.0,0
2010-08-20,final_only,-1589.0,0.0,-1589.0,0.0,0.0,-1589.0,-1589.0,-0.0005296666666666667,74748.0,0
2010-08-23,final_only,878.0,0.0,878.0,0.0,0.0,878.0,878.0,0.00029266666666666666,38982.0,0
2010-08-24,final_only,94.0,0.0,94.0,0.0,0.0,94.0,94.0,3.1333333333333334e-05,36761.0,0
2010-08-25,final_only,120.0,0.0,120.0,0.0,0.0,120.0,120.0,4e-05,36841.0,0
2010-08-26,final_only,1092.0,0.0,1092.0,0.0,0.0,1092.0,1092.0,0.000364,23742.0,0
2010-08-27,final_only,-1548.0,0.0,-1548.0,0.0,0.0,-1548.0,-1548.0,-0.000516,36981.0,0
2010-08-30,final_only,-3691.0,0.0,-3691.0,0.0,0.0,-3691.0,-3691.0,-0.0012303333333333333,65308.0,0
2010-08-31,final_only,17.0,0.0,17.0,0.0,0.0,17.0,17.0,5.666666666666667e-06,23841.0,0
2010-09-01,final_only,1025.0,0.0,1025.0,0.0,0.0,1025.0,1025.0,0.00034166666666666666,23835.0,0
2010-09-02,final_only,1430.0,0.0,1430.0,0.0,0.0,1430.0,1430.0,0.0004766666666666667,70455.0,0
2010-09-03,final_only,4105.0,0.0,4105.0,0.0,0.0,4105.0,4105.0,0.0013683333333333334,70684.0,0
2010-09-06,final_only,-620.0,0.0,-620.0,0.0,0.0,-620.0,-620.0,-0.00020666666666666666,71512.0,0
2010-09-07,final_only,-965.0,0.0,-965.0,0.0,0.0,-965.0,-965.0,-0.00032166666666666666,24726.0,0
2010-09-08,final_only,-891.0,0.0,-891.0,0.0,0.0,-891.0,-891.0,-0.000297,33368.0,0
2010-09-09,final_only,1709.0,0.0,1709.0,0.0,0.0,1709.0,1709.0,0.0005696666666666667,24516.0,0
2010-09-10,final_only,-306.0,0.0,-306.0,0.0,0.0,-306.0,-306.0,-0.000102,27014.0,0
2010-09-13,final_only,1883.0,0.0,1883.0,0.0,0.0,1883.0,1883.0,0.0006276666666666667,32746.0,0
2010-09-14,final_only,1682.0,0.0,1682.0,0.0,0.0,1682.0,1682.0,0.0005606666666666667,24978.0,0
2010-09-15,final_only,-705.0,0.0,-705.0,0.0,0.0,-705.0,-705.0,-0.000235,25092.0,0
2010-09-16,final_only,-3574.0,0.0,-3574.0,0.0,0.0,-3574.0,-3574.0,-0.0011913333333333333,71468.0,0
2010-09-17,final_only,3411.0,0.0,3411.0,0.0,0.0,3411.0,3411.0,0.001137,25311.0,0
2010-09-20,final_only,6411.0,0.0,6411.0,0.0,0.0,6411.0,6411.0,0.002137,31000.0,0
2010-09-21,final_only,720.0,0.0,720.0,0.0,0.0,720.0,720.0,0.00024,31652.0,0
2010-09-27,final_only,3120.0,0.0,3120.0,0.0,0.0,3120.0,3120.0,0.00104,18172.0,0
2010-09-28,final_only,-4855.0,0.0,-4855.0,0.0,0.0,-4855.0,-4855.0,-0.0016183333333333334,31999.0,0
2010-09-29,final_only,582.0,0.0,582.0,0.0,0.0,582.0,582.0,0.000194,73925.0,0
2010-09-30,final_only,13315.0,0.0,13315.0,0.0,0.0,13315.0,13315.0,0.004438333333333333,60674.0,0
2010-10-08,final_only,7587.0,0.0,7587.0,0.0,0.0,7587.0,7587.0,0.002529,18614.0,0
2010-10-11,final_only,-1615.0,0.0,-1615.0,0.0,0.0,-1615.0,-1615.0,-0.0005383333333333334,19647.0,0
2010-10-12,final_only,13173.0,0.0,13173.0,0.0,0.0,13173.0,13173.0,0.004391,52107.0,0
2010-10-13,final_only,9270.0,0.0,9270.0,0.0,0.0,9270.0,9270.0,0.00309,54277.0,0
2010-10-14,final_only,-1335.0,0.0,-1335.0,0.0,0.0,-1335.0,-1335.0,-0.000445,31644.0,0
2010-10-15,final_only,-4032.0,0.0,-4032.0,0.0,0.0,-4032.0,-4032.0,-0.001344,31680.0,0
2010-10-18,final_only,1239.0,0.0,1239.0,0.0,0.0,1239.0,1239.0,0.000413,22165.0,0
2010-10-19,final_only,3202.0,0.0,3202.0,0.0,0.0,3202.0,3202.0,0.0010673333333333333,26302.0,0
2010-10-20,final_only,2728.0,0.0,2728.0,0.0,0.0,2728.0,2728.0,0.0009093333333333333,20113.0,0
2010-10-21,final_only,1348.0,0.0,1348.0,0.0,0.0,1348.0,1348.0,0.0004493333333333333,26887.0,0
2010-10-22,final_only,7529.0,0.0,7529.0,0.0,0.0,7529.0,7529.0,0.0025096666666666666,33303.0,0
2010-10-25,final_only,1040.0,0.0,1040.0,0.0,0.0,1040.0,1040.0,0.00034666666666666667,34403.0,0
2010-10-26,final_only,-1600.0,0.0,-1600.0,0.0,0.0,-1600.0,-1600.0,-0.0005333333333333334,34608.0,0
2010-10-27,final_only,4613.0,0.0,4613.0,0.0,0.0,4613.0,4613.0,0.0015376666666666666,27750.0,0
2010-10-28,final_only,-2545.0,0.0,-2545.0,0.0,0.0,-2545.0,-2545.0,-0.0008483333333333333,28414.0,0
2010-10-29,final_only,7279.0,0.0,7279.0,0.0,0.0,7279.0,7279.0,0.0024263333333333333,37322.0,0
2010-11-01,final_only,791.0,0.0,791.0,0.0,0.0,791.0,791.0,0.00026366666666666666,26983.0,0
2010-11-02,final_only,4745.0,0.0,4745.0,0.0,0.0,4745.0,4745.0,0.0015816666666666668,27023.0,0
2010-11-03,final_only,-70.0,0.0,-70.0,0.0,0.0,-70.0,-70.0,-2.3333333333333332e-05,27562.0,0
2010-11-04,final_only,5395.0,0.0,5395.0,0.0,0.0,5395.0,5395.0,0.0017983333333333334,27803.0,0
2010-11-05,final_only,8250.0,0.0,8250.0,0.0,0.0,8250.0,8250.0,0.00275,28871.0,0
2010-11-08,final_only,-2118.0,0.0,-2118.0,0.0,0.0,-2118.0,-2118.0,-0.000706,39970.0,0
2010-11-09,final_only,-3031.0,0.0,-3031.0,0.0,0.0,-3031.0,-3031.0,-0.0010103333333333334,50556.0,0
2010-11-10,final_only,-4750.0,0.0,-4750.0,0.0,0.0,-4750.0,-4750.0,-0.0015833333333333333,41758.0,0
2010-11-11,final_only,1716.0,0.0,1716.0,0.0,0.0,1716.0,1716.0,0.000572,46263.0,0
2010-11-12,final_only,3091.0,0.0,3091.0,0.0,0.0,3091.0,3091.0,0.0010303333333333334,35233.0,0
2010-11-15,final_only,2593.0,0.0,2593.0,0.0,0.0,2593.0,2593.0,0.0008643333333333334,31239.0,0
2010-11-16,final_only,3310.0,0.0,3310.0,0.0,0.0,3310.0,3310.0,0.0011033333333333333,30673.0,0
2010-11-17,final_only,-112.0,0.0,-112.0,0.0,0.0,-112.0,-112.0,-3.733333333333333e-05,49106.0,0
2010-11-18,final_only,-951.0,0.0,-951.0,0.0,0.0,-951.0,-951.0,-0.000317,21402.0,0
2010-11-19,final_only,1934.0,0.0,1934.0,0.0,0.0,1934.0,1934.0,0.0006446666666666667,19234.0,0
2010-11-22,final_only,3530.0,0.0,3530.0,0.0,0.0,3530.0,3530.0,0.0011766666666666666,18974.0,0
2010-11-23,final_only,-3844.0,0.0,-3844.0,0.0,0.0,-3844.0,-3844.0,-0.0012813333333333333,33562.0,0
2010-11-24,final_only,1336.0,0.0,1336.0,0.0,0.0,1336.0,1336.0,0.00044533333333333333,18740.0,0
2010-11-25,final_only,3461.0,0.0,3461.0,0.0,0.0,3461.0,3461.0,0.0011536666666666668,33870.0,0
2010-11-26,final_only,-4345.0,0.0,-4345.0,0.0,0.0,-4345.0,-4345.0,-0.0014483333333333334,33423.0,0
2010-11-29,final_only,-265.0,0.0,-265.0,0.0,0.0,-265.0,-265.0,-8.833333333333333e-05,34027.0,0
2010-11-30,final_only,-906.0,0.0,-906.0,0.0,0.0,-906.0,-906.0,-0.000302,22812.0,0
2010-12-01,final_only,-3680.0,0.0,-3680.0,0.0,0.0,-3680.0,-3680.0,-0.0012266666666666667,23128.0,0
2010-12-02,final_only,21.0,0.0,21.0,0.0,0.0,21.0,21.0,7e-06,19177.0,0
2010-12-03,final_only,-422.0,0.0,-422.0,0.0,0.0,-422.0,-422.0,-0.00014066666666666668,21959.0,0
2010-12-06,final_only,-29.0,0.0,-29.0,0.0,0.0,-29.0,-29.0,-9.666666666666667e-06,27758.0,0
2010-12-07,final_only,436.0,0.0,436.0,0.0,0.0,436.0,436.0,0.00014533333333333333,23153.0,0
2010-12-08,final_only,-1809.0,0.0,-1809.0,0.0,0.0,-1809.0,-1809.0,-0.000603,27369.0,0
2010-12-09,final_only,-725.0,0.0,-725.0,0.0,0.0,-725.0,-725.0,-0.00024166666666666667,27686.0,0
2010-12-10,final_only,-1818.0,0.0,-1818.0,0.0,0.0,-1818.0,-1818.0,-0.000606,41207.0,0
2010-12-13,final_only,-185.0,0.0,-185.0,0.0,0.0,-185.0,-185.0,-6.166666666666667e-05,12337.0,0
2010-12-14,final_only,660.0,0.0,660.0,0.0,0.0,660.0,660.0,0.00022,12379.0,0
2010-12-15,final_only,-450.0,0.0,-450.0,0.0,0.0,-450.0,-450.0,-0.00015,12290.0,0
2010-12-16,final_only,589.0,0.0,589.0,0.0,0.0,589.0,589.0,0.00019633333333333333,22088.0,0
2010-12-17,final_only,-365.0,0.0,-365.0,0.0,0.0,-365.0,-365.0,-0.00012166666666666667,22229.0,0
2010-12-20,final_only,-287.0,0.0,-287.0,0.0,0.0,-287.0,-287.0,-9.566666666666667e-05,27461.0,0
2010-12-21,final_only,-399.0,0.0,-399.0,0.0,0.0,-399.0,-399.0,-0.000133,20960.0,0
2010-12-22,final_only,1335.0,0.0,1335.0,0.0,0.0,1335.0,1335.0,0.000445,19219.0,0
2010-12-23,final_only,-1769.0,0.0,-1769.0,0.0,0.0,-1769.0,-1769.0,-0.0005896666666666666,39715.0,0
2010-12-24,final_only,163.0,0.0,163.0,0.0,0.0,163.0,163.0,5.433333333333333e-05,42719.0,0
2010-12-27,final_only,-1347.0,0.0,-1347.0,0.0,0.0,-1347.0,-1347.0,-0.000449,53061.0,0
2010-12-28,final_only,-1555.0,0.0,-1555.0,0.0,0.0,-1555.0,-1555.0,-0.0005183333333333333,36625.0,0
2010-12-29,final_only,-474.0,0.0,-474.0,0.0,0.0,-474.0,-474.0,-0.000158,28807.0,0
2010-12-30,final_only,-1335.0,0.0,-1335.0,0.0,0.0,-1335.0,-1335.0,-0.000445,34615.0,0
2010-12-31,final_only,-685.0,0.0,-685.0,0.0,0.0,-685.0,-685.0,-0.00022833333333333334,41625.0,0
2011-01-04,final_only,-787.0,0.0,-787.0,0.0,0.0,-787.0,-787.0,-0.00026233333333333333,50222.0,0
2011-01-05,final_only,2924.0,0.0,2924.0,0.0,0.0,2924.0,2924.0,0.0009746666666666666,45139.0,0
2011-01-06,final_only,-1470.0,0.0,-1470.0,0.0,0.0,-1470.0,-1470.0,-0.00049,44840.0,0
2011-01-07,final_only,-609.0,0.0,-609.0,0.0,0.0,-609.0,-609.0,-0.000203,29382.0,0
2011-01-10,final_only,-296.0,0.0,-296.0,0.0,0.0,-296.0,-296.0,-9.866666666666666e-05,41509.0,0
2011-01-11,final_only,9.0,0.0,9.0,0.0,0.0,9.0,9.0,3e-06,35005.0,0
2011-01-12,final_only,843.0,0.0,843.0,0.0,0.0,843.0,843.0,0.000281,36073.0,0
2011-01-13,final_only,939.0,0.0,939.0,0.0,0.0,939.0,939.0,0.000313,29647.0,0
2011-01-14,final_only,267.0,0.0,267.0,0.0,0.0,267.0,267.0,8.9e-05,20482.0,0
2011-01-17,final_only,-396.0,0.0,-396.0,0.0,0.0,-396.0,-396.0,-0.000132,26916.0,0
2011-01-18,final_only,-292.0,0.0,-292.0,0.0,0.0,-292.0,-292.0,-9.733333333333333e-05,25033.0,0
2011-01-19,final_only,673.0,0.0,673.0,0.0,0.0,673.0,673.0,0.00022433333333333333,27152.0,0
2011-01-20,final_only,1325.0,0.0,1325.0,0.0,0.0,1325.0,1325.0,0.00044166666666666665,26962.0,0
2011-01-21,final_only,49.0,0.0,49.0,0.0,0.0,49.0,49.0,1.633333333333333e-05,20235.0,0
2011-01-24,final_only,-3357.0,0.0,-3357.0,0.0,0.0,-3357.0,-3357.0,-0.001119,43146.0,0
2011-01-25,final_only,-372.0,0.0,-372.0,0.0,0.0,-372.0,-372.0,-0.000124,19988.0,0
2011-01-26,final_only,-506.0,0.0,-506.0,0.0,0.0,-506.0,-506.0,-0.00016866666666666666,43627.0,0
2011-01-27,final_only,-1892.0,0.0,-1892.0,0.0,0.0,-1892.0,-1892.0,-0.0006306666666666666,43146.0,0
2011-01-28,final_only,2850.0,0.0,2850.0,0.0,0.0,2850.0,2850.0,0.00095,42894.0,0
2011-01-31,final_only,5285.0,0.0,5285.0,0.0,0.0,5285.0,5285.0,0.0017616666666666666,43560.0,0
2011-02-01,final_only,-933.0,0.0,-933.0,0.0,0.0,-933.0,-933.0,-0.000311,35058.0,0
2011-02-09,final_only,1727.0,0.0,1727.0,0.0,0.0,1727.0,1727.0,0.0005756666666666667,48889.0,0
2011-02-10,final_only,592.0,0.0,592.0,0.0,0.0,592.0,592.0,0.00019733333333333332,35064.0,0
2011-02-11,final_only,-2000.0,0.0,-2000.0,0.0,0.0,-2000.0,-2000.0,-0.0006666666666666666,35148.0,0
2011-02-14,final_only,-1692.0,0.0,-1692.0,0.0,0.0,-1692.0,-1692.0,-0.000564,36410.0,0
2011-02-15,final_only,2143.0,0.0,2143.0,0.0,0.0,2143.0,2143.0,0.0007143333333333333,41247.0,0
2011-02-16,final_only,2305.0,0.0,2305.0,0.0,0.0,2305.0,2305.0,0.0007683333333333333,35322.0,0
2011-02-17,final_only,-3421.0,0.0,-3421.0,0.0,0.0,-3421.0,-3421.0,-0.0011403333333333333,40062.0,0
2011-02-18,final_only,1933.0,0.0,1933.0,0.0,0.0,1933.0,1933.0,0.0006443333333333333,47323.0,0
2011-02-21,final_only,-5116.0,0.0,-5116.0,0.0,0.0,-5116.0,-5116.0,-0.0017053333333333334,45066.0,0
2011-02-22,final_only,209.0,0.0,209.0,0.0,0.0,209.0,209.0,6.966666666666666e-05,28436.0,0
2011-02-23,final_only,801.0,0.0,801.0,0.0,0.0,801.0,801.0,0.000267,30367.0,0
2011-02-24,final_only,-647.0,0.0,-647.0,0.0,0.0,-647.0,-647.0,-0.00021566666666666666,31348.0,0
2011-02-25,final_only,-727.0,0.0,-727.0,0.0,0.0,-727.0,-727.0,-0.00024233333333333333,17541.0,0
2011-02-28,final_only,-334.0,0.0,-334.0,0.0,0.0,-334.0,-334.0,-0.00011133333333333333,37689.0,0
2011-03-01,final_only,255.0,0.0,255.0,0.0,0.0,255.0,255.0,8.5e-05,31332.0,0
2011-03-02,final_only,-3502.0,0.0,-3502.0,0.0,0.0,-3502.0,-3502.0,-0.0011673333333333334,41177.0,0
2011-03-03,final_only,-477.0,0.0,-477.0,0.0,0.0,-477.0,-477.0,-0.000159,31265.0,0
2011-03-04,final_only,600.0,0.0,600.0,0.0,0.0,600.0,600.0,0.0002,31153.0,0
2011-03-07,final_only,-1443.0,0.0,-1443.0,0.0,0.0,-1443.0,-1443.0,-0.000481,45945.0,0
2011-03-08,final_only,-1059.0,0.0,-1059.0,0.0,0.0,-1059.0,-1059.0,-0.000353,38078.0,0
2011-03-09,final_only,877.0,0.0,877.0,0.0,0.0,877.0,877.0,0.00029233333333333336,23521.0,0
2011-03-10,final_only,-870.0,0.0,-870.0,0.0,0.0,-870.0,-870.0,-0.00029,23417.0,0
2011-03-11,final_only,-5511.0,0.0,-5511.0,0.0,0.0,-5511.0,-5511.0,-0.001837,36363.0,0
2011-03-14,final_only,-3235.0,0.0,-3235.0,0.0,0.0,-3235.0,-3235.0,-0.0010783333333333333,35726.0,0
2011-03-15,final_only,271.0,0.0,271.0,0.0,0.0,271.0,271.0,9.033333333333334e-05,31708.0,0
2011-03-16,final_only,749.0,0.0,749.0,0.0,0.0,749.0,749.0,0.00024966666666666665,23360.0,0
2011-03-17,final_only,-600.0,0.0,-600.0,0.0,0.0,-600.0,-600.0,-0.0002,23276.0,0
2011-03-18,final_only,-206.0,0.0,-206.0,0.0,0.0,-206.0,-206.0,-6.866666666666666e-05,18875.0,0
2011-03-21,final_only,-898.0,0.0,-898.0,0.0,0.0,-898.0,-898.0,-0.0002993333333333333,35861.0,0
2011-03-22,final_only,-231.0,0.0,-231.0,0.0,0.0,-231.0,-231.0,-7.7e-05,29196.0,0
2011-03-23,final_only,386.0,0.0,386.0,0.0,0.0,386.0,386.0,0.00012866666666666666,33068.0,0
2011-03-24,final_only,-1705.0,0.0,-1705.0,0.0,0.0,-1705.0,-1705.0,-0.0005683333333333333,28911.0,0
2011-03-25,final_only,-1480.0,0.0,-1480.0,0.0,0.0,-1480.0,-1480.0,-0.0004933333333333334,46634.0,0
2011-03-28,final_only,132.0,0.0,132.0,0.0,0.0,132.0,132.0,4.4e-05,25951.0,0
2011-03-29,final_only,67.0,0.0,67.0,0.0,0.0,67.0,67.0,2.2333333333333332e-05,17746.0,0
2011-03-30,final_only,-110.0,0.0,-110.0,0.0,0.0,-110.0,-110.0,-3.6666666666666666e-05,17691.0,0
2011-03-31,final_only,2676.0,0.0,2676.0,0.0,0.0,2676.0,2676.0,0.000892,34959.0,0
2011-04-01,final_only,648.0,0.0,648.0,0.0,0.0,648.0,648.0,0.000216,26114.0,0
2011-04-06,final_only,-516.0,0.0,-516.0,0.0,0.0,-516.0,-516.0,-0.000172,33011.0,0
2011-04-07,final_only,-1485.0,0.0,-1485.0,0.0,0.0,-1485.0,-1485.0,-0.000495,35396.0,0
2011-04-08,final_only,-616.0,0.0,-616.0,0.0,0.0,-616.0,-616.0,-0.00020533333333333333,27062.0,0
2011-04-11,final_only,-1105.0,0.0,-1105.0,0.0,0.0,-1105.0,-1105.0,-0.00036833333333333336,26522.0,0
2011-04-12,final_only,730.0,0.0,730.0,0.0,0.0,730.0,730.0,0.00024333333333333333,19262.0,0
2011-04-13,final_only,830.0,0.0,830.0,0.0,0.0,830.0,830.0,0.00027666666666666665,19184.0,0
2011-04-14,final_only,-880.0,0.0,-880.0,0.0,0.0,-880.0,-880.0,-0.0002933333333333333,19059.0,0
2011-04-15,final_only,1039.0,0.0,1039.0,0.0,0.0,1039.0,1039.0,0.0003463333333333333,21550.0,0
2011-04-18,final_only,198.0,0.0,198.0,0.0,0.0,198.0,198.0,6.6e-05,17253.0,0
2011-04-19,final_only,-949.0,0.0,-949.0,0.0,0.0,-949.0,-949.0,-0.00031633333333333334,33638.0,0
2011-04-20,final_only,-707.0,0.0,-707.0,0.0,0.0,-707.0,-707.0,-0.00023566666666666666,41001.0,0
2011-04-21,final_only,-2399.0,0.0,-2399.0,0.0,0.0,-2399.0,-2399.0,-0.0007996666666666666,33426.0,0
2011-04-22,final_only,2428.0,0.0,2428.0,0.0,0.0,2428.0,2428.0,0.0008093333333333333,34809.0,0
2011-04-25,final_only,99.0,0.0,99.0,0.0,0.0,99.0,99.0,3.3e-05,29130.0,0
2011-04-26,final_only,3959.0,0.0,3959.0,0.0,0.0,3959.0,3959.0,0.0013196666666666667,41173.0,0
2011-04-27,final_only,955.0,0.0,955.0,0.0,0.0,955.0,955.0,0.00031833333333333334,40685.0,0
2011-04-28,final_only,1598.0,0.0,1598.0,0.0,0.0,1598.0,1598.0,0.0005326666666666666,35976.0,0
2011-04-29,final_only,-1178.0,0.0,-1178.0,0.0,0.0,-1178.0,-1178.0,-0.00039266666666666665,22676.0,0
2011-05-03,final_only,4058.0,0.0,4058.0,0.0,0.0,4058.0,4058.0,0.0013526666666666667,35398.0,0
2011-05-04,final_only,5638.0,0.0,5638.0,0.0,0.0,5638.0,5638.0,0.0018793333333333333,28246.0,0
2011-05-05,final_only,-2800.0,0.0,-2800.0,0.0,0.0,-2800.0,-2800.0,-0.0009333333333333333,27490.0,0
2011-05-06,final_only,-1960.0,0.0,-1960.0,0.0,0.0,-1960.0,-1960.0,-0.0006533333333333333,23005.0,0
2011-05-09,final_only,-1284.0,0.0,-1284.0,0.0,0.0,-1284.0,-1284.0,-0.000428,20679.0,0
2011-05-10,final_only,-193.0,0.0,-193.0,0.0,0.0,-193.0,-193.0,-6.433333333333333e-05,29071.0,0
2011-05-11,final_only,4451.0,0.0,4451.0,0.0,0.0,4451.0,4451.0,0.0014836666666666668,42265.0,0
2011-05-12,final_only,-891.0,0.0,-891.0,0.0,0.0,-891.0,-891.0,-0.000297,31014.0,0
2011-05-13,final_only,1158.0,0.0,1158.0,0.0,0.0,1158.0,1158.0,0.000386,22536.0,0
2011-05-16,final_only,-753.0,0.0,-753.0,0.0,0.0,-753.0,-753.0,-0.000251,29118.0,0
2011-05-17,final_only,103.0,0.0,103.0,0.0,0.0,103.0,103.0,3.433333333333333e-05,33952.0,0
2011-05-18,final_only,-86.0,0.0,-86.0,0.0,0.0,-86.0,-86.0,-2.8666666666666668e-05,34681.0,0
2011-05-19,final_only,-382.0,0.0,-382.0,0.0,0.0,-382.0,-382.0,-0.00012733333333333333,23248.0,0
2011-05-20,final_only,322.0,0.0,322.0,0.0,0.0,322.0,322.0,0.00010733333333333333,21002.0,0
2011-05-23,final_only,-63.0,0.0,-63.0,0.0,0.0,-63.0,-63.0,-2.1e-05,32150.0,0
2011-05-24,final_only,-491.0,0.0,-491.0,0.0,0.0,-491.0,-491.0,-0.00016366666666666667,29739.0,0
2011-05-25,final_only,-1670.0,0.0,-1670.0,0.0,0.0,-1670.0,-1670.0,-0.0005566666666666667,29753.0,0
2011-05-26,final_only,-297.0,0.0,-297.0,0.0,0.0,-297.0,-297.0,-9.9e-05,42839.0,0
2011-05-27,final_only,817.0,0.0,817.0,0.0,0.0,817.0,817.0,0.00027233333333333336,40655.0,0
2011-05-30,final_only,-259.0,0.0,-259.0,0.0,0.0,-259.0,-259.0,-8.633333333333334e-05,29454.0,0
2011-05-31,final_only,-110.0,0.0,-110.0,0.0,0.0,-110.0,-110.0,-3.6666666666666666e-05,29515.0,0
2011-06-01,final_only,730.0,0.0,730.0,0.0,0.0,730.0,730.0,0.00024333333333333333,29452.0,0
2011-06-02,final_only,987.0,0.0,987.0,0.0,0.0,987.0,987.0,0.000329,28717.0,0
2011-06-03,final_only,-3459.0,0.0,-3459.0,0.0,0.0,-3459.0,-3459.0,-0.001153,37169.0,0
2011-06-07,final_only,-258.0,0.0,-258.0,0.0,0.0,-258.0,-258.0,-8.6e-05,31333.0,0
2011-06-08,final_only,169.0,0.0,169.0,0.0,0.0,169.0,169.0,5.633333333333333e-05,22641.0,0
2011-06-09,final_only,-291.0,0.0,-291.0,0.0,0.0,-291.0,-291.0,-9.7e-05,23241.0,0
2011-06-10,final_only,-62.0,0.0,-62.0,0.0,0.0,-62.0,-62.0,-2.0666666666666666e-05,29844.0,0
2011-06-13,final_only,-310.0,0.0,-310.0,0.0,0.0,-310.0,-310.0,-0.00010333333333333333,29715.0,0
2011-06-14,final_only,950.0,0.0,950.0,0.0,0.0,950.0,950.0,0.00031666666666666665,29629.0,0
2011-06-15,final_only,-455.0,0.0,-455.0,0.0,0.0,-455.0,-455.0,-0.00015166666666666668,35643.0,0
2011-06-16,final_only,964.0,0.0,964.0,0.0,0.0,964.0,964.0,0.00032133333333333336,17259.0,0
2011-06-17,final_only,340.0,0.0,340.0,0.0,0.0,340.0,340.0,0.00011333333333333333,17277.0,0
2011-06-20,final_only,674.0,0.0,674.0,0.0,0.0,674.0,674.0,0.00022466666666666666,20274.0,0
2011-06-21,final_only,40.0,0.0,40.0,0.0,0.0,40.0,40.0,1.3333333333333333e-05,20362.0,0
2011-06-22,final_only,-140.0,0.0,-140.0,0.0,0.0,-140.0,-140.0,-4.6666666666666665e-05,20216.0,0
2011-06-23,final_only,-276.0,0.0,-276.0,0.0,0.0,-276.0,-276.0,-9.2e-05,16993.0,0
2011-06-24,final_only,1058.0,0.0,1058.0,0.0,0.0,1058.0,1058.0,0.00035266666666666666,22669.0,0
2011-06-27,final_only,428.0,0.0,428.0,0.0,0.0,428.0,428.0,0.00014266666666666667,16578.0,0
2011-06-28,final_only,970.0,0.0,970.0,0.0,0.0,970.0,970.0,0.00032333333333333335,16596.0,0
2011-06-29,final_only,-1310.0,0.0,-1310.0,0.0,0.0,-1310.0,-1310.0,-0.0004366666666666667,27955.0,0
2011-06-30,final_only,391.0,0.0,391.0,0.0,0.0,391.0,391.0,0.00013033333333333332,9326.0,0
2011-07-01,final_only,1200.0,0.0,1200.0,0.0,0.0,1200.0,1200.0,0.0004,9282.0,0
2011-07-04,final_only,666.0,0.0,666.0,0.0,0.0,666.0,666.0,0.000222,23092.0,0
2011-07-05,final_only,-1145.0,0.0,-1145.0,0.0,0.0,-1145.0,-1145.0,-0.00038166666666666666,23071.0,0
2011-07-06,final_only,1742.0,0.0,1742.0,0.0,0.0,1742.0,1742.0,0.0005806666666666666,36836.0,0
2011-07-07,final_only,744.0,0.0,744.0,0.0,0.0,744.0,744.0,0.000248,34261.0,0
2011-07-08,final_only,4586.0,0.0,4586.0,0.0,0.0,4586.0,4586.0,0.0015286666666666667,29581.0,0
2011-07-11,final_only,3445.0,0.0,3445.0,0.0,0.0,3445.0,3445.0,0.0011483333333333332,29170.0,0
2011-07-12,final_only,770.0,0.0,770.0,0.0,0.0,770.0,770.0,0.00025666666666666665,28718.0,0
2011-07-13,final_only,-381.0,0.0,-381.0,0.0,0.0,-381.0,-381.0,-0.000127,20150.0,0
2011-07-14,final_only,64.0,0.0,64.0,0.0,0.0,64.0,64.0,2.1333333333333335e-05,29075.0,0
2011-07-15,final_only,-615.0,0.0,-615.0,0.0,0.0,-615.0,-615.0,-0.000205,28918.0,0
2011-07-18,final_only,689.0,0.0,689.0,0.0,0.0,689.0,689.0,0.00022966666666666667,25881.0,0
2011-07-19,final_only,357.0,0.0,357.0,0.0,0.0,357.0,357.0,0.000119,34165.0,0
2011-07-20,final_only,-66.0,0.0,-66.0,0.0,0.0,-66.0,-66.0,-2.2e-05,23118.0,0
2011-07-21,final_only,-275.0,0.0,-275.0,0.0,0.0,-275.0,-275.0,-9.166666666666667e-05,23131.0,0
2011-07-22,final_only,-1199.0,0.0,-1199.0,0.0,0.0,-1199.0,-1199.0,-0.00039966666666666666,32728.0,0
2011-07-25,final_only,1005.0,0.0,1005.0,0.0,0.0,1005.0,1005.0,0.000335,20156.0,0
2011-07-26,final_only,-1348.0,0.0,-1348.0,0.0,0.0,-1348.0,-1348.0,-0.0004493333333333333,34259.0,0
2011-07-27,final_only,22.0,0.0,22.0,0.0,0.0,22.0,22.0,7.333333333333333e-06,31644.0,0
2011-07-28,final_only,-646.0,0.0,-646.0,0.0,0.0,-646.0,-646.0,-0.00021533333333333333,26197.0,0
2011-07-29,final_only,1179.0,0.0,1179.0,0.0,0.0,1179.0,1179.0,0.000393,29252.0,0
2011-08-01,final_only,-534.0,0.0,-534.0,0.0,0.0,-534.0,-534.0,-0.000178,25102.0,0
2011-08-02,final_only,226.0,0.0,226.0,0.0,0.0,226.0,226.0,7.533333333333334e-05,30828.0,0
2011-08-03,final_only,1190.0,0.0,1190.0,0.0,0.0,1190.0,1190.0,0.00039666666666666664,21232.0,0
2011-08-04,final_only,-3894.0,0.0,-3894.0,0.0,0.0,-3894.0,-3894.0,-0.001298,26635.0,0
2011-08-05,final_only,2550.0,0.0,2550.0,0.0,0.0,2550.0,2550.0,0.00085,32295.0,0
2011-08-08,final_only,2162.0,0.0,2162.0,0.0,0.0,2162.0,2162.0,0.0007206666666666667,34814.0,0
2011-08-09,final_only,-5.0,0.0,-5.0,0.0,0.0,-5.0,-5.0,-1.6666666666666667e-06,34417.0,0
2011-08-10,final_only,643.0,0.0,643.0,0.0,0.0,643.0,643.0,0.00021433333333333333,31737.0,0
2011-08-11,final_only,-269.0,0.0,-269.0,0.0,0.0,-269.0,-269.0,-8.966666666666667e-05,22335.0,0
2011-08-12,final_only,-1105.0,0.0,-1105.0,0.0,0.0,-1105.0,-1105.0,-0.00036833333333333336,22380.0,0
2011-08-15,final_only,1109.0,0.0,1109.0,0.0,0.0,1109.0,1109.0,0.0003696666666666667,32155.0,0
2011-08-16,final_only,74.0,0.0,74.0,0.0,0.0,74.0,74.0,2.4666666666666665e-05,22241.0,0
2011-08-17,final_only,-641.0,0.0,-641.0,0.0,0.0,-641.0,-641.0,-0.00021366666666666667,20988.0,0
2011-08-18,final_only,239.0,0.0,239.0,0.0,0.0,239.0,239.0,7.966666666666666e-05,29578.0,0
2011-08-19,final_only,775.0,0.0,775.0,0.0,0.0,775.0,775.0,0.00025833333333333334,23320.0,0
2011-08-22,final_only,-716.0,0.0,-716.0,0.0,0.0,-716.0,-716.0,-0.00023866666666666668,16953.0,0
2011-08-23,final_only,-2016.0,0.0,-2016.0,0.0,0.0,-2016.0,-2016.0,-0.000672,27523.0,0
2011-08-24,final_only,-1822.0,0.0,-1822.0,0.0,0.0,-1822.0,-1822.0,-0.0006073333333333333,40369.0,0
2011-08-25,final_only,928.0,0.0,928.0,0.0,0.0,928.0,928.0,0.00030933333333333334,27534.0,0
2011-08-26,final_only,-277.0,0.0,-277.0,0.0,0.0,-277.0,-277.0,-9.233333333333333e-05,23656.0,0
2011-08-29,final_only,-583.0,0.0,-583.0,0.0,0.0,-583.0,-583.0,-0.00019433333333333333,37943.0,0
2011-08-30,final_only,898.0,0.0,898.0,0.0,0.0,898.0,898.0,0.0002993333333333333,42889.0,0
2011-08-31,final_only,0.0,0.0,0.0,0.0,0.0,0.0,0.0,0.0,39600.0,0
2011-09-01,final_only,1080.0,0.0,1080.0,0.0,0.0,1080.0,1080.0,0.00036,39721.0,0
2011-09-02,final_only,788.0,0.0,788.0,0.0,0.0,788.0,788.0,0.0002626666666666667,28079.0,0
2011-09-05,final_only,-482.0,0.0,-482.0,0.0,0.0,-482.0,-482.0,-0.00016066666666666668,33041.0,0
2011-09-06,final_only,1140.0,0.0,1140.0,0.0,0.0,1140.0,1140.0,0.00038,36270.0,0
2011-09-07,final_only,-1663.0,0.0,-1663.0,0.0,0.0,-1663.0,-1663.0,-0.0005543333333333333,34428.0,0
2011-09-08,final_only,437.0,0.0,437.0,0.0,0.0,437.0,437.0,0.00014566666666666667,36528.0,0
2011-09-09,final_only,-1670.0,0.0,-1670.0,0.0,0.0,-1670.0,-1670.0,-0.0005566666666666667,36513.0,0
2011-09-13,final_only,1641.0,0.0,1641.0,0.0,0.0,1641.0,1641.0,0.000547,24411.0,0
2011-09-14,final_only,-270.0,0.0,-270.0,0.0,0.0,-270.0,-270.0,-9e-05,24074.0,0
2011-09-15,final_only,-1590.0,0.0,-1590.0,0.0,0.0,-1590.0,-1590.0,-0.00053,24120.0,0
2011-09-16,final_only,1870.0,0.0,1870.0,0.0,0.0,1870.0,1870.0,0.0006233333333333334,24034.0,0
2011-09-19,final_only,420.0,0.0,420.0,0.0,0.0,420.0,420.0,0.00014,23086.0,0
2011-09-20,final_only,-228.0,0.0,-228.0,0.0,0.0,-228.0,-228.0,-7.6e-05,24938.0,0
2011-09-21,final_only,624.0,0.0,624.0,0.0,0.0,624.0,624.0,0.000208,6745.0,0
2011-09-22,final_only,1404.0,0.0,1404.0,0.0,0.0,1404.0,1404.0,0.000468,14369.0,0
2011-09-23,final_only,-3505.0,0.0,-3505.0,0.0,0.0,-3505.0,-3505.0,-0.0011683333333333333,30544.0,0
2011-09-26,final_only,825.0,0.0,825.0,0.0,0.0,825.0,825.0,0.000275,22361.0,0
2011-09-27,final_only,-551.0,0.0,-551.0,0.0,0.0,-551.0,-551.0,-0.00018366666666666667,68142.0,0
2011-09-28,final_only,1314.0,0.0,1314.0,0.0,0.0,1314.0,1314.0,0.000438,38103.0,0
2011-09-29,final_only,-291.0,0.0,-291.0,0.0,0.0,-291.0,-291.0,-9.7e-05,37154.0,0
2011-09-30,final_only,1213.0,0.0,1213.0,0.0,0.0,1213.0,1213.0,0.0004043333333333333,31525.0,0
2011-10-10,final_only,37.0,0.0,37.0,0.0,0.0,37.0,37.0,1.2333333333333333e-05,29872.0,0
2011-10-11,final_only,-178.0,0.0,-178.0,0.0,0.0,-178.0,-178.0,-5.933333333333334e-05,28446.0,0
2011-10-12,final_only,-1162.0,0.0,-1162.0,0.0,0.0,-1162.0,-1162.0,-0.00038733333333333333,26340.0,0
2011-10-13,final_only,1030.0,0.0,1030.0,0.0,0.0,1030.0,1030.0,0.00034333333333333335,26126.0,0
2011-10-14,final_only,1430.0,0.0,1430.0,0.0,0.0,1430.0,1430.0,0.0004766666666666667,14483.0,0
2011-10-17,final_only,269.0,0.0,269.0,0.0,0.0,269.0,269.0,8.966666666666667e-05,11827.0,0
2011-10-18,final_only,586.0,0.0,586.0,0.0,0.0,586.0,586.0,0.00019533333333333333,23628.0,0
2011-10-19,final_only,495.0,0.0,495.0,0.0,0.0,495.0,495.0,0.000165,18912.0,0
2011-10-20,final_only,-16.0,0.0,-16.0,0.0,0.0,-16.0,-16.0,-5.333333333333334e-06,25642.0,0
2011-10-21,final_only,-1540.0,0.0,-1540.0,0.0,0.0,-1540.0,-1540.0,-0.0005133333333333333,27757.0,0
2011-10-24,final_only,193.0,0.0,193.0,0.0,0.0,193.0,193.0,6.433333333333333e-05,31029.0,0
2011-10-25,final_only,1952.0,0.0,1952.0,0.0,0.0,1952.0,1952.0,0.0006506666666666667,67275.0,0
2011-10-26,final_only,3996.0,0.0,3996.0,0.0,0.0,3996.0,3996.0,0.001332,72517.0,0
2011-10-27,final_only,5301.0,0.0,5301.0,0.0,0.0,5301.0,5301.0,0.001767,61795.0,0
2011-10-28,final_only,0.0,0.0,0.0,0.0,0.0,0.0,0.0,0.0,0.0,0
2011-10-31,final_only,-1870.0,0.0,-1870.0,0.0,0.0,-1870.0,-1870.0,-0.0006233333333333334,58611.0,0
2011-11-01,final_only,3036.0,0.0,3036.0,0.0,0.0,3036.0,3036.0,0.001012,67083.0,0
2011-11-02,final_only,0.0,0.0,0.0,0.0,0.0,0.0,0.0,0.0,0.0,0
2011-11-03,final_only,0.0,0.0,0.0,0.0,0.0,0.0,0.0,0.0,0.0,0
2011-11-04,final_only,0.0,0.0,0.0,0.0,0.0,0.0,0.0,0.0,0.0,0
2011-11-07,final_only,0.0,0.0,0.0,0.0,0.0,0.0,0.0,0.0,0.0,0
2011-11-08,final_only,0.0,0.0,0.0,0.0,0.0,0.0,0.0,0.0,0.0,0
2011-11-09,final_only,0.0,0.0,0.0,0.0,0.0,0.0,0.0,0.0,0.0,0
2011-11-10,final_only,0.0,0.0,0.0,0.0,0.0,0.0,0.0,0.0,0.0,0
2011-11-11,final_only,0.0,0.0,0.0,0.0,0.0,0.0,0.0,0.0,0.0,0
2011-11-14,final_only,0.0,0.0,0.0,0.0,0.0,0.0,0.0,0.0,0.0,0
2011-11-15,final_only,0.0,0.0,0.0,0.0,0.0,0.0,0.0,0.0,0.0,0
2011-11-16,final_only,0.0,0.0,0.0,0.0,0.0,0.0,0.0,0.0,0.0,0
2011-11-17,final_only,0.0,0.0,0.0,0.0,0.0,0.0,0.0,0.0,0.0,0
2011-11-18,final_only,0.0,0.0,0.0,0.0,0.0,0.0,0.0,0.0,0.0,0
2011-11-21,final_only,0.0,0.0,0.0,0.0,0.0,0.0,0.0,0.0,0.0,0
2011-11-22,final_only,0.0,0.0,0.0,0.0,0.0,0.0,0.0,0.0,0.0,0
2011-11-23,final_only,0.0,0.0,0.0,0.0,0.0,0.0,0.0,0.0,0.0,0
2011-11-24,final_only,0.0,0.0,0.0,0.0,0.0,0.0,0.0,0.0,0.0,0
2011-11-25,final_only,1108.0,0.0,1108.0,0.0,0.0,1108.0,1108.0,0.00036933333333333333,40288.0,0
2011-11-28,final_only,0.0,0.0,0.0,0.0,0.0,0.0,0.0,0.0,0.0,0
2011-11-29,final_only,968.0,0.0,968.0,0.0,0.0,968.0,968.0,0.0003226666666666667,42142.0,0
2011-11-30,final_only,-49.0,0.0,-49.0,0.0,0.0,-49.0,-49.0,-1.633333333333333e-05,29698.0,0
2011-12-01,final_only,361.0,0.0,361.0,0.0,0.0,361.0,361.0,0.00012033333333333334,21966.0,0
2011-12-02,final_only,-730.0,0.0,-730.0,0.0,0.0,-730.0,-730.0,-0.00024333333333333333,21918.0,0
2011-12-05,final_only,92.0,0.0,92.0,0.0,0.0,92.0,92.0,3.066666666666667e-05,29005.0,0
2011-12-06,final_only,843.0,0.0,843.0,0.0,0.0,843.0,843.0,0.000281,22500.0,0
2011-12-07,final_only,198.0,0.0,198.0,0.0,0.0,198.0,198.0,6.6e-05,29060.0,0
2011-12-08,final_only,-359.0,0.0,-359.0,0.0,0.0,-359.0,-359.0,-0.00011966666666666667,18167.0,0
2011-12-09,final_only,1951.0,0.0,1951.0,0.0,0.0,1951.0,1951.0,0.0006503333333333334,32793.0,0
2011-12-12,final_only,-672.0,0.0,-672.0,0.0,0.0,-672.0,-672.0,-0.000224,20328.0,0
2011-12-13,final_only,-2085.0,0.0,-2085.0,0.0,0.0,-2085.0,-2085.0,-0.000695,20114.0,0
2011-12-14,final_only,754.0,0.0,754.0,0.0,0.0,754.0,754.0,0.00025133333333333333,22110.0,0
2011-12-15,final_only,-1245.0,0.0,-1245.0,0.0,0.0,-1245.0,-1245.0,-0.000415,21973.0,0
2011-12-16,final_only,-688.0,0.0,-688.0,0.0,0.0,-688.0,-688.0,-0.00022933333333333334,34497.0,0
2011-12-19,final_only,417.0,0.0,417.0,0.0,0.0,417.0,417.0,0.000139,22028.0,0
2011-12-20,final_only,-54.0,0.0,-54.0,0.0,0.0,-54.0,-54.0,-1.8e-05,34421.0,0
2011-12-21,final_only,-613.0,0.0,-613.0,0.0,0.0,-613.0,-613.0,-0.00020433333333333333,21012.0,0
2011-12-22,final_only,-475.0,0.0,-475.0,0.0,0.0,-475.0,-475.0,-0.00015833333333333332,28206.0,0
2011-12-23,final_only,315.0,0.0,315.0,0.0,0.0,315.0,315.0,0.000105,21109.0,0
2011-12-26,final_only,-8.0,0.0,-8.0,0.0,0.0,-8.0,-8.0,-2.666666666666667e-06,32010.0,0
2011-12-27,final_only,365.0,0.0,365.0,0.0,0.0,365.0,365.0,0.00012166666666666667,32139.0,0
2011-12-28,final_only,1360.0,0.0,1360.0,0.0,0.0,1360.0,1360.0,0.0004533333333333333,32168.0,0
2011-12-29,final_only,-575.0,0.0,-575.0,0.0,0.0,-575.0,-575.0,-0.00019166666666666667,31991.0,0
2011-12-30,final_only,-186.0,0.0,-186.0,0.0,0.0,-186.0,-186.0,-6.2e-05,22186.0,0
2012-01-04,final_only,-7480.0,0.0,-7480.0,0.0,0.0,-7480.0,-7480.0,-0.0024933333333333335,54130.0,0
2012-01-05,final_only,0.0,0.0,0.0,0.0,0.0,0.0,0.0,0.0,0.0,0
2012-01-06,final_only,0.0,0.0,0.0,0.0,0.0,0.0,0.0,0.0,0.0,0
2012-01-09,final_only,0.0,0.0,0.0,0.0,0.0,0.0,0.0,0.0,0.0,0
2012-01-10,final_only,0.0,0.0,0.0,0.0,0.0,0.0,0.0,0.0,0.0,0
2012-01-11,final_only,0.0,0.0,0.0,0.0,0.0,0.0,0.0,0.0,0.0,0
2012-01-12,final_only,0.0,0.0,0.0,0.0,0.0,0.0,0.0,0.0,0.0,0
2012-01-13,final_only,0.0,0.0,0.0,0.0,0.0,0.0,0.0,0.0,0.0,0
2012-01-16,final_only,0.0,0.0,0.0,0.0,0.0,0.0,0.0,0.0,0.0,0
2012-01-17,final_only,0.0,0.0,0.0,0.0,0.0,0.0,0.0,0.0,0.0,0
2012-01-18,final_only,0.0,0.0,0.0,0.0,0.0,0.0,0.0,0.0,0.0,0
2012-01-19,final_only,0.0,0.0,0.0,0.0,0.0,0.0,0.0,0.0,0.0,0
2012-01-20,final_only,0.0,0.0,0.0,0.0,0.0,0.0,0.0,0.0,0.0,0
2012-01-30,final_only,0.0,0.0,0.0,0.0,0.0,0.0,0.0,0.0,0.0,0
2012-01-31,final_only,0.0,0.0,0.0,0.0,0.0,0.0,0.0,0.0,0.0,0
2012-02-01,final_only,0.0,0.0,0.0,0.0,0.0,0.0,0.0,0.0,0.0,0
2012-02-02,final_only,0.0,0.0,0.0,0.0,0.0,0.0,0.0,0.0,0.0,0
2012-02-03,final_only,0.0,0.0,0.0,0.0,0.0,0.0,0.0,0.0,0.0,0
2012-02-06,final_only,0.0,0.0,0.0,0.0,0.0,0.0,0.0,0.0,0.0,0
2012-02-07,final_only,0.0,0.0,0.0,0.0,0.0,0.0,0.0,0.0,0.0,0
2012-02-08,final_only,0.0,0.0,0.0,0.0,0.0,0.0,0.0,0.0,0.0,0
2012-02-09,final_only,0.0,0.0,0.0,0.0,0.0,0.0,0.0,0.0,0.0,0
2012-02-10,final_only,0.0,0.0,0.0,0.0,0.0,0.0,0.0,0.0,0.0,0
2012-02-13,final_only,0.0,0.0,0.0,0.0,0.0,0.0,0.0,0.0,0.0,0
2012-02-14,final_only,0.0,0.0,0.0,0.0,0.0,0.0,0.0,0.0,0.0,0
2012-02-15,final_only,0.0,0.0,0.0,0.0,0.0,0.0,0.0,0.0,0.0,0
2012-02-16,final_only,0.0,0.0,0.0,0.0,0.0,0.0,0.0,0.0,0.0,0
2012-02-17,final_only,0.0,0.0,0.0,0.0,0.0,0.0,0.0,0.0,0.0,0
2012-02-20,final_only,70.0,0.0,70.0,0.0,0.0,70.0,70.0,2.3333333333333332e-05,43089.0,0
2012-02-21,final_only,-270.0,0.0,-270.0,0.0,0.0,-270.0,-270.0,-9e-05,43245.0,0
2012-02-22,final_only,731.0,0.0,731.0,0.0,0.0,731.0,731.0,0.00024366666666666666,36748.0,0
2012-02-23,final_only,-269.0,0.0,-269.0,0.0,0.0,-269.0,-269.0,-8.966666666666667e-05,64010.0,0
2012-02-24,final_only,-3379.0,0.0,-3379.0,0.0,0.0,-3379.0,-3379.0,-0.0011263333333333334,76644.0,0
2012-02-27,final_only,194.0,0.0,194.0,0.0,0.0,194.0,194.0,6.466666666666666e-05,37687.0,0
2012-02-28,final_only,535.0,0.0,535.0,0.0,0.0,535.0,535.0,0.00017833333333333332,71570.0,0
2012-02-29,final_only,-3965.0,0.0,-3965.0,0.0,0.0,-3965.0,-3965.0,-0.0013216666666666667,69639.0,0
2012-03-01,final_only,1630.0,0.0,1630.0,0.0,0.0,1630.0,1630.0,0.0005433333333333334,25496.0,0
2012-03-02,final_only,-1440.0,0.0,-1440.0,0.0,0.0,-1440.0,-1440.0,-0.00048,25654.0,0
2012-03-05,final_only,344.0,0.0,344.0,0.0,0.0,344.0,344.0,0.00011466666666666667,17087.0,0
2012-03-06,final_only,2492.0,0.0,2492.0,0.0,0.0,2492.0,2492.0,0.0008306666666666666,28858.0,0
2012-03-07,final_only,-108.0,0.0,-108.0,0.0,0.0,-108.0,-108.0,-3.6e-05,16828.0,0
2012-03-08,final_only,298.0,0.0,298.0,0.0,0.0,298.0,298.0,9.933333333333334e-05,20495.0,0
2012-03-09,final_only,556.0,0.0,556.0,0.0,0.0,556.0,556.0,0.00018533333333333333,31348.0,0
2012-03-12,final_only,506.0,0.0,506.0,0.0,0.0,506.0,506.0,0.00016866666666666666,24089.0,0
2012-03-13,final_only,505.0,0.0,505.0,0.0,0.0,505.0,505.0,0.00016833333333333332,24204.0,0
2012-03-14,final_only,931.0,0.0,931.0,0.0,0.0,931.0,931.0,0.00031033333333333336,28684.0,0
2012-03-15,final_only,140.0,0.0,140.0,0.0,0.0,140.0,140.0,4.6666666666666665e-05,28720.0,0
2012-03-16,final_only,-190.0,0.0,-190.0,0.0,0.0,-190.0,-190.0,-6.333333333333333e-05,28748.0,0
2012-03-19,final_only,-1458.0,0.0,-1458.0,0.0,0.0,-1458.0,-1458.0,-0.000486,29064.0,0
2012-03-20,final_only,-370.0,0.0,-370.0,0.0,0.0,-370.0,-370.0,-0.00012333333333333334,29272.0,0
2012-03-21,final_only,-31.0,0.0,-31.0,0.0,0.0,-31.0,-31.0,-1.0333333333333333e-05,27870.0,0
2012-03-22,final_only,-460.0,0.0,-460.0,0.0,0.0,-460.0,-460.0,-0.00015333333333333334,27858.0,0
2012-03-23,final_only,688.0,0.0,688.0,0.0,0.0,688.0,688.0,0.00022933333333333334,27436.0,0
2012-03-26,final_only,-206.0,0.0,-206.0,0.0,0.0,-206.0,-206.0,-6.866666666666666e-05,43858.0,0
2012-03-27,final_only,399.0,0.0,399.0,0.0,0.0,399.0,399.0,0.000133,27439.0,0
2012-03-28,final_only,-89.0,0.0,-89.0,0.0,0.0,-89.0,-89.0,-2.966666666666667e-05,22104.0,0
2012-03-29,final_only,-61.0,0.0,-61.0,0.0,0.0,-61.0,-61.0,-2.0333333333333334e-05,16211.0,0
2012-03-30,final_only,1205.0,0.0,1205.0,0.0,0.0,1205.0,1205.0,0.00040166666666666665,16385.0,0
2012-04-05,final_only,762.0,0.0,762.0,0.0,0.0,762.0,762.0,0.000254,44544.0,0
2012-04-06,final_only,64.0,0.0,64.0,0.0,0.0,64.0,64.0,2.1333333333333335e-05,38470.0,0
2012-04-09,final_only,-293.0,0.0,-293.0,0.0,0.0,-293.0,-293.0,-9.766666666666666e-05,40842.0,0
2012-04-10,final_only,-521.0,0.0,-521.0,0.0,0.0,-521.0,-521.0,-0.00017366666666666667,38458.0,0
2012-04-11,final_only,-613.0,0.0,-613.0,0.0,0.0,-613.0,-613.0,-0.00020433333333333333,26021.0,0
2012-04-12,final_only,973.0,0.0,973.0,0.0,0.0,973.0,973.0,0.0003243333333333333,74449.0,0
2012-04-13,final_only,280.0,0.0,280.0,0.0,0.0,280.0,280.0,9.333333333333333e-05,61179.0,0
2012-04-16,final_only,1027.0,0.0,1027.0,0.0,0.0,1027.0,1027.0,0.0003423333333333333,72907.0,0
2012-04-17,final_only,-7107.0,0.0,-7107.0,0.0,0.0,-7107.0,-7107.0,-0.002369,65998.0,0
2012-04-18,final_only,0.0,0.0,0.0,0.0,0.0,0.0,0.0,0.0,0.0,0
2012-04-19,final_only,0.0,0.0,0.0,0.0,0.0,0.0,0.0,0.0,0.0,0
2012-04-20,final_only,0.0,0.0,0.0,0.0,0.0,0.0,0.0,0.0,0.0,0
2012-04-23,final_only,0.0,0.0,0.0,0.0,0.0,0.0,0.0,0.0,0.0,0
2012-04-24,final_only,0.0,0.0,0.0,0.0,0.0,0.0,0.0,0.0,0.0,0
2012-04-25,final_only,0.0,0.0,0.0,0.0,0.0,0.0,0.0,0.0,0.0,0
2012-04-26,final_only,0.0,0.0,0.0,0.0,0.0,0.0,0.0,0.0,0.0,0
2012-04-27,final_only,0.0,0.0,0.0,0.0,0.0,0.0,0.0,0.0,0.0,0
2012-05-02,final_only,0.0,0.0,0.0,0.0,0.0,0.0,0.0,0.0,0.0,0
2012-05-03,final_only,0.0,0.0,0.0,0.0,0.0,0.0,0.0,0.0,0.0,0
2012-05-04,final_only,0.0,0.0,0.0,0.0,0.0,0.0,0.0,0.0,0.0,0
2012-05-07,final_only,0.0,0.0,0.0,0.0,0.0,0.0,0.0,0.0,0.0,0
2012-05-08,final_only,0.0,0.0,0.0,0.0,0.0,0.0,0.0,0.0,0.0,0
2012-05-09,final_only,0.0,0.0,0.0,0.0,0.0,0.0,0.0,0.0,0.0,0
2012-05-10,final_only,0.0,0.0,0.0,0.0,0.0,0.0,0.0,0.0,0.0,0
2012-05-11,final_only,0.0,0.0,0.0,0.0,0.0,0.0,0.0,0.0,0.0,0
2012-05-14,final_only,0.0,0.0,0.0,0.0,0.0,0.0,0.0,0.0,0.0,0
2012-05-15,final_only,0.0,0.0,0.0,0.0,0.0,0.0,0.0,0.0,0.0,0
2012-05-16,final_only,0.0,0.0,0.0,0.0,0.0,0.0,0.0,0.0,0.0,0
2012-05-17,final_only,0.0,0.0,0.0,0.0,0.0,0.0,0.0,0.0,0.0,0
2012-05-18,final_only,-2043.0,0.0,-2043.0,0.0,0.0,-2043.0,-2043.0,-0.000681,26877.0,0
2012-05-21,final_only,393.0,0.0,393.0,0.0,0.0,393.0,393.0,0.000131,34879.0,0
2012-05-22,final_only,1882.0,0.0,1882.0,0.0,0.0,1882.0,1882.0,0.0006273333333333334,25251.0,0
2012-05-23,final_only,-725.0,0.0,-725.0,0.0,0.0,-725.0,-725.0,-0.00024166666666666667,22739.0,0
2012-05-24,final_only,-235.0,0.0,-235.0,0.0,0.0,-235.0,-235.0,-7.833333333333333e-05,29229.0,0
2012-05-25,final_only,964.0,0.0,964.0,0.0,0.0,964.0,964.0,0.00032133333333333336,25885.0,0
2012-05-28,final_only,-161.0,0.0,-161.0,0.0,0.0,-161.0,-161.0,-5.3666666666666666e-05,23329.0,0
2012-05-29,final_only,50.0,0.0,50.0,0.0,0.0,50.0,50.0,1.6666666666666667e-05,23500.0,0
2012-05-30,final_only,-946.0,0.0,-946.0,0.0,0.0,-946.0,-946.0,-0.0003153333333333333,25982.0,0
2012-05-31,final_only,1289.0,0.0,1289.0,0.0,0.0,1289.0,1289.0,0.0004296666666666667,29658.0,0
2012-06-01,final_only,831.0,0.0,831.0,0.0,0.0,831.0,831.0,0.000277,17912.0,0
2012-06-04,final_only,1136.0,0.0,1136.0,0.0,0.0,1136.0,1136.0,0.0003786666666666667,28525.0,0
2012-06-05,final_only,312.0,0.0,312.0,0.0,0.0,312.0,312.0,0.000104,12706.0,0
2012-06-06,final_only,208.0,0.0,208.0,0.0,0.0,208.0,208.0,6.933333333333333e-05,17609.0,0
2012-06-07,final_only,1435.0,0.0,1435.0,0.0,0.0,1435.0,1435.0,0.0004783333333333333,17663.0,0
2012-06-08,final_only,-344.0,0.0,-344.0,0.0,0.0,-344.0,-344.0,-0.00011466666666666667,23640.0,0
2012-06-11,final_only,1295.0,0.0,1295.0,0.0,0.0,1295.0,1295.0,0.0004316666666666667,16262.0,0
2012-06-12,final_only,-962.0,0.0,-962.0,0.0,0.0,-962.0,-962.0,-0.0003206666666666667,28602.0,0
2012-06-13,final_only,-447.0,0.0,-447.0,0.0,0.0,-447.0,-447.0,-0.000149,15932.0,0
2012-06-14,final_only,-465.0,0.0,-465.0,0.0,0.0,-465.0,-465.0,-0.000155,23687.0,0
2012-06-15,final_only,125.0,0.0,125.0,0.0,0.0,125.0,125.0,4.1666666666666665e-05,23886.0,0
2012-06-18,final_only,1800.0,0.0,1800.0,0.0,0.0,1800.0,1800.0,0.0006,23873.0,0
2012-06-19,final_only,171.0,0.0,171.0,0.0,0.0,171.0,171.0,5.7e-05,20222.0,0
2012-06-20,final_only,1061.0,0.0,1061.0,0.0,0.0,1061.0,1061.0,0.0003536666666666667,16386.0,0
2012-06-21,final_only,942.0,0.0,942.0,0.0,0.0,942.0,942.0,0.000314,17667.0,0
2012-06-25,final_only,2866.0,0.0,2866.0,0.0,0.0,2866.0,2866.0,0.0009553333333333333,60180.0,0
2012-06-26,final_only,-107.0,0.0,-107.0,0.0,0.0,-107.0,-107.0,-3.566666666666667e-05,17385.0,0
2012-06-27,final_only,-1820.0,0.0,-1820.0,0.0,0.0,-1820.0,-1820.0,-0.0006066666666666667,17333.0,0
2012-06-28,final_only,-446.0,0.0,-446.0,0.0,0.0,-446.0,-446.0,-0.00014866666666666666,45990.0,0
2012-06-29,final_only,-5030.0,0.0,-5030.0,0.0,0.0,-5030.0,-5030.0,-0.0016766666666666666,46202.0,0
2012-07-02,final_only,-494.0,0.0,-494.0,0.0,0.0,-494.0,-494.0,-0.00016466666666666667,22465.0,0
2012-07-03,final_only,82.0,0.0,82.0,0.0,0.0,82.0,82.0,2.7333333333333335e-05,29037.0,0
2012-07-04,final_only,552.0,0.0,552.0,0.0,0.0,552.0,552.0,0.000184,22784.0,0
2012-07-05,final_only,335.0,0.0,335.0,0.0,0.0,335.0,335.0,0.00011166666666666667,22931.0,0
2012-07-06,final_only,2100.0,0.0,2100.0,0.0,0.0,2100.0,2100.0,0.0007,22839.0,0
2012-07-09,final_only,687.0,0.0,687.0,0.0,0.0,687.0,687.0,0.000229,9694.0,0
2012-07-10,final_only,-150.0,0.0,-150.0,0.0,0.0,-150.0,-150.0,-5e-05,9600.0,0
2012-07-11,final_only,-440.0,0.0,-440.0,0.0,0.0,-440.0,-440.0,-0.00014666666666666666,9551.0,0
2012-07-12,final_only,731.0,0.0,731.0,0.0,0.0,731.0,731.0,0.00024366666666666666,21012.0,0
2012-07-13,final_only,2463.0,0.0,2463.0,0.0,0.0,2463.0,2463.0,0.000821,48999.0,0
2012-07-16,final_only,-3250.0,0.0,-3250.0,0.0,0.0,-3250.0,-3250.0,-0.0010833333333333333,49216.0,0
2012-07-17,final_only,0.0,0.0,0.0,0.0,0.0,0.0,0.0,0.0,0.0,0
2012-07-18,final_only,0.0,0.0,0.0,0.0,0.0,0.0,0.0,0.0,0.0,0
2012-07-19,final_only,0.0,0.0,0.0,0.0,0.0,0.0,0.0,0.0,0.0,0
2012-07-20,final_only,0.0,0.0,0.0,0.0,0.0,0.0,0.0,0.0,0.0,0
2012-07-23,final_only,0.0,0.0,0.0,0.0,0.0,0.0,0.0,0.0,0.0,0
2012-07-24,final_only,0.0,0.0,0.0,0.0,0.0,0.0,0.0,0.0,0.0,0
2012-07-25,final_only,0.0,0.0,0.0,0.0,0.0,0.0,0.0,0.0,0.0,0
2012-07-26,final_only,0.0,0.0,0.0,0.0,0.0,0.0,0.0,0.0,0.0,0
2012-07-27,final_only,0.0,0.0,0.0,0.0,0.0,0.0,0.0,0.0,0.0,0
2012-07-30,final_only,-343.0,0.0,-343.0,0.0,0.0,-343.0,-343.0,-0.00011433333333333334,8009.0,0
2012-07-31,final_only,-841.0,0.0,-841.0,0.0,0.0,-841.0,-841.0,-0.00028033333333333333,13243.0,0
2012-08-01,final_only,686.0,0.0,686.0,0.0,0.0,686.0,686.0,0.00022866666666666668,17702.0,0
2012-08-02,final_only,-671.0,0.0,-671.0,0.0,0.0,-671.0,-671.0,-0.00022366666666666666,14925.0,0
2012-08-03,final_only,-920.0,0.0,-920.0,0.0,0.0,-920.0,-920.0,-0.0003066666666666667,14932.0,0
2012-08-06,final_only,402.0,0.0,402.0,0.0,0.0,402.0,402.0,0.000134,26224.0,0
2012-08-07,final_only,-906.0,0.0,-906.0,0.0,0.0,-906.0,-906.0,-0.000302,21492.0,0
2012-08-08,final_only,-2317.0,0.0,-2317.0,0.0,0.0,-2317.0,-2317.0,-0.0007723333333333333,73386.0,0
2012-08-09,final_only,1290.0,0.0,1290.0,0.0,0.0,1290.0,1290.0,0.00043,74288.0,0
2012-08-10,final_only,2344.0,0.0,2344.0,0.0,0.0,2344.0,2344.0,0.0007813333333333333,78828.0,0
2012-08-13,final_only,7668.0,0.0,7668.0,0.0,0.0,7668.0,7668.0,0.002556,76345.0,0
2012-08-14,final_only,0.0,0.0,0.0,0.0,0.0,0.0,0.0,0.0,0.0,0
2012-08-15,final_only,0.0,0.0,0.0,0.0,0.0,0.0,0.0,0.0,0.0,0
2012-08-16,final_only,0.0,0.0,0.0,0.0,0.0,0.0,0.0,0.0,0.0,0
2012-08-17,final_only,0.0,0.0,0.0,0.0,0.0,0.0,0.0,0.0,0.0,0
2012-08-20,final_only,0.0,0.0,0.0,0.0,0.0,0.0,0.0,0.0,0.0,0
2012-08-21,final_only,0.0,0.0,0.0,0.0,0.0,0.0,0.0,0.0,0.0,0
2012-08-22,final_only,0.0,0.0,0.0,0.0,0.0,0.0,0.0,0.0,0.0,0
2012-08-23,final_only,0.0,0.0,0.0,0.0,0.0,0.0,0.0,0.0,0.0,0
2012-08-24,final_only,0.0,0.0,0.0,0.0,0.0,0.0,0.0,0.0,0.0,0
2012-08-27,final_only,0.0,0.0,0.0,0.0,0.0,0.0,0.0,0.0,0.0,0
2012-08-28,final_only,0.0,0.0,0.0,0.0,0.0,0.0,0.0,0.0,0.0,0
2012-08-29,final_only,0.0,0.0,0.0,0.0,0.0,0.0,0.0,0.0,0.0,0
2012-08-30,final_only,0.0,0.0,0.0,0.0,0.0,0.0,0.0,0.0,0.0,0
2012-08-31,final_only,0.0,0.0,0.0,0.0,0.0,0.0,0.0,0.0,0.0,0
2012-09-03,final_only,0.0,0.0,0.0,0.0,0.0,0.0,0.0,0.0,0.0,0
2012-09-04,final_only,0.0,0.0,0.0,0.0,0.0,0.0,0.0,0.0,0.0,0
2012-09-05,final_only,0.0,0.0,0.0,0.0,0.0,0.0,0.0,0.0,0.0,0
2012-09-06,final_only,0.0,0.0,0.0,0.0,0.0,0.0,0.0,0.0,0.0,0
2012-09-07,final_only,0.0,0.0,0.0,0.0,0.0,0.0,0.0,0.0,0.0,0
2012-09-10,final_only,0.0,0.0,0.0,0.0,0.0,0.0,0.0,0.0,0.0,0
2012-09-11,final_only,0.0,0.0,0.0,0.0,0.0,0.0,0.0,0.0,0.0,0
2012-09-12,final_only,0.0,0.0,0.0,0.0,0.0,0.0,0.0,0.0,0.0,0
2012-09-13,final_only,0.0,0.0,0.0,0.0,0.0,0.0,0.0,0.0,0.0,0
2012-09-14,final_only,0.0,0.0,0.0,0.0,0.0,0.0,0.0,0.0,0.0,0
2012-09-17,final_only,0.0,0.0,0.0,0.0,0.0,0.0,0.0,0.0,0.0,0
2012-09-18,final_only,0.0,0.0,0.0,0.0,0.0,0.0,0.0,0.0,0.0,0
2012-09-19,final_only,0.0,0.0,0.0,0.0,0.0,0.0,0.0,0.0,0.0,0
2012-09-20,final_only,0.0,0.0,0.0,0.0,0.0,0.0,0.0,0.0,0.0,0
2012-09-21,final_only,0.0,0.0,0.0,0.0,0.0,0.0,0.0,0.0,0.0,0
2012-09-24,final_only,0.0,0.0,0.0,0.0,0.0,0.0,0.0,0.0,0.0,0
2012-09-25,final_only,0.0,0.0,0.0,0.0,0.0,0.0,0.0,0.0,0.0,0
2012-09-26,final_only,0.0,0.0,0.0,0.0,0.0,0.0,0.0,0.0,0.0,0
2012-09-27,final_only,0.0,0.0,0.0,0.0,0.0,0.0,0.0,0.0,0.0,0
2012-09-28,final_only,0.0,0.0,0.0,0.0,0.0,0.0,0.0,0.0,0.0,0
2012-10-08,final_only,0.0,0.0,0.0,0.0,0.0,0.0,0.0,0.0,0.0,0
2012-10-09,final_only,0.0,0.0,0.0,0.0,0.0,0.0,0.0,0.0,0.0,0
2012-10-10,final_only,0.0,0.0,0.0,0.0,0.0,0.0,0.0,0.0,0.0,0
2012-10-11,final_only,0.0,0.0,0.0,0.0,0.0,0.0,0.0,0.0,0.0,0
2012-10-12,final_only,0.0,0.0,0.0,0.0,0.0,0.0,0.0,0.0,0.0,0
2012-10-15,final_only,0.0,0.0,0.0,0.0,0.0,0.0,0.0,0.0,0.0,0
2012-10-16,final_only,0.0,0.0,0.0,0.0,0.0,0.0,0.0,0.0,0.0,0
2012-10-17,final_only,0.0,0.0,0.0,0.0,0.0,0.0,0.0,0.0,0.0,0
2012-10-18,final_only,0.0,0.0,0.0,0.0,0.0,0.0,0.0,0.0,0.0,0
2012-10-19,final_only,0.0,0.0,0.0,0.0,0.0,0.0,0.0,0.0,0.0,0
2012-10-22,final_only,0.0,0.0,0.0,0.0,0.0,0.0,0.0,0.0,0.0,0
2012-10-23,final_only,0.0,0.0,0.0,0.0,0.0,0.0,0.0,0.0,0.0,0
2012-10-24,final_only,0.0,0.0,0.0,0.0,0.0,0.0,0.0,0.0,0.0,0
2012-10-25,final_only,0.0,0.0,0.0,0.0,0.0,0.0,0.0,0.0,0.0,0
2012-10-26,final_only,0.0,0.0,0.0,0.0,0.0,0.0,0.0,0.0,0.0,0
2012-10-29,final_only,0.0,0.0,0.0,0.0,0.0,0.0,0.0,0.0,0.0,0
2012-10-30,final_only,0.0,0.0,0.0,0.0,0.0,0.0,0.0,0.0,0.0,0
2012-10-31,final_only,0.0,0.0,0.0,0.0,0.0,0.0,0.0,0.0,0.0,0
2012-11-01,final_only,0.0,0.0,0.0,0.0,0.0,0.0,0.0,0.0,0.0,0
2012-11-02,final_only,0.0,0.0,0.0,0.0,0.0,0.0,0.0,0.0,0.0,0
2012-11-05,final_only,0.0,0.0,0.0,0.0,0.0,0.0,0.0,0.0,0.0,0
2012-11-06,final_only,0.0,0.0,0.0,0.0,0.0,0.0,0.0,0.0,0.0,0
2012-11-07,final_only,0.0,0.0,0.0,0.0,0.0,0.0,0.0,0.0,0.0,0
2012-11-08,final_only,0.0,0.0,0.0,0.0,0.0,0.0,0.0,0.0,0.0,0
2012-11-09,final_only,0.0,0.0,0.0,0.0,0.0,0.0,0.0,0.0,0.0,0
2012-11-12,final_only,0.0,0.0,0.0,0.0,0.0,0.0,0.0,0.0,0.0,0
2012-11-13,final_only,0.0,0.0,0.0,0.0,0.0,0.0,0.0,0.0,0.0,0
2012-11-14,final_only,0.0,0.0,0.0,0.0,0.0,0.0,0.0,0.0,0.0,0
2012-11-15,final_only,0.0,0.0,0.0,0.0,0.0,0.0,0.0,0.0,0.0,0
2012-11-16,final_only,0.0,0.0,0.0,0.0,0.0,0.0,0.0,0.0,0.0,0
2012-11-19,final_only,0.0,0.0,0.0,0.0,0.0,0.0,0.0,0.0,0.0,0
2012-11-20,final_only,-1499.0,0.0,-1499.0,0.0,0.0,-1499.0,-1499.0,-0.0004996666666666667,61113.0,0
2012-11-21,final_only,243.0,0.0,243.0,0.0,0.0,243.0,243.0,8.1e-05,25773.0,0
2012-11-22,final_only,-482.0,0.0,-482.0,0.0,0.0,-482.0,-482.0,-0.00016066666666666668,13836.0,0
2012-11-23,final_only,1025.0,0.0,1025.0,0.0,0.0,1025.0,1025.0,0.00034166666666666666,52515.0,0
2012-11-26,final_only,-228.0,0.0,-228.0,0.0,0.0,-228.0,-228.0,-7.6e-05,43161.0,0
2012-11-27,final_only,-909.0,0.0,-909.0,0.0,0.0,-909.0,-909.0,-0.000303,34570.0,0
2012-11-28,final_only,-400.0,0.0,-400.0,0.0,0.0,-400.0,-400.0,-0.00013333333333333334,21238.0,0
2012-11-29,final_only,-450.0,0.0,-450.0,0.0,0.0,-450.0,-450.0,-0.00015,27704.0,0
2012-11-30,final_only,-3956.0,0.0,-3956.0,0.0,0.0,-3956.0,-3956.0,-0.0013186666666666668,65883.0,0
2012-12-03,final_only,612.0,0.0,612.0,0.0,0.0,612.0,612.0,0.000204,22240.0,0
2012-12-04,final_only,91.0,0.0,91.0,0.0,0.0,91.0,91.0,3.0333333333333333e-05,17883.0,0
2012-12-05,final_only,990.0,0.0,990.0,0.0,0.0,990.0,990.0,0.00033,17988.0,0
2012-12-06,final_only,1378.0,0.0,1378.0,0.0,0.0,1378.0,1378.0,0.00045933333333333335,30309.0,0
2012-12-07,final_only,-48.0,0.0,-48.0,0.0,0.0,-48.0,-48.0,-1.6e-05,18137.0,0
2012-12-10,final_only,-395.0,0.0,-395.0,0.0,0.0,-395.0,-395.0,-0.00013166666666666668,18233.0,0
2012-12-11,final_only,-1035.0,0.0,-1035.0,0.0,0.0,-1035.0,-1035.0,-0.000345,58434.0,0
2012-12-12,final_only,-858.0,0.0,-858.0,0.0,0.0,-858.0,-858.0,-0.000286,16317.0,0
2012-12-13,final_only,-41.0,0.0,-41.0,0.0,0.0,-41.0,-41.0,-1.3666666666666667e-05,55760.0,0
2012-12-14,final_only,1067.0,0.0,1067.0,0.0,0.0,1067.0,1067.0,0.0003556666666666667,51121.0,0
2012-12-17,final_only,-1644.0,0.0,-1644.0,0.0,0.0,-1644.0,-1644.0,-0.000548,43970.0,0
2012-12-18,final_only,2282.0,0.0,2282.0,0.0,0.0,2282.0,2282.0,0.0007606666666666667,57425.0,0
2012-12-19,final_only,776.0,0.0,776.0,0.0,0.0,776.0,776.0,0.00025866666666666665,78535.0,0
2012-12-20,final_only,4423.0,0.0,4423.0,0.0,0.0,4423.0,4423.0,0.0014743333333333334,86223.0,0
2012-12-21,final_only,-1640.0,0.0,-1640.0,0.0,0.0,-1640.0,-1640.0,-0.0005466666666666667,85026.0,0
2012-12-24,final_only,3120.0,0.0,3120.0,0.0,0.0,3120.0,3120.0,0.00104,54813.0,0
2012-12-25,final_only,2674.0,0.0,2674.0,0.0,0.0,2674.0,2674.0,0.0008913333333333334,79878.0,0
2012-12-26,final_only,-650.0,0.0,-650.0,0.0,0.0,-650.0,-650.0,-0.00021666666666666666,80541.0,0
2012-12-27,final_only,2416.0,0.0,2416.0,0.0,0.0,2416.0,2416.0,0.0008053333333333334,82043.0,0
2012-12-28,final_only,9293.0,0.0,9293.0,0.0,0.0,9293.0,9293.0,0.0030976666666666665,127747.0,0
2012-12-31,final_only,0.0,0.0,0.0,0.0,0.0,0.0,0.0,0.0,0.0,0
2013-01-04,final_only,0.0,0.0,0.0,0.0,0.0,0.0,0.0,0.0,0.0,0
2013-01-07,final_only,0.0,0.0,0.0,0.0,0.0,0.0,0.0,0.0,0.0,0
2013-01-08,final_only,0.0,0.0,0.0,0.0,0.0,0.0,0.0,0.0,0.0,0
2013-01-09,final_only,0.0,0.0,0.0,0.0,0.0,0.0,0.0,0.0,0.0,0
2013-01-10,final_only,0.0,0.0,0.0,0.0,0.0,0.0,0.0,0.0,0.0,0
2013-01-11,final_only,0.0,0.0,0.0,0.0,0.0,0.0,0.0,0.0,0.0,0
2013-01-14,final_only,0.0,0.0,0.0,0.0,0.0,0.0,0.0,0.0,0.0,0
2013-01-15,final_only,0.0,0.0,0.0,0.0,0.0,0.0,0.0,0.0,0.0,0
2013-01-16,final_only,0.0,0.0,0.0,0.0,0.0,0.0,0.0,0.0,0.0,0
2013-01-17,final_only,0.0,0.0,0.0,0.0,0.0,0.0,0.0,0.0,0.0,0
2013-01-18,final_only,0.0,0.0,0.0,0.0,0.0,0.0,0.0,0.0,0.0,0
2013-01-21,final_only,0.0,0.0,0.0,0.0,0.0,0.0,0.0,0.0,0.0,0
2013-01-22,final_only,0.0,0.0,0.0,0.0,0.0,0.0,0.0,0.0,0.0,0
2013-01-23,final_only,0.0,0.0,0.0,0.0,0.0,0.0,0.0,0.0,0.0,0
2013-01-24,final_only,0.0,0.0,0.0,0.0,0.0,0.0,0.0,0.0,0.0,0
2013-01-25,final_only,0.0,0.0,0.0,0.0,0.0,0.0,0.0,0.0,0.0,0
2013-01-28,final_only,0.0,0.0,0.0,0.0,0.0,0.0,0.0,0.0,0.0,0
2013-01-29,final_only,0.0,0.0,0.0,0.0,0.0,0.0,0.0,0.0,0.0,0
2013-01-30,final_only,0.0,0.0,0.0,0.0,0.0,0.0,0.0,0.0,0.0,0
2013-01-31,final_only,0.0,0.0,0.0,0.0,0.0,0.0,0.0,0.0,0.0,0
2013-02-01,final_only,0.0,0.0,0.0,0.0,0.0,0.0,0.0,0.0,0.0,0
2013-02-04,final_only,1289.0,0.0,1289.0,0.0,0.0,1289.0,1289.0,0.0004296666666666667,68417.0,0
2013-02-05,final_only,-342.0,0.0,-342.0,0.0,0.0,-342.0,-342.0,-0.000114,63006.0,0
2013-02-06,final_only,897.0,0.0,897.0,0.0,0.0,897.0,897.0,0.000299,20375.0,0
2013-02-07,final_only,-186.0,0.0,-186.0,0.0,0.0,-186.0,-186.0,-6.2e-05,29552.0,0
2013-02-08,final_only,-1580.0,0.0,-1580.0,0.0,0.0,-1580.0,-1580.0,-0.0005266666666666667,29785.0,0
2013-02-18,final_only,14.0,0.0,14.0,0.0,0.0,14.0,14.0,4.666666666666666e-06,50370.0,0
2013-02-19,final_only,-370.0,0.0,-370.0,0.0,0.0,-370.0,-370.0,-0.00012333333333333334,20197.0,0
2013-02-20,final_only,1237.0,0.0,1237.0,0.0,0.0,1237.0,1237.0,0.00041233333333333335,44378.0,0
2013-02-21,final_only,197.0,0.0,197.0,0.0,0.0,197.0,197.0,6.566666666666667e-05,33118.0,0
2013-02-22,final_only,-378.0,0.0,-378.0,0.0,0.0,-378.0,-378.0,-0.000126,17110.0,0
2013-02-25,final_only,-697.0,0.0,-697.0,0.0,0.0,-697.0,-697.0,-0.00023233333333333333,66466.0,0
2013-02-26,final_only,-40.0,0.0,-40.0,0.0,0.0,-40.0,-40.0,-1.3333333333333333e-05,16819.0,0
2013-02-27,final_only,339.0,0.0,339.0,0.0,0.0,339.0,339.0,0.000113,19641.0,0
2013-02-28,final_only,710.0,0.0,710.0,0.0,0.0,710.0,710.0,0.00023666666666666665,21738.0,0
2013-03-01,final_only,-554.0,0.0,-554.0,0.0,0.0,-554.0,-554.0,-0.00018466666666666666,46072.0,0
2013-03-04,final_only,-160.0,0.0,-160.0,0.0,0.0,-160.0,-160.0,-5.333333333333333e-05,24434.0,0
2013-03-05,final_only,1914.0,0.0,1914.0,0.0,0.0,1914.0,1914.0,0.000638,57105.0,0
2013-03-06,final_only,3139.0,0.0,3139.0,0.0,0.0,3139.0,3139.0,0.0010463333333333334,64213.0,0
2013-03-07,final_only,430.0,0.0,430.0,0.0,0.0,430.0,430.0,0.00014333333333333334,63482.0,0
2013-03-08,final_only,136.0,0.0,136.0,0.0,0.0,136.0,136.0,4.5333333333333335e-05,88087.0,0
2013-03-11,final_only,-116.0,0.0,-116.0,0.0,0.0,-116.0,-116.0,-3.866666666666667e-05,70663.0,0
2013-03-12,final_only,5280.0,0.0,5280.0,0.0,0.0,5280.0,5280.0,0.00176,68305.0,0
2013-03-13,final_only,5658.0,0.0,5658.0,0.0,0.0,5658.0,5658.0,0.001886,62033.0,0
2013-03-14,final_only,-421.0,0.0,-421.0,0.0,0.0,-421.0,-421.0,-0.00014033333333333332,20914.0,0
2013-03-15,final_only,931.0,0.0,931.0,0.0,0.0,931.0,931.0,0.00031033333333333336,81536.0,0
2013-03-18,final_only,-2885.0,0.0,-2885.0,0.0,0.0,-2885.0,-2885.0,-0.0009616666666666667,80921.0,0
2013-03-19,final_only,871.0,0.0,871.0,0.0,0.0,871.0,871.0,0.0002903333333333333,102236.0,0
2013-03-20,final_only,-3389.0,0.0,-3389.0,0.0,0.0,-3389.0,-3389.0,-0.0011296666666666666,55151.0,0
2013-03-21,final_only,0.0,0.0,0.0,0.0,0.0,0.0,0.0,0.0,0.0,0
2013-03-22,final_only,0.0,0.0,0.0,0.0,0.0,0.0,0.0,0.0,0.0,0
2013-03-25,final_only,0.0,0.0,0.0,0.0,0.0,0.0,0.0,0.0,0.0,0
2013-03-26,final_only,0.0,0.0,0.0,0.0,0.0,0.0,0.0,0.0,0.0,0
2013-03-27,final_only,0.0,0.0,0.0,0.0,0.0,0.0,0.0,0.0,0.0,0
2013-03-28,final_only,0.0,0.0,0.0,0.0,0.0,0.0,0.0,0.0,0.0,0
2013-03-29,final_only,0.0,0.0,0.0,0.0,0.0,0.0,0.0,0.0,0.0,0
2013-04-01,final_only,0.0,0.0,0.0,0.0,0.0,0.0,0.0,0.0,0.0,0
2013-04-02,final_only,0.0,0.0,0.0,0.0,0.0,0.0,0.0,0.0,0.0,0
2013-04-03,final_only,0.0,0.0,0.0,0.0,0.0,0.0,0.0,0.0,0.0,0
2013-04-08,final_only,0.0,0.0,0.0,0.0,0.0,0.0,0.0,0.0,0.0,0
2013-04-09,final_only,0.0,0.0,0.0,0.0,0.0,0.0,0.0,0.0,0.0,0
2013-04-10,final_only,0.0,0.0,0.0,0.0,0.0,0.0,0.0,0.0,0.0,0
2013-04-11,final_only,0.0,0.0,0.0,0.0,0.0,0.0,0.0,0.0,0.0,0
2013-04-12,final_only,0.0,0.0,0.0,0.0,0.0,0.0,0.0,0.0,0.0,0
2013-04-15,final_only,7106.0,0.0,7106.0,0.0,0.0,7106.0,7106.0,0.0023686666666666665,45992.0,0
2013-04-16,final_only,0.0,0.0,0.0,0.0,0.0,0.0,0.0,0.0,0.0,0
2013-04-17,final_only,0.0,0.0,0.0,0.0,0.0,0.0,0.0,0.0,0.0,0
2013-04-18,final_only,0.0,0.0,0.0,0.0,0.0,0.0,0.0,0.0,0.0,0
2013-04-19,final_only,0.0,0.0,0.0,0.0,0.0,0.0,0.0,0.0,0.0,0
2013-04-22,final_only,0.0,0.0,0.0,0.0,0.0,0.0,0.0,0.0,0.0,0
2013-04-23,final_only,0.0,0.0,0.0,0.0,0.0,0.0,0.0,0.0,0.0,0
2013-04-24,final_only,0.0,0.0,0.0,0.0,0.0,0.0,0.0,0.0,0.0,0
2013-04-25,final_only,0.0,0.0,0.0,0.0,0.0,0.0,0.0,0.0,0.0,0
2013-04-26,final_only,0.0,0.0,0.0,0.0,0.0,0.0,0.0,0.0,0.0,0
2013-05-02,final_only,0.0,0.0,0.0,0.0,0.0,0.0,0.0,0.0,0.0,0
2013-05-03,final_only,0.0,0.0,0.0,0.0,0.0,0.0,0.0,0.0,0.0,0
2013-05-06,final_only,0.0,0.0,0.0,0.0,0.0,0.0,0.0,0.0,0.0,0
2013-05-07,final_only,0.0,0.0,0.0,0.0,0.0,0.0,0.0,0.0,0.0,0
2013-05-08,final_only,0.0,0.0,0.0,0.0,0.0,0.0,0.0,0.0,0.0,0
2013-05-09,final_only,0.0,0.0,0.0,0.0,0.0,0.0,0.0,0.0,0.0,0
2013-05-10,final_only,0.0,0.0,0.0,0.0,0.0,0.0,0.0,0.0,0.0,0
2013-05-13,final_only,0.0,0.0,0.0,0.0,0.0,0.0,0.0,0.0,0.0,0
2013-05-14,final_only,0.0,0.0,0.0,0.0,0.0,0.0,0.0,0.0,0.0,0
2013-05-15,final_only,0.0,0.0,0.0,0.0,0.0,0.0,0.0,0.0,0.0,0
2013-05-16,final_only,0.0,0.0,0.0,0.0,0.0,0.0,0.0,0.0,0.0,0
2013-05-17,final_only,0.0,0.0,0.0,0.0,0.0,0.0,0.0,0.0,0.0,0
2013-05-20,final_only,0.0,0.0,0.0,0.0,0.0,0.0,0.0,0.0,0.0,0
2013-05-21,final_only,0.0,0.0,0.0,0.0,0.0,0.0,0.0,0.0,0.0,0
2013-05-22,final_only,0.0,0.0,0.0,0.0,0.0,0.0,0.0,0.0,0.0,0
2013-05-23,final_only,-674.0,0.0,-674.0,0.0,0.0,-674.0,-674.0,-0.00022466666666666666,79809.0,0
2013-05-24,final_only,-116.0,0.0,-116.0,0.0,0.0,-116.0,-116.0,-3.866666666666667e-05,58981.0,0
2013-05-27,final_only,276.0,0.0,276.0,0.0,0.0,276.0,276.0,9.2e-05,63068.0,0
2013-05-28,final_only,890.0,0.0,890.0,0.0,0.0,890.0,890.0,0.00029666666666666665,62993.0,0
2013-05-29,final_only,100.0,0.0,100.0,0.0,0.0,100.0,100.0,3.3333333333333335e-05,63036.0,0
2013-05-30,final_only,378.0,0.0,378.0,0.0,0.0,378.0,378.0,0.000126,50011.0,0
2013-05-31,final_only,-873.0,0.0,-873.0,0.0,0.0,-873.0,-873.0,-0.000291,45317.0,0
2013-06-03,final_only,1735.0,0.0,1735.0,0.0,0.0,1735.0,1735.0,0.0005783333333333334,61393.0,0
2013-06-04,final_only,2577.0,0.0,2577.0,0.0,0.0,2577.0,2577.0,0.000859,58882.0,0
2013-06-05,final_only,747.0,0.0,747.0,0.0,0.0,747.0,747.0,0.000249,15054.0,0
2013-06-06,final_only,1939.0,0.0,1939.0,0.0,0.0,1939.0,1939.0,0.0006463333333333333,52764.0,0
2013-06-07,final_only,-1008.0,0.0,-1008.0,0.0,0.0,-1008.0,-1008.0,-0.000336,64335.0,0
2013-06-13,final_only,-704.0,0.0,-704.0,0.0,0.0,-704.0,-704.0,-0.00023466666666666666,55938.0,0
2013-06-14,final_only,294.0,0.0,294.0,0.0,0.0,294.0,294.0,9.8e-05,14843.0,0
2013-06-17,final_only,-250.0,0.0,-250.0,0.0,0.0,-250.0,-250.0,-8.333333333333333e-05,14867.0,0
2013-06-18,final_only,-170.0,0.0,-170.0,0.0,0.0,-170.0,-170.0,-5.6666666666666664e-05,14875.0,0
2013-06-19,final_only,2357.0,0.0,2357.0,0.0,0.0,2357.0,2357.0,0.0007856666666666667,36192.0,0
2013-06-20,final_only,3295.0,0.0,3295.0,0.0,0.0,3295.0,3295.0,0.0010983333333333333,35444.0,0
2013-06-21,final_only,2038.0,0.0,2038.0,0.0,0.0,2038.0,2038.0,0.0006793333333333333,38614.0,0
2013-06-24,final_only,195.0,0.0,195.0,0.0,0.0,195.0,195.0,6.5e-05,23845.0,0
2013-06-25,final_only,693.0,0.0,693.0,0.0,0.0,693.0,693.0,0.000231,30279.0,0
2013-06-26,final_only,2929.0,0.0,2929.0,0.0,0.0,2929.0,2929.0,0.0009763333333333333,45889.0,0
2013-06-27,final_only,689.0,0.0,689.0,0.0,0.0,689.0,689.0,0.00022966666666666667,74932.0,0
2013-06-28,final_only,-646.0,0.0,-646.0,0.0,0.0,-646.0,-646.0,-0.00021533333333333333,68422.0,0
2013-07-01,final_only,-1745.0,0.0,-1745.0,0.0,0.0,-1745.0,-1745.0,-0.0005816666666666666,61426.0,0
2013-07-02,final_only,577.0,0.0,577.0,0.0,0.0,577.0,577.0,0.00019233333333333334,69603.0,0
2013-07-03,final_only,-1380.0,0.0,-1380.0,0.0,0.0,-1380.0,-1380.0,-0.00046,69685.0,0
2013-07-04,final_only,469.0,0.0,469.0,0.0,0.0,469.0,469.0,0.00015633333333333333,22537.0,0
2013-07-05,final_only,722.0,0.0,722.0,0.0,0.0,722.0,722.0,0.00024066666666666667,15754.0,0
2013-07-08,final_only,-1913.0,0.0,-1913.0,0.0,0.0,-1913.0,-1913.0,-0.0006376666666666667,29166.0,0
2013-07-09,final_only,-2274.0,0.0,-2274.0,0.0,0.0,-2274.0,-2274.0,-0.000758,50884.0,0
2013-07-10,final_only,114.0,0.0,114.0,0.0,0.0,114.0,114.0,3.8e-05,35169.0,0
2013-07-11,final_only,351.0,0.0,351.0,0.0,0.0,351.0,351.0,0.000117,23695.0,0
2013-07-12,final_only,2077.0,0.0,2077.0,0.0,0.0,2077.0,2077.0,0.0006923333333333333,23273.0,0
2013-07-15,final_only,304.0,0.0,304.0,0.0,0.0,304.0,304.0,0.00010133333333333333,31255.0,0
2013-07-16,final_only,385.0,0.0,385.0,0.0,0.0,385.0,385.0,0.00012833333333333333,19342.0,0
2013-07-17,final_only,-572.0,0.0,-572.0,0.0,0.0,-572.0,-572.0,-0.00019066666666666668,27196.0,0
2013-07-18,final_only,673.0,0.0,673.0,0.0,0.0,673.0,673.0,0.00022433333333333333,32159.0,0
2013-07-19,final_only,-127.0,0.0,-127.0,0.0,0.0,-127.0,-127.0,-4.233333333333333e-05,31211.0,0
2013-07-22,final_only,-482.0,0.0,-482.0,0.0,0.0,-482.0,-482.0,-0.00016066666666666668,25600.0,0
2013-07-23,final_only,871.0,0.0,871.0,0.0,0.0,871.0,871.0,0.0002903333333333333,23565.0,0
2013-07-24,final_only,937.0,0.0,937.0,0.0,0.0,937.0,937.0,0.00031233333333333335,22725.0,0
2013-07-25,final_only,2089.0,0.0,2089.0,0.0,0.0,2089.0,2089.0,0.0006963333333333333,13886.0,0
2013-07-26,final_only,-991.0,0.0,-991.0,0.0,0.0,-991.0,-991.0,-0.00033033333333333336,25003.0,0
2013-07-29,final_only,250.0,0.0,250.0,0.0,0.0,250.0,250.0,8.333333333333333e-05,25359.0,0
2013-07-30,final_only,-1087.0,0.0,-1087.0,0.0,0.0,-1087.0,-1087.0,-0.0003623333333333333,21126.0,0
2013-07-31,final_only,-176.0,0.0,-176.0,0.0,0.0,-176.0,-176.0,-5.8666666666666665e-05,25723.0,0
2013-08-01,final_only,-492.0,0.0,-492.0,0.0,0.0,-492.0,-492.0,-0.000164,59454.0,0
2013-08-02,final_only,593.0,0.0,593.0,0.0,0.0,593.0,593.0,0.00019766666666666666,53763.0,0
2013-08-05,final_only,164.0,0.0,164.0,0.0,0.0,164.0,164.0,5.466666666666667e-05,28351.0,0
2013-08-06,final_only,1836.0,0.0,1836.0,0.0,0.0,1836.0,1836.0,0.000612,21140.0,0
2013-08-07,final_only,-754.0,0.0,-754.0,0.0,0.0,-754.0,-754.0,-0.00025133333333333333,25210.0,0
2013-08-08,final_only,262.0,0.0,262.0,0.0,0.0,262.0,262.0,8.733333333333333e-05,33261.0,0
2013-08-09,final_only,912.0,0.0,912.0,0.0,0.0,912.0,912.0,0.000304,38616.0,0
2013-08-12,final_only,-544.0,0.0,-544.0,0.0,0.0,-544.0,-544.0,-0.00018133333333333334,34212.0,0
2013-08-13,final_only,-859.0,0.0,-859.0,0.0,0.0,-859.0,-859.0,-0.0002863333333333333,27063.0,0
2013-08-14,final_only,133.0,0.0,133.0,0.0,0.0,133.0,133.0,4.433333333333333e-05,24539.0,0
2013-08-15,final_only,-226.0,0.0,-226.0,0.0,0.0,-226.0,-226.0,-7.533333333333334e-05,42828.0,0
2013-08-16,final_only,864.0,0.0,864.0,0.0,0.0,864.0,864.0,0.000288,13561.0,0
2013-08-19,final_only,-304.0,0.0,-304.0,0.0,0.0,-304.0,-304.0,-0.00010133333333333333,60773.0,0
2013-08-20,final_only,-809.0,0.0,-809.0,0.0,0.0,-809.0,-809.0,-0.00026966666666666664,58936.0,0
2013-08-21,final_only,20.0,0.0,20.0,0.0,0.0,20.0,20.0,6.666666666666667e-06,43863.0,0
2013-08-22,final_only,550.0,0.0,550.0,0.0,0.0,550.0,550.0,0.00018333333333333334,43757.0,0
2013-08-23,final_only,3434.0,0.0,3434.0,0.0,0.0,3434.0,3434.0,0.0011446666666666667,109426.0,0
2013-08-26,final_only,230.0,0.0,230.0,0.0,0.0,230.0,230.0,7.666666666666667e-05,114483.0,0
2013-08-27,final_only,439.0,0.0,439.0,0.0,0.0,439.0,439.0,0.00014633333333333333,67797.0,0
2013-08-28,final_only,-881.0,0.0,-881.0,0.0,0.0,-881.0,-881.0,-0.0002936666666666667,39492.0,0
2013-08-29,final_only,-1756.0,0.0,-1756.0,0.0,0.0,-1756.0,-1756.0,-0.0005853333333333333,47581.0,0
2013-08-30,final_only,-684.0,0.0,-684.0,0.0,0.0,-684.0,-684.0,-0.000228,47323.0,0
2013-09-02,final_only,3124.0,0.0,3124.0,0.0,0.0,3124.0,3124.0,0.0010413333333333333,55305.0,0
2013-09-03,final_only,-3075.0,0.0,-3075.0,0.0,0.0,-3075.0,-3075.0,-0.001025,55818.0,0
2013-09-04,final_only,-575.0,0.0,-575.0,0.0,0.0,-575.0,-575.0,-0.00019166666666666667,61797.0,0
2013-09-05,final_only,742.0,0.0,742.0,0.0,0.0,742.0,742.0,0.00024733333333333335,25495.0,0
2013-09-06,final_only,452.0,0.0,452.0,0.0,0.0,452.0,452.0,0.00015066666666666668,25873.0,0
2013-09-09,final_only,-277.0,0.0,-277.0,0.0,0.0,-277.0,-277.0,-9.233333333333333e-05,20947.0,0
2013-09-10,final_only,-212.0,0.0,-212.0,0.0,0.0,-212.0,-212.0,-7.066666666666667e-05,25873.0,0
2013-09-11,final_only,-166.0,0.0,-166.0,0.0,0.0,-166.0,-166.0,-5.5333333333333334e-05,17118.0,0
2013-09-12,final_only,-70.0,0.0,-70.0,0.0,0.0,-70.0,-70.0,-2.3333333333333332e-05,17094.0,0
2013-09-13,final_only,-1416.0,0.0,-1416.0,0.0,0.0,-1416.0,-1416.0,-0.000472,21954.0,0
2013-09-16,final_only,723.0,0.0,723.0,0.0,0.0,723.0,723.0,0.000241,27767.0,0
2013-09-17,final_only,124.0,0.0,124.0,0.0,0.0,124.0,124.0,4.133333333333333e-05,21602.0,0
2013-09-18,final_only,2753.0,0.0,2753.0,0.0,0.0,2753.0,2753.0,0.0009176666666666667,55502.0,0
2013-09-23,final_only,-305.0,0.0,-305.0,0.0,0.0,-305.0,-305.0,-0.00010166666666666667,47745.0,0
2013-09-24,final_only,-1372.0,0.0,-1372.0,0.0,0.0,-1372.0,-1372.0,-0.00045733333333333335,48379.0,0
2013-09-25,final_only,-380.0,0.0,-380.0,0.0,0.0,-380.0,-380.0,-0.00012666666666666666,48087.0,0
2013-09-26,final_only,495.0,0.0,495.0,0.0,0.0,495.0,495.0,0.000165,20160.0,0
2013-09-27,final_only,681.0,0.0,681.0,0.0,0.0,681.0,681.0,0.000227,27700.0,0
2013-09-30,final_only,300.0,0.0,300.0,0.0,0.0,300.0,300.0,0.0001,27724.0,0
2013-10-08,final_only,-719.0,0.0,-719.0,0.0,0.0,-719.0,-719.0,-0.00023966666666666667,24819.0,0
2013-10-09,final_only,-749.0,0.0,-749.0,0.0,0.0,-749.0,-749.0,-0.00024966666666666665,22385.0,0
2013-10-10,final_only,-9.0,0.0,-9.0,0.0,0.0,-9.0,-9.0,-3e-06,14576.0,0
2013-10-11,final_only,90.0,0.0,90.0,0.0,0.0,90.0,90.0,3e-05,21808.0,0
2013-10-14,final_only,-1039.0,0.0,-1039.0,0.0,0.0,-1039.0,-1039.0,-0.0003463333333333333,26812.0,0
2013-10-15,final_only,51.0,0.0,51.0,0.0,0.0,51.0,51.0,1.7e-05,21349.0,0
2013-10-16,final_only,219.0,0.0,219.0,0.0,0.0,219.0,219.0,7.3e-05,15985.0,0
2013-10-17,final_only,320.0,0.0,320.0,0.0,0.0,320.0,320.0,0.00010666666666666667,24537.0,0
2013-10-18,final_only,857.0,0.0,857.0,0.0,0.0,857.0,857.0,0.00028566666666666665,14135.0,0
2013-10-21,final_only,-1032.0,0.0,-1032.0,0.0,0.0,-1032.0,-1032.0,-0.000344,21801.0,0
2013-10-22,final_only,836.0,0.0,836.0,0.0,0.0,836.0,836.0,0.00027866666666666665,20105.0,0
2013-10-23,final_only,-709.0,0.0,-709.0,0.0,0.0,-709.0,-709.0,-0.00023633333333333332,29032.0,0
2013-10-24,final_only,-1429.0,0.0,-1429.0,0.0,0.0,-1429.0,-1429.0,-0.00047633333333333333,26875.0,0
2013-10-25,final_only,-92.0,0.0,-92.0,0.0,0.0,-92.0,-92.0,-3.066666666666667e-05,19371.0,0
2013-10-28,final_only,-113.0,0.0,-113.0,0.0,0.0,-113.0,-113.0,-3.766666666666667e-05,28754.0,0
2013-10-29,final_only,2105.0,0.0,2105.0,0.0,0.0,2105.0,2105.0,0.0007016666666666666,28796.0,0
2013-10-30,final_only,-282.0,0.0,-282.0,0.0,0.0,-282.0,-282.0,-9.4e-05,14033.0,0
2013-10-31,final_only,745.0,0.0,745.0,0.0,0.0,745.0,745.0,0.0002483333333333333,13957.0,0
2013-11-01,final_only,-635.0,0.0,-635.0,0.0,0.0,-635.0,-635.0,-0.00021166666666666667,14084.0,0
2013-11-04,final_only,1942.0,0.0,1942.0,0.0,0.0,1942.0,1942.0,0.0006473333333333333,45593.0,0
2013-11-05,final_only,450.0,0.0,450.0,0.0,0.0,450.0,450.0,0.00015,45198.0,0
2013-11-06,final_only,-203.0,0.0,-203.0,0.0,0.0,-203.0,-203.0,-6.766666666666667e-05,13922.0,0
2013-11-07,final_only,-361.0,0.0,-361.0,0.0,0.0,-361.0,-361.0,-0.00012033333333333334,18379.0,0
2013-11-08,final_only,-287.0,0.0,-287.0,0.0,0.0,-287.0,-287.0,-9.566666666666667e-05,23699.0,0
2013-11-11,final_only,1280.0,0.0,1280.0,0.0,0.0,1280.0,1280.0,0.00042666666666666667,56857.0,0
2013-11-12,final_only,844.0,0.0,844.0,0.0,0.0,844.0,844.0,0.00028133333333333336,49886.0,0
2013-11-13,final_only,-810.0,0.0,-810.0,0.0,0.0,-810.0,-810.0,-0.00027,37896.0,0
2013-11-14,final_only,-787.0,0.0,-787.0,0.0,0.0,-787.0,-787.0,-0.00026233333333333333,74821.0,0
2013-11-15,final_only,249.0,0.0,249.0,0.0,0.0,249.0,249.0,8.3e-05,28230.0,0
2013-11-18,final_only,1005.0,0.0,1005.0,0.0,0.0,1005.0,1005.0,0.000335,34023.0,0
2013-11-19,final_only,-437.0,0.0,-437.0,0.0,0.0,-437.0,-437.0,-0.00014566666666666667,34679.0,0
2013-11-20,final_only,609.0,0.0,609.0,0.0,0.0,609.0,609.0,0.000203,25096.0,0
2013-11-21,final_only,-281.0,0.0,-281.0,0.0,0.0,-281.0,-281.0,-9.366666666666666e-05,32931.0,0
2013-11-22,final_only,531.0,0.0,531.0,0.0,0.0,531.0,531.0,0.000177,54169.0,0
2013-11-25,final_only,-2059.0,0.0,-2059.0,0.0,0.0,-2059.0,-2059.0,-0.0006863333333333333,45426.0,0
2013-11-26,final_only,267.0,0.0,267.0,0.0,0.0,267.0,267.0,8.9e-05,20835.0,0
2013-11-27,final_only,325.0,0.0,325.0,0.0,0.0,325.0,325.0,0.00010833333333333333,20879.0,0
2013-11-28,final_only,250.0,0.0,250.0,0.0,0.0,250.0,250.0,8.333333333333333e-05,20824.0,0
2013-11-29,final_only,400.0,0.0,400.0,0.0,0.0,400.0,400.0,0.00013333333333333334,20814.0,0
2013-12-02,final_only,25.0,0.0,25.0,0.0,0.0,25.0,25.0,8.333333333333334e-06,20854.0,0
2013-12-03,final_only,902.0,0.0,902.0,0.0,0.0,902.0,902.0,0.0003006666666666667,40529.0,0
2013-12-04,final_only,-975.0,0.0,-975.0,0.0,0.0,-975.0,-975.0,-0.000325,40404.0,0
2013-12-05,final_only,350.0,0.0,350.0,0.0,0.0,350.0,350.0,0.00011666666666666667,40618.0,0
2013-12-06,final_only,223.0,0.0,223.0,0.0,0.0,223.0,223.0,7.433333333333333e-05,35066.0,0
2013-12-09,final_only,-926.0,0.0,-926.0,0.0,0.0,-926.0,-926.0,-0.00030866666666666667,37610.0,0
2013-12-10,final_only,451.0,0.0,451.0,0.0,0.0,451.0,451.0,0.00015033333333333335,36792.0,0
2013-12-11,final_only,-314.0,0.0,-314.0,0.0,0.0,-314.0,-314.0,-0.00010466666666666667,27323.0,0
2013-12-12,final_only,1387.0,0.0,1387.0,0.0,0.0,1387.0,1387.0,0.0004623333333333333,32565.0,0
2013-12-13,final_only,-311.0,0.0,-311.0,0.0,0.0,-311.0,-311.0,-0.00010366666666666666,61768.0,0
2013-12-16,final_only,402.0,0.0,402.0,0.0,0.0,402.0,402.0,0.000134,49607.0,0
2013-12-17,final_only,-195.0,0.0,-195.0,0.0,0.0,-195.0,-195.0,-6.5e-05,33839.0,0
2013-12-18,final_only,631.0,0.0,631.0,0.0,0.0,631.0,631.0,0.00021033333333333334,41359.0,0
2013-12-19,final_only,2332.0,0.0,2332.0,0.0,0.0,2332.0,2332.0,0.0007773333333333333,64359.0,0
2013-12-20,final_only,2218.0,0.0,2218.0,0.0,0.0,2218.0,2218.0,0.0007393333333333334,61607.0,0
2013-12-23,final_only,-728.0,0.0,-728.0,0.0,0.0,-728.0,-728.0,-0.00024266666666666667,49319.0,0
2013-12-24,final_only,1472.0,0.0,1472.0,0.0,0.0,1472.0,1472.0,0.0004906666666666667,61318.0,0
2013-12-25,final_only,172.0,0.0,172.0,0.0,0.0,172.0,172.0,5.7333333333333336e-05,49399.0,0
2013-12-26,final_only,1271.0,0.0,1271.0,0.0,0.0,1271.0,1271.0,0.00042366666666666665,60613.0,0
2013-12-27,final_only,1697.0,0.0,1697.0,0.0,0.0,1697.0,1697.0,0.0005656666666666667,49339.0,0
2013-12-30,final_only,4551.0,0.0,4551.0,0.0,0.0,4551.0,4551.0,0.001517,108502.0,0
2013-12-31,final_only,710.0,0.0,710.0,0.0,0.0,710.0,710.0,0.00023666666666666665,32358.0,0
2014-01-02,final_only,2348.0,0.0,2348.0,0.0,0.0,2348.0,2348.0,0.0007826666666666666,90942.0,0
2014-01-03,final_only,4469.0,0.0,4469.0,0.0,0.0,4469.0,4469.0,0.0014896666666666667,79385.0,0
2014-01-06,final_only,5319.0,0.0,5319.0,0.0,0.0,5319.0,5319.0,0.001773,48612.0,0
2014-01-07,final_only,0.0,0.0,0.0,0.0,0.0,0.0,0.0,0.0,0.0,0
2014-01-08,final_only,0.0,0.0,0.0,0.0,0.0,0.0,0.0,0.0,0.0,0
2014-01-09,final_only,0.0,0.0,0.0,0.0,0.0,0.0,0.0,0.0,0.0,0
2014-01-10,final_only,0.0,0.0,0.0,0.0,0.0,0.0,0.0,0.0,0.0,0
2014-01-13,final_only,0.0,0.0,0.0,0.0,0.0,0.0,0.0,0.0,0.0,0
2014-01-14,final_only,0.0,0.0,0.0,0.0,0.0,0.0,0.0,0.0,0.0,0
2014-01-15,final_only,0.0,0.0,0.0,0.0,0.0,0.0,0.0,0.0,0.0,0
2014-01-16,final_only,0.0,0.0,0.0,0.0,0.0,0.0,0.0,0.0,0.0,0
2014-01-17,final_only,0.0,0.0,0.0,0.0,0.0,0.0,0.0,0.0,0.0,0
2014-01-20,final_only,0.0,0.0,0.0,0.0,0.0,0.0,0.0,0.0,0.0,0
2014-01-21,final_only,0.0,0.0,0.0,0.0,0.0,0.0,0.0,0.0,0.0,0
2014-01-22,final_only,0.0,0.0,0.0,0.0,0.0,0.0,0.0,0.0,0.0,0
2014-01-23,final_only,0.0,0.0,0.0,0.0,0.0,0.0,0.0,0.0,0.0,0
2014-01-24,final_only,0.0,0.0,0.0,0.0,0.0,0.0,0.0,0.0,0.0,0
2014-01-27,final_only,0.0,0.0,0.0,0.0,0.0,0.0,0.0,0.0,0.0,0
2014-01-28,final_only,0.0,0.0,0.0,0.0,0.0,0.0,0.0,0.0,0.0,0
2014-01-29,final_only,0.0,0.0,0.0,0.0,0.0,0.0,0.0,0.0,0.0,0
2014-01-30,final_only,0.0,0.0,0.0,0.0,0.0,0.0,0.0,0.0,0.0,0
2014-02-07,final_only,0.0,0.0,0.0,0.0,0.0,0.0,0.0,0.0,0.0,0
2014-02-10,final_only,0.0,0.0,0.0,0.0,0.0,0.0,0.0,0.0,0.0,0
2014-02-11,final_only,125.0,0.0,125.0,0.0,0.0,125.0,125.0,4.1666666666666665e-05,16361.0,0
2014-02-12,final_only,-788.0,0.0,-788.0,0.0,0.0,-788.0,-788.0,-0.0002626666666666667,63340.0,0
2014-02-13,final_only,1210.0,0.0,1210.0,0.0,0.0,1210.0,1210.0,0.00040333333333333334,63334.0,0
2014-02-14,final_only,-6404.0,0.0,-6404.0,0.0,0.0,-6404.0,-6404.0,-0.0021346666666666667,88955.0,0
2014-02-17,final_only,0.0,0.0,0.0,0.0,0.0,0.0,0.0,0.0,0.0,0
2014-02-18,final_only,0.0,0.0,0.0,0.0,0.0,0.0,0.0,0.0,0.0,0
2014-02-19,final_only,0.0,0.0,0.0,0.0,0.0,0.0,0.0,0.0,0.0,0
2014-02-20,final_only,0.0,0.0,0.0,0.0,0.0,0.0,0.0,0.0,0.0,0
2014-02-21,final_only,0.0,0.0,0.0,0.0,0.0,0.0,0.0,0.0,0.0,0
2014-02-24,final_only,0.0,0.0,0.0,0.0,0.0,0.0,0.0,0.0,0.0,0
2014-02-25,final_only,0.0,0.0,0.0,0.0,0.0,0.0,0.0,0.0,0.0,0
2014-02-26,final_only,0.0,0.0,0.0,0.0,0.0,0.0,0.0,0.0,0.0,0
2014-02-27,final_only,0.0,0.0,0.0,0.0,0.0,0.0,0.0,0.0,0.0,0
2014-02-28,final_only,0.0,0.0,0.0,0.0,0.0,0.0,0.0,0.0,0.0,0
2014-03-03,final_only,0.0,0.0,0.0,0.0,0.0,0.0,0.0,0.0,0.0,0
2014-03-04,final_only,0.0,0.0,0.0,0.0,0.0,0.0,0.0,0.0,0.0,0
2014-03-05,final_only,0.0,0.0,0.0,0.0,0.0,0.0,0.0,0.0,0.0,0
2014-03-06,final_only,0.0,0.0,0.0,0.0,0.0,0.0,0.0,0.0,0.0,0
2014-03-07,final_only,0.0,0.0,0.0,0.0,0.0,0.0,0.0,0.0,0.0,0
2014-03-10,final_only,0.0,0.0,0.0,0.0,0.0,0.0,0.0,0.0,0.0,0
2014-03-11,final_only,0.0,0.0,0.0,0.0,0.0,0.0,0.0,0.0,0.0,0
2014-03-12,final_only,0.0,0.0,0.0,0.0,0.0,0.0,0.0,0.0,0.0,0
2014-03-13,final_only,0.0,0.0,0.0,0.0,0.0,0.0,0.0,0.0,0.0,0
2014-03-14,final_only,0.0,0.0,0.0,0.0,0.0,0.0,0.0,0.0,0.0,0
2014-03-17,final_only,0.0,0.0,0.0,0.0,0.0,0.0,0.0,0.0,0.0,0
2014-03-18,final_only,0.0,0.0,0.0,0.0,0.0,0.0,0.0,0.0,0.0,0
2014-03-19,final_only,0.0,0.0,0.0,0.0,0.0,0.0,0.0,0.0,0.0,0
2014-03-20,final_only,0.0,0.0,0.0,0.0,0.0,0.0,0.0,0.0,0.0,0
2014-03-21,final_only,0.0,0.0,0.0,0.0,0.0,0.0,0.0,0.0,0.0,0
2014-03-24,final_only,0.0,0.0,0.0,0.0,0.0,0.0,0.0,0.0,0.0,0
2014-03-25,final_only,0.0,0.0,0.0,0.0,0.0,0.0,0.0,0.0,0.0,0
2014-03-26,final_only,0.0,0.0,0.0,0.0,0.0,0.0,0.0,0.0,0.0,0
2014-03-27,final_only,0.0,0.0,0.0,0.0,0.0,0.0,0.0,0.0,0.0,0
2014-03-28,final_only,0.0,0.0,0.0,0.0,0.0,0.0,0.0,0.0,0.0,0
2014-03-31,final_only,0.0,0.0,0.0,0.0,0.0,0.0,0.0,0.0,0.0,0
2014-04-01,final_only,0.0,0.0,0.0,0.0,0.0,0.0,0.0,0.0,0.0,0
2014-04-02,final_only,0.0,0.0,0.0,0.0,0.0,0.0,0.0,0.0,0.0,0
2014-04-03,final_only,0.0,0.0,0.0,0.0,0.0,0.0,0.0,0.0,0.0,0
2014-04-04,final_only,0.0,0.0,0.0,0.0,0.0,0.0,0.0,0.0,0.0,0
2014-04-08,final_only,0.0,0.0,0.0,0.0,0.0,0.0,0.0,0.0,0.0,0
2014-04-09,final_only,0.0,0.0,0.0,0.0,0.0,0.0,0.0,0.0,0.0,0
2014-04-10,final_only,-343.0,0.0,-343.0,0.0,0.0,-343.0,-343.0,-0.00011433333333333334,22047.0,0
2014-04-11,final_only,-496.0,0.0,-496.0,0.0,0.0,-496.0,-496.0,-0.00016533333333333333,31899.0,0
2014-04-14,final_only,-259.0,0.0,-259.0,0.0,0.0,-259.0,-259.0,-8.633333333333334e-05,19198.0,0
2014-04-15,final_only,-740.0,0.0,-740.0,0.0,0.0,-740.0,-740.0,-0.0002466666666666667,38358.0,0
2014-04-16,final_only,518.0,0.0,518.0,0.0,0.0,518.0,518.0,0.00017266666666666667,31284.0,0
2014-04-17,final_only,5829.0,0.0,5829.0,0.0,0.0,5829.0,5829.0,0.001943,56176.0,0
2014-04-18,final_only,1957.0,0.0,1957.0,0.0,0.0,1957.0,1957.0,0.0006523333333333333,35782.0,0
2014-04-21,final_only,1447.0,0.0,1447.0,0.0,0.0,1447.0,1447.0,0.0004823333333333333,54722.0,0
2014-04-22,final_only,-175.0,0.0,-175.0,0.0,0.0,-175.0,-175.0,-5.833333333333333e-05,54746.0,0
2014-04-23,final_only,-1413.0,0.0,-1413.0,0.0,0.0,-1413.0,-1413.0,-0.000471,30104.0,0
2014-04-24,final_only,-611.0,0.0,-611.0,0.0,0.0,-611.0,-611.0,-0.00020366666666666667,42621.0,0
2014-04-25,final_only,-735.0,0.0,-735.0,0.0,0.0,-735.0,-735.0,-0.000245,43906.0,0
2014-04-28,final_only,-4063.0,0.0,-4063.0,0.0,0.0,-4063.0,-4063.0,-0.0013543333333333333,40158.0,0
2014-04-29,final_only,0.0,0.0,0.0,0.0,0.0,0.0,0.0,0.0,0.0,0
2014-04-30,final_only,0.0,0.0,0.0,0.0,0.0,0.0,0.0,0.0,0.0,0
2014-05-05,final_only,0.0,0.0,0.0,0.0,0.0,0.0,0.0,0.0,0.0,0
2014-05-06,final_only,0.0,0.0,0.0,0.0,0.0,0.0,0.0,0.0,0.0,0
2014-05-07,final_only,0.0,0.0,0.0,0.0,0.0,0.0,0.0,0.0,0.0,0
2014-05-08,final_only,0.0,0.0,0.0,0.0,0.0,0.0,0.0,0.0,0.0,0
2014-05-09,final_only,0.0,0.0,0.0,0.0,0.0,0.0,0.0,0.0,0.0,0
2014-05-12,final_only,0.0,0.0,0.0,0.0,0.0,0.0,0.0,0.0,0.0,0
2014-05-13,final_only,0.0,0.0,0.0,0.0,0.0,0.0,0.0,0.0,0.0,0
2014-05-14,final_only,0.0,0.0,0.0,0.0,0.0,0.0,0.0,0.0,0.0,0
2014-05-15,final_only,0.0,0.0,0.0,0.0,0.0,0.0,0.0,0.0,0.0,0
2014-05-16,final_only,0.0,0.0,0.0,0.0,0.0,0.0,0.0,0.0,0.0,0
2014-05-19,final_only,0.0,0.0,0.0,0.0,0.0,0.0,0.0,0.0,0.0,0
2014-05-20,final_only,-1063.0,0.0,-1063.0,0.0,0.0,-1063.0,-1063.0,-0.00035433333333333334,62010.0,0
2014-05-21,final_only,-236.0,0.0,-236.0,0.0,0.0,-236.0,-236.0,-7.866666666666666e-05,13854.0,0
2014-05-22,final_only,362.0,0.0,362.0,0.0,0.0,362.0,362.0,0.00012066666666666667,18783.0,0
2014-05-23,final_only,-365.0,0.0,-365.0,0.0,0.0,-365.0,-365.0,-0.00012166666666666667,18812.0,0
2014-05-26,final_only,-624.0,0.0,-624.0,0.0,0.0,-624.0,-624.0,-0.000208,10104.0,0
2014-05-27,final_only,4744.0,0.0,4744.0,0.0,0.0,4744.0,4744.0,0.0015813333333333332,28836.0,0
2014-05-28,final_only,0.0,0.0,0.0,0.0,0.0,0.0,0.0,0.0,0.0,0
2014-05-29,final_only,184.0,0.0,184.0,0.0,0.0,184.0,184.0,6.133333333333334e-05,13187.0,0
2014-05-30,final_only,836.0,0.0,836.0,0.0,0.0,836.0,836.0,0.00027866666666666665,29389.0,0
2014-06-03,final_only,3872.0,0.0,3872.0,0.0,0.0,3872.0,3872.0,0.0012906666666666667,41904.0,0
2014-06-04,final_only,-4997.0,0.0,-4997.0,0.0,0.0,-4997.0,-4997.0,-0.0016656666666666666,37278.0,0
2014-06-05,final_only,0.0,0.0,0.0,0.0,0.0,0.0,0.0,0.0,0.0,0
2014-06-06,final_only,0.0,0.0,0.0,0.0,0.0,0.0,0.0,0.0,0.0,0
2014-06-09,final_only,0.0,0.0,0.0,0.0,0.0,0.0,0.0,0.0,0.0,0
2014-06-10,final_only,0.0,0.0,0.0,0.0,0.0,0.0,0.0,0.0,0.0,0
2014-06-11,final_only,0.0,0.0,0.0,0.0,0.0,0.0,0.0,0.0,0.0,0
2014-06-12,final_only,0.0,0.0,0.0,0.0,0.0,0.0,0.0,0.0,0.0,0
2014-06-13,final_only,0.0,0.0,0.0,0.0,0.0,0.0,0.0,0.0,0.0,0
2014-06-16,final_only,0.0,0.0,0.0,0.0,0.0,0.0,0.0,0.0,0.0,0
2014-06-17,final_only,0.0,0.0,0.0,0.0,0.0,0.0,0.0,0.0,0.0,0
2014-06-18,final_only,0.0,0.0,0.0,0.0,0.0,0.0,0.0,0.0,0.0,0
2014-06-19,final_only,0.0,0.0,0.0,0.0,0.0,0.0,0.0,0.0,0.0,0
2014-06-20,final_only,0.0,0.0,0.0,0.0,0.0,0.0,0.0,0.0,0.0,0
2014-06-23,final_only,0.0,0.0,0.0,0.0,0.0,0.0,0.0,0.0,0.0,0
2014-06-24,final_only,0.0,0.0,0.0,0.0,0.0,0.0,0.0,0.0,0.0,0
2014-06-25,final_only,0.0,0.0,0.0,0.0,0.0,0.0,0.0,0.0,0.0,0
2014-06-26,final_only,223.0,0.0,223.0,0.0,0.0,223.0,223.0,7.433333333333333e-05,83037.0,0
2014-06-27,final_only,1290.0,0.0,1290.0,0.0,0.0,1290.0,1290.0,0.00043,84114.0,0
2014-06-30,final_only,-1536.0,0.0,-1536.0,0.0,0.0,-1536.0,-1536.0,-0.000512,87195.0,0
2014-07-01,final_only,-656.0,0.0,-656.0,0.0,0.0,-656.0,-656.0,-0.00021866666666666668,80413.0,0
2014-07-02,final_only,4983.0,0.0,4983.0,0.0,0.0,4983.0,4983.0,0.001661,51456.0,0
2014-07-03,final_only,1575.0,0.0,1575.0,0.0,0.0,1575.0,1575.0,0.000525,52074.0,0
2014-07-04,final_only,-1083.0,0.0,-1083.0,0.0,0.0,-1083.0,-1083.0,-0.000361,77704.0,0
2014-07-07,final_only,615.0,0.0,615.0,0.0,0.0,615.0,615.0,0.000205,63710.0,0
2014-07-08,final_only,356.0,0.0,356.0,0.0,0.0,356.0,356.0,0.00011866666666666667,66709.0,0
2014-07-09,final_only,-1415.0,0.0,-1415.0,0.0,0.0,-1415.0,-1415.0,-0.0004716666666666667,66712.0,0
2014-07-10,final_only,1374.0,0.0,1374.0,0.0,0.0,1374.0,1374.0,0.000458,63827.0,0
2014-07-11,final_only,-876.0,0.0,-876.0,0.0,0.0,-876.0,-876.0,-0.000292,72807.0,0
2014-07-14,final_only,-2035.0,0.0,-2035.0,0.0,0.0,-2035.0,-2035.0,-0.0006783333333333333,68038.0,0
2014-07-15,final_only,170.0,0.0,170.0,0.0,0.0,170.0,170.0,5.6666666666666664e-05,23960.0,0
2014-07-16,final_only,-67.0,0.0,-67.0,0.0,0.0,-67.0,-67.0,-2.2333333333333332e-05,25862.0,0
2014-07-17,final_only,170.0,0.0,170.0,0.0,0.0,170.0,170.0,5.6666666666666664e-05,29085.0,0
2014-07-18,final_only,12.0,0.0,12.0,0.0,0.0,12.0,12.0,4e-06,29311.0,0
2014-07-21,final_only,2597.0,0.0,2597.0,0.0,0.0,2597.0,2597.0,0.0008656666666666667,41096.0,0
2014-07-22,final_only,1069.0,0.0,1069.0,0.0,0.0,1069.0,1069.0,0.00035633333333333334,33111.0,0
2014-07-23,final_only,665.0,0.0,665.0,0.0,0.0,665.0,665.0,0.00022166666666666667,49568.0,0
2014-07-24,final_only,337.0,0.0,337.0,0.0,0.0,337.0,337.0,0.00011233333333333333,33203.0,0
2014-07-25,final_only,-257.0,0.0,-257.0,0.0,0.0,-257.0,-257.0,-8.566666666666667e-05,49399.0,0
2014-07-28,final_only,291.0,0.0,291.0,0.0,0.0,291.0,291.0,9.7e-05,32786.0,0
2014-07-29,final_only,-1425.0,0.0,-1425.0,0.0,0.0,-1425.0,-1425.0,-0.000475,27863.0,0
2014-07-30,final_only,131.0,0.0,131.0,0.0,0.0,131.0,131.0,4.3666666666666666e-05,49960.0,0
2014-07-31,final_only,1038.0,0.0,1038.0,0.0,0.0,1038.0,1038.0,0.000346,47803.0,0
2014-08-01,final_only,-2455.0,0.0,-2455.0,0.0,0.0,-2455.0,-2455.0,-0.0008183333333333333,14930.0,0
2014-08-04,final_only,-406.0,0.0,-406.0,0.0,0.0,-406.0,-406.0,-0.00013533333333333333,14968.0,0
2014-08-05,final_only,-322.0,0.0,-322.0,0.0,0.0,-322.0,-322.0,-0.00010733333333333333,31833.0,0
2014-08-06,final_only,-218.0,0.0,-218.0,0.0,0.0,-218.0,-218.0,-7.266666666666667e-05,30816.0,0
2014-08-07,final_only,-196.0,0.0,-196.0,0.0,0.0,-196.0,-196.0,-6.533333333333333e-05,43393.0,0
2014-08-08,final_only,635.0,0.0,635.0,0.0,0.0,635.0,635.0,0.00021166666666666667,43453.0,0
2014-08-11,final_only,369.0,0.0,369.0,0.0,0.0,369.0,369.0,0.000123,37361.0,0
2014-08-12,final_only,345.0,0.0,345.0,0.0,0.0,345.0,345.0,0.000115,31669.0,0
2014-08-13,final_only,326.0,0.0,326.0,0.0,0.0,326.0,326.0,0.00010866666666666666,35295.0,0
2014-08-14,final_only,-678.0,0.0,-678.0,0.0,0.0,-678.0,-678.0,-0.000226,27138.0,0
2014-08-15,final_only,1221.0,0.0,1221.0,0.0,0.0,1221.0,1221.0,0.000407,23251.0,0
2014-08-18,final_only,-949.0,0.0,-949.0,0.0,0.0,-949.0,-949.0,-0.00031633333333333334,26877.0,0
2014-08-19,final_only,211.0,0.0,211.0,0.0,0.0,211.0,211.0,7.033333333333334e-05,29074.0,0
2014-08-20,final_only,-229.0,0.0,-229.0,0.0,0.0,-229.0,-229.0,-7.633333333333334e-05,37101.0,0
2014-08-21,final_only,311.0,0.0,311.0,0.0,0.0,311.0,311.0,0.00010366666666666666,28087.0,0
2014-08-22,final_only,488.0,0.0,488.0,0.0,0.0,488.0,488.0,0.00016266666666666667,31119.0,0
2014-08-25,final_only,675.0,0.0,675.0,0.0,0.0,675.0,675.0,0.000225,23251.0,0
2014-08-26,final_only,225.0,0.0,225.0,0.0,0.0,225.0,225.0,7.5e-05,23232.0,0
2014-08-27,final_only,117.0,0.0,117.0,0.0,0.0,117.0,117.0,3.9e-05,16058.0,0
2014-08-28,final_only,-65.0,0.0,-65.0,0.0,0.0,-65.0,-65.0,-2.1666666666666667e-05,15986.0,0
2014-08-29,final_only,818.0,0.0,818.0,0.0,0.0,818.0,818.0,0.00027266666666666666,28153.0,0
2014-09-01,final_only,614.0,0.0,614.0,0.0,0.0,614.0,614.0,0.00020466666666666666,24217.0,0
2014-09-02,final_only,1408.0,0.0,1408.0,0.0,0.0,1408.0,1408.0,0.0004693333333333333,19737.0,0
2014-09-03,final_only,-141.0,0.0,-141.0,0.0,0.0,-141.0,-141.0,-4.7e-05,24568.0,0
2014-09-04,final_only,524.0,0.0,524.0,0.0,0.0,524.0,524.0,0.00017466666666666667,19610.0,0
2014-09-05,final_only,-47.0,0.0,-47.0,0.0,0.0,-47.0,-47.0,-1.5666666666666667e-05,24161.0,0
2014-09-09,final_only,-1082.0,0.0,-1082.0,0.0,0.0,-1082.0,-1082.0,-0.0003606666666666667,35341.0,0
2014-09-10,final_only,289.0,0.0,289.0,0.0,0.0,289.0,289.0,9.633333333333333e-05,19263.0,0
2014-09-11,final_only,-910.0,0.0,-910.0,0.0,0.0,-910.0,-910.0,-0.00030333333333333335,19206.0,0
2014-09-12,final_only,34.0,0.0,34.0,0.0,0.0,34.0,34.0,1.1333333333333334e-05,27931.0,0
2014-09-15,final_only,-1750.0,0.0,-1750.0,0.0,0.0,-1750.0,-1750.0,-0.0005833333333333334,65113.0,0
2014-09-16,final_only,-550.0,0.0,-550.0,0.0,0.0,-550.0,-550.0,-0.00018333333333333334,15069.0,0
2014-09-17,final_only,3068.0,0.0,3068.0,0.0,0.0,3068.0,3068.0,0.0010226666666666667,42251.0,0
2014-09-18,final_only,6965.0,0.0,6965.0,0.0,0.0,6965.0,6965.0,0.0023216666666666668,41536.0,0
2014-09-19,final_only,0.0,0.0,0.0,0.0,0.0,0.0,0.0,0.0,0.0,0
2014-09-22,final_only,0.0,0.0,0.0,0.0,0.0,0.0,0.0,0.0,0.0,0
2014-09-23,final_only,0.0,0.0,0.0,0.0,0.0,0.0,0.0,0.0,0.0,0
2014-09-24,final_only,0.0,0.0,0.0,0.0,0.0,0.0,0.0,0.0,0.0,0
2014-09-25,final_only,0.0,0.0,0.0,0.0,0.0,0.0,0.0,0.0,0.0,0
2014-09-26,final_only,0.0,0.0,0.0,0.0,0.0,0.0,0.0,0.0,0.0,0
2014-09-29,final_only,0.0,0.0,0.0,0.0,0.0,0.0,0.0,0.0,0.0,0
2014-09-30,final_only,0.0,0.0,0.0,0.0,0.0,0.0,0.0,0.0,0.0,0
2014-10-08,final_only,0.0,0.0,0.0,0.0,0.0,0.0,0.0,0.0,0.0,0
2014-10-09,final_only,0.0,0.0,0.0,0.0,0.0,0.0,0.0,0.0,0.0,0
2014-10-10,final_only,0.0,0.0,0.0,0.0,0.0,0.0,0.0,0.0,0.0,0
2014-10-13,final_only,0.0,0.0,0.0,0.0,0.0,0.0,0.0,0.0,0.0,0
2014-10-14,final_only,0.0,0.0,0.0,0.0,0.0,0.0,0.0,0.0,0.0,0
2014-10-15,final_only,0.0,0.0,0.0,0.0,0.0,0.0,0.0,0.0,0.0,0
2014-10-16,final_only,0.0,0.0,0.0,0.0,0.0,0.0,0.0,0.0,0.0,0
2014-10-17,final_only,0.0,0.0,0.0,0.0,0.0,0.0,0.0,0.0,0.0,0
2014-10-20,final_only,0.0,0.0,0.0,0.0,0.0,0.0,0.0,0.0,0.0,0
2014-10-21,final_only,0.0,0.0,0.0,0.0,0.0,0.0,0.0,0.0,0.0,0
2014-10-22,final_only,0.0,0.0,0.0,0.0,0.0,0.0,0.0,0.0,0.0,0
2014-10-23,final_only,0.0,0.0,0.0,0.0,0.0,0.0,0.0,0.0,0.0,0
2014-10-24,final_only,0.0,0.0,0.0,0.0,0.0,0.0,0.0,0.0,0.0,0
2014-10-27,final_only,0.0,0.0,0.0,0.0,0.0,0.0,0.0,0.0,0.0,0
2014-10-28,final_only,0.0,0.0,0.0,0.0,0.0,0.0,0.0,0.0,0.0,0
2014-10-29,final_only,0.0,0.0,0.0,0.0,0.0,0.0,0.0,0.0,0.0,0
2014-10-30,final_only,0.0,0.0,0.0,0.0,0.0,0.0,0.0,0.0,0.0,0
2014-10-31,final_only,0.0,0.0,0.0,0.0,0.0,0.0,0.0,0.0,0.0,0
2014-11-03,final_only,0.0,0.0,0.0,0.0,0.0,0.0,0.0,0.0,0.0,0
2014-11-04,final_only,0.0,0.0,0.0,0.0,0.0,0.0,0.0,0.0,0.0,0
2014-11-05,final_only,0.0,0.0,0.0,0.0,0.0,0.0,0.0,0.0,0.0,0
2014-11-06,final_only,0.0,0.0,0.0,0.0,0.0,0.0,0.0,0.0,0.0,0
2014-11-07,final_only,0.0,0.0,0.0,0.0,0.0,0.0,0.0,0.0,0.0,0
2014-11-10,final_only,0.0,0.0,0.0,0.0,0.0,0.0,0.0,0.0,0.0,0
2014-11-11,final_only,0.0,0.0,0.0,0.0,0.0,0.0,0.0,0.0,0.0,0
2014-11-12,final_only,0.0,0.0,0.0,0.0,0.0,0.0,0.0,0.0,0.0,0
2014-11-13,final_only,0.0,0.0,0.0,0.0,0.0,0.0,0.0,0.0,0.0,0
2014-11-14,final_only,0.0,0.0,0.0,0.0,0.0,0.0,0.0,0.0,0.0,0
2014-11-17,final_only,0.0,0.0,0.0,0.0,0.0,0.0,0.0,0.0,0.0,0
2014-11-18,final_only,0.0,0.0,0.0,0.0,0.0,0.0,0.0,0.0,0.0,0
2014-11-19,final_only,0.0,0.0,0.0,0.0,0.0,0.0,0.0,0.0,0.0,0
2014-11-20,final_only,0.0,0.0,0.0,0.0,0.0,0.0,0.0,0.0,0.0,0
2014-11-21,final_only,0.0,0.0,0.0,0.0,0.0,0.0,0.0,0.0,0.0,0
2014-11-24,final_only,0.0,0.0,0.0,0.0,0.0,0.0,0.0,0.0,0.0,0
2014-11-25,final_only,0.0,0.0,0.0,0.0,0.0,0.0,0.0,0.0,0.0,0
2014-11-26,final_only,0.0,0.0,0.0,0.0,0.0,0.0,0.0,0.0,0.0,0
2014-11-27,final_only,0.0,0.0,0.0,0.0,0.0,0.0,0.0,0.0,0.0,0
2014-11-28,final_only,0.0,0.0,0.0,0.0,0.0,0.0,0.0,0.0,0.0,0
2014-12-01,final_only,0.0,0.0,0.0,0.0,0.0,0.0,0.0,0.0,0.0,0
2014-12-02,final_only,0.0,0.0,0.0,0.0,0.0,0.0,0.0,0.0,0.0,0
2014-12-03,final_only,0.0,0.0,0.0,0.0,0.0,0.0,0.0,0.0,0.0,0
2014-12-04,final_only,0.0,0.0,0.0,0.0,0.0,0.0,0.0,0.0,0.0,0
2014-12-05,final_only,0.0,0.0,0.0,0.0,0.0,0.0,0.0,0.0,0.0,0
2014-12-08,final_only,0.0,0.0,0.0,0.0,0.0,0.0,0.0,0.0,0.0,0
2014-12-09,final_only,0.0,0.0,0.0,0.0,0.0,0.0,0.0,0.0,0.0,0
2014-12-10,final_only,0.0,0.0,0.0,0.0,0.0,0.0,0.0,0.0,0.0,0
2014-12-11,final_only,0.0,0.0,0.0,0.0,0.0,0.0,0.0,0.0,0.0,0
2014-12-12,final_only,0.0,0.0,0.0,0.0,0.0,0.0,0.0,0.0,0.0,0
2014-12-15,final_only,0.0,0.0,0.0,0.0,0.0,0.0,0.0,0.0,0.0,0
2014-12-16,final_only,0.0,0.0,0.0,0.0,0.0,0.0,0.0,0.0,0.0,0
2014-12-17,final_only,0.0,0.0,0.0,0.0,0.0,0.0,0.0,0.0,0.0,0
2014-12-18,final_only,0.0,0.0,0.0,0.0,0.0,0.0,0.0,0.0,0.0,0
2014-12-19,final_only,0.0,0.0,0.0,0.0,0.0,0.0,0.0,0.0,0.0,0
2014-12-22,final_only,0.0,0.0,0.0,0.0,0.0,0.0,0.0,0.0,0.0,0
2014-12-23,final_only,0.0,0.0,0.0,0.0,0.0,0.0,0.0,0.0,0.0,0
2014-12-24,final_only,0.0,0.0,0.0,0.0,0.0,0.0,0.0,0.0,0.0,0
2014-12-25,final_only,0.0,0.0,0.0,0.0,0.0,0.0,0.0,0.0,0.0,0
2014-12-26,final_only,0.0,0.0,0.0,0.0,0.0,0.0,0.0,0.0,0.0,0
2014-12-29,final_only,1031.0,0.0,1031.0,0.0,0.0,1031.0,1031.0,0.00034366666666666665,29895.0,0
2014-12-30,final_only,1985.0,0.0,1985.0,0.0,0.0,1985.0,1985.0,0.0006616666666666666,45247.0,0
2014-12-31,final_only,-1432.0,0.0,-1432.0,0.0,0.0,-1432.0,-1432.0,-0.00047733333333333335,39767.0,0
2015-01-05,final_only,2922.0,0.0,2922.0,0.0,0.0,2922.0,2922.0,0.000974,37149.0,0
2015-01-06,final_only,-2720.0,0.0,-2720.0,0.0,0.0,-2720.0,-2720.0,-0.0009066666666666666,36352.0,0
2015-01-07,final_only,-410.0,0.0,-410.0,0.0,0.0,-410.0,-410.0,-0.00013666666666666666,19332.0,0
2015-01-08,final_only,1004.0,0.0,1004.0,0.0,0.0,1004.0,1004.0,0.00033466666666666665,26402.0,0
2015-01-09,final_only,1251.0,0.0,1251.0,0.0,0.0,1251.0,1251.0,0.000417,52334.0,0
2015-01-12,final_only,5164.0,0.0,5164.0,0.0,0.0,5164.0,5164.0,0.0017213333333333334,52602.0,0
2015-01-13,final_only,10019.0,0.0,10019.0,0.0,0.0,10019.0,10019.0,0.0033396666666666666,68959.0,0
2015-01-14,final_only,0.0,0.0,0.0,0.0,0.0,0.0,0.0,0.0,0.0,0
2015-01-15,final_only,0.0,0.0,0.0,0.0,0.0,0.0,0.0,0.0,0.0,0
2015-01-16,final_only,0.0,0.0,0.0,0.0,0.0,0.0,0.0,0.0,0.0,0
2015-01-19,final_only,0.0,0.0,0.0,0.0,0.0,0.0,0.0,0.0,0.0,0
2015-01-20,final_only,0.0,0.0,0.0,0.0,0.0,0.0,0.0,0.0,0.0,0
2015-01-21,final_only,0.0,0.0,0.0,0.0,0.0,0.0,0.0,0.0,0.0,0
2015-01-22,final_only,0.0,0.0,0.0,0.0,0.0,0.0,0.0,0.0,0.0,0
2015-01-23,final_only,0.0,0.0,0.0,0.0,0.0,0.0,0.0,0.0,0.0,0
2015-01-26,final_only,0.0,0.0,0.0,0.0,0.0,0.0,0.0,0.0,0.0,0
2015-01-27,final_only,0.0,0.0,0.0,0.0,0.0,0.0,0.0,0.0,0.0,0
2015-01-28,final_only,0.0,0.0,0.0,0.0,0.0,0.0,0.0,0.0,0.0,0
2015-01-29,final_only,0.0,0.0,0.0,0.0,0.0,0.0,0.0,0.0,0.0,0
2015-01-30,final_only,0.0,0.0,0.0,0.0,0.0,0.0,0.0,0.0,0.0,0
2015-02-02,final_only,0.0,0.0,0.0,0.0,0.0,0.0,0.0,0.0,0.0,0
2015-02-03,final_only,0.0,0.0,0.0,0.0,0.0,0.0,0.0,0.0,0.0,0
2015-02-04,final_only,0.0,0.0,0.0,0.0,0.0,0.0,0.0,0.0,0.0,0
2015-02-05,final_only,0.0,0.0,0.0,0.0,0.0,0.0,0.0,0.0,0.0,0
2015-02-06,final_only,0.0,0.0,0.0,0.0,0.0,0.0,0.0,0.0,0.0,0
2015-02-09,final_only,0.0,0.0,0.0,0.0,0.0,0.0,0.0,0.0,0.0,0
2015-02-10,final_only,0.0,0.0,0.0,0.0,0.0,0.0,0.0,0.0,0.0,0
2015-02-11,final_only,0.0,0.0,0.0,0.0,0.0,0.0,0.0,0.0,0.0,0
2015-02-12,final_only,0.0,0.0,0.0,0.0,0.0,0.0,0.0,0.0,0.0,0
2015-02-13,final_only,0.0,0.0,0.0,0.0,0.0,0.0,0.0,0.0,0.0,0
2015-02-16,final_only,0.0,0.0,0.0,0.0,0.0,0.0,0.0,0.0,0.0,0
2015-02-17,final_only,0.0,0.0,0.0,0.0,0.0,0.0,0.0,0.0,0.0,0
2015-02-25,final_only,0.0,0.0,0.0,0.0,0.0,0.0,0.0,0.0,0.0,0
2015-02-26,final_only,0.0,0.0,0.0,0.0,0.0,0.0,0.0,0.0,0.0,0
2015-02-27,final_only,0.0,0.0,0.0,0.0,0.0,0.0,0.0,0.0,0.0,0
2015-03-02,final_only,0.0,0.0,0.0,0.0,0.0,0.0,0.0,0.0,0.0,0
2015-03-03,final_only,-218.0,0.0,-218.0,0.0,0.0,-218.0,-218.0,-7.266666666666667e-05,18559.0,0
2015-03-04,final_only,-170.0,0.0,-170.0,0.0,0.0,-170.0,-170.0,-5.6666666666666664e-05,20492.0,0
2015-03-05,final_only,-228.0,0.0,-228.0,0.0,0.0,-228.0,-228.0,-7.6e-05,10965.0,0
2015-03-06,final_only,26.0,0.0,26.0,0.0,0.0,26.0,26.0,8.666666666666666e-06,13228.0,0
2015-03-09,final_only,42.0,0.0,42.0,0.0,0.0,42.0,42.0,1.4e-05,23440.0,0
2015-03-10,final_only,55.0,0.0,55.0,0.0,0.0,55.0,55.0,1.8333333333333333e-05,5811.0,0
2015-03-11,final_only,-150.0,0.0,-150.0,0.0,0.0,-150.0,-150.0,-5e-05,5808.0,0
2015-03-12,final_only,-505.0,0.0,-505.0,0.0,0.0,-505.0,-505.0,-0.00016833333333333332,23538.0,0
2015-03-13,final_only,-748.0,0.0,-748.0,0.0,0.0,-748.0,-748.0,-0.00024933333333333334,22417.0,0
2015-03-16,final_only,771.0,0.0,771.0,0.0,0.0,771.0,771.0,0.000257,37974.0,0
2015-03-17,final_only,-658.0,0.0,-658.0,0.0,0.0,-658.0,-658.0,-0.00021933333333333334,37528.0,0
2015-03-18,final_only,326.0,0.0,326.0,0.0,0.0,326.0,326.0,0.00010866666666666666,26101.0,0
2015-03-19,final_only,1416.0,0.0,1416.0,0.0,0.0,1416.0,1416.0,0.000472,20113.0,0
2015-03-20,final_only,232.0,0.0,232.0,0.0,0.0,232.0,232.0,7.733333333333333e-05,37307.0,0
2015-03-23,final_only,795.0,0.0,795.0,0.0,0.0,795.0,795.0,0.000265,37156.0,0
2015-03-24,final_only,3511.0,0.0,3511.0,0.0,0.0,3511.0,3511.0,0.0011703333333333333,48143.0,0
2015-03-25,final_only,1067.0,0.0,1067.0,0.0,0.0,1067.0,1067.0,0.0003556666666666667,43488.0,0
2015-03-26,final_only,2642.0,0.0,2642.0,0.0,0.0,2642.0,2642.0,0.0008806666666666666,44438.0,0
2015-03-27,final_only,1666.0,0.0,1666.0,0.0,0.0,1666.0,1666.0,0.0005553333333333334,56836.0,0
2015-03-30,final_only,689.0,0.0,689.0,0.0,0.0,689.0,689.0,0.00022966666666666667,39324.0,0
2015-03-31,final_only,223.0,0.0,223.0,0.0,0.0,223.0,223.0,7.433333333333333e-05,35955.0,0
2015-04-01,final_only,1674.0,0.0,1674.0,0.0,0.0,1674.0,1674.0,0.000558,43781.0,0
2015-04-02,final_only,-2150.0,0.0,-2150.0,0.0,0.0,-2150.0,-2150.0,-0.0007166666666666667,43673.0,0
2015-04-03,final_only,1146.0,0.0,1146.0,0.0,0.0,1146.0,1146.0,0.000382,45205.0,0
2015-04-07,final_only,794.0,0.0,794.0,0.0,0.0,794.0,794.0,0.0002646666666666667,47976.0,0
2015-04-08,final_only,1085.0,0.0,1085.0,0.0,0.0,1085.0,1085.0,0.00036166666666666666,48441.0,0
2015-04-09,final_only,5455.0,0.0,5455.0,0.0,0.0,5455.0,5455.0,0.0018183333333333333,48241.0,0
2015-04-10,final_only,-3568.0,0.0,-3568.0,0.0,0.0,-3568.0,-3568.0,-0.0011893333333333333,35998.0,0
2015-04-13,final_only,-1928.0,0.0,-1928.0,0.0,0.0,-1928.0,-1928.0,-0.0006426666666666667,20578.0,0
2015-04-14,final_only,1142.0,0.0,1142.0,0.0,0.0,1142.0,1142.0,0.0003806666666666667,19501.0,0
2015-04-15,final_only,870.0,0.0,870.0,0.0,0.0,870.0,870.0,0.00029,19572.0,0
2015-04-16,final_only,415.0,0.0,415.0,0.0,0.0,415.0,415.0,0.00013833333333333333,24885.0,0
2015-04-17,final_only,-516.0,0.0,-516.0,0.0,0.0,-516.0,-516.0,-0.000172,22267.0,0
2015-04-20,final_only,6.0,0.0,6.0,0.0,0.0,6.0,6.0,2e-06,25135.0,0
2015-04-21,final_only,-725.0,0.0,-725.0,0.0,0.0,-725.0,-725.0,-0.00024166666666666667,17260.0,0
2015-04-22,final_only,-1062.0,0.0,-1062.0,0.0,0.0,-1062.0,-1062.0,-0.000354,28122.0,0
2015-04-23,final_only,-172.0,0.0,-172.0,0.0,0.0,-172.0,-172.0,-5.7333333333333336e-05,25971.0,0
2015-04-24,final_only,1943.0,0.0,1943.0,0.0,0.0,1943.0,1943.0,0.0006476666666666666,33099.0,0
2015-04-27,final_only,-2206.0,0.0,-2206.0,0.0,0.0,-2206.0,-2206.0,-0.0007353333333333333,32221.0,0
2015-04-28,final_only,-1472.0,0.0,-1472.0,0.0,0.0,-1472.0,-1472.0,-0.0004906666666666667,42982.0,0
2015-04-29,final_only,3970.0,0.0,3970.0,0.0,0.0,3970.0,3970.0,0.0013233333333333333,45466.0,0
2015-04-30,final_only,12436.0,0.0,12436.0,0.0,0.0,12436.0,12436.0,0.004145333333333333,73460.0,0
2015-05-04,final_only,0.0,0.0,0.0,0.0,0.0,0.0,0.0,0.0,0.0,0
2015-05-05,final_only,0.0,0.0,0.0,0.0,0.0,0.0,0.0,0.0,0.0,0
2015-05-06,final_only,0.0,0.0,0.0,0.0,0.0,0.0,0.0,0.0,0.0,0
2015-05-07,final_only,0.0,0.0,0.0,0.0,0.0,0.0,0.0,0.0,0.0,0
2015-05-08,final_only,0.0,0.0,0.0,0.0,0.0,0.0,0.0,0.0,0.0,0
2015-05-11,final_only,0.0,0.0,0.0,0.0,0.0,0.0,0.0,0.0,0.0,0
2015-05-12,final_only,0.0,0.0,0.0,0.0,0.0,0.0,0.0,0.0,0.0,0
2015-05-13,final_only,0.0,0.0,0.0,0.0,0.0,0.0,0.0,0.0,0.0,0
2015-05-14,final_only,0.0,0.0,0.0,0.0,0.0,0.0,0.0,0.0,0.0,0
2015-05-15,final_only,0.0,0.0,0.0,0.0,0.0,0.0,0.0,0.0,0.0,0
2015-05-18,final_only,0.0,0.0,0.0,0.0,0.0,0.0,0.0,0.0,0.0,0
2015-05-19,final_only,0.0,0.0,0.0,0.0,0.0,0.0,0.0,0.0,0.0,0
2015-05-20,final_only,0.0,0.0,0.0,0.0,0.0,0.0,0.0,0.0,0.0,0
2015-05-21,final_only,0.0,0.0,0.0,0.0,0.0,0.0,0.0,0.0,0.0,0
2015-05-22,final_only,0.0,0.0,0.0,0.0,0.0,0.0,0.0,0.0,0.0,0
2015-05-25,final_only,0.0,0.0,0.0,0.0,0.0,0.0,0.0,0.0,0.0,0
2015-05-26,final_only,0.0,0.0,0.0,0.0,0.0,0.0,0.0,0.0,0.0,0
2015-05-27,final_only,0.0,0.0,0.0,0.0,0.0,0.0,0.0,0.0,0.0,0
2015-05-28,final_only,0.0,0.0,0.0,0.0,0.0,0.0,0.0,0.0,0.0,0
2015-05-29,final_only,0.0,0.0,0.0,0.0,0.0,0.0,0.0,0.0,0.0,0
2015-06-01,final_only,132.0,0.0,132.0,0.0,0.0,132.0,132.0,4.4e-05,21233.0,0
2015-06-02,final_only,-554.0,0.0,-554.0,0.0,0.0,-554.0,-554.0,-0.00018466666666666666,57870.0,0
2015-06-03,final_only,1277.0,0.0,1277.0,0.0,0.0,1277.0,1277.0,0.00042566666666666664,53251.0,0
2015-06-04,final_only,2546.0,0.0,2546.0,0.0,0.0,2546.0,2546.0,0.0008486666666666666,45098.0,0
2015-06-05,final_only,-1909.0,0.0,-1909.0,0.0,0.0,-1909.0,-1909.0,-0.0006363333333333334,55002.0,0
2015-06-08,final_only,-1004.0,0.0,-1004.0,0.0,0.0,-1004.0,-1004.0,-0.00033466666666666665,26837.0,0
2015-06-09,final_only,196.0,0.0,196.0,0.0,0.0,196.0,196.0,6.533333333333333e-05,23383.0,0
2015-06-10,final_only,399.0,0.0,399.0,0.0,0.0,399.0,399.0,0.000133,21041.0,0
2015-06-11,final_only,-737.0,0.0,-737.0,0.0,0.0,-737.0,-737.0,-0.00024566666666666666,23338.0,0
2015-06-12,final_only,-551.0,0.0,-551.0,0.0,0.0,-551.0,-551.0,-0.00018366666666666667,20804.0,0
2015-06-15,final_only,-1534.0,0.0,-1534.0,0.0,0.0,-1534.0,-1534.0,-0.0005113333333333334,26483.0,0
2015-06-16,final_only,-1802.0,0.0,-1802.0,0.0,0.0,-1802.0,-1802.0,-0.0006006666666666667,28983.0,0
2015-06-17,final_only,-778.0,0.0,-778.0,0.0,0.0,-778.0,-778.0,-0.0002593333333333333,25261.0,0
2015-06-18,final_only,277.0,0.0,277.0,0.0,0.0,277.0,277.0,9.233333333333333e-05,21376.0,0
2015-06-19,final_only,-480.0,0.0,-480.0,0.0,0.0,-480.0,-480.0,-0.00016,23522.0,0
2015-06-23,final_only,-1356.0,0.0,-1356.0,0.0,0.0,-1356.0,-1356.0,-0.000452,34289.0,0
2015-06-24,final_only,-381.0,0.0,-381.0,0.0,0.0,-381.0,-381.0,-0.000127,41353.0,0
2015-06-25,final_only,109.0,0.0,109.0,0.0,0.0,109.0,109.0,3.633333333333333e-05,52108.0,0
2015-06-26,final_only,-296.0,0.0,-296.0,0.0,0.0,-296.0,-296.0,-9.866666666666666e-05,32099.0,0
2015-06-29,final_only,1381.0,0.0,1381.0,0.0,0.0,1381.0,1381.0,0.0004603333333333333,47499.0,0
2015-06-30,final_only,518.0,0.0,518.0,0.0,0.0,518.0,518.0,0.00017266666666666667,33189.0,0
2015-07-01,final_only,-527.0,0.0,-527.0,0.0,0.0,-527.0,-527.0,-0.00017566666666666666,49058.0,0
2015-07-02,final_only,-272.0,0.0,-272.0,0.0,0.0,-272.0,-272.0,-9.066666666666667e-05,22722.0,0
2015-07-03,final_only,1389.0,0.0,1389.0,0.0,0.0,1389.0,1389.0,0.000463,15488.0,0
2015-07-06,final_only,1040.0,0.0,1040.0,0.0,0.0,1040.0,1040.0,0.00034666666666666667,23437.0,0
2015-07-07,final_only,-484.0,0.0,-484.0,0.0,0.0,-484.0,-484.0,-0.00016133333333333334,23188.0,0
2015-07-08,final_only,4841.0,0.0,4841.0,0.0,0.0,4841.0,4841.0,0.0016136666666666667,55087.0,0
2015-07-09,final_only,379.0,0.0,379.0,0.0,0.0,379.0,379.0,0.00012633333333333333,46009.0,0
2015-07-10,final_only,731.0,0.0,731.0,0.0,0.0,731.0,731.0,0.00024366666666666666,24110.0,0
2015-07-13,final_only,-1123.0,0.0,-1123.0,0.0,0.0,-1123.0,-1123.0,-0.00037433333333333334,38969.0,0
2015-07-14,final_only,-796.0,0.0,-796.0,0.0,0.0,-796.0,-796.0,-0.00026533333333333335,30002.0,0
2015-07-15,final_only,509.0,0.0,509.0,0.0,0.0,509.0,509.0,0.00016966666666666668,33612.0,0
2015-07-16,final_only,-911.0,0.0,-911.0,0.0,0.0,-911.0,-911.0,-0.00030366666666666666,30772.0,0
2015-07-17,final_only,-1358.0,0.0,-1358.0,0.0,0.0,-1358.0,-1358.0,-0.00045266666666666665,56581.0,0
2015-07-20,final_only,1408.0,0.0,1408.0,0.0,0.0,1408.0,1408.0,0.0004693333333333333,76283.0,0
2015-07-21,final_only,2260.0,0.0,2260.0,0.0,0.0,2260.0,2260.0,0.0007533333333333333,75749.0,0
2015-07-22,final_only,3249.0,0.0,3249.0,0.0,0.0,3249.0,3249.0,0.001083,95521.0,0
2015-07-23,final_only,879.0,0.0,879.0,0.0,0.0,879.0,879.0,0.000293,49892.0,0
2015-07-24,final_only,-4942.0,0.0,-4942.0,0.0,0.0,-4942.0,-4942.0,-0.0016473333333333333,90401.0,0
2015-07-27,final_only,807.0,0.0,807.0,0.0,0.0,807.0,807.0,0.000269,27131.0,0
2015-07-28,final_only,-400.0,0.0,-400.0,0.0,0.0,-400.0,-400.0,-0.00013333333333333334,29350.0,0
2015-07-29,final_only,-3901.0,0.0,-3901.0,0.0,0.0,-3901.0,-3901.0,-0.0013003333333333332,50102.0,0
2015-07-30,final_only,1228.0,0.0,1228.0,0.0,0.0,1228.0,1228.0,0.0004093333333333333,79656.0,0
2015-07-31,final_only,-393.0,0.0,-393.0,0.0,0.0,-393.0,-393.0,-0.000131,27503.0,0
2015-08-03,final_only,410.0,0.0,410.0,0.0,0.0,410.0,410.0,0.00013666666666666666,23478.0,0
2015-08-04,final_only,-899.0,0.0,-899.0,0.0,0.0,-899.0,-899.0,-0.00029966666666666667,29685.0,0
2015-08-05,final_only,-313.0,0.0,-313.0,0.0,0.0,-313.0,-313.0,-0.00010433333333333334,55422.0,0
2015-08-06,final_only,467.0,0.0,467.0,0.0,0.0,467.0,467.0,0.00015566666666666666,65709.0,0
2015-08-07,final_only,-2289.0,0.0,-2289.0,0.0,0.0,-2289.0,-2289.0,-0.000763,63302.0,0
2015-08-10,final_only,-916.0,0.0,-916.0,0.0,0.0,-916.0,-916.0,-0.00030533333333333335,48240.0,0
2015-08-11,final_only,-1591.0,0.0,-1591.0,0.0,0.0,-1591.0,-1591.0,-0.0005303333333333333,56434.0,0
2015-08-12,final_only,-1493.0,0.0,-1493.0,0.0,0.0,-1493.0,-1493.0,-0.0004976666666666667,23165.0,0
2015-08-13,final_only,-788.0,0.0,-788.0,0.0,0.0,-788.0,-788.0,-0.0002626666666666667,20551.0,0
2015-08-14,final_only,3374.0,0.0,3374.0,0.0,0.0,3374.0,3374.0,0.0011246666666666666,49223.0,0
2015-08-17,final_only,-1439.0,0.0,-1439.0,0.0,0.0,-1439.0,-1439.0,-0.00047966666666666665,74675.0,0
2015-08-18,final_only,-611.0,0.0,-611.0,0.0,0.0,-611.0,-611.0,-0.00020366666666666667,67126.0,0
2015-08-19,final_only,139.0,0.0,139.0,0.0,0.0,139.0,139.0,4.633333333333333e-05,45587.0,0
2015-08-20,final_only,-305.0,0.0,-305.0,0.0,0.0,-305.0,-305.0,-0.00010166666666666667,47791.0,0
2015-08-21,final_only,5106.0,0.0,5106.0,0.0,0.0,5106.0,5106.0,0.001702,62242.0,0
2015-08-24,final_only,589.0,0.0,589.0,0.0,0.0,589.0,589.0,0.00019633333333333333,56698.0,0
2015-08-25,final_only,-368.0,0.0,-368.0,0.0,0.0,-368.0,-368.0,-0.00012266666666666668,28328.0,0
2015-08-26,final_only,449.0,0.0,449.0,0.0,0.0,449.0,449.0,0.00014966666666666665,52443.0,0
2015-08-27,final_only,-609.0,0.0,-609.0,0.0,0.0,-609.0,-609.0,-0.000203,30038.0,0
2015-08-28,final_only,1079.0,0.0,1079.0,0.0,0.0,1079.0,1079.0,0.00035966666666666666,69779.0,0
2015-08-31,final_only,870.0,0.0,870.0,0.0,0.0,870.0,870.0,0.00029,61024.0,0
2015-09-01,final_only,-2695.0,0.0,-2695.0,0.0,0.0,-2695.0,-2695.0,-0.0008983333333333333,51582.0,0
2015-09-02,final_only,-2608.0,0.0,-2608.0,0.0,0.0,-2608.0,-2608.0,-0.0008693333333333333,61484.0,0
2015-09-07,final_only,-1715.0,0.0,-1715.0,0.0,0.0,-1715.0,-1715.0,-0.0005716666666666667,43727.0,0
2015-09-08,final_only,-1145.0,0.0,-1145.0,0.0,0.0,-1145.0,-1145.0,-0.00038166666666666666,61094.0,0
2015-09-09,final_only,-76.0,0.0,-76.0,0.0,0.0,-76.0,-76.0,-2.5333333333333334e-05,47200.0,0
2015-09-10,final_only,385.0,0.0,385.0,0.0,0.0,385.0,385.0,0.00012833333333333333,47184.0,0
2015-09-11,final_only,-3185.0,0.0,-3185.0,0.0,0.0,-3185.0,-3185.0,-0.0010616666666666667,47233.0,0
2015-09-14,final_only,-1376.0,0.0,-1376.0,0.0,0.0,-1376.0,-1376.0,-0.0004586666666666667,49148.0,0
2015-09-15,final_only,-1532.0,0.0,-1532.0,0.0,0.0,-1532.0,-1532.0,-0.0005106666666666666,52753.0,0
2015-09-16,final_only,141.0,0.0,141.0,0.0,0.0,141.0,141.0,4.7e-05,24122.0,0
2015-09-17,final_only,-1287.0,0.0,-1287.0,0.0,0.0,-1287.0,-1287.0,-0.000429,53463.0,0
2015-09-18,final_only,-925.0,0.0,-925.0,0.0,0.0,-925.0,-925.0,-0.0003083333333333333,30909.0,0
2015-09-21,final_only,-26.0,0.0,-26.0,0.0,0.0,-26.0,-26.0,-8.666666666666666e-06,32562.0,0
2015-09-22,final_only,-448.0,0.0,-448.0,0.0,0.0,-448.0,-448.0,-0.00014933333333333332,32640.0,0
2015-09-23,final_only,1071.0,0.0,1071.0,0.0,0.0,1071.0,1071.0,0.000357,29315.0,0
2015-09-24,final_only,10.0,0.0,10.0,0.0,0.0,10.0,10.0,3.3333333333333333e-06,23992.0,0
2015-09-25,final_only,-357.0,0.0,-357.0,0.0,0.0,-357.0,-357.0,-0.000119,26599.0,0
2015-09-28,final_only,2435.0,0.0,2435.0,0.0,0.0,2435.0,2435.0,0.0008116666666666667,44909.0,0
2015-09-29,final_only,608.0,0.0,608.0,0.0,0.0,608.0,608.0,0.00020266666666666667,44758.0,0
2015-09-30,final_only,-1072.0,0.0,-1072.0,0.0,0.0,-1072.0,-1072.0,-0.0003573333333333333,47413.0,0
2015-10-08,final_only,8818.0,0.0,8818.0,0.0,0.0,8818.0,8818.0,0.0029393333333333333,39270.0,0
2015-10-09,final_only,0.0,0.0,0.0,0.0,0.0,0.0,0.0,0.0,0.0,0
2015-10-12,final_only,0.0,0.0,0.0,0.0,0.0,0.0,0.0,0.0,0.0,0
2015-10-13,final_only,0.0,0.0,0.0,0.0,0.0,0.0,0.0,0.0,0.0,0
2015-10-14,final_only,0.0,0.0,0.0,0.0,0.0,0.0,0.0,0.0,0.0,0
2015-10-15,final_only,0.0,0.0,0.0,0.0,0.0,0.0,0.0,0.0,0.0,0
2015-10-16,final_only,0.0,0.0,0.0,0.0,0.0,0.0,0.0,0.0,0.0,0
2015-10-19,final_only,0.0,0.0,0.0,0.0,0.0,0.0,0.0,0.0,0.0,0
2015-10-20,final_only,0.0,0.0,0.0,0.0,0.0,0.0,0.0,0.0,0.0,0
2015-10-21,final_only,0.0,0.0,0.0,0.0,0.0,0.0,0.0,0.0,0.0,0
2015-10-22,final_only,0.0,0.0,0.0,0.0,0.0,0.0,0.0,0.0,0.0,0
2015-10-23,final_only,0.0,0.0,0.0,0.0,0.0,0.0,0.0,0.0,0.0,0
2015-10-26,final_only,0.0,0.0,0.0,0.0,0.0,0.0,0.0,0.0,0.0,0
2015-10-27,final_only,0.0,0.0,0.0,0.0,0.0,0.0,0.0,0.0,0.0,0
2015-10-28,final_only,0.0,0.0,0.0,0.0,0.0,0.0,0.0,0.0,0.0,0
2015-10-29,final_only,0.0,0.0,0.0,0.0,0.0,0.0,0.0,0.0,0.0,0
2015-10-30,final_only,0.0,0.0,0.0,0.0,0.0,0.0,0.0,0.0,0.0,0
2015-11-02,final_only,0.0,0.0,0.0,0.0,0.0,0.0,0.0,0.0,0.0,0
2015-11-03,final_only,0.0,0.0,0.0,0.0,0.0,0.0,0.0,0.0,0.0,0
2015-11-04,final_only,0.0,0.0,0.0,0.0,0.0,0.0,0.0,0.0,0.0,0
2015-11-05,final_only,0.0,0.0,0.0,0.0,0.0,0.0,0.0,0.0,0.0,0
2015-11-06,final_only,0.0,0.0,0.0,0.0,0.0,0.0,0.0,0.0,0.0,0
2015-11-09,final_only,0.0,0.0,0.0,0.0,0.0,0.0,0.0,0.0,0.0,0
2015-11-10,final_only,0.0,0.0,0.0,0.0,0.0,0.0,0.0,0.0,0.0,0
2015-11-11,final_only,0.0,0.0,0.0,0.0,0.0,0.0,0.0,0.0,0.0,0
2015-11-12,final_only,0.0,0.0,0.0,0.0,0.0,0.0,0.0,0.0,0.0,0
2015-11-13,final_only,0.0,0.0,0.0,0.0,0.0,0.0,0.0,0.0,0.0,0
2015-11-16,final_only,0.0,0.0,0.0,0.0,0.0,0.0,0.0,0.0,0.0,0
2015-11-17,final_only,0.0,0.0,0.0,0.0,0.0,0.0,0.0,0.0,0.0,0
2015-11-18,final_only,0.0,0.0,0.0,0.0,0.0,0.0,0.0,0.0,0.0,0
2015-11-19,final_only,0.0,0.0,0.0,0.0,0.0,0.0,0.0,0.0,0.0,0
2015-11-20,final_only,0.0,0.0,0.0,0.0,0.0,0.0,0.0,0.0,0.0,0
2015-11-23,final_only,0.0,0.0,0.0,0.0,0.0,0.0,0.0,0.0,0.0,0
2015-11-24,final_only,0.0,0.0,0.0,0.0,0.0,0.0,0.0,0.0,0.0,0
2015-11-25,final_only,0.0,0.0,0.0,0.0,0.0,0.0,0.0,0.0,0.0,0
2015-11-26,final_only,0.0,0.0,0.0,0.0,0.0,0.0,0.0,0.0,0.0,0
2015-11-27,final_only,0.0,0.0,0.0,0.0,0.0,0.0,0.0,0.0,0.0,0
2015-11-30,final_only,0.0,0.0,0.0,0.0,0.0,0.0,0.0,0.0,0.0,0
2015-12-01,final_only,0.0,0.0,0.0,0.0,0.0,0.0,0.0,0.0,0.0,0
2015-12-02,final_only,0.0,0.0,0.0,0.0,0.0,0.0,0.0,0.0,0.0,0
2015-12-03,final_only,0.0,0.0,0.0,0.0,0.0,0.0,0.0,0.0,0.0,0
2015-12-04,final_only,0.0,0.0,0.0,0.0,0.0,0.0,0.0,0.0,0.0,0
2015-12-07,final_only,0.0,0.0,0.0,0.0,0.0,0.0,0.0,0.0,0.0,0
2015-12-08,final_only,0.0,0.0,0.0,0.0,0.0,0.0,0.0,0.0,0.0,0
2015-12-09,final_only,0.0,0.0,0.0,0.0,0.0,0.0,0.0,0.0,0.0,0
2015-12-10,final_only,0.0,0.0,0.0,0.0,0.0,0.0,0.0,0.0,0.0,0
2015-12-11,final_only,0.0,0.0,0.0,0.0,0.0,0.0,0.0,0.0,0.0,0
2015-12-14,final_only,0.0,0.0,0.0,0.0,0.0,0.0,0.0,0.0,0.0,0
2015-12-15,final_only,0.0,0.0,0.0,0.0,0.0,0.0,0.0,0.0,0.0,0
2015-12-16,final_only,0.0,0.0,0.0,0.0,0.0,0.0,0.0,0.0,0.0,0
2015-12-17,final_only,0.0,0.0,0.0,0.0,0.0,0.0,0.0,0.0,0.0,0
2015-12-18,final_only,-248.0,0.0,-248.0,0.0,0.0,-248.0,-248.0,-8.266666666666667e-05,15545.0,0
2015-12-21,final_only,-628.0,0.0,-628.0,0.0,0.0,-628.0,-628.0,-0.00020933333333333334,12387.0,0
2015-12-22,final_only,-1532.0,0.0,-1532.0,0.0,0.0,-1532.0,-1532.0,-0.0005106666666666666,57794.0,0
2015-12-23,final_only,2441.0,0.0,2441.0,0.0,0.0,2441.0,2441.0,0.0008136666666666666,63135.0,0
2015-12-24,final_only,-33.0,0.0,-33.0,0.0,0.0,-33.0,-33.0,-1.1e-05,42342.0,0
2015-12-25,final_only,3606.0,0.0,3606.0,0.0,0.0,3606.0,3606.0,0.001202,41369.0,0
2015-12-28,final_only,-1948.0,0.0,-1948.0,0.0,0.0,-1948.0,-1948.0,-0.0006493333333333334,40198.0,0
2015-12-29,final_only,590.0,0.0,590.0,0.0,0.0,590.0,590.0,0.00019666666666666666,18943.0,0
2015-12-30,final_only,530.0,0.0,530.0,0.0,0.0,530.0,530.0,0.00017666666666666666,19066.0,0
2015-12-31,final_only,-1120.0,0.0,-1120.0,0.0,0.0,-1120.0,-1120.0,-0.0003733333333333333,19174.0,0
2016-01-04,final_only,539.0,0.0,539.0,0.0,0.0,539.0,539.0,0.00017966666666666668,11967.0,0
2016-01-05,final_only,-1084.0,0.0,-1084.0,0.0,0.0,-1084.0,-1084.0,-0.00036133333333333335,18781.0,0
2016-01-06,final_only,-262.0,0.0,-262.0,0.0,0.0,-262.0,-262.0,-8.733333333333333e-05,8081.0,0
2016-01-07,final_only,-1116.0,0.0,-1116.0,0.0,0.0,-1116.0,-1116.0,-0.000372,15780.0,0
2016-01-08,final_only,-580.0,0.0,-580.0,0.0,0.0,-580.0,-580.0,-0.00019333333333333333,12041.0,0
2016-01-11,final_only,2094.0,0.0,2094.0,0.0,0.0,2094.0,2094.0,0.000698,49921.0,0
2016-01-12,final_only,1625.0,0.0,1625.0,0.0,0.0,1625.0,1625.0,0.0005416666666666666,37545.0,0
2016-01-13,final_only,-3408.0,0.0,-3408.0,0.0,0.0,-3408.0,-3408.0,-0.001136,39040.0,0
2016-01-14,final_only,1303.0,0.0,1303.0,0.0,0.0,1303.0,1303.0,0.00043433333333333334,36006.0,0
2016-01-15,final_only,-2481.0,0.0,-2481.0,0.0,0.0,-2481.0,-2481.0,-0.000827,31166.0,0
2016-01-18,final_only,-379.0,0.0,-379.0,0.0,0.0,-379.0,-379.0,-0.00012633333333333333,12588.0,0
2016-01-19,final_only,-854.0,0.0,-854.0,0.0,0.0,-854.0,-854.0,-0.0002846666666666667,13382.0,0
2016-01-20,final_only,-281.0,0.0,-281.0,0.0,0.0,-281.0,-281.0,-9.366666666666666e-05,20593.0,0
2016-01-21,final_only,-664.0,0.0,-664.0,0.0,0.0,-664.0,-664.0,-0.00022133333333333334,14013.0,0
2016-01-22,final_only,-562.0,0.0,-562.0,0.0,0.0,-562.0,-562.0,-0.00018733333333333332,17366.0,0
2016-01-25,final_only,-91.0,0.0,-91.0,0.0,0.0,-91.0,-91.0,-3.0333333333333333e-05,15684.0,0
2016-01-26,final_only,1110.0,0.0,1110.0,0.0,0.0,1110.0,1110.0,0.00037,19043.0,0
2016-01-27,final_only,-1190.0,0.0,-1190.0,0.0,0.0,-1190.0,-1190.0,-0.00039666666666666664,39090.0,0
2016-01-28,final_only,2770.0,0.0,2770.0,0.0,0.0,2770.0,2770.0,0.0009233333333333333,24563.0,0
2016-01-29,final_only,1600.0,0.0,1600.0,0.0,0.0,1600.0,1600.0,0.0005333333333333334,24860.0,0
2016-02-01,final_only,-784.0,0.0,-784.0,0.0,0.0,-784.0,-784.0,-0.0002613333333333333,17394.0,0
2016-02-02,final_only,-316.0,0.0,-316.0,0.0,0.0,-316.0,-316.0,-0.00010533333333333334,32372.0,0
2016-02-03,final_only,1764.0,0.0,1764.0,0.0,0.0,1764.0,1764.0,0.000588,16585.0,0
2016-02-04,final_only,-106.0,0.0,-106.0,0.0,0.0,-106.0,-106.0,-3.5333333333333336e-05,27056.0,0
2016-02-05,final_only,262.0,0.0,262.0,0.0,0.0,262.0,262.0,8.733333333333333e-05,14139.0,0
2016-02-15,final_only,-342.0,0.0,-342.0,0.0,0.0,-342.0,-342.0,-0.000114,27350.0,0
2016-02-16,final_only,-554.0,0.0,-554.0,0.0,0.0,-554.0,-554.0,-0.00018466666666666666,17126.0,0
2016-02-17,final_only,-347.0,0.0,-347.0,0.0,0.0,-347.0,-347.0,-0.00011566666666666667,36382.0,0
2016-02-18,final_only,358.0,0.0,358.0,0.0,0.0,358.0,358.0,0.00011933333333333334,22687.0,0
2016-02-19,final_only,1255.0,0.0,1255.0,0.0,0.0,1255.0,1255.0,0.00041833333333333333,17910.0,0
2016-02-22,final_only,2454.0,0.0,2454.0,0.0,0.0,2454.0,2454.0,0.000818,28594.0,0
2016-02-23,final_only,-174.0,0.0,-174.0,0.0,0.0,-174.0,-174.0,-5.8e-05,26966.0,0
2016-02-24,final_only,-28.0,0.0,-28.0,0.0,0.0,-28.0,-28.0,-9.333333333333333e-06,14464.0,0
2016-02-25,final_only,369.0,0.0,369.0,0.0,0.0,369.0,369.0,0.000123,16658.0,0
2016-02-26,final_only,316.0,0.0,316.0,0.0,0.0,316.0,316.0,0.00010533333333333334,13707.0,0
2016-02-29,final_only,-438.0,0.0,-438.0,0.0,0.0,-438.0,-438.0,-0.000146,25217.0,0
2016-03-01,final_only,675.0,0.0,675.0,0.0,0.0,675.0,675.0,0.000225,24613.0,0
2016-03-02,final_only,190.0,0.0,190.0,0.0,0.0,190.0,190.0,6.333333333333333e-05,48988.0,0
2016-03-03,final_only,1860.0,0.0,1860.0,0.0,0.0,1860.0,1860.0,0.00062,40949.0,0
2016-03-04,final_only,6091.0,0.0,6091.0,0.0,0.0,6091.0,6091.0,0.002030333333333333,75811.0,0
2016-03-07,final_only,726.0,0.0,726.0,0.0,0.0,726.0,726.0,0.000242,56428.0,0
2016-03-08,final_only,-12015.0,0.0,-12015.0,0.0,0.0,-12015.0,-12015.0,-0.004005,76899.0,0
2016-03-09,final_only,0.0,0.0,0.0,0.0,0.0,0.0,0.0,0.0,0.0,0
2016-03-10,final_only,0.0,0.0,0.0,0.0,0.0,0.0,0.0,0.0,0.0,0
2016-03-11,final_only,0.0,0.0,0.0,0.0,0.0,0.0,0.0,0.0,0.0,0
2016-03-14,final_only,0.0,0.0,0.0,0.0,0.0,0.0,0.0,0.0,0.0,0
2016-03-15,final_only,0.0,0.0,0.0,0.0,0.0,0.0,0.0,0.0,0.0,0
2016-03-16,final_only,0.0,0.0,0.0,0.0,0.0,0.0,0.0,0.0,0.0,0
2016-03-17,final_only,0.0,0.0,0.0,0.0,0.0,0.0,0.0,0.0,0.0,0
2016-03-18,final_only,0.0,0.0,0.0,0.0,0.0,0.0,0.0,0.0,0.0,0
2016-03-21,final_only,0.0,0.0,0.0,0.0,0.0,0.0,0.0,0.0,0.0,0
2016-03-22,final_only,0.0,0.0,0.0,0.0,0.0,0.0,0.0,0.0,0.0,0
2016-03-23,final_only,0.0,0.0,0.0,0.0,0.0,0.0,0.0,0.0,0.0,0
2016-03-24,final_only,0.0,0.0,0.0,0.0,0.0,0.0,0.0,0.0,0.0,0
2016-03-25,final_only,0.0,0.0,0.0,0.0,0.0,0.0,0.0,0.0,0.0,0
2016-03-28,final_only,0.0,0.0,0.0,0.0,0.0,0.0,0.0,0.0,0.0,0
2016-03-29,final_only,0.0,0.0,0.0,0.0,0.0,0.0,0.0,0.0,0.0,0
2016-03-30,final_only,0.0,0.0,0.0,0.0,0.0,0.0,0.0,0.0,0.0,0
2016-03-31,final_only,0.0,0.0,0.0,0.0,0.0,0.0,0.0,0.0,0.0,0
2016-04-01,final_only,0.0,0.0,0.0,0.0,0.0,0.0,0.0,0.0,0.0,0
2016-04-05,final_only,0.0,0.0,0.0,0.0,0.0,0.0,0.0,0.0,0.0,0
2016-04-06,final_only,0.0,0.0,0.0,0.0,0.0,0.0,0.0,0.0,0.0,0
2016-04-07,final_only,-653.0,0.0,-653.0,0.0,0.0,-653.0,-653.0,-0.00021766666666666665,17734.0,0
2016-04-08,final_only,3160.0,0.0,3160.0,0.0,0.0,3160.0,3160.0,0.0010533333333333334,55787.0,0
2016-04-11,final_only,2392.0,0.0,2392.0,0.0,0.0,2392.0,2392.0,0.0007973333333333334,61829.0,0
2016-04-12,final_only,-2450.0,0.0,-2450.0,0.0,0.0,-2450.0,-2450.0,-0.0008166666666666667,62652.0,0
2016-04-13,final_only,2781.0,0.0,2781.0,0.0,0.0,2781.0,2781.0,0.000927,54686.0,0
2016-04-14,final_only,-5831.0,0.0,-5831.0,0.0,0.0,-5831.0,-5831.0,-0.0019436666666666667,50680.0,0
2016-04-15,final_only,981.0,0.0,981.0,0.0,0.0,981.0,981.0,0.000327,38894.0,0
2016-04-18,final_only,1639.0,0.0,1639.0,0.0,0.0,1639.0,1639.0,0.0005463333333333333,45288.0,0
2016-04-19,final_only,6360.0,0.0,6360.0,0.0,0.0,6360.0,6360.0,0.00212,43535.0,0
2016-04-20,final_only,0.0,0.0,0.0,0.0,0.0,0.0,0.0,0.0,0.0,0
2016-04-21,final_only,0.0,0.0,0.0,0.0,0.0,0.0,0.0,0.0,0.0,0
2016-04-22,final_only,0.0,0.0,0.0,0.0,0.0,0.0,0.0,0.0,0.0,0
2016-04-25,final_only,0.0,0.0,0.0,0.0,0.0,0.0,0.0,0.0,0.0,0
2016-04-26,final_only,0.0,0.0,0.0,0.0,0.0,0.0,0.0,0.0,0.0,0
2016-04-27,final_only,0.0,0.0,0.0,0.0,0.0,0.0,0.0,0.0,0.0,0
2016-04-28,final_only,0.0,0.0,0.0,0.0,0.0,0.0,0.0,0.0,0.0,0
2016-04-29,final_only,0.0,0.0,0.0,0.0,0.0,0.0,0.0,0.0,0.0,0
2016-05-03,final_only,0.0,0.0,0.0,0.0,0.0,0.0,0.0,0.0,0.0,0
2016-05-04,final_only,0.0,0.0,0.0,0.0,0.0,0.0,0.0,0.0,0.0,0
2016-05-05,final_only,0.0,0.0,0.0,0.0,0.0,0.0,0.0,0.0,0.0,0
2016-05-06,final_only,0.0,0.0,0.0,0.0,0.0,0.0,0.0,0.0,0.0,0
2016-05-09,final_only,0.0,0.0,0.0,0.0,0.0,0.0,0.0,0.0,0.0,0
2016-05-10,final_only,0.0,0.0,0.0,0.0,0.0,0.0,0.0,0.0,0.0,0
2016-05-11,final_only,0.0,0.0,0.0,0.0,0.0,0.0,0.0,0.0,0.0,0
2016-05-12,final_only,0.0,0.0,0.0,0.0,0.0,0.0,0.0,0.0,0.0,0
2016-05-13,final_only,0.0,0.0,0.0,0.0,0.0,0.0,0.0,0.0,0.0,0
2016-05-16,final_only,0.0,0.0,0.0,0.0,0.0,0.0,0.0,0.0,0.0,0
2016-05-17,final_only,0.0,0.0,0.0,0.0,0.0,0.0,0.0,0.0,0.0,0
2016-05-18,final_only,0.0,0.0,0.0,0.0,0.0,0.0,0.0,0.0,0.0,0
2016-05-19,final_only,0.0,0.0,0.0,0.0,0.0,0.0,0.0,0.0,0.0,0
2016-05-20,final_only,0.0,0.0,0.0,0.0,0.0,0.0,0.0,0.0,0.0,0
2016-05-23,final_only,0.0,0.0,0.0,0.0,0.0,0.0,0.0,0.0,0.0,0
2016-05-24,final_only,0.0,0.0,0.0,0.0,0.0,0.0,0.0,0.0,0.0,0
2016-05-25,final_only,-4756.0,0.0,-4756.0,0.0,0.0,-4756.0,-4756.0,-0.0015853333333333333,46189.0,0
2016-05-26,final_only,-98.0,0.0,-98.0,0.0,0.0,-98.0,-98.0,-3.266666666666666e-05,26934.0,0
2016-05-27,final_only,1021.0,0.0,1021.0,0.0,0.0,1021.0,1021.0,0.00034033333333333333,34716.0,0
2016-05-30,final_only,790.0,0.0,790.0,0.0,0.0,790.0,790.0,0.00026333333333333336,28920.0,0
2016-05-31,final_only,1954.0,0.0,1954.0,0.0,0.0,1954.0,1954.0,0.0006513333333333333,29887.0,0
2016-06-01,final_only,-1619.0,0.0,-1619.0,0.0,0.0,-1619.0,-1619.0,-0.0005396666666666667,30186.0,0
2016-06-02,final_only,-2386.0,0.0,-2386.0,0.0,0.0,-2386.0,-2386.0,-0.0007953333333333333,60370.0,0
2016-06-03,final_only,-2724.0,0.0,-2724.0,0.0,0.0,-2724.0,-2724.0,-0.000908,49536.0,0
2016-06-06,final_only,381.0,0.0,381.0,0.0,0.0,381.0,381.0,0.000127,35340.0,0
2016-06-07,final_only,-91.0,0.0,-91.0,0.0,0.0,-91.0,-91.0,-3.0333333333333333e-05,30940.0,0
2016-06-08,final_only,2143.0,0.0,2143.0,0.0,0.0,2143.0,2143.0,0.0007143333333333333,44021.0,0
2016-06-13,final_only,-1716.0,0.0,-1716.0,0.0,0.0,-1716.0,-1716.0,-0.000572,20154.0,0
2016-06-14,final_only,-1634.0,0.0,-1634.0,0.0,0.0,-1634.0,-1634.0,-0.0005446666666666667,35525.0,0
2016-06-15,final_only,2324.0,0.0,2324.0,0.0,0.0,2324.0,2324.0,0.0007746666666666667,46496.0,0
2016-06-16,final_only,-1066.0,0.0,-1066.0,0.0,0.0,-1066.0,-1066.0,-0.0003553333333333333,52469.0,0
2016-06-17,final_only,-91.0,0.0,-91.0,0.0,0.0,-91.0,-91.0,-3.0333333333333333e-05,41981.0,0
2016-06-20,final_only,-2117.0,0.0,-2117.0,0.0,0.0,-2117.0,-2117.0,-0.0007056666666666666,50453.0,0
2016-06-21,final_only,340.0,0.0,340.0,0.0,0.0,340.0,340.0,0.00011333333333333333,42324.0,0
2016-06-22,final_only,1033.0,0.0,1033.0,0.0,0.0,1033.0,1033.0,0.0003443333333333333,39055.0,0
2016-06-23,final_only,4360.0,0.0,4360.0,0.0,0.0,4360.0,4360.0,0.0014533333333333334,38975.0,0
2016-06-24,final_only,971.0,0.0,971.0,0.0,0.0,971.0,971.0,0.00032366666666666666,74118.0,0
2016-06-27,final_only,-1492.0,0.0,-1492.0,0.0,0.0,-1492.0,-1492.0,-0.0004973333333333334,45247.0,0
2016-06-28,final_only,1394.0,0.0,1394.0,0.0,0.0,1394.0,1394.0,0.00046466666666666667,24724.0,0
2016-06-29,final_only,1219.0,0.0,1219.0,0.0,0.0,1219.0,1219.0,0.0004063333333333333,45746.0,0
2016-06-30,final_only,-895.0,0.0,-895.0,0.0,0.0,-895.0,-895.0,-0.00029833333333333334,51472.0,0
2016-07-01,final_only,3637.0,0.0,3637.0,0.0,0.0,3637.0,3637.0,0.0012123333333333333,37262.0,0
2016-07-04,final_only,-2136.0,0.0,-2136.0,0.0,0.0,-2136.0,-2136.0,-0.000712,45809.0,0
2016-07-05,final_only,-2185.0,0.0,-2185.0,0.0,0.0,-2185.0,-2185.0,-0.0007283333333333333,31655.0,0
2016-07-06,final_only,1185.0,0.0,1185.0,0.0,0.0,1185.0,1185.0,0.000395,42226.0,0
2016-07-07,final_only,-973.0,0.0,-973.0,0.0,0.0,-973.0,-973.0,-0.0003243333333333333,60299.0,0
2016-07-08,final_only,-2668.0,0.0,-2668.0,0.0,0.0,-2668.0,-2668.0,-0.0008893333333333333,50441.0,0
2016-07-11,final_only,2109.0,0.0,2109.0,0.0,0.0,2109.0,2109.0,0.000703,33313.0,0
2016-07-12,final_only,-1956.0,0.0,-1956.0,0.0,0.0,-1956.0,-1956.0,-0.000652,35995.0,0
2016-07-13,final_only,-521.0,0.0,-521.0,0.0,0.0,-521.0,-521.0,-0.00017366666666666667,40156.0,0
2016-07-14,final_only,-504.0,0.0,-504.0,0.0,0.0,-504.0,-504.0,-0.000168,36860.0,0
2016-07-15,final_only,-1010.0,0.0,-1010.0,0.0,0.0,-1010.0,-1010.0,-0.00033666666666666665,24450.0,0
2016-07-18,final_only,1575.0,0.0,1575.0,0.0,0.0,1575.0,1575.0,0.000525,24186.0,0
2016-07-19,final_only,-802.0,0.0,-802.0,0.0,0.0,-802.0,-802.0,-0.00026733333333333334,30054.0,0
2016-07-20,final_only,1394.0,0.0,1394.0,0.0,0.0,1394.0,1394.0,0.00046466666666666667,45097.0,0
2016-07-21,final_only,-1301.0,0.0,-1301.0,0.0,0.0,-1301.0,-1301.0,-0.0004336666666666667,30170.0,0
2016-07-22,final_only,-2242.0,0.0,-2242.0,0.0,0.0,-2242.0,-2242.0,-0.0007473333333333334,52307.0,0
2016-07-25,final_only,-1364.0,0.0,-1364.0,0.0,0.0,-1364.0,-1364.0,-0.00045466666666666664,15139.0,0
2016-07-26,final_only,-358.0,0.0,-358.0,0.0,0.0,-358.0,-358.0,-0.00011933333333333334,21520.0,0
2016-07-27,final_only,174.0,0.0,174.0,0.0,0.0,174.0,174.0,5.8e-05,25660.0,0
2016-07-28,final_only,-1640.0,0.0,-1640.0,0.0,0.0,-1640.0,-1640.0,-0.0005466666666666667,13261.0,0
2016-07-29,final_only,-257.0,0.0,-257.0,0.0,0.0,-257.0,-257.0,-8.566666666666667e-05,37360.0,0
2016-08-01,final_only,2656.0,0.0,2656.0,0.0,0.0,2656.0,2656.0,0.0008853333333333333,50758.0,0
2016-08-02,final_only,-826.0,0.0,-826.0,0.0,0.0,-826.0,-826.0,-0.0002753333333333333,41077.0,0
2016-08-03,final_only,-1856.0,0.0,-1856.0,0.0,0.0,-1856.0,-1856.0,-0.0006186666666666667,47689.0,0
2016-08-04,final_only,2641.0,0.0,2641.0,0.0,0.0,2641.0,2641.0,0.0008803333333333333,35826.0,0
2016-08-05,final_only,428.0,0.0,428.0,0.0,0.0,428.0,428.0,0.00014266666666666667,33126.0,0
2016-08-08,final_only,-325.0,0.0,-325.0,0.0,0.0,-325.0,-325.0,-0.00010833333333333333,40626.0,0
2016-08-09,final_only,-1195.0,0.0,-1195.0,0.0,0.0,-1195.0,-1195.0,-0.00039833333333333333,32681.0,0
2016-08-10,final_only,789.0,0.0,789.0,0.0,0.0,789.0,789.0,0.000263,62458.0,0
2016-08-11,final_only,2447.0,0.0,2447.0,0.0,0.0,2447.0,2447.0,0.0008156666666666667,37513.0,0
2016-08-12,final_only,454.0,0.0,454.0,0.0,0.0,454.0,454.0,0.00015133333333333334,49118.0,0
2016-08-15,final_only,-2540.0,0.0,-2540.0,0.0,0.0,-2540.0,-2540.0,-0.0008466666666666667,49941.0,0
2016-08-16,final_only,-787.0,0.0,-787.0,0.0,0.0,-787.0,-787.0,-0.00026233333333333333,25332.0,0
2016-08-17,final_only,-483.0,0.0,-483.0,0.0,0.0,-483.0,-483.0,-0.000161,41190.0,0
2016-08-18,final_only,-430.0,0.0,-430.0,0.0,0.0,-430.0,-430.0,-0.00014333333333333334,37602.0,0
2016-08-19,final_only,587.0,0.0,587.0,0.0,0.0,587.0,587.0,0.00019566666666666666,49762.0,0
2016-08-22,final_only,136.0,0.0,136.0,0.0,0.0,136.0,136.0,4.5333333333333335e-05,38192.0,0
2016-08-23,final_only,-239.0,0.0,-239.0,0.0,0.0,-239.0,-239.0,-7.966666666666666e-05,64955.0,0
2016-08-24,final_only,-1586.0,0.0,-1586.0,0.0,0.0,-1586.0,-1586.0,-0.0005286666666666667,76326.0,0
2016-08-25,final_only,-142.0,0.0,-142.0,0.0,0.0,-142.0,-142.0,-4.7333333333333336e-05,28797.0,0
2016-08-26,final_only,-456.0,0.0,-456.0,0.0,0.0,-456.0,-456.0,-0.000152,40542.0,0
2016-08-29,final_only,-701.0,0.0,-701.0,0.0,0.0,-701.0,-701.0,-0.00023366666666666666,28730.0,0
2016-08-30,final_only,-1385.0,0.0,-1385.0,0.0,0.0,-1385.0,-1385.0,-0.00046166666666666665,35557.0,0
2016-08-31,final_only,1045.0,0.0,1045.0,0.0,0.0,1045.0,1045.0,0.0003483333333333333,29780.0,0
2016-09-01,final_only,927.0,0.0,927.0,0.0,0.0,927.0,927.0,0.000309,35991.0,0
2016-09-02,final_only,472.0,0.0,472.0,0.0,0.0,472.0,472.0,0.00015733333333333333,37984.0,0
2016-09-05,final_only,-1097.0,0.0,-1097.0,0.0,0.0,-1097.0,-1097.0,-0.00036566666666666665,42018.0,0
2016-09-06,final_only,-3221.0,0.0,-3221.0,0.0,0.0,-3221.0,-3221.0,-0.0010736666666666666,26810.0,0
2016-09-07,final_only,-381.0,0.0,-381.0,0.0,0.0,-381.0,-381.0,-0.000127,27147.0,0
2016-09-08,final_only,-90.0,0.0,-90.0,0.0,0.0,-90.0,-90.0,-3e-05,27088.0,0
2016-09-09,final_only,-5577.0,0.0,-5577.0,0.0,0.0,-5577.0,-5577.0,-0.001859,38724.0,0
2016-09-12,final_only,101.0,0.0,101.0,0.0,0.0,101.0,101.0,3.366666666666667e-05,17519.0,0
2016-09-13,final_only,384.0,0.0,384.0,0.0,0.0,384.0,384.0,0.000128,16163.0,0
2016-09-14,final_only,1054.0,0.0,1054.0,0.0,0.0,1054.0,1054.0,0.0003513333333333333,17186.0,0
2016-09-19,final_only,-1147.0,0.0,-1147.0,0.0,0.0,-1147.0,-1147.0,-0.0003823333333333333,22305.0,0
2016-09-20,final_only,-59.0,0.0,-59.0,0.0,0.0,-59.0,-59.0,-1.9666666666666666e-05,16549.0,0
2016-09-21,final_only,-272.0,0.0,-272.0,0.0,0.0,-272.0,-272.0,-9.066666666666667e-05,20226.0,0
2016-09-22,final_only,-61.0,0.0,-61.0,0.0,0.0,-61.0,-61.0,-2.0333333333333334e-05,10735.0,0
2016-09-23,final_only,830.0,0.0,830.0,0.0,0.0,830.0,830.0,0.00027666666666666665,18463.0,0
2016-09-26,final_only,287.0,0.0,287.0,0.0,0.0,287.0,287.0,9.566666666666667e-05,20416.0,0
2016-09-27,final_only,813.0,0.0,813.0,0.0,0.0,813.0,813.0,0.000271,21781.0,0
2016-09-28,final_only,-653.0,0.0,-653.0,0.0,0.0,-653.0,-653.0,-0.00021766666666666665,10598.0,0
2016-09-29,final_only,1766.0,0.0,1766.0,0.0,0.0,1766.0,1766.0,0.0005886666666666667,23580.0,0
2016-09-30,final_only,790.0,0.0,790.0,0.0,0.0,790.0,790.0,0.00026333333333333336,37173.0,0
2016-10-10,final_only,-668.0,0.0,-668.0,0.0,0.0,-668.0,-668.0,-0.00022266666666666667,56629.0,0
2016-10-11,final_only,-955.0,0.0,-955.0,0.0,0.0,-955.0,-955.0,-0.00031833333333333334,30431.0,0
2016-10-12,final_only,-873.0,0.0,-873.0,0.0,0.0,-873.0,-873.0,-0.000291,53399.0,0
2016-10-13,final_only,6286.0,0.0,6286.0,0.0,0.0,6286.0,6286.0,0.002095333333333333,67047.0,0
2016-10-14,final_only,734.0,0.0,734.0,0.0,0.0,734.0,734.0,0.0002446666666666667,81132.0,0
2016-10-17,final_only,-2166.0,0.0,-2166.0,0.0,0.0,-2166.0,-2166.0,-0.000722,58737.0,0
2016-10-18,final_only,-6105.0,0.0,-6105.0,0.0,0.0,-6105.0,-6105.0,-0.002035,50086.0,0
2016-10-19,final_only,-193.0,0.0,-193.0,0.0,0.0,-193.0,-193.0,-6.433333333333333e-05,41125.0,0
2016-10-20,final_only,562.0,0.0,562.0,0.0,0.0,562.0,562.0,0.00018733333333333332,31974.0,0
2016-10-21,final_only,596.0,0.0,596.0,0.0,0.0,596.0,596.0,0.00019866666666666668,53208.0,0
2016-10-24,final_only,2005.0,0.0,2005.0,0.0,0.0,2005.0,2005.0,0.0006683333333333333,53520.0,0
2016-10-25,final_only,-1475.0,0.0,-1475.0,0.0,0.0,-1475.0,-1475.0,-0.0004916666666666666,54088.0,0
2016-10-26,final_only,-497.0,0.0,-497.0,0.0,0.0,-497.0,-497.0,-0.00016566666666666666,42998.0,0
2016-10-27,final_only,1079.0,0.0,1079.0,0.0,0.0,1079.0,1079.0,0.00035966666666666666,25116.0,0
2016-10-28,final_only,-407.0,0.0,-407.0,0.0,0.0,-407.0,-407.0,-0.00013566666666666667,61533.0,0
2016-10-31,final_only,667.0,0.0,667.0,0.0,0.0,667.0,667.0,0.00022233333333333333,70240.0,0
2016-11-01,final_only,-4346.0,0.0,-4346.0,0.0,0.0,-4346.0,-4346.0,-0.0014486666666666667,83416.0,0
2016-11-02,final_only,0.0,0.0,0.0,0.0,0.0,0.0,0.0,0.0,0.0,0
2016-11-03,final_only,0.0,0.0,0.0,0.0,0.0,0.0,0.0,0.0,0.0,0
2016-11-04,final_only,0.0,0.0,0.0,0.0,0.0,0.0,0.0,0.0,0.0,0
2016-11-07,final_only,0.0,0.0,0.0,0.0,0.0,0.0,0.0,0.0,0.0,0
2016-11-08,final_only,0.0,0.0,0.0,0.0,0.0,0.0,0.0,0.0,0.0,0
2016-11-09,final_only,0.0,0.0,0.0,0.0,0.0,0.0,0.0,0.0,0.0,0
2016-11-10,final_only,0.0,0.0,0.0,0.0,0.0,0.0,0.0,0.0,0.0,0
2016-11-11,final_only,0.0,0.0,0.0,0.0,0.0,0.0,0.0,0.0,0.0,0
2016-11-14,final_only,0.0,0.0,0.0,0.0,0.0,0.0,0.0,0.0,0.0,0
2016-11-15,final_only,0.0,0.0,0.0,0.0,0.0,0.0,0.0,0.0,0.0,0
2016-11-16,final_only,0.0,0.0,0.0,0.0,0.0,0.0,0.0,0.0,0.0,0
2016-11-17,final_only,0.0,0.0,0.0,0.0,0.0,0.0,0.0,0.0,0.0,0
2016-11-18,final_only,0.0,0.0,0.0,0.0,0.0,0.0,0.0,0.0,0.0,0
2016-11-21,final_only,0.0,0.0,0.0,0.0,0.0,0.0,0.0,0.0,0.0,0
2016-11-22,final_only,0.0,0.0,0.0,0.0,0.0,0.0,0.0,0.0,0.0,0
2016-11-23,final_only,0.0,0.0,0.0,0.0,0.0,0.0,0.0,0.0,0.0,0
2016-11-24,final_only,0.0,0.0,0.0,0.0,0.0,0.0,0.0,0.0,0.0,0
2016-11-25,final_only,0.0,0.0,0.0,0.0,0.0,0.0,0.0,0.0,0.0,0
2016-11-28,final_only,0.0,0.0,0.0,0.0,0.0,0.0,0.0,0.0,0.0,0
2016-11-29,final_only,0.0,0.0,0.0,0.0,0.0,0.0,0.0,0.0,0.0,0
2016-11-30,final_only,0.0,0.0,0.0,0.0,0.0,0.0,0.0,0.0,0.0,0
2016-12-01,final_only,0.0,0.0,0.0,0.0,0.0,0.0,0.0,0.0,0.0,0
2016-12-02,final_only,0.0,0.0,0.0,0.0,0.0,0.0,0.0,0.0,0.0,0
2016-12-05,final_only,0.0,0.0,0.0,0.0,0.0,0.0,0.0,0.0,0.0,0
2016-12-06,final_only,0.0,0.0,0.0,0.0,0.0,0.0,0.0,0.0,0.0,0
2016-12-07,final_only,0.0,0.0,0.0,0.0,0.0,0.0,0.0,0.0,0.0,0
2016-12-08,final_only,0.0,0.0,0.0,0.0,0.0,0.0,0.0,0.0,0.0,0
2016-12-09,final_only,0.0,0.0,0.0,0.0,0.0,0.0,0.0,0.0,0.0,0
2016-12-12,final_only,0.0,0.0,0.0,0.0,0.0,0.0,0.0,0.0,0.0,0
2016-12-13,final_only,0.0,0.0,0.0,0.0,0.0,0.0,0.0,0.0,0.0,0
2016-12-14,final_only,0.0,0.0,0.0,0.0,0.0,0.0,0.0,0.0,0.0,0
2016-12-15,final_only,0.0,0.0,0.0,0.0,0.0,0.0,0.0,0.0,0.0,0
2016-12-16,final_only,0.0,0.0,0.0,0.0,0.0,0.0,0.0,0.0,0.0,0
2016-12-19,final_only,0.0,0.0,0.0,0.0,0.0,0.0,0.0,0.0,0.0,0
2016-12-20,final_only,0.0,0.0,0.0,0.0,0.0,0.0,0.0,0.0,0.0,0
2016-12-21,final_only,0.0,0.0,0.0,0.0,0.0,0.0,0.0,0.0,0.0,0
2016-12-22,final_only,0.0,0.0,0.0,0.0,0.0,0.0,0.0,0.0,0.0,0
2016-12-23,final_only,0.0,0.0,0.0,0.0,0.0,0.0,0.0,0.0,0.0,0
2016-12-26,final_only,0.0,0.0,0.0,0.0,0.0,0.0,0.0,0.0,0.0,0
2016-12-27,final_only,0.0,0.0,0.0,0.0,0.0,0.0,0.0,0.0,0.0,0
2016-12-28,final_only,0.0,0.0,0.0,0.0,0.0,0.0,0.0,0.0,0.0,0
2016-12-29,final_only,0.0,0.0,0.0,0.0,0.0,0.0,0.0,0.0,0.0,0
2016-12-30,final_only,0.0,0.0,0.0,0.0,0.0,0.0,0.0,0.0,0.0,0
2017-01-03,final_only,0.0,0.0,0.0,0.0,0.0,0.0,0.0,0.0,0.0,0
2017-01-04,final_only,0.0,0.0,0.0,0.0,0.0,0.0,0.0,0.0,0.0,0
2017-01-05,final_only,0.0,0.0,0.0,0.0,0.0,0.0,0.0,0.0,0.0,0
2017-01-06,final_only,0.0,0.0,0.0,0.0,0.0,0.0,0.0,0.0,0.0,0
2017-01-09,final_only,0.0,0.0,0.0,0.0,0.0,0.0,0.0,0.0,0.0,0
2017-01-10,final_only,0.0,0.0,0.0,0.0,0.0,0.0,0.0,0.0,0.0,0
2017-01-11,final_only,0.0,0.0,0.0,0.0,0.0,0.0,0.0,0.0,0.0,0
2017-01-12,final_only,0.0,0.0,0.0,0.0,0.0,0.0,0.0,0.0,0.0,0
2017-01-13,final_only,0.0,0.0,0.0,0.0,0.0,0.0,0.0,0.0,0.0,0
2017-01-16,final_only,0.0,0.0,0.0,0.0,0.0,0.0,0.0,0.0,0.0,0
2017-01-17,final_only,0.0,0.0,0.0,0.0,0.0,0.0,0.0,0.0,0.0,0
2017-01-18,final_only,0.0,0.0,0.0,0.0,0.0,0.0,0.0,0.0,0.0,0
2017-01-19,final_only,0.0,0.0,0.0,0.0,0.0,0.0,0.0,0.0,0.0,0
2017-01-20,final_only,0.0,0.0,0.0,0.0,0.0,0.0,0.0,0.0,0.0,0
2017-01-23,final_only,0.0,0.0,0.0,0.0,0.0,0.0,0.0,0.0,0.0,0
2017-01-24,final_only,0.0,0.0,0.0,0.0,0.0,0.0,0.0,0.0,0.0,0
2017-01-25,final_only,0.0,0.0,0.0,0.0,0.0,0.0,0.0,0.0,0.0,0
2017-01-26,final_only,0.0,0.0,0.0,0.0,0.0,0.0,0.0,0.0,0.0,0
2017-02-03,final_only,0.0,0.0,0.0,0.0,0.0,0.0,0.0,0.0,0.0,0
2017-02-06,final_only,0.0,0.0,0.0,0.0,0.0,0.0,0.0,0.0,0.0,0
2017-02-07,final_only,0.0,0.0,0.0,0.0,0.0,0.0,0.0,0.0,0.0,0
2017-02-08,final_only,0.0,0.0,0.0,0.0,0.0,0.0,0.0,0.0,0.0,0
2017-02-09,final_only,0.0,0.0,0.0,0.0,0.0,0.0,0.0,0.0,0.0,0
2017-02-10,final_only,0.0,0.0,0.0,0.0,0.0,0.0,0.0,0.0,0.0,0
2017-02-13,final_only,0.0,0.0,0.0,0.0,0.0,0.0,0.0,0.0,0.0,0
2017-02-14,final_only,0.0,0.0,0.0,0.0,0.0,0.0,0.0,0.0,0.0,0
2017-02-15,final_only,0.0,0.0,0.0,0.0,0.0,0.0,0.0,0.0,0.0,0
2017-02-16,final_only,0.0,0.0,0.0,0.0,0.0,0.0,0.0,0.0,0.0,0
2017-02-17,final_only,0.0,0.0,0.0,0.0,0.0,0.0,0.0,0.0,0.0,0
2017-02-20,final_only,0.0,0.0,0.0,0.0,0.0,0.0,0.0,0.0,0.0,0
2017-02-21,final_only,0.0,0.0,0.0,0.0,0.0,0.0,0.0,0.0,0.0,0
2017-02-22,final_only,0.0,0.0,0.0,0.0,0.0,0.0,0.0,0.0,0.0,0
2017-02-23,final_only,0.0,0.0,0.0,0.0,0.0,0.0,0.0,0.0,0.0,0
2017-02-24,final_only,-103.0,0.0,-103.0,0.0,0.0,-103.0,-103.0,-3.433333333333333e-05,40345.0,0
2017-02-27,final_only,-1501.0,0.0,-1501.0,0.0,0.0,-1501.0,-1501.0,-0.0005003333333333333,38714.0,0
2017-02-28,final_only,-1190.0,0.0,-1190.0,0.0,0.0,-1190.0,-1190.0,-0.00039666666666666664,16284.0,0
2017-03-01,final_only,-366.0,0.0,-366.0,0.0,0.0,-366.0,-366.0,-0.000122,13375.0,0
2017-03-02,final_only,545.0,0.0,545.0,0.0,0.0,545.0,545.0,0.00018166666666666667,18341.0,0
2017-03-03,final_only,-478.0,0.0,-478.0,0.0,0.0,-478.0,-478.0,-0.00015933333333333332,20628.0,0
2017-03-06,final_only,-207.0,0.0,-207.0,0.0,0.0,-207.0,-207.0,-6.9e-05,16807.0,0
2017-03-07,final_only,-474.0,0.0,-474.0,0.0,0.0,-474.0,-474.0,-0.000158,6659.0,0
2017-03-08,final_only,977.0,0.0,977.0,0.0,0.0,977.0,977.0,0.00032566666666666665,35996.0,0
2017-03-09,final_only,328.0,0.0,328.0,0.0,0.0,328.0,328.0,0.00010933333333333334,37092.0,0
2017-03-10,final_only,-362.0,0.0,-362.0,0.0,0.0,-362.0,-362.0,-0.00012066666666666667,23648.0,0
2017-03-13,final_only,426.0,0.0,426.0,0.0,0.0,426.0,426.0,0.000142,18151.0,0
2017-03-14,final_only,1381.0,0.0,1381.0,0.0,0.0,1381.0,1381.0,0.0004603333333333333,22653.0,0
2017-03-15,final_only,-125.0,0.0,-125.0,0.0,0.0,-125.0,-125.0,-4.1666666666666665e-05,23326.0,0
2017-03-16,final_only,2666.0,0.0,2666.0,0.0,0.0,2666.0,2666.0,0.0008886666666666666,22975.0,0
2017-03-17,final_only,2160.0,0.0,2160.0,0.0,0.0,2160.0,2160.0,0.00072,23442.0,0
2017-03-20,final_only,-532.0,0.0,-532.0,0.0,0.0,-532.0,-532.0,-0.00017733333333333333,17942.0,0
2017-03-21,final_only,9244.0,0.0,9244.0,0.0,0.0,9244.0,9244.0,0.0030813333333333335,40099.0,0
2017-03-22,final_only,-241.0,0.0,-241.0,0.0,0.0,-241.0,-241.0,-8.033333333333334e-05,15887.0,0
2017-03-23,final_only,7329.0,0.0,7329.0,0.0,0.0,7329.0,7329.0,0.002443,41471.0,0
2017-03-24,final_only,0.0,0.0,0.0,0.0,0.0,0.0,0.0,0.0,0.0,0
2017-03-27,final_only,0.0,0.0,0.0,0.0,0.0,0.0,0.0,0.0,0.0,0
2017-03-28,final_only,0.0,0.0,0.0,0.0,0.0,0.0,0.0,0.0,0.0,0
2017-03-29,final_only,0.0,0.0,0.0,0.0,0.0,0.0,0.0,0.0,0.0,0
2017-03-30,final_only,0.0,0.0,0.0,0.0,0.0,0.0,0.0,0.0,0.0,0
2017-03-31,final_only,0.0,0.0,0.0,0.0,0.0,0.0,0.0,0.0,0.0,0
2017-04-05,final_only,0.0,0.0,0.0,0.0,0.0,0.0,0.0,0.0,0.0,0
2017-04-06,final_only,0.0,0.0,0.0,0.0,0.0,0.0,0.0,0.0,0.0,0
2017-04-07,final_only,0.0,0.0,0.0,0.0,0.0,0.0,0.0,0.0,0.0,0
2017-04-10,final_only,0.0,0.0,0.0,0.0,0.0,0.0,0.0,0.0,0.0,0
2017-04-11,final_only,0.0,0.0,0.0,0.0,0.0,0.0,0.0,0.0,0.0,0
2017-04-12,final_only,0.0,0.0,0.0,0.0,0.0,0.0,0.0,0.0,0.0,0
2017-04-13,final_only,0.0,0.0,0.0,0.0,0.0,0.0,0.0,0.0,0.0,0
2017-04-14,final_only,0.0,0.0,0.0,0.0,0.0,0.0,0.0,0.0,0.0,0
2017-04-17,final_only,0.0,0.0,0.0,0.0,0.0,0.0,0.0,0.0,0.0,0
2017-04-18,final_only,0.0,0.0,0.0,0.0,0.0,0.0,0.0,0.0,0.0,0
2017-04-19,final_only,0.0,0.0,0.0,0.0,0.0,0.0,0.0,0.0,0.0,0
2017-04-20,final_only,0.0,0.0,0.0,0.0,0.0,0.0,0.0,0.0,0.0,0
2017-04-21,final_only,0.0,0.0,0.0,0.0,0.0,0.0,0.0,0.0,0.0,0
2017-04-24,final_only,0.0,0.0,0.0,0.0,0.0,0.0,0.0,0.0,0.0,0
2017-04-25,final_only,0.0,0.0,0.0,0.0,0.0,0.0,0.0,0.0,0.0,0
2017-04-26,final_only,0.0,0.0,0.0,0.0,0.0,0.0,0.0,0.0,0.0,0
2017-04-27,final_only,0.0,0.0,0.0,0.0,0.0,0.0,0.0,0.0,0.0,0
2017-04-28,final_only,0.0,0.0,0.0,0.0,0.0,0.0,0.0,0.0,0.0,0
2017-05-02,final_only,0.0,0.0,0.0,0.0,0.0,0.0,0.0,0.0,0.0,0
2017-05-03,final_only,0.0,0.0,0.0,0.0,0.0,0.0,0.0,0.0,0.0,0
2017-05-04,final_only,-857.0,0.0,-857.0,0.0,0.0,-857.0,-857.0,-0.00028566666666666665,31490.0,0
2017-05-05,final_only,176.0,0.0,176.0,0.0,0.0,176.0,176.0,5.8666666666666665e-05,28098.0,0
2017-05-08,final_only,-480.0,0.0,-480.0,0.0,0.0,-480.0,-480.0,-0.00016,36363.0,0
2017-05-09,final_only,480.0,0.0,480.0,0.0,0.0,480.0,480.0,0.00016,28653.0,0
2017-05-10,final_only,-793.0,0.0,-793.0,0.0,0.0,-793.0,-793.0,-0.0002643333333333333,27112.0,0
2017-05-11,final_only,286.0,0.0,286.0,0.0,0.0,286.0,286.0,9.533333333333334e-05,39080.0,0
2017-05-12,final_only,-991.0,0.0,-991.0,0.0,0.0,-991.0,-991.0,-0.00033033333333333336,35647.0,0
2017-05-15,final_only,-169.0,0.0,-169.0,0.0,0.0,-169.0,-169.0,-5.633333333333333e-05,38721.0,0
2017-05-16,final_only,428.0,0.0,428.0,0.0,0.0,428.0,428.0,0.00014266666666666667,34904.0,0
2017-05-17,final_only,-779.0,0.0,-779.0,0.0,0.0,-779.0,-779.0,-0.00025966666666666667,18729.0,0
2017-05-18,final_only,589.0,0.0,589.0,0.0,0.0,589.0,589.0,0.00019633333333333333,20829.0,0
2017-05-19,final_only,750.0,0.0,750.0,0.0,0.0,750.0,750.0,0.00025,20853.0,0
2017-05-22,final_only,-1025.0,0.0,-1025.0,0.0,0.0,-1025.0,-1025.0,-0.00034166666666666666,19598.0,0
2017-05-23,final_only,-952.0,0.0,-952.0,0.0,0.0,-952.0,-952.0,-0.0003173333333333333,20321.0,0
2017-05-24,final_only,-74.0,0.0,-74.0,0.0,0.0,-74.0,-74.0,-2.4666666666666665e-05,14665.0,0
2017-05-25,final_only,193.0,0.0,193.0,0.0,0.0,193.0,193.0,6.433333333333333e-05,25579.0,0
2017-05-26,final_only,-1468.0,0.0,-1468.0,0.0,0.0,-1468.0,-1468.0,-0.0004893333333333334,16829.0,0
2017-05-31,final_only,-829.0,0.0,-829.0,0.0,0.0,-829.0,-829.0,-0.00027633333333333335,32353.0,0
2017-06-01,final_only,-2575.0,0.0,-2575.0,0.0,0.0,-2575.0,-2575.0,-0.0008583333333333333,47311.0,0
2017-06-02,final_only,-1570.0,0.0,-1570.0,0.0,0.0,-1570.0,-1570.0,-0.0005233333333333333,44547.0,0
2017-06-05,final_only,199.0,0.0,199.0,0.0,0.0,199.0,199.0,6.633333333333334e-05,24007.0,0
2017-06-06,final_only,497.0,0.0,497.0,0.0,0.0,497.0,497.0,0.00016566666666666666,31509.0,0
2017-06-07,final_only,-1285.0,0.0,-1285.0,0.0,0.0,-1285.0,-1285.0,-0.00042833333333333335,41664.0,0
2017-06-08,final_only,-180.0,0.0,-180.0,0.0,0.0,-180.0,-180.0,-6e-05,24491.0,0
2017-06-09,final_only,-107.0,0.0,-107.0,0.0,0.0,-107.0,-107.0,-3.566666666666667e-05,35639.0,0
2017-06-12,final_only,-775.0,0.0,-775.0,0.0,0.0,-775.0,-775.0,-0.00025833333333333334,28666.0,0
2017-06-13,final_only,-1275.0,0.0,-1275.0,0.0,0.0,-1275.0,-1275.0,-0.000425,45480.0,0
2017-06-14,final_only,-242.0,0.0,-242.0,0.0,0.0,-242.0,-242.0,-8.066666666666667e-05,49609.0,0
2017-06-15,final_only,-219.0,0.0,-219.0,0.0,0.0,-219.0,-219.0,-7.3e-05,23081.0,0
2017-06-16,final_only,1486.0,0.0,1486.0,0.0,0.0,1486.0,1486.0,0.0004953333333333333,30076.0,0
2017-06-19,final_only,-375.0,0.0,-375.0,0.0,0.0,-375.0,-375.0,-0.000125,44326.0,0
2017-06-20,final_only,-2956.0,0.0,-2956.0,0.0,0.0,-2956.0,-2956.0,-0.0009853333333333333,45730.0,0
2017-06-21,final_only,122.0,0.0,122.0,0.0,0.0,122.0,122.0,4.066666666666667e-05,25133.0,0
2017-06-22,final_only,-1604.0,0.0,-1604.0,0.0,0.0,-1604.0,-1604.0,-0.0005346666666666667,61189.0,0
2017-06-23,final_only,484.0,0.0,484.0,0.0,0.0,484.0,484.0,0.00016133333333333334,54292.0,0
2017-06-26,final_only,3847.0,0.0,3847.0,0.0,0.0,3847.0,3847.0,0.0012823333333333332,50052.0,0
2017-06-27,final_only,2246.0,0.0,2246.0,0.0,0.0,2246.0,2246.0,0.0007486666666666667,59313.0,0
2017-06-28,final_only,5955.0,0.0,5955.0,0.0,0.0,5955.0,5955.0,0.001985,59654.0,0
2017-06-29,final_only,-175.0,0.0,-175.0,0.0,0.0,-175.0,-175.0,-5.833333333333333e-05,62749.0,0
2017-06-30,final_only,4290.0,0.0,4290.0,0.0,0.0,4290.0,4290.0,0.00143,52245.0,0
2017-07-03,final_only,-5072.0,0.0,-5072.0,0.0,0.0,-5072.0,-5072.0,-0.0016906666666666667,62579.0,0
2017-07-04,final_only,0.0,0.0,0.0,0.0,0.0,0.0,0.0,0.0,0.0,0
2017-07-05,final_only,0.0,0.0,0.0,0.0,0.0,0.0,0.0,0.0,0.0,0
2017-07-06,final_only,0.0,0.0,0.0,0.0,0.0,0.0,0.0,0.0,0.0,0
2017-07-07,final_only,0.0,0.0,0.0,0.0,0.0,0.0,0.0,0.0,0.0,0
2017-07-10,final_only,4234.0,0.0,4234.0,0.0,0.0,4234.0,4234.0,0.0014113333333333332,65331.0,0
2017-07-11,final_only,0.0,0.0,0.0,0.0,0.0,0.0,0.0,0.0,0.0,0
2017-07-12,final_only,0.0,0.0,0.0,0.0,0.0,0.0,0.0,0.0,0.0,0
2017-07-13,final_only,0.0,0.0,0.0,0.0,0.0,0.0,0.0,0.0,0.0,0
2017-07-14,final_only,0.0,0.0,0.0,0.0,0.0,0.0,0.0,0.0,0.0,0
2017-07-17,final_only,0.0,0.0,0.0,0.0,0.0,0.0,0.0,0.0,0.0,0
2017-07-18,final_only,0.0,0.0,0.0,0.0,0.0,0.0,0.0,0.0,0.0,0
2017-07-19,final_only,-1748.0,0.0,-1748.0,0.0,0.0,-1748.0,-1748.0,-0.0005826666666666667,53639.0,0
2017-07-20,final_only,0.0,0.0,0.0,0.0,0.0,0.0,0.0,0.0,0.0,0
2017-07-21,final_only,-1571.0,0.0,-1571.0,0.0,0.0,-1571.0,-1571.0,-0.0005236666666666666,70772.0,0
2017-07-24,final_only,-64.0,0.0,-64.0,0.0,0.0,-64.0,-64.0,-2.1333333333333335e-05,24247.0,0
2017-07-25,final_only,-280.0,0.0,-280.0,0.0,0.0,-280.0,-280.0,-9.333333333333333e-05,33721.0,0
2017-07-26,final_only,-395.0,0.0,-395.0,0.0,0.0,-395.0,-395.0,-0.00013166666666666668,79010.0,0
2017-07-27,final_only,521.0,0.0,521.0,0.0,0.0,521.0,521.0,0.00017366666666666667,56429.0,0
2017-07-28,final_only,617.0,0.0,617.0,0.0,0.0,617.0,617.0,0.00020566666666666666,26077.0,0
2017-07-31,final_only,-1940.0,0.0,-1940.0,0.0,0.0,-1940.0,-1940.0,-0.0006466666666666667,26187.0,0
2017-08-01,final_only,264.0,0.0,264.0,0.0,0.0,264.0,264.0,8.8e-05,20944.0,0
2017-08-02,final_only,-200.0,0.0,-200.0,0.0,0.0,-200.0,-200.0,-6.666666666666667e-05,39673.0,0
2017-08-03,final_only,1458.0,0.0,1458.0,0.0,0.0,1458.0,1458.0,0.000486,36634.0,0
2017-08-04,final_only,3946.0,0.0,3946.0,0.0,0.0,3946.0,3946.0,0.0013153333333333333,46547.0,0
2017-08-07,final_only,356.0,0.0,356.0,0.0,0.0,356.0,356.0,0.00011866666666666667,40027.0,0
2017-08-08,final_only,5678.0,0.0,5678.0,0.0,0.0,5678.0,5678.0,0.0018926666666666666,43569.0,0
2017-08-09,final_only,-2108.0,0.0,-2108.0,0.0,0.0,-2108.0,-2108.0,-0.0007026666666666667,50069.0,0
2017-08-10,final_only,-3345.0,0.0,-3345.0,0.0,0.0,-3345.0,-3345.0,-0.001115,30351.0,0
2017-08-11,final_only,-809.0,0.0,-809.0,0.0,0.0,-809.0,-809.0,-0.00026966666666666664,34943.0,0
2017-08-14,final_only,278.0,0.0,278.0,0.0,0.0,278.0,278.0,9.266666666666666e-05,14651.0,0
2017-08-15,final_only,1348.0,0.0,1348.0,0.0,0.0,1348.0,1348.0,0.0004493333333333333,8570.0,0
2017-08-16,final_only,-1583.0,0.0,-1583.0,0.0,0.0,-1583.0,-1583.0,-0.0005276666666666666,37953.0,0
2017-08-17,final_only,-1816.0,0.0,-1816.0,0.0,0.0,-1816.0,-1816.0,-0.0006053333333333334,52920.0,0
2017-08-18,final_only,4214.0,0.0,4214.0,0.0,0.0,4214.0,4214.0,0.0014046666666666667,24767.0,0
2017-08-21,final_only,3270.0,0.0,3270.0,0.0,0.0,3270.0,3270.0,0.00109,25489.0,0
2017-08-22,final_only,-1940.0,0.0,-1940.0,0.0,0.0,-1940.0,-1940.0,-0.0006466666666666667,26057.0,0
2017-08-23,final_only,-1262.0,0.0,-1262.0,0.0,0.0,-1262.0,-1262.0,-0.0004206666666666667,49995.0,0
2017-08-24,final_only,1402.0,0.0,1402.0,0.0,0.0,1402.0,1402.0,0.0004673333333333333,55356.0,0
2017-08-25,final_only,-1445.0,0.0,-1445.0,0.0,0.0,-1445.0,-1445.0,-0.00048166666666666665,71523.0,0
2017-08-28,final_only,-4351.0,0.0,-4351.0,0.0,0.0,-4351.0,-4351.0,-0.0014503333333333334,73916.0,0
2017-08-29,final_only,-761.0,0.0,-761.0,0.0,0.0,-761.0,-761.0,-0.0002536666666666667,17284.0,0
2017-08-30,final_only,783.0,0.0,783.0,0.0,0.0,783.0,783.0,0.000261,18454.0,0
2017-08-31,final_only,1197.0,0.0,1197.0,0.0,0.0,1197.0,1197.0,0.000399,22959.0,0
2017-09-01,final_only,1452.0,0.0,1452.0,0.0,0.0,1452.0,1452.0,0.000484,35054.0,0
2017-09-04,final_only,600.0,0.0,600.0,0.0,0.0,600.0,600.0,0.0002,35502.0,0
2017-09-05,final_only,-3545.0,0.0,-3545.0,0.0,0.0,-3545.0,-3545.0,-0.0011816666666666666,50723.0,0
2017-09-06,final_only,-386.0,0.0,-386.0,0.0,0.0,-386.0,-386.0,-0.00012866666666666666,53498.0,0
2017-09-07,final_only,-7594.0,0.0,-7594.0,0.0,0.0,-7594.0,-7594.0,-0.0025313333333333334,39171.0,0
2017-09-08,final_only,-1366.0,0.0,-1366.0,0.0,0.0,-1366.0,-1366.0,-0.00045533333333333336,39170.0,0
2017-09-11,final_only,1552.0,0.0,1552.0,0.0,0.0,1552.0,1552.0,0.0005173333333333333,24056.0,0
2017-09-12,final_only,-402.0,0.0,-402.0,0.0,0.0,-402.0,-402.0,-0.000134,19259.0,0
2017-09-13,final_only,888.0,0.0,888.0,0.0,0.0,888.0,888.0,0.000296,23952.0,0
2017-09-14,final_only,-526.0,0.0,-526.0,0.0,0.0,-526.0,-526.0,-0.00017533333333333333,45803.0,0
2017-09-15,final_only,-2815.0,0.0,-2815.0,0.0,0.0,-2815.0,-2815.0,-0.0009383333333333333,46646.0,0
2017-09-18,final_only,910.0,0.0,910.0,0.0,0.0,910.0,910.0,0.00030333333333333335,23074.0,0
2017-09-19,final_only,-200.0,0.0,-200.0,0.0,0.0,-200.0,-200.0,-6.666666666666667e-05,22918.0,0
2017-09-20,final_only,1119.0,0.0,1119.0,0.0,0.0,1119.0,1119.0,0.000373,32298.0,0
2017-09-21,final_only,-2797.0,0.0,-2797.0,0.0,0.0,-2797.0,-2797.0,-0.0009323333333333333,24054.0,0
2017-09-22,final_only,1413.0,0.0,1413.0,0.0,0.0,1413.0,1413.0,0.000471,46365.0,0
2017-09-25,final_only,1205.0,0.0,1205.0,0.0,0.0,1205.0,1205.0,0.00040166666666666665,54360.0,0
2017-09-26,final_only,-363.0,0.0,-363.0,0.0,0.0,-363.0,-363.0,-0.000121,44945.0,0
2017-09-27,final_only,10365.0,0.0,10365.0,0.0,0.0,10365.0,10365.0,0.003455,44855.0,0
2017-09-28,final_only,0.0,0.0,0.0,0.0,0.0,0.0,0.0,0.0,0.0,0
2017-09-29,final_only,0.0,0.0,0.0,0.0,0.0,0.0,0.0,0.0,0.0,0
2017-10-09,final_only,0.0,0.0,0.0,0.0,0.0,0.0,0.0,0.0,0.0,0
2017-10-10,final_only,0.0,0.0,0.0,0.0,0.0,0.0,0.0,0.0,0.0,0
2017-10-11,final_only,0.0,0.0,0.0,0.0,0.0,0.0,0.0,0.0,0.0,0
2017-10-12,final_only,0.0,0.0,0.0,0.0,0.0,0.0,0.0,0.0,0.0,0
2017-10-13,final_only,0.0,0.0,0.0,0.0,0.0,0.0,0.0,0.0,0.0,0
2017-10-16,final_only,0.0,0.0,0.0,0.0,0.0,0.0,0.0,0.0,0.0,0
2017-10-17,final_only,0.0,0.0,0.0,0.0,0.0,0.0,0.0,0.0,0.0,0
2017-10-18,final_only,0.0,0.0,0.0,0.0,0.0,0.0,0.0,0.0,0.0,0
2017-10-19,final_only,0.0,0.0,0.0,0.0,0.0,0.0,0.0,0.0,0.0,0
2017-10-20,final_only,0.0,0.0,0.0,0.0,0.0,0.0,0.0,0.0,0.0,0
2017-10-23,final_only,0.0,0.0,0.0,0.0,0.0,0.0,0.0,0.0,0.0,0
2017-10-24,final_only,0.0,0.0,0.0,0.0,0.0,0.0,0.0,0.0,0.0,0
2017-10-25,final_only,0.0,0.0,0.0,0.0,0.0,0.0,0.0,0.0,0.0,0
2017-10-26,final_only,0.0,0.0,0.0,0.0,0.0,0.0,0.0,0.0,0.0,0
2017-10-27,final_only,0.0,0.0,0.0,0.0,0.0,0.0,0.0,0.0,0.0,0
2017-10-30,final_only,0.0,0.0,0.0,0.0,0.0,0.0,0.0,0.0,0.0,0
2017-10-31,final_only,0.0,0.0,0.0,0.0,0.0,0.0,0.0,0.0,0.0,0
2017-11-01,final_only,0.0,0.0,0.0,0.0,0.0,0.0,0.0,0.0,0.0,0
2017-11-02,final_only,0.0,0.0,0.0,0.0,0.0,0.0,0.0,0.0,0.0,0
2017-11-03,final_only,0.0,0.0,0.0,0.0,0.0,0.0,0.0,0.0,0.0,0
2017-11-06,final_only,0.0,0.0,0.0,0.0,0.0,0.0,0.0,0.0,0.0,0
2017-11-07,final_only,0.0,0.0,0.0,0.0,0.0,0.0,0.0,0.0,0.0,0
2017-11-08,final_only,0.0,0.0,0.0,0.0,0.0,0.0,0.0,0.0,0.0,0
2017-11-09,final_only,0.0,0.0,0.0,0.0,0.0,0.0,0.0,0.0,0.0,0
2017-11-10,final_only,0.0,0.0,0.0,0.0,0.0,0.0,0.0,0.0,0.0,0
2017-11-13,final_only,-2807.0,0.0,-2807.0,0.0,0.0,-2807.0,-2807.0,-0.0009356666666666667,34515.0,0
2017-11-14,final_only,-486.0,0.0,-486.0,0.0,0.0,-486.0,-486.0,-0.000162,20229.0,0
2017-11-15,final_only,55.0,0.0,55.0,0.0,0.0,55.0,55.0,1.8333333333333333e-05,21667.0,0
2017-11-16,final_only,477.0,0.0,477.0,0.0,0.0,477.0,477.0,0.000159,23012.0,0
2017-11-17,final_only,2550.0,0.0,2550.0,0.0,0.0,2550.0,2550.0,0.00085,23003.0,0
2017-11-20,final_only,1575.0,0.0,1575.0,0.0,0.0,1575.0,1575.0,0.000525,22972.0,0
2017-11-21,final_only,-505.0,0.0,-505.0,0.0,0.0,-505.0,-505.0,-0.00016833333333333332,22888.0,0
2017-11-22,final_only,-693.0,0.0,-693.0,0.0,0.0,-693.0,-693.0,-0.000231,51535.0,0
2017-11-23,final_only,-1544.0,0.0,-1544.0,0.0,0.0,-1544.0,-1544.0,-0.0005146666666666666,38410.0,0
2017-11-24,final_only,1107.0,0.0,1107.0,0.0,0.0,1107.0,1107.0,0.000369,31724.0,0
2017-11-27,final_only,656.0,0.0,656.0,0.0,0.0,656.0,656.0,0.00021866666666666668,33103.0,0
2017-11-28,final_only,1501.0,0.0,1501.0,0.0,0.0,1501.0,1501.0,0.0005003333333333333,19069.0,0
2017-11-29,final_only,-725.0,0.0,-725.0,0.0,0.0,-725.0,-725.0,-0.00024166666666666667,31432.0,0
2017-11-30,final_only,-399.0,0.0,-399.0,0.0,0.0,-399.0,-399.0,-0.000133,37537.0,0
2017-12-01,final_only,2535.0,0.0,2535.0,0.0,0.0,2535.0,2535.0,0.000845,41491.0,0
2017-12-04,final_only,-413.0,0.0,-413.0,0.0,0.0,-413.0,-413.0,-0.00013766666666666666,36990.0,0
2017-12-05,final_only,-1542.0,0.0,-1542.0,0.0,0.0,-1542.0,-1542.0,-0.000514,33635.0,0
2017-12-06,final_only,356.0,0.0,356.0,0.0,0.0,356.0,356.0,0.00011866666666666667,41002.0,0
2017-12-07,final_only,401.0,0.0,401.0,0.0,0.0,401.0,401.0,0.00013366666666666667,23535.0,0
2017-12-08,final_only,-2749.0,0.0,-2749.0,0.0,0.0,-2749.0,-2749.0,-0.0009163333333333333,32716.0,0
2017-12-11,final_only,974.0,0.0,974.0,0.0,0.0,974.0,974.0,0.0003246666666666667,52152.0,0
2017-12-12,final_only,3210.0,0.0,3210.0,0.0,0.0,3210.0,3210.0,0.00107,52039.0,0
2017-12-13,final_only,-2513.0,0.0,-2513.0,0.0,0.0,-2513.0,-2513.0,-0.0008376666666666667,24046.0,0
2017-12-14,final_only,-832.0,0.0,-832.0,0.0,0.0,-832.0,-832.0,-0.0002773333333333333,49636.0,0
2017-12-15,final_only,-3235.0,0.0,-3235.0,0.0,0.0,-3235.0,-3235.0,-0.0010783333333333333,37532.0,0
2017-12-18,final_only,233.0,0.0,233.0,0.0,0.0,233.0,233.0,7.766666666666667e-05,30774.0,0
2017-12-19,final_only,855.0,0.0,855.0,0.0,0.0,855.0,855.0,0.000285,24040.0,0
2017-12-20,final_only,397.0,0.0,397.0,0.0,0.0,397.0,397.0,0.00013233333333333334,26106.0,0
2017-12-21,final_only,350.0,0.0,350.0,0.0,0.0,350.0,350.0,0.00011666666666666667,22105.0,0
2017-12-22,final_only,-2641.0,0.0,-2641.0,0.0,0.0,-2641.0,-2641.0,-0.0008803333333333333,25621.0,0
2017-12-25,final_only,2450.0,0.0,2450.0,0.0,0.0,2450.0,2450.0,0.0008166666666666667,61226.0,0
2017-12-26,final_only,-2158.0,0.0,-2158.0,0.0,0.0,-2158.0,-2158.0,-0.0007193333333333333,62568.0,0
2017-12-27,final_only,3364.0,0.0,3364.0,0.0,0.0,3364.0,3364.0,0.0011213333333333333,71724.0,0
2017-12-28,final_only,-1694.0,0.0,-1694.0,0.0,0.0,-1694.0,-1694.0,-0.0005646666666666667,61981.0,0
2017-12-29,final_only,-1344.0,0.0,-1344.0,0.0,0.0,-1344.0,-1344.0,-0.000448,71970.0,0
2018-01-02,final_macro_weather,-441.0,0.0,-441.0,0.0,0.0,-441.0,-441.0,-0.000147,51458.0,0
2018-01-03,final_macro_weather,2147.0,0.0,2147.0,0.0,0.0,2147.0,2147.0,0.0007156666666666666,60361.0,0
2018-01-04,final_macro_weather,492.0,0.0,492.0,0.0,0.0,492.0,492.0,0.000164,30043.0,0
2018-01-05,final_macro_weather,170.0,0.0,170.0,0.0,0.0,170.0,170.0,5.6666666666666664e-05,30144.0,0
2018-01-08,final_macro_weather,-53.0,0.0,-53.0,0.0,0.0,-53.0,-53.0,-1.7666666666666668e-05,22000.0,0
2018-01-09,final_macro_weather,-947.0,0.0,-947.0,0.0,0.0,-947.0,-947.0,-0.0003156666666666667,33939.0,0
2018-01-10,final_macro_weather,-26.0,0.0,-26.0,0.0,0.0,-26.0,-26.0,-8.666666666666666e-06,15994.0,0
2018-01-11,final_macro_weather,-44.0,0.0,-44.0,0.0,0.0,-44.0,-44.0,-1.4666666666666666e-05,23317.0,0
2018-01-12,final_macro_weather,-61.0,0.0,-61.0,0.0,0.0,-61.0,-61.0,-2.0333333333333334e-05,32905.0,0
2018-01-15,final_macro_weather,-2410.0,0.0,-2410.0,0.0,0.0,-2410.0,-2410.0,-0.0008033333333333333,37108.0,0
2018-01-16,final_macro_weather,193.0,0.0,193.0,0.0,0.0,193.0,193.0,6.433333333333333e-05,14029.0,0
2018-01-17,final_macro_weather,-253.0,0.0,-253.0,0.0,0.0,-253.0,-253.0,-8.433333333333333e-05,31115.0,0
2018-01-18,final_macro_weather,-740.0,0.0,-740.0,0.0,0.0,-740.0,-740.0,-0.0002466666666666667,20198.0,0
2018-01-19,final_macro_weather,-1048.0,0.0,-1048.0,0.0,0.0,-1048.0,-1048.0,-0.00034933333333333333,21052.0,0
2018-01-22,final_macro_weather,-104.0,0.0,-104.0,0.0,0.0,-104.0,-104.0,-3.4666666666666665e-05,24267.0,0
2018-01-23,final_macro_weather,-901.0,0.0,-901.0,0.0,0.0,-901.0,-901.0,-0.00030033333333333333,41212.0,0
2018-01-24,final_macro_weather,-11.0,0.0,-11.0,0.0,0.0,-11.0,-11.0,-3.6666666666666666e-06,16964.0,0
2018-01-25,final_macro_weather,-1114.0,0.0,-1114.0,0.0,0.0,-1114.0,-1114.0,-0.0003713333333333333,32856.0,0
2018-01-26,final_macro_weather,4315.0,0.0,4315.0,0.0,0.0,4315.0,4315.0,0.0014383333333333333,44002.0,0
2018-01-29,final_macro_weather,-3097.0,0.0,-3097.0,0.0,0.0,-3097.0,-3097.0,-0.0010323333333333332,59029.0,0
2018-01-30,final_macro_weather,906.0,0.0,906.0,0.0,0.0,906.0,906.0,0.000302,43438.0,0
2018-01-31,final_macro_weather,1152.0,0.0,1152.0,0.0,0.0,1152.0,1152.0,0.000384,30525.0,0
2018-02-01,final_macro_weather,366.0,0.0,366.0,0.0,0.0,366.0,366.0,0.000122,36426.0,0
2018-02-02,final_macro_weather,-342.0,0.0,-342.0,0.0,0.0,-342.0,-342.0,-0.000114,29923.0,0
2018-02-05,final_macro_weather,4975.0,0.0,4975.0,0.0,0.0,4975.0,4975.0,0.0016583333333333333,38467.0,0
2018-02-06,final_macro_weather,-987.0,0.0,-987.0,0.0,0.0,-987.0,-987.0,-0.000329,44306.0,0
2018-02-07,final_macro_weather,606.0,0.0,606.0,0.0,0.0,606.0,606.0,0.000202,59652.0,0
2018-02-08,final_macro_weather,-1338.0,0.0,-1338.0,0.0,0.0,-1338.0,-1338.0,-0.000446,46448.0,0
2018-02-09,final_macro_weather,-579.0,0.0,-579.0,0.0,0.0,-579.0,-579.0,-0.000193,32770.0,0
2018-02-12,final_macro_weather,-559.0,0.0,-559.0,0.0,0.0,-559.0,-559.0,-0.00018633333333333333,23847.0,0
2018-02-13,final_macro_weather,769.0,0.0,769.0,0.0,0.0,769.0,769.0,0.00025633333333333335,27376.0,0
2018-02-14,final_macro_weather,424.0,0.0,424.0,0.0,0.0,424.0,424.0,0.00014133333333333334,28577.0,0
2018-02-22,final_macro_weather,-846.0,0.0,-846.0,0.0,0.0,-846.0,-846.0,-0.000282,18331.0,0
2018-02-23,final_macro_weather,-103.0,0.0,-103.0,0.0,0.0,-103.0,-103.0,-3.433333333333333e-05,37326.0,0
2018-02-26,final_macro_weather,409.0,0.0,409.0,0.0,0.0,409.0,409.0,0.00013633333333333333,31922.0,0
2018-02-27,final_macro_weather,-1019.0,0.0,-1019.0,0.0,0.0,-1019.0,-1019.0,-0.00033966666666666666,45132.0,0
2018-02-28,final_macro_weather,433.0,0.0,433.0,0.0,0.0,433.0,433.0,0.00014433333333333334,28020.0,0
2018-03-01,final_macro_weather,871.0,0.0,871.0,636.58347034556,0.0,1507.58347034556,1507.58347034556,0.00050252782344852,42653.0,0
2018-03-02,final_macro_weather,416.0,0.0,416.0,650.3016684460129,0.0,1066.3016684460129,1066.3016684460129,0.00035543388948200427,40311.0,0
2018-03-05,final_macro_weather,-84.0,0.0,-84.0,-274.4854611578482,0.0,-358.4854611578482,-358.4854611578482,-0.00011949515371928273,32910.0,0
2018-03-06,final_macro_weather,-463.0,0.0,-463.0,1025.7713202490327,0.0,562.7713202490327,562.7713202490327,0.0001875904400830109,27578.0,0
2018-03-07,final_macro_weather,121.0,0.0,121.0,-755.7928256106665,0.0,-634.7928256106665,-634.7928256106665,-0.00021159760853688882,9698.0,0
2018-03-08,final_macro_weather,1312.0,0.0,1312.0,-377.52064117208397,0.0,934.479358827916,934.479358827916,0.00031149311960930535,25119.0,0
2018-03-09,final_macro_weather,-481.0,0.0,-481.0,-480.6134000886883,0.0,-961.6134000886883,-961.6134000886883,-0.00032053780002956275,29886.0,0
2018-03-12,final_macro_weather,-2191.0,0.0,-2191.0,-34.28884692694784,0.0,-2225.288846926948,-2225.288846926948,-0.0007417629489756492,67455.0,0
2018-03-13,final_macro_weather,-2122.0,0.0,-2122.0,0.0,0.0,-2122.0,-2122.0,-0.0007073333333333334,33218.0,0
2018-03-14,final_macro_weather,-179.0,0.0,-179.0,-377.52243860823813,0.0,-556.5224386082382,-556.5224386082382,-0.0001855074795360794,49190.0,0
2018-03-15,final_macro_weather,-36.0,0.0,-36.0,-514.9933173822537,0.0,-550.9933173822537,-550.9933173822537,-0.0001836644391274179,29320.0,0
2018-03-16,final_macro_weather,2365.0,0.0,2365.0,-446.24711009701275,0.0,1918.7528899029871,1918.7528899029871,0.0006395842966343291,49250.0,0
2018-03-19,final_macro_weather,2347.0,0.0,2347.0,923.4216495186901,0.0,3270.42164951869,3270.42164951869,0.0010901405498395635,53715.0,0
2018-03-20,final_macro_weather,-282.0,0.0,-282.0,-514.9934472177839,0.0,-796.9934472177839,-796.9934472177839,-0.00026566448240592796,38218.0,0
2018-03-21,final_macro_weather,2963.0,0.0,2963.0,1944.1275020422277,0.0,4907.127502042227,4907.127502042227,0.001635709167347409,36051.0,0
2018-03-22,final_macro_weather,5840.0,0.0,5840.0,1876.351485884538,0.0,7716.351485884538,7716.351485884538,0.002572117161961513,35962.0,0
2018-03-23,final_macro_weather,238.0,0.0,238.0,0.0,0.0,238.0,238.0,7.933333333333333e-05,78041.0,0
2018-03-26,final_macro_weather,-472.0,0.0,-472.0,171.35149485379915,0.0,-300.6485051462008,-300.6485051462008,-0.00010021616838206693,79036.0,0
2018-03-27,final_macro_weather,5886.0,0.0,5886.0,-1514.5701069520546,0.0,4371.429893047945,4371.429893047945,0.0014571432976826484,69046.0,0
2018-03-28,final_macro_weather,-4083.0,0.0,-4083.0,-1860.5472946219936,0.0,-5943.547294621993,-5943.547294621993,-0.0019811824315406645,71622.0,0
2018-03-29,final_macro_weather,0.0,0.0,0.0,-51.442694983756276,0.0,-51.442694983756276,-51.442694983756276,-1.7147564994585426e-05,0.0,0
2018-03-30,final_macro_weather,0.0,0.0,0.0,-6.857142857142858,0.0,-6.857142857142858,-6.857142857142858,-2.285714285714286e-06,0.0,0
2018-04-02,final_macro_weather,0.0,0.0,0.0,0.0,0.0,0.0,0.0,0.0,0.0,0
2018-04-03,final_macro_weather,0.0,0.0,0.0,0.0,0.0,0.0,0.0,0.0,0.0,0
2018-04-04,final_macro_weather,0.0,0.0,0.0,0.0,0.0,0.0,0.0,0.0,0.0,0
2018-04-09,final_macro_weather,0.0,0.0,0.0,0.0,0.0,0.0,0.0,0.0,0.0,0
2018-04-10,final_macro_weather,0.0,0.0,0.0,0.0,0.0,0.0,0.0,0.0,0.0,0
2018-04-11,final_macro_weather,0.0,0.0,0.0,0.0,0.0,0.0,0.0,0.0,0.0,0
2018-04-12,final_macro_weather,0.0,0.0,0.0,0.0,0.0,0.0,0.0,0.0,0.0,0
2018-04-13,final_macro_weather,2014.0,0.0,2014.0,0.0,0.0,2014.0,2014.0,0.0006713333333333334,47647.0,0
2018-04-16,final_macro_weather,0.0,0.0,0.0,0.0,0.0,0.0,0.0,0.0,0.0,0
2018-04-17,final_macro_weather,4935.0,0.0,4935.0,0.0,0.0,4935.0,4935.0,0.001645,51805.0,0
2018-04-18,final_macro_weather,0.0,0.0,0.0,0.0,0.0,0.0,0.0,0.0,0.0,0
2018-04-19,final_macro_weather,0.0,0.0,0.0,0.0,0.0,0.0,0.0,0.0,0.0,0
2018-04-20,final_macro_weather,0.0,0.0,0.0,0.0,0.0,0.0,0.0,0.0,0.0,0
2018-04-23,final_macro_weather,0.0,0.0,0.0,-109.77053278849027,0.0,-109.77053278849027,-109.77053278849027,-3.659017759616342e-05,0.0,0
2018-04-24,final_macro_weather,0.0,0.0,0.0,-85.75338419212382,0.0,-85.75338419212382,-85.75338419212382,-2.8584461397374605e-05,0.0,0
2018-04-25,final_macro_weather,0.0,0.0,0.0,-205.9398909133429,0.0,-205.9398909133429,-205.9398909133429,-6.864663030444764e-05,0.0,0
2018-04-26,final_macro_weather,0.0,0.0,0.0,-240.3078239688572,0.0,-240.3078239688572,-240.3078239688572,-8.010260798961907e-05,0.0,0
2018-04-27,final_macro_weather,1152.0,0.0,1152.0,-274.4871111507621,0.0,877.5128888492379,877.5128888492379,0.0002925042962830793,22470.0,0
2018-05-02,final_macro_weather,-270.0,0.0,-270.0,-2658.5116151891248,0.0,-2928.5116151891248,-2928.5116151891248,-0.000976170538396375,22767.0,0
2018-05-03,final_macro_weather,-821.0,0.0,-821.0,0.0,0.0,-821.0,-821.0,-0.0002736666666666667,18888.0,0
2018-05-04,final_macro_weather,27.0,0.0,27.0,-240.15383677615685,0.0,-213.15383677615685,-213.15383677615685,-7.105127892538562e-05,25300.0,0
2018-05-07,final_macro_weather,2454.0,0.0,2454.0,0.0,0.0,2454.0,2454.0,0.000818,27608.0,0
2018-05-08,final_macro_weather,-162.0,0.0,-162.0,137.09262779558452,0.0,-24.90737220441548,-24.90737220441548,-8.302457401471828e-06,22887.0,0
2018-05-09,final_macro_weather,-327.0,0.0,-327.0,0.0,0.0,-327.0,-327.0,-0.000109,21920.0,0
2018-05-10,final_macro_weather,1263.0,0.0,1263.0,0.0,0.0,1263.0,1263.0,0.000421,51192.0,0
2018-05-11,final_macro_weather,3472.0,0.0,3472.0,1025.7570182983677,0.0,4497.757018298367,4497.757018298367,0.0014992523394327891,21949.0,0
2018-05-14,final_macro_weather,3975.0,0.0,3975.0,-446.24264019969365,0.0,3528.7573598003064,3528.7573598003064,0.0011762524532667688,34059.0,0
2018-05-15,final_macro_weather,-415.0,0.0,-415.0,-2172.5143473875473,0.0,-2587.5143473875473,-2587.5143473875473,-0.0008625047824625157,23239.0,0
2018-05-16,final_macro_weather,463.0,0.0,463.0,-755.8218443462436,0.0,-292.82184434624355,-292.82184434624355,-9.760728144874785e-05,30224.0,0
2018-05-17,final_macro_weather,788.0,0.0,788.0,34.28253654404876,0.0,822.2825365440488,822.2825365440488,0.00027409417884801627,35067.0,0
2018-05-18,final_macro_weather,-1153.0,0.0,-1153.0,0.0,0.0,-1153.0,-1153.0,-0.0003843333333333333,29038.0,0
2018-05-21,final_macro_weather,-947.0,0.0,-947.0,0.0,0.0,-947.0,-947.0,-0.0003156666666666667,19631.0,0
2018-05-22,final_macro_weather,-2310.0,0.0,-2310.0,171.34918184245424,0.0,-2138.650818157546,-2138.650818157546,-0.0007128836060525153,21441.0,0
2018-05-23,final_macro_weather,-1076.0,0.0,-1076.0,0.0,0.0,-1076.0,-1076.0,-0.0003586666666666667,30470.0,0
2018-05-24,final_macro_weather,-2535.0,0.0,-2535.0,1468.4468489796004,0.0,-1066.5531510203996,-1066.5531510203996,-0.00035551771700679987,40972.0,0
2018-05-25,final_macro_weather,-2078.0,0.0,-2078.0,-583.7692548686489,0.0,-2661.769254868649,-2661.769254868649,-0.0008872564182895497,39822.0,0
2018-05-28,final_macro_weather,1247.0,0.0,1247.0,0.0,0.0,1247.0,1247.0,0.00041566666666666667,37611.0,0
2018-05-29,final_macro_weather,-2366.0,0.0,-2366.0,1842.2764580570608,0.0,-523.7235419429392,-523.7235419429392,-0.00017457451398097972,60046.0,0
2018-05-30,final_macro_weather,-819.0,0.0,-819.0,-652.5604898980488,0.0,-1471.5604898980487,-1471.5604898980487,-0.0004905201632993496,26280.0,0
2018-05-31,final_macro_weather,854.0,0.0,854.0,137.09265537559514,0.0,991.0926553755951,991.0926553755951,0.0003303642184585317,38266.0,0
2018-06-01,final_macro_weather,1754.0,0.0,1754.0,-1203.8591206534195,0.0,550.1408793465805,550.1408793465805,0.00018338029311552683,39026.0,0
2018-06-04,final_macro_weather,-945.0,0.0,-945.0,-171.50754651128065,0.0,-1116.5075465112807,-1116.5075465112807,-0.0003721691821704269,53141.0,0
2018-06-05,final_macro_weather,1181.0,0.0,1181.0,0.0,0.0,1181.0,1181.0,0.0003936666666666667,88682.0,0
2018-06-06,final_macro_weather,-353.0,0.0,-353.0,0.0,0.0,-353.0,-353.0,-0.00011766666666666666,45259.0,0
2018-06-07,final_macro_weather,2.0,0.0,2.0,-274.48815164160703,0.0,-272.48815164160703,-272.48815164160703,-9.082938388053568e-05,62097.0,0
2018-06-08,final_macro_weather,415.0,0.0,415.0,616.1197793922918,0.0,1031.1197793922918,1031.1197793922918,0.00034370659313076395,39227.0,0
2018-06-11,final_macro_weather,396.0,0.0,396.0,0.0,0.0,396.0,396.0,0.000132,37124.0,0
2018-06-12,final_macro_weather,1008.0,0.0,1008.0,-137.1933484705483,0.0,870.8066515294518,870.8066515294518,0.00029026888384315057,25868.0,0
2018-06-13,final_macro_weather,3958.0,0.0,3958.0,0.0,0.0,3958.0,3958.0,0.0013193333333333334,46269.0,0
2018-06-14,final_macro_weather,1548.0,0.0,1548.0,1059.8352568289438,0.0,2607.835256828944,2607.835256828944,0.0008692784189429812,38820.0,0
2018-06-15,final_macro_weather,8467.0,0.0,8467.0,-1549.2478678064367,0.0,6917.752132193564,6917.752132193564,0.0023059173773978545,46582.0,0
2018-06-19,final_macro_weather,0.0,0.0,0.0,0.0,0.0,0.0,0.0,0.0,0.0,0
2018-06-20,final_macro_weather,0.0,0.0,0.0,-688.258530528209,0.0,-688.258530528209,-688.258530528209,-0.00022941951017606968,0.0,0
2018-06-21,final_macro_weather,0.0,0.0,0.0,342.2210831109045,0.0,342.2210831109045,342.2210831109045,0.0001140736943703015,0.0,0
2018-06-22,final_macro_weather,0.0,0.0,0.0,325.1422933852699,0.0,325.1422933852699,325.1422933852699,0.00010838076446175664,0.0,0
2018-06-25,final_macro_weather,0.0,0.0,0.0,51.41433317487869,0.0,51.41433317487869,51.41433317487869,1.7138111058292897e-05,0.0,0
2018-06-26,final_macro_weather,-1854.0,0.0,-1854.0,-68.58408557549048,0.0,-1922.5840855754905,-1922.5840855754905,-0.0006408613618584968,35821.0,0
2018-06-27,final_macro_weather,0.0,0.0,0.0,-257.4995377888409,0.0,-257.4995377888409,-257.4995377888409,-8.583317926294696e-05,0.0,0
2018-06-28,final_macro_weather,563.0,0.0,563.0,445.1788352854891,0.0,1008.1788352854891,1008.1788352854891,0.0003360596117618297,68813.0,0
2018-06-29,final_macro_weather,-220.0,0.0,-220.0,0.0,0.0,-220.0,-220.0,-7.333333333333333e-05,43172.0,0
2018-07-02,final_macro_weather,-1827.0,0.0,-1827.0,-137.1932834921649,0.0,-1964.193283492165,-1964.193283492165,-0.0006547310944973883,62657.0,0
2018-07-03,final_macro_weather,511.0,0.0,511.0,513.5777215393629,0.0,1024.5777215393628,1024.5777215393628,0.0003415259071797876,7577.0,0
2018-07-04,final_macro_weather,1168.0,0.0,1168.0,68.55885665388315,0.0,1236.5588566538831,1236.5588566538831,0.0004121862855512944,31482.0,0
2018-07-05,final_macro_weather,886.0,0.0,886.0,342.54326686687097,0.0,1228.543266866871,1228.543266866871,0.000409514422288957,63142.0,0
2018-07-06,final_macro_weather,-4383.0,0.0,-4383.0,-102.88538479688269,0.0,-4485.885384796883,-4485.885384796883,-0.0014952951282656277,51015.0,0
2018-07-09,final_macro_weather,0.0,0.0,0.0,-377.90443623707114,0.0,-377.90443623707114,-377.90443623707114,-0.00012596814541235705,0.0,0
2018-07-10,final_macro_weather,0.0,0.0,0.0,290.9741607285533,0.0,290.9741607285533,290.9741607285533,9.699138690951775e-05,0.0,0
2018-07-11,final_macro_weather,0.0,0.0,0.0,-326.2826358900801,0.0,-326.2826358900801,-326.2826358900801,-0.0001087608786300267,0.0,0
2018-07-12,final_macro_weather,0.0,0.0,0.0,-68.5966603010804,0.0,-68.5966603010804,-68.5966603010804,-2.2865553433693468e-05,0.0,0
2018-07-13,final_macro_weather,0.0,0.0,0.0,119.92277518289734,0.0,119.92277518289734,119.92277518289734,3.9974258394299115e-05,0.0,0
2018-07-16,final_macro_weather,0.0,0.0,0.0,-171.58629878274587,0.0,-171.58629878274587,-171.58629878274587,-5.719543292758196e-05,0.0,0
2018-07-17,final_macro_weather,-3007.0,0.0,-3007.0,-1722.2256908642182,0.0,-4729.225690864218,-4729.225690864218,-0.0015764085636214061,35555.0,0
2018-07-18,final_macro_weather,265.0,0.0,265.0,855.1578700821854,0.0,1120.1578700821854,1120.1578700821854,0.0003733859566940618,33660.0,0
2018-07-19,final_macro_weather,-13.0,0.0,-13.0,239.84475109447112,0.0,226.84475109447112,226.84475109447112,7.561491703149037e-05,38579.0,0
2018-07-20,final_macro_weather,-7.0,0.0,-7.0,855.1695687259543,0.0,848.1695687259543,848.1695687259543,0.0002827231895753181,13066.0,0
2018-07-23,final_macro_weather,-354.0,0.0,-354.0,-137.1933206021608,0.0,-491.19332060216084,-491.19332060216084,-0.00016373110686738695,34690.0,0
2018-07-24,final_macro_weather,-2000.0,0.0,-2000.0,0.0,0.0,-2000.0,-2000.0,-0.0006666666666666666,45282.0,0
2018-07-25,final_macro_weather,-712.0,0.0,-712.0,274.08400887043905,0.0,-437.91599112956095,-437.91599112956095,-0.00014597199704318697,22260.0,0
2018-07-26,final_macro_weather,1307.0,0.0,1307.0,-411.88285411117425,0.0,895.1171458888257,895.1171458888257,0.0002983723819629419,44198.0,0
2018-07-27,final_macro_weather,-597.0,0.0,-597.0,34.28255760933153,0.0,-562.7174423906685,-562.7174423906685,-0.0001875724807968895,43929.0,0
2018-07-30,final_macro_weather,543.0,0.0,543.0,68.55880573976846,0.0,611.5588057397684,611.5588057397684,0.00020385293524658948,16739.0,0
2018-07-31,final_macro_weather,42.0,0.0,42.0,-137.19336706658675,0.0,-95.19336706658675,-95.19336706658675,-3.173112235552891e-05,37363.0,0
2018-08-01,final_macro_weather,742.0,0.0,742.0,-13.714285714285715,0.0,728.2857142857143,728.2857142857143,0.00024276190476190478,31487.0,0
2018-08-02,final_macro_weather,2087.0,0.0,2087.0,0.0,0.0,2087.0,2087.0,0.0006956666666666667,41781.0,0
2018-08-03,final_macro_weather,6854.0,0.0,6854.0,20.56825670935166,0.0,6874.568256709352,6874.568256709352,0.0022915227522364505,55180.0,0
2018-08-06,final_macro_weather,-2914.0,0.0,-2914.0,-102.88569842198675,0.0,-3016.885698421987,-3016.885698421987,-0.0010056285661406623,53658.0,0
2018-08-07,final_macro_weather,1025.0,0.0,1025.0,-411.8862229130393,0.0,613.1137770869607,613.1137770869607,0.00020437125902898688,50267.0,0
2018-08-08,final_macro_weather,2223.0,0.0,2223.0,34.28253418608414,0.0,2257.282534186084,2257.282534186084,0.0007524275113953613,58837.0,0
2018-08-09,final_macro_weather,98.0,0.0,98.0,-102.88577260607835,0.0,-4.885772606078348,-4.885772606078348,-1.6285908686927826e-06,62131.0,0
2018-08-10,final_macro_weather,1816.0,0.0,1816.0,479.3774701230026,0.0,2295.3774701230027,2295.3774701230027,0.0007651258233743343,52104.0,0
2018-08-13,final_macro_weather,-856.0,0.0,-856.0,-1687.6657915710464,0.0,-2543.6657915710466,-2543.6657915710466,-0.0008478885971903489,43144.0,0
2018-08-14,final_macro_weather,527.0,0.0,527.0,-171.50868323293102,0.0,355.49131676706895,355.49131676706895,0.00011849710558902299,23422.0,0
2018-08-15,final_macro_weather,2999.0,0.0,2999.0,-2346.377520587114,0.0,652.6224794128862,652.6224794128862,0.00021754082647096204,29263.0,0
2018-08-16,final_macro_weather,-1115.0,0.0,-1115.0,-411.89681348830794,0.0,-1526.896813488308,-1526.896813488308,-0.0005089656044961027,29132.0,0
2018-08-17,final_macro_weather,-2009.0,0.0,-2009.0,1196.0312364072927,0.0,-812.9687635927073,-812.9687635927073,-0.00027098958786423577,54998.0,0
2018-08-20,final_macro_weather,548.0,0.0,548.0,821.000723062164,0.0,1369.000723062164,1369.000723062164,0.00045633357435405467,54963.0,0
2018-08-21,final_macro_weather,-720.0,0.0,-720.0,-68.58430422315085,0.0,-788.5843042231509,-788.5843042231509,-0.00026286143474105026,54936.0,0
2018-08-22,final_macro_weather,1.0,0.0,1.0,-34.28893400471604,0.0,-33.28893400471604,-33.28893400471604,-1.1096311334905348e-05,23513.0,0
2018-08-23,final_macro_weather,-830.0,0.0,-830.0,68.55855211381898,0.0,-761.441447886181,-761.441447886181,-0.0002538138159620603,23368.0,0
2018-08-24,final_macro_weather,323.0,0.0,323.0,786.8736163942492,0.0,1109.8736163942492,1109.8736163942492,0.0003699578721314164,29735.0,0
2018-08-27,final_macro_weather,-739.0,0.0,-739.0,581.932892782453,0.0,-157.067107217547,-157.067107217547,-5.2355702405849e-05,52050.0,0
2018-08-28,final_macro_weather,213.0,0.0,213.0,-859.1457793837179,0.0,-646.1457793837179,-646.1457793837179,-0.0002153819264612393,29389.0,0
2018-08-29,final_macro_weather,-86.0,0.0,-86.0,274.08050018377816,0.0,188.08050018377816,188.08050018377816,6.269350006125939e-05,23630.0,0
2018-08-30,final_macro_weather,100.0,0.0,100.0,239.84309817326258,0.0,339.84309817326255,339.84309817326255,0.00011328103272442084,23623.0,0
2018-08-31,final_macro_weather,1283.0,0.0,1283.0,-824.7062621059287,0.0,458.29373789407134,458.29373789407134,0.00015276457929802378,31133.0,0
2018-09-03,final_macro_weather,-3552.0,0.0,-3552.0,0.0,0.0,-3552.0,-3552.0,-0.001184,42609.0,0
2018-09-04,final_macro_weather,446.0,0.0,446.0,0.0,0.0,446.0,446.0,0.00014866666666666666,28046.0,0
2018-09-05,final_macro_weather,-791.0,0.0,-791.0,0.0,0.0,-791.0,-791.0,-0.00026366666666666666,37864.0,0
2018-09-06,final_macro_weather,-874.0,0.0,-874.0,0.0,0.0,-874.0,-874.0,-0.00029133333333333333,53946.0,0
2018-09-07,final_macro_weather,197.0,0.0,197.0,0.0,0.0,197.0,197.0,6.566666666666667e-05,21555.0,0
2018-09-10,final_macro_weather,-1338.0,0.0,-1338.0,0.0,0.0,-1338.0,-1338.0,-0.000446,31481.0,0
2018-09-11,final_macro_weather,-2394.0,0.0,-2394.0,-480.62226086567745,0.0,-2874.6222608656776,-2874.6222608656776,-0.0009582074202885593,40030.0,0
2018-09-12,final_macro_weather,-1529.0,0.0,-1529.0,547.7595817011077,0.0,-981.2404182988923,-981.2404182988923,-0.00032708013943296414,39601.0,0
2018-09-13,final_macro_weather,417.0,0.0,417.0,308.315092658254,0.0,725.315092658254,725.315092658254,0.00024177169755275135,40523.0,0
2018-09-14,final_macro_weather,-1148.0,0.0,-1148.0,-652.5730497305218,0.0,-1800.5730497305217,-1800.5730497305217,-0.0006001910165768405,32704.0,0
2018-09-17,final_macro_weather,1242.0,0.0,1242.0,855.165197929719,0.0,2097.165197929719,2097.165197929719,0.000699055065976573,49178.0,0
2018-09-18,final_macro_weather,3385.0,0.0,3385.0,0.0,0.0,3385.0,3385.0,0.0011283333333333334,49492.0,0
2018-09-19,final_macro_weather,-1238.0,0.0,-1238.0,0.0,0.0,-1238.0,-1238.0,-0.00041266666666666665,40262.0,0
2018-09-20,final_macro_weather,36.0,0.0,36.0,0.0,0.0,36.0,36.0,1.2e-05,39114.0,0
2018-09-21,final_macro_weather,-4160.0,0.0,-4160.0,0.0,0.0,-4160.0,-4160.0,-0.0013866666666666667,39072.0,0
2018-09-25,final_macro_weather,76.0,0.0,76.0,-13.714285714285715,0.0,62.285714285714285,62.285714285714285,2.076190476190476e-05,19925.0,0
2018-09-26,final_macro_weather,222.0,0.0,222.0,0.0,0.0,222.0,222.0,7.4e-05,62516.0,0
2018-09-27,final_macro_weather,423.0,0.0,423.0,0.0,0.0,423.0,423.0,0.000141,15761.0,0
2018-09-28,final_macro_weather,-711.0,0.0,-711.0,0.0,0.0,-711.0,-711.0,-0.000237,16325.0,0
2018-10-08,final_macro_weather,-512.0,0.0,-512.0,-13.714285714285715,0.0,-525.7142857142857,-525.7142857142857,-0.00017523809523809522,22107.0,0
2018-10-09,final_macro_weather,1635.0,0.0,1635.0,-549.3810786948361,0.0,1085.618921305164,1085.618921305164,0.000361872973768388,30393.0,0
2018-10-10,final_macro_weather,-1573.0,0.0,-1573.0,0.0,0.0,-1573.0,-1573.0,-0.0005243333333333334,29911.0,0
2018-10-11,final_macro_weather,-2589.0,0.0,-2589.0,3867.9970484190762,0.0,1278.9970484190762,1278.9970484190762,0.0004263323494730254,31966.0,0
2018-10-12,final_macro_weather,-1142.0,0.0,-1142.0,1059.8886196497333,0.0,-82.1113803502667,-82.1113803502667,-2.7370460116755566e-05,35906.0,0
2018-10-15,final_macro_weather,202.0,0.0,202.0,410.98522156045516,0.0,612.9852215604551,612.9852215604551,0.00020432840718681837,31591.0,0
2018-10-16,final_macro_weather,-899.0,0.0,-899.0,-686.9478815021879,0.0,-1585.947881502188,-1585.947881502188,-0.0005286492938340626,32748.0,0
2018-10-17,final_macro_weather,1092.0,0.0,1092.0,-205.8255227181225,0.0,886.1744772818774,886.1744772818774,0.00029539149242729246,28562.0,0
2018-10-18,final_macro_weather,4015.0,0.0,4015.0,1434.574794495795,0.0,5449.574794495795,5449.574794495795,0.0018165249314985982,53985.0,0
2018-10-19,final_macro_weather,-919.0,0.0,-919.0,-102.88476292815051,0.0,-1021.8847629281505,-1021.8847629281505,-0.0003406282543093835,39768.0,0
2018-10-22,final_macro_weather,410.0,0.0,410.0,410.98720327910416,0.0,820.9872032791042,820.9872032791042,0.00027366240109303474,39916.0,0
2018-10-23,final_macro_weather,-1869.0,0.0,-1869.0,479.40067759717374,0.0,-1389.5993224028261,-1389.5993224028261,-0.00046319977413427537,37274.0,0
2018-10-24,final_macro_weather,-828.0,0.0,-828.0,752.8108402126657,0.0,-75.18915978733435,-75.18915978733435,-2.5063053262444782e-05,39274.0,0
2018-10-25,final_macro_weather,-3699.0,0.0,-3699.0,-514.9716727387573,0.0,-4213.971672738758,-4213.971672738758,-0.0014046572242462526,46527.0,0
2018-10-26,final_macro_weather,1683.0,0.0,1683.0,0.0,0.0,1683.0,1683.0,0.000561,34022.0,0
2018-10-29,final_macro_weather,-1413.0,0.0,-1413.0,-824.6197804467771,0.0,-2237.619780446777,-2237.619780446777,-0.0007458732601489257,37090.0,0
2018-10-30,final_macro_weather,-51.0,0.0,-51.0,-1169.2712769478985,0.0,-1220.2712769478985,-1220.2712769478985,-0.0004067570923159662,24216.0,0
2018-10-31,final_macro_weather,862.0,0.0,862.0,-549.3622575216833,0.0,312.6377424783167,312.6377424783167,0.00010421258082610557,21674.0,0
2018-11-01,final_macro_weather,-5133.0,0.0,-5133.0,205.60350795497862,0.0,-4927.396492045022,-4927.396492045022,-0.0016424654973483405,61310.0,0
2018-11-02,final_macro_weather,-1532.0,0.0,-1532.0,-34.28879070917472,0.0,-1566.2887907091747,-1566.2887907091747,-0.0005220962635697249,23308.0,0
2018-11-05,final_macro_weather,-1174.0,0.0,-1174.0,102.82946332414181,0.0,-1071.170536675858,-1071.170536675858,-0.00035705684555861934,40696.0,0
2018-11-06,final_macro_weather,1234.0,0.0,1234.0,102.82947821365083,0.0,1336.8294782136509,1336.8294782136509,0.00044560982607121693,32077.0,0
2018-11-07,final_macro_weather,2570.0,0.0,2570.0,-652.5405579104806,0.0,1917.4594420895194,1917.4594420895194,0.0006391531473631731,60576.0,0
2018-11-08,final_macro_weather,597.0,0.0,597.0,-480.60544198225017,0.0,116.39455801774983,116.39455801774983,3.879818600591661e-05,57173.0,0
2018-11-09,final_macro_weather,1289.0,0.0,1289.0,-1376.3990307608608,0.0,-87.3990307608608,-87.3990307608608,-2.9133010253620266e-05,65060.0,0
2018-11-12,final_macro_weather,5.0,0.0,5.0,-790.223364985398,0.0,-785.223364985398,-785.223364985398,-0.00026174112166179936,64874.0,0
2018-11-13,final_macro_weather,1495.0,0.0,1495.0,-68.58394008387404,0.0,1426.416059916126,1426.416059916126,0.000475472019972042,64787.0,0
2018-11-14,final_macro_weather,1390.0,0.0,1390.0,1196.1841222480612,0.0,2586.184122248061,2586.184122248061,0.000862061374082687,66728.0,0
2018-11-15,final_macro_weather,-1023.0,0.0,-1023.0,239.84781688356523,0.0,-783.1521831164348,-783.1521831164348,-0.00026105072770547826,37407.0,0
2018-11-16,final_macro_weather,-384.0,0.0,-384.0,513.5884719803653,0.0,129.58847198036528,129.58847198036528,4.319615732678843e-05,54418.0,0
2018-11-19,final_macro_weather,-495.0,0.0,-495.0,752.7911810945429,0.0,257.79118109454294,257.79118109454294,8.593039369818097e-05,45118.0,0
2018-11-20,final_macro_weather,-1618.0,0.0,-1618.0,-137.1922216618156,0.0,-1755.1922216618157,-1755.1922216618157,-0.0005850640738872719,62483.0,0
2018-11-21,final_macro_weather,-778.0,0.0,-778.0,445.19356010114933,0.0,-332.80643989885067,-332.80643989885067,-0.00011093547996628356,45949.0,0
2018-11-22,final_macro_weather,1646.0,0.0,1646.0,-34.288793472102796,0.0,1611.7112065278973,1611.7112065278973,0.0005372370688426324,30888.0,0
2018-11-23,final_macro_weather,181.0,0.0,181.0,-68.58374900549447,0.0,112.41625099450553,112.41625099450553,3.7472083664835174e-05,44222.0,0
2018-11-26,final_macro_weather,-884.0,0.0,-884.0,-446.235698589302,0.0,-1330.235698589302,-1330.235698589302,-0.00044341189952976735,30387.0,0
2018-11-27,final_macro_weather,-1161.0,0.0,-1161.0,-859.0784764097763,0.0,-2020.0784764097762,-2020.0784764097762,-0.000673359492136592,39367.0,0
2018-11-28,final_macro_weather,1033.0,0.0,1033.0,1264.3441161620167,0.0,2297.3441161620167,2297.3441161620167,0.0007657813720540055,40150.0,0
2018-11-29,final_macro_weather,10947.0,0.0,10947.0,-68.58375564996935,0.0,10878.41624435003,10878.41624435003,0.003626138748116677,59589.0,0
2018-11-30,final_macro_weather,0.0,0.0,0.0,-377.89070747064227,0.0,-377.89070747064227,-377.89070747064227,-0.00012596356915688076,0.0,0
2018-12-03,final_macro_weather,0.0,0.0,0.0,0.0,0.0,0.0,0.0,0.0,0.0,0
2018-12-04,final_macro_weather,0.0,0.0,0.0,205.49181166324723,0.0,205.49181166324723,205.49181166324723,6.849727055441575e-05,0.0,0
2018-12-05,final_macro_weather,0.0,0.0,0.0,359.3208762143528,0.0,359.3208762143528,359.3208762143528,0.00011977362540478425,0.0,0
2018-12-06,final_macro_weather,0.0,0.0,0.0,102.80181356749652,0.0,102.80181356749652,102.80181356749652,3.426727118916551e-05,0.0,0
2018-12-07,final_macro_weather,0.0,0.0,0.0,904.282894068362,0.0,904.282894068362,904.282894068362,0.00030142763135612065,0.0,0
2018-12-10,final_macro_weather,0.0,0.0,0.0,-154.40912093574767,0.0,-154.40912093574767,-154.40912093574767,-5.1469706978582554e-05,0.0,0
2018-12-11,final_macro_weather,0.0,0.0,0.0,-498.42926166613506,0.0,-498.42926166613506,-498.42926166613506,-0.00016614308722204501,0.0,0
2018-12-12,final_macro_weather,0.0,0.0,0.0,-102.91234347401571,0.0,-102.91234347401571,-102.91234347401571,-3.430411449133857e-05,0.0,0
2018-12-13,final_macro_weather,0.0,0.0,0.0,-120.0752238871491,0.0,-120.0752238871491,-120.0752238871491,-4.0025074629049695e-05,0.0,0
2018-12-14,final_macro_weather,0.0,0.0,0.0,-102.91247214679807,0.0,-102.91247214679807,-102.91247214679807,-3.430415738226602e-05,0.0,0
2018-12-17,final_macro_weather,0.0,0.0,0.0,581.0870139188107,0.0,581.0870139188107,581.0870139188107,0.00019369567130627025,0.0,0
2018-12-18,final_macro_weather,0.0,0.0,0.0,273.8952486526121,0.0,273.8952486526121,273.8952486526121,9.129841621753737e-05,0.0,0
2018-12-19,final_macro_weather,0.0,0.0,0.0,-154.40927467247047,0.0,-154.40927467247047,-154.40927467247047,-5.1469758224156825e-05,0.0,0
2018-12-20,final_macro_weather,0.0,0.0,0.0,887.3268869014665,0.0,887.3268869014665,887.3268869014665,0.0002957756289671555,0.0,0
2018-12-21,final_macro_weather,0.0,0.0,0.0,273.8993055015377,0.0,273.8993055015377,273.8993055015377,9.129976850051257e-05,0.0,0
2018-12-24,final_macro_weather,0.0,0.0,0.0,512.9332778239727,0.0,512.9332778239727,512.9332778239727,0.00017097775927465758,0.0,0
2018-12-25,final_macro_weather,0.0,0.0,0.0,119.926556300717,0.0,119.926556300717,119.926556300717,3.997551876690566e-05,0.0,0
2018-12-26,final_macro_weather,0.0,0.0,0.0,-6.857142857142858,0.0,-6.857142857142858,-6.857142857142858,-2.285714285714286e-06,0.0,0
2018-12-27,final_macro_weather,0.0,0.0,0.0,0.0,0.0,0.0,0.0,0.0,0.0,0
2018-12-28,final_macro_weather,823.0,0.0,823.0,0.0,0.0,823.0,823.0,0.00027433333333333335,32547.0,0
2019-01-02,final_macro_weather,1126.0,0.0,1126.0,0.0,0.0,1126.0,1126.0,0.0003753333333333333,33613.0,0
2019-01-03,final_macro_weather,-1047.0,0.0,-1047.0,0.0,0.0,-1047.0,-1047.0,-0.000349,45496.0,0
2019-01-04,final_macro_weather,-1435.0,0.0,-1435.0,0.0,0.0,-1435.0,-1435.0,-0.0004783333333333333,58242.0,0
2019-01-07,final_macro_weather,-1509.0,0.0,-1509.0,0.0,0.0,-1509.0,-1509.0,-0.000503,39846.0,0
2019-01-08,final_macro_weather,-1179.0,0.0,-1179.0,0.0,0.0,-1179.0,-1179.0,-0.000393,48112.0,0
2019-01-09,final_macro_weather,-2333.0,0.0,-2333.0,0.0,0.0,-2333.0,-2333.0,-0.0007776666666666666,65957.0,0
2019-01-10,final_macro_weather,-17.0,0.0,-17.0,0.0,0.0,-17.0,-17.0,-5.666666666666667e-06,31022.0,0
2019-01-11,final_macro_weather,-990.0,0.0,-990.0,0.0,0.0,-990.0,-990.0,-0.00033,41668.0,0
2019-01-14,final_macro_weather,-24.0,0.0,-24.0,0.0,0.0,-24.0,-24.0,-8e-06,34986.0,0
2019-01-15,final_macro_weather,-320.0,0.0,-320.0,0.0,0.0,-320.0,-320.0,-0.00010666666666666667,34926.0,0
2019-01-16,final_macro_weather,-80.0,0.0,-80.0,0.0,0.0,-80.0,-80.0,-2.6666666666666667e-05,55206.0,0
2019-01-17,final_macro_weather,-1920.0,0.0,-1920.0,0.0,0.0,-1920.0,-1920.0,-0.00064,57822.0,0
2019-01-18,final_macro_weather,-779.0,0.0,-779.0,0.0,0.0,-779.0,-779.0,-0.00025966666666666667,34530.0,0
2019-01-21,final_macro_weather,285.0,0.0,285.0,0.0,0.0,285.0,285.0,9.5e-05,27495.0,0
2019-01-22,final_macro_weather,-586.0,0.0,-586.0,0.0,0.0,-586.0,-586.0,-0.00019533333333333333,33554.0,0
2019-01-23,final_macro_weather,-55.0,0.0,-55.0,0.0,0.0,-55.0,-55.0,-1.8333333333333333e-05,33630.0,0
2019-01-24,final_macro_weather,499.0,0.0,499.0,0.0,0.0,499.0,499.0,0.00016633333333333333,37976.0,0
2019-01-25,final_macro_weather,-1657.0,0.0,-1657.0,0.0,0.0,-1657.0,-1657.0,-0.0005523333333333334,34284.0,0
2019-01-28,final_macro_weather,-464.0,0.0,-464.0,0.0,0.0,-464.0,-464.0,-0.00015466666666666667,25635.0,0
2019-01-29,final_macro_weather,2465.0,0.0,2465.0,0.0,0.0,2465.0,2465.0,0.0008216666666666666,23571.0,0
2019-01-30,final_macro_weather,616.0,0.0,616.0,0.0,0.0,616.0,616.0,0.00020533333333333333,21890.0,0
2019-01-31,final_macro_weather,4220.0,0.0,4220.0,0.0,0.0,4220.0,4220.0,0.0014066666666666667,32078.0,0
2019-02-01,final_macro_weather,3844.0,0.0,3844.0,0.0,0.0,3844.0,3844.0,0.0012813333333333333,33927.0,0
2019-02-11,final_macro_weather,-2428.0,0.0,-2428.0,0.0,0.0,-2428.0,-2428.0,-0.0008093333333333333,47361.0,0
2019-02-12,final_macro_weather,-1569.0,0.0,-1569.0,0.0,0.0,-1569.0,-1569.0,-0.000523,15073.0,0
2019-02-13,final_macro_weather,-1710.0,0.0,-1710.0,0.0,0.0,-1710.0,-1710.0,-0.00057,41424.0,0
2019-02-14,final_macro_weather,-76.0,0.0,-76.0,0.0,0.0,-76.0,-76.0,-2.5333333333333334e-05,42005.0,0
2019-02-15,final_macro_weather,-1297.0,0.0,-1297.0,909.8490261857992,0.0,-387.1509738142008,-387.1509738142008,-0.0001290503246047336,53239.0,0
2019-02-18,final_macro_weather,5864.0,0.0,5864.0,274.0973420018593,0.0,6138.097342001859,6138.097342001859,0.002046032447333953,37319.0,0
2019-02-19,final_macro_weather,0.0,0.0,0.0,683.3714257421576,0.0,683.3714257421576,683.3714257421576,0.00022779047524738586,0.0,0
2019-02-20,final_macro_weather,0.0,0.0,0.0,-636.2942117762642,0.0,-636.2942117762642,-636.2942117762642,-0.00021209807059208806,0.0,0
2019-02-21,final_macro_weather,0.0,0.0,0.0,-653.5608510254879,0.0,-653.5608510254879,-653.5608510254879,-0.00021785361700849595,0.0,0
2019-02-22,final_macro_weather,0.0,0.0,0.0,-102.9104551320207,0.0,-102.9104551320207,-102.9104551320207,-3.43034850440069e-05,0.0,0
2019-02-25,final_macro_weather,0.0,0.0,0.0,-102.91051045434892,0.0,-102.91051045434892,-102.91051045434892,-3.430350348478297e-05,0.0,0
2019-02-26,final_macro_weather,0.0,0.0,0.0,-6.857142857142858,0.0,-6.857142857142858,-6.857142857142858,-2.285714285714286e-06,0.0,0
2019-02-27,final_macro_weather,0.0,0.0,0.0,0.0,0.0,0.0,0.0,0.0,0.0,0
2019-02-28,final_macro_weather,0.0,0.0,0.0,0.0,0.0,0.0,0.0,0.0,0.0,0
2019-03-01,final_macro_weather,0.0,0.0,0.0,0.0,0.0,0.0,0.0,0.0,0.0,0
2019-03-04,final_macro_weather,0.0,0.0,0.0,-350.32168629631906,0.0,-350.32168629631906,-350.32168629631906,-0.00011677389543210635,0.0,0
2019-03-05,final_macro_weather,0.0,0.0,0.0,512.9222823713477,0.0,512.9222823713477,512.9222823713477,0.00017097409412378256,0.0,0
2019-03-06,final_macro_weather,0.0,0.0,0.0,-481.1895225097314,0.0,-481.1895225097314,-481.1895225097314,-0.0001603965075032438,0.0,0
2019-03-07,final_macro_weather,0.0,0.0,0.0,904.328988833691,0.0,904.328988833691,904.328988833691,0.000301442996277897,0.0,0
2019-03-08,final_macro_weather,0.0,0.0,0.0,410.56377063909576,0.0,410.56377063909576,410.56377063909576,0.00013685459021303193,0.0,0
2019-03-11,final_macro_weather,0.0,0.0,0.0,-223.11090726809883,0.0,-223.11090726809883,-223.11090726809883,-7.437030242269962e-05,0.0,0
2019-03-12,final_macro_weather,0.0,0.0,0.0,478.825720711223,0.0,478.825720711223,478.825720711223,0.0001596085735704077,0.0,0
2019-03-13,final_macro_weather,-306.0,0.0,-306.0,-411.85983838022634,0.0,-717.8598383802264,-717.8598383802264,-0.0002392866127934088,22208.0,0
2019-03-14,final_macro_weather,-573.0,0.0,-573.0,-68.58341937856764,0.0,-641.5834193785677,-641.5834193785677,-0.0002138611397928559,28937.0,0
2019-03-15,final_macro_weather,966.0,0.0,966.0,205.60643131113503,0.0,1171.606431311135,1171.606431311135,0.0003905354771037117,58340.0,0
2019-03-18,final_macro_weather,21.0,0.0,21.0,513.6130347732994,0.0,534.6130347732994,534.6130347732994,0.00017820434492443315,47326.0,0
2019-03-19,final_macro_weather,-935.0,0.0,-935.0,-274.4770653075728,0.0,-1209.4770653075727,-1209.4770653075727,-0.00040315902176919094,23261.0,0
2019-03-20,final_macro_weather,-421.0,0.0,-421.0,1196.3505688704888,0.0,775.3505688704888,775.3505688704888,0.0002584501896234963,25155.0,0
2019-03-21,final_macro_weather,1358.0,0.0,1358.0,-755.7283622975172,0.0,602.2716377024828,602.2716377024828,0.0002007572125674943,57897.0,0
2019-03-22,final_macro_weather,3361.0,0.0,3361.0,-13.714285714285715,0.0,3347.285714285714,3347.285714285714,0.0011157619047619048,53742.0,0
2019-03-25,final_macro_weather,-96.0,0.0,-96.0,191.89330171267343,0.0,95.89330171267343,95.89330171267343,3.1964433904224475e-05,59887.0,0
2019-03-26,final_macro_weather,-1601.0,0.0,-1601.0,0.0,0.0,-1601.0,-1601.0,-0.0005336666666666667,56545.0,0
2019-03-27,final_macro_weather,944.0,0.0,944.0,-618.1048053091095,0.0,325.89519469089055,325.89519469089055,0.00010863173156363019,44587.0,0
2019-03-28,final_macro_weather,453.0,0.0,453.0,-3668.094660811809,0.0,-3215.094660811809,-3215.094660811809,-0.001071698220270603,29577.0,0
2019-03-29,final_macro_weather,1336.0,0.0,1336.0,68.55932060863324,0.0,1404.5593206086332,1404.5593206086332,0.0004681864402028777,43569.0,0
2019-04-01,final_macro_weather,-1659.0,0.0,-1659.0,-68.58353795963386,0.0,-1727.5835379596338,-1727.5835379596338,-0.000575861179319878,29847.0,0
2019-04-02,final_macro_weather,1868.0,0.0,1868.0,547.7977935904127,0.0,2415.7977935904128,2415.7977935904128,0.0008052659311968042,29640.0,0
2019-04-03,final_macro_weather,2864.0,0.0,2864.0,0.0,0.0,2864.0,2864.0,0.0009546666666666667,54710.0,0
2019-04-04,final_macro_weather,-3086.0,0.0,-3086.0,923.5202621070142,0.0,-2162.4797378929857,-2162.4797378929857,-0.0007208265792976619,49450.0,0
2019-04-08,final_macro_weather,-317.0,0.0,-317.0,102.83010838775449,0.0,-214.16989161224552,-214.16989161224552,-7.13899638707485e-05,44023.0,0
2019-04-09,final_macro_weather,-3995.0,0.0,-3995.0,1025.8778889490118,0.0,-2969.122111050988,-2969.122111050988,-0.0009897073703503294,50030.0,0
2019-04-10,final_macro_weather,2117.0,0.0,2117.0,205.60680697961615,0.0,2322.606806979616,2322.606806979616,0.0007742022689932054,32727.0,0
2019-04-11,final_macro_weather,106.0,0.0,106.0,-1929.4206110806128,0.0,-1823.4206110806128,-1823.4206110806128,-0.0006078068703602043,27764.0,0
2019-04-12,final_macro_weather,-958.0,0.0,-958.0,-1203.7071986292556,0.0,-2161.707198629256,-2161.707198629256,-0.0007205690662097519,40812.0,0
2019-04-15,final_macro_weather,150.0,0.0,150.0,-13.714285714285715,0.0,136.28571428571428,136.28571428571428,4.5428571428571425e-05,44045.0,0
2019-04-16,final_macro_weather,-1176.0,0.0,-1176.0,0.0,0.0,-1176.0,-1176.0,-0.000392,43014.0,0
2019-04-17,final_macro_weather,-801.0,0.0,-801.0,0.0,0.0,-801.0,-801.0,-0.000267,40534.0,0
2019-04-18,final_macro_weather,434.0,0.0,434.0,0.0,0.0,434.0,434.0,0.00014466666666666667,55929.0,0
2019-04-19,final_macro_weather,1897.0,0.0,1897.0,0.0,0.0,1897.0,1897.0,0.0006323333333333334,47890.0,0
2019-04-22,final_macro_weather,-211.0,0.0,-211.0,0.0,0.0,-211.0,-211.0,-7.033333333333334e-05,57648.0,0
2019-04-23,final_macro_weather,3485.0,0.0,3485.0,0.0,0.0,3485.0,3485.0,0.0011616666666666668,23918.0,0
2019-04-24,final_macro_weather,-1394.0,0.0,-1394.0,1148.473601662625,0.0,-245.52639833737499,-245.52639833737499,-8.1842132779125e-05,46021.0,0
2019-04-25,final_macro_weather,641.0,0.0,641.0,718.6607607058711,0.0,1359.660760705871,1359.660760705871,0.00045322025356862367,24746.0,0
2019-04-26,final_macro_weather,-340.0,0.0,-340.0,-102.88445006367105,0.0,-442.88445006367107,-442.88445006367107,-0.00014762815002122368,33660.0,0
2019-04-29,final_macro_weather,4994.0,0.0,4994.0,171.35274938800825,0.0,5165.352749388008,5165.352749388008,0.0017217842497960028,33869.0,0
2019-04-30,final_macro_weather,5621.0,0.0,5621.0,957.6307407092474,0.0,6578.630740709247,6578.630740709247,0.0021928769135697492,27956.0,0
2019-05-06,final_macro_weather,0.0,0.0,0.0,-188.75352192987188,0.0,-188.75352192987188,-188.75352192987188,-6.291784064329062e-05,0.0,0
2019-05-07,final_macro_weather,0.0,0.0,0.0,547.035169849345,0.0,547.035169849345,547.035169849345,0.00018234505661644834,0.0,0
2019-05-08,final_macro_weather,0.0,0.0,0.0,17.14135986291982,0.0,17.14135986291982,17.14135986291982,5.7137866209732735e-06,0.0,0
2019-05-09,final_macro_weather,0.0,0.0,0.0,68.5474846394909,0.0,68.5474846394909,68.5474846394909,2.284916154649697e-05,0.0,0
2019-05-10,final_macro_weather,0.0,0.0,0.0,666.3060634716223,0.0,666.3060634716223,666.3060634716223,0.00022210202115720745,0.0,0
2019-05-13,final_macro_weather,3100.0,0.0,3100.0,2250.00875649951,0.0,5350.00875649951,5350.00875649951,0.0017833362521665033,28313.0,0
2019-05-14,final_macro_weather,0.0,0.0,0.0,-481.15556723306395,0.0,-481.15556723306395,-481.15556723306395,-0.00016038518907768797,0.0,0
2019-05-15,final_macro_weather,0.0,0.0,0.0,393.5068051614532,0.0,393.5068051614532,393.5068051614532,0.00013116893505381774,0.0,0
2019-05-16,final_macro_weather,0.0,0.0,0.0,-223.10602410619063,0.0,-223.10602410619063,-223.10602410619063,-7.436867470206355e-05,0.0,0
2019-05-17,final_macro_weather,0.0,0.0,0.0,-722.6123089474745,0.0,-722.6123089474745,-722.6123089474745,-0.00024087076964915817,0.0,0
2019-05-20,final_macro_weather,611.0,0.0,611.0,-274.4759043309346,0.0,336.5240956690654,336.5240956690654,0.00011217469855635514,28881.0,0
2019-05-21,final_macro_weather,1673.0,0.0,1673.0,-102.88390998356492,0.0,1570.116090016435,1570.116090016435,0.0005233720300054784,27625.0,0
2019-05-22,final_macro_weather,48.0,0.0,48.0,342.56002239949464,0.0,390.56002239949464,390.56002239949464,0.0001301866741331649,29216.0,0
2019-05-23,final_macro_weather,3184.0,0.0,3184.0,1162.2949757511315,0.0,4346.2949757511315,4346.2949757511315,0.001448764991917044,40462.0,0
2019-05-24,final_macro_weather,-5122.0,0.0,-5122.0,0.0,0.0,-5122.0,-5122.0,-0.0017073333333333333,27905.0,0
2019-05-27,final_macro_weather,0.0,0.0,0.0,-102.9103173267098,0.0,-102.9103173267098,-102.9103173267098,-3.4303439108903264e-05,0.0,0
2019-05-28,final_macro_weather,0.0,0.0,0.0,154.16615413298013,0.0,154.16615413298013,154.16615413298013,5.1388718044326705e-05,0.0,0
2019-05-29,final_macro_weather,0.0,0.0,0.0,-446.7145663326915,0.0,-446.7145663326915,-446.7145663326915,-0.0001489048554442305,0.0,0
2019-05-30,final_macro_weather,0.0,0.0,0.0,1108.0711158856277,0.0,1108.0711158856277,1108.0711158856277,0.0003693570386285426,0.0,0
2019-05-31,final_macro_weather,0.0,0.0,0.0,1125.0926808065,0.0,1125.0926808065,1125.0926808065,0.0003750308936021667,0.0,0
2019-06-03,final_macro_weather,0.0,0.0,0.0,1057.3254225531934,0.0,1057.3254225531934,1057.3254225531934,0.00035244180751773117,0.0,0
2019-06-04,final_macro_weather,0.0,0.0,0.0,666.3996522172305,0.0,666.3996522172305,666.3996522172305,0.00022213321740574348,0.0,0
2019-06-05,final_macro_weather,0.0,0.0,0.0,-51.44139864145366,0.0,-51.44139864145366,-51.44139864145366,-1.7147132880484553e-05,0.0,0
2019-06-06,final_macro_weather,0.0,0.0,0.0,-257.4641251917141,0.0,-257.4641251917141,-257.4641251917141,-8.58213750639047e-05,0.0,0
2019-06-10,final_macro_weather,0.0,0.0,0.0,-412.25390530850405,0.0,-412.25390530850405,-412.25390530850405,-0.000137417968436168,0.0,0
2019-06-11,final_macro_weather,-2631.0,0.0,-2631.0,2046.8810301665303,0.0,-584.1189698334697,-584.1189698334697,-0.00019470632327782324,60421.0,0
2019-06-12,final_macro_weather,596.0,0.0,596.0,342.57335199927604,0.0,938.573351999276,938.573351999276,0.00031285778399975866,71117.0,0
2019-06-13,final_macro_weather,223.0,0.0,223.0,3062.9654614556407,0.0,3285.9654614556407,3285.9654614556407,0.0010953218204852136,46936.0,0
2019-06-14,final_macro_weather,-382.0,0.0,-382.0,-13.714285714285715,0.0,-395.7142857142857,-395.7142857142857,-0.0001319047619047619,53050.0,0
2019-06-17,final_macro_weather,-1795.0,0.0,-1795.0,1285.0763245587789,0.0,-509.9236754412211,-509.9236754412211,-0.00016997455848040703,78022.0,0
2019-06-18,final_macro_weather,-2768.0,0.0,-2768.0,-1203.4558483830217,0.0,-3971.4558483830215,-3971.4558483830215,-0.0013238186161276739,83495.0,0
2019-06-19,final_macro_weather,1962.0,0.0,1962.0,4611.346408578055,0.0,6573.346408578055,6573.346408578055,0.0021911154695260183,53642.0,0
2019-06-20,final_macro_weather,-690.0,0.0,-690.0,1707.4113150711614,0.0,1017.4113150711614,1017.4113150711614,0.00033913710502372045,53777.0,0
2019-06-21,final_macro_weather,-129.0,0.0,-129.0,1298.9130667776055,0.0,1169.9130667776055,1169.9130667776055,0.00038997102225920183,45569.0,0
2019-06-24,final_macro_weather,513.0,0.0,513.0,4243.678995005282,0.0,4756.678995005282,4756.678995005282,0.0015855596650017605,50427.0,0
2019-06-25,final_macro_weather,732.0,0.0,732.0,-13.714285714285715,0.0,718.2857142857143,718.2857142857143,0.00023942857142857145,50731.0,0
2019-06-26,final_macro_weather,-370.0,0.0,-370.0,0.0,0.0,-370.0,-370.0,-0.00012333333333333334,50736.0,0
2019-06-27,final_macro_weather,4535.0,0.0,4535.0,0.0,0.0,4535.0,4535.0,0.0015116666666666666,71165.0,0
2019-06-28,final_macro_weather,763.0,0.0,763.0,0.0,0.0,763.0,763.0,0.00025433333333333335,56604.0,0
2019-07-01,final_macro_weather,8793.0,0.0,8793.0,0.0,0.0,8793.0,8793.0,0.002931,56509.0,0
2019-07-02,final_macro_weather,0.0,0.0,0.0,0.0,0.0,0.0,0.0,0.0,0.0,0
2019-07-03,final_macro_weather,0.0,0.0,0.0,0.0,0.0,0.0,0.0,0.0,0.0,0
2019-07-04,final_macro_weather,0.0,0.0,0.0,0.0,0.0,0.0,0.0,0.0,0.0,0
2019-07-05,final_macro_weather,0.0,0.0,0.0,0.0,0.0,0.0,0.0,0.0,0.0,0
2019-07-08,final_macro_weather,0.0,0.0,0.0,0.0,0.0,0.0,0.0,0.0,0.0,0
2019-07-09,final_macro_weather,0.0,0.0,0.0,0.0,0.0,0.0,0.0,0.0,0.0,0
2019-07-10,final_macro_weather,0.0,0.0,0.0,0.0,0.0,0.0,0.0,0.0,0.0,0
2019-07-11,final_macro_weather,0.0,0.0,0.0,0.0,0.0,0.0,0.0,0.0,0.0,0
2019-07-12,final_macro_weather,0.0,0.0,0.0,0.0,0.0,0.0,0.0,0.0,0.0,0
2019-07-15,final_macro_weather,0.0,0.0,0.0,0.0,0.0,0.0,0.0,0.0,0.0,0
2019-07-16,final_macro_weather,0.0,0.0,0.0,0.0,0.0,0.0,0.0,0.0,0.0,0
2019-07-17,final_macro_weather,0.0,0.0,0.0,0.0,0.0,0.0,0.0,0.0,0.0,0
2019-07-18,final_macro_weather,0.0,0.0,0.0,0.0,0.0,0.0,0.0,0.0,0.0,0
2019-07-19,final_macro_weather,0.0,0.0,0.0,0.0,0.0,0.0,0.0,0.0,0.0,0
2019-07-22,final_macro_weather,0.0,0.0,0.0,0.0,0.0,0.0,0.0,0.0,0.0,0
2019-07-23,final_macro_weather,0.0,0.0,0.0,0.0,0.0,0.0,0.0,0.0,0.0,0
2019-07-24,final_macro_weather,0.0,0.0,0.0,0.0,0.0,0.0,0.0,0.0,0.0,0
2019-07-25,final_macro_weather,0.0,0.0,0.0,0.0,0.0,0.0,0.0,0.0,0.0,0
2019-07-26,final_macro_weather,0.0,0.0,0.0,0.0,0.0,0.0,0.0,0.0,0.0,0
2019-07-29,final_macro_weather,0.0,0.0,0.0,420.8783634129439,0.0,420.8783634129439,420.8783634129439,0.00014029278780431463,0.0,0
2019-07-30,final_macro_weather,0.0,0.0,0.0,444.8137587019067,0.0,444.8137587019067,444.8137587019067,0.00014827125290063558,0.0,0
2019-07-31,final_macro_weather,0.0,0.0,0.0,-1919.439078710672,0.0,-1919.439078710672,-1919.439078710672,-0.0006398130262368906,0.0,0
2019-08-01,final_macro_weather,0.0,0.0,0.0,2591.6704945153624,0.0,2591.6704945153624,2591.6704945153624,0.0008638901648384542,0.0,0
2019-08-02,final_macro_weather,0.0,0.0,0.0,3293.583617558644,0.0,3293.583617558644,3293.583617558644,0.0010978612058528813,0.0,0
2019-08-05,final_macro_weather,0.0,0.0,0.0,530.1992679774885,0.0,530.1992679774885,530.1992679774885,0.0001767330893258295,0.0,0
2019-08-06,final_macro_weather,0.0,0.0,0.0,2123.1449666121007,0.0,2123.1449666121007,2123.1449666121007,0.0007077149888707002,0.0,0
2019-08-07,final_macro_weather,0.0,0.0,0.0,871.0405390252539,0.0,871.0405390252539,871.0405390252539,0.0002903468463417513,0.0,0
2019-08-08,final_macro_weather,0.0,0.0,0.0,530.2361062334724,0.0,530.2361062334724,530.2361062334724,0.0001767453687444908,0.0,0
2019-08-09,final_macro_weather,0.0,0.0,0.0,-567.0678671501817,0.0,-567.0678671501817,-567.0678671501817,-0.00018902262238339388,0.0,0
2019-08-12,final_macro_weather,0.0,0.0,0.0,2728.2242602127253,0.0,2728.2242602127253,2728.2242602127253,0.0009094080867375751,0.0,0
2019-08-13,final_macro_weather,0.0,0.0,0.0,-3249.0218948145784,0.0,-3249.0218948145784,-3249.0218948145784,-0.0010830072982715262,0.0,0
2019-08-14,final_macro_weather,0.0,0.0,0.0,1515.900518763826,0.0,1515.900518763826,1515.900518763826,0.0005053001729212754,0.0,0
2019-08-15,final_macro_weather,0.0,0.0,0.0,119.93959152024586,0.0,119.93959152024586,119.93959152024586,3.997986384008195e-05,0.0,0
2019-08-16,final_macro_weather,0.0,0.0,0.0,-463.757903515182,0.0,-463.757903515182,-463.757903515182,-0.000154585967838394,0.0,0
2019-08-19,final_macro_weather,0.0,0.0,0.0,-567.065907137335,0.0,-567.065907137335,-567.065907137335,-0.00018902196904577832,0.0,0
2019-08-20,final_macro_weather,0.0,0.0,0.0,205.53548143766204,0.0,205.53548143766204,205.53548143766204,6.851182714588734e-05,0.0,0
2019-08-21,final_macro_weather,0.0,0.0,0.0,376.54349661917945,0.0,376.54349661917945,376.54349661917945,0.00012551449887305982,0.0,0
2019-08-22,final_macro_weather,0.0,0.0,0.0,-68.59122878216849,0.0,-68.59122878216849,-68.59122878216849,-2.2863742927389497e-05,0.0,0
2019-08-23,final_macro_weather,0.0,0.0,0.0,4044.596807256449,0.0,4044.596807256449,4044.596807256449,0.0013481989357521497,0.0,0
2019-08-26,final_macro_weather,0.0,0.0,0.0,154.18889574226512,0.0,154.18889574226512,154.18889574226512,5.139629858075504e-05,0.0,0
2019-08-27,final_macro_weather,0.0,0.0,0.0,51.41782130901979,0.0,51.41782130901979,51.41782130901979,1.7139273769673265e-05,0.0,0
2019-08-28,final_macro_weather,0.0,0.0,0.0,1346.8863909752763,0.0,1346.8863909752763,1346.8863909752763,0.0004489621303250921,0.0,0
2019-08-29,final_macro_weather,0.0,0.0,0.0,-2109.2104689812754,0.0,-2109.2104689812754,-2109.2104689812754,-0.0007030701563270918,0.0,0
2019-08-30,final_macro_weather,5945.0,0.0,5945.0,-617.9227346610533,0.0,5327.077265338947,5327.077265338947,0.001775692421779649,31279.0,0
2019-09-02,final_macro_weather,0.0,0.0,0.0,547.3466526396824,0.0,547.3466526396824,547.3466526396824,0.00018244888421322744,0.0,0
2019-09-03,final_macro_weather,0.0,0.0,0.0,547.3520973605835,0.0,547.3520973605835,547.3520973605835,0.00018245069912019448,0.0,0
2019-09-04,final_macro_weather,0.0,0.0,0.0,632.6635351997188,0.0,632.6635351997188,632.6635351997188,0.00021088784506657294,0.0,0
2019-09-05,final_macro_weather,0.0,0.0,0.0,-4095.345819521235,0.0,-4095.345819521235,-4095.345819521235,-0.001365115273173745,0.0,0
2019-09-06,final_macro_weather,0.0,0.0,0.0,564.3870715612088,0.0,564.3870715612088,564.3870715612088,0.00018812902385373627,0.0,0
2019-09-09,final_macro_weather,0.0,0.0,0.0,-2039.992068700632,0.0,-2039.992068700632,-2039.992068700632,-0.000679997356233544,0.0,0
2019-09-10,final_macro_weather,0.0,0.0,0.0,342.36306470197724,0.0,342.36306470197724,342.36306470197724,0.00011412102156732574,0.0,0
2019-09-11,final_macro_weather,0.0,0.0,0.0,102.81274408859699,0.0,102.81274408859699,102.81274408859699,3.4270914696198994e-05,0.0,0
2019-09-12,final_macro_weather,0.0,0.0,0.0,17.14162431678352,0.0,17.14162431678352,17.14162431678352,5.713874772261173e-06,0.0,0
2019-09-16,final_macro_weather,0.0,0.0,0.0,-446.54971949652116,0.0,-446.54971949652116,-446.54971949652116,-0.0001488499064988404,0.0,0
2019-09-17,final_macro_weather,0.0,0.0,0.0,564.3710280633316,0.0,564.3710280633316,564.3710280633316,0.0001881236760211105,0.0,0
2019-09-18,final_macro_weather,0.0,0.0,0.0,-171.55184222755202,0.0,-171.55184222755202,-171.55184222755202,-5.718394740918401e-05,0.0,0
2019-09-19,final_macro_weather,0.0,0.0,0.0,239.7585975125174,0.0,239.7585975125174,239.7585975125174,7.991953250417248e-05,0.0,0
2019-09-20,final_macro_weather,0.0,0.0,0.0,1244.9150124079074,0.0,1244.9150124079074,1244.9150124079074,0.0004149716708026358,0.0,0
2019-09-23,final_macro_weather,0.0,0.0,0.0,581.4535944074914,0.0,581.4535944074914,581.4535944074914,0.00019381786480249716,0.0,0
2019-09-24,final_macro_weather,0.0,0.0,0.0,530.267045937622,0.0,530.267045937622,530.267045937622,0.00017675568197920733,0.0,0
2019-09-25,final_macro_weather,0.0,0.0,0.0,-1379.2112539475017,0.0,-1379.2112539475017,-1379.2112539475017,-0.0004597370846491672,0.0,0
2019-09-26,final_macro_weather,0.0,0.0,0.0,-1032.9909744481206,0.0,-1032.9909744481206,-1032.9909744481206,-0.00034433032481604017,0.0,0
2019-09-27,final_macro_weather,0.0,0.0,0.0,-498.1811582393085,0.0,-498.1811582393085,-498.1811582393085,-0.0001660603860797695,0.0,0
2019-09-30,final_macro_weather,0.0,0.0,0.0,-257.42143173933636,0.0,-257.42143173933636,-257.42143173933636,-8.580714391311211e-05,0.0,0
2019-10-08,final_macro_weather,0.0,0.0,0.0,1837.1254996741513,0.0,1837.1254996741513,1837.1254996741513,0.0006123751665580504,0.0,0
2019-10-09,final_macro_weather,-941.0,0.0,-941.0,-1409.8318125419685,0.0,-2350.8318125419682,-2350.8318125419682,-0.000783610604180656,59197.0,0
2019-10-10,final_macro_weather,-373.0,0.0,-373.0,-1203.0165232658517,0.0,-1576.0165232658517,-1576.0165232658517,-0.0005253388410886172,59635.0,0
2019-10-11,final_macro_weather,-454.0,0.0,-454.0,-3488.265372290815,0.0,-3942.265372290815,-3942.265372290815,-0.0013140884574302715,24321.0,0
2019-10-14,final_macro_weather,37.0,0.0,37.0,582.134978617568,0.0,619.134978617568,619.134978617568,0.00020637832620585598,26076.0,0
2019-10-15,final_macro_weather,-296.0,0.0,-296.0,-893.1206643959729,0.0,-1189.1206643959729,-1189.1206643959729,-0.00039637355479865764,18225.0,0
2019-10-16,final_macro_weather,102.0,0.0,102.0,1605.9174619960927,0.0,1707.9174619960927,1707.9174619960927,0.0005693058206653642,18960.0,0
2019-10-17,final_macro_weather,389.0,0.0,389.0,-13.714285714285715,0.0,375.2857142857143,375.2857142857143,0.00012509523809523809,36928.0,0
2019-10-18,final_macro_weather,5254.0,0.0,5254.0,0.0,0.0,5254.0,5254.0,0.0017513333333333333,36533.0,0
2019-10-21,final_macro_weather,810.0,0.0,810.0,0.0,0.0,810.0,810.0,0.00027,36410.0,0
2019-10-22,final_macro_weather,499.0,0.0,499.0,0.0,0.0,499.0,499.0,0.00016633333333333333,21623.0,0
2019-10-23,final_macro_weather,198.0,0.0,198.0,0.0,0.0,198.0,198.0,6.6e-05,20775.0,0
2019-10-24,final_macro_weather,1185.0,0.0,1185.0,0.0,0.0,1185.0,1185.0,0.000395,14302.0,0
2019-10-25,final_macro_weather,2176.0,0.0,2176.0,0.0,0.0,2176.0,2176.0,0.0007253333333333334,17046.0,0
2019-10-28,final_macro_weather,228.0,0.0,228.0,0.0,0.0,228.0,228.0,7.6e-05,12187.0,0
2019-10-29,final_macro_weather,57.0,0.0,57.0,0.0,0.0,57.0,57.0,1.9e-05,23946.0,0
2019-10-30,final_macro_weather,-1209.0,0.0,-1209.0,0.0,0.0,-1209.0,-1209.0,-0.000403,95562.0,0
2019-10-31,final_macro_weather,-265.0,0.0,-265.0,0.0,0.0,-265.0,-265.0,-8.833333333333333e-05,61142.0,0
2019-11-01,final_macro_weather,2244.0,0.0,2244.0,0.0,0.0,2244.0,2244.0,0.000748,62293.0,0
2019-11-04,final_macro_weather,-867.0,0.0,-867.0,0.0,0.0,-867.0,-867.0,-0.000289,54354.0,0
2019-11-05,final_macro_weather,-1670.0,0.0,-1670.0,0.0,0.0,-1670.0,-1670.0,-0.0005566666666666667,32433.0,0
2019-11-06,final_macro_weather,-1368.0,0.0,-1368.0,0.0,0.0,-1368.0,-1368.0,-0.000456,30337.0,0
2019-11-07,final_macro_weather,623.0,0.0,623.0,0.0,0.0,623.0,623.0,0.00020766666666666665,28229.0,0
2019-11-08,final_macro_weather,-92.0,0.0,-92.0,0.0,0.0,-92.0,-92.0,-3.066666666666667e-05,24071.0,0
2019-11-11,final_macro_weather,-411.0,0.0,-411.0,0.0,0.0,-411.0,-411.0,-0.000137,18490.0,0
2019-11-12,final_macro_weather,-1328.0,0.0,-1328.0,0.0,0.0,-1328.0,-1328.0,-0.0004426666666666667,31411.0,0
2019-11-13,final_macro_weather,-128.0,0.0,-128.0,0.0,0.0,-128.0,-128.0,-4.266666666666667e-05,20932.0,0
2019-11-14,final_macro_weather,-2199.0,0.0,-2199.0,0.0,0.0,-2199.0,-2199.0,-0.000733,38781.0,0
2019-11-15,final_macro_weather,-743.0,0.0,-743.0,0.0,0.0,-743.0,-743.0,-0.00024766666666666665,19008.0,0
2019-11-18,final_macro_weather,3371.0,0.0,3371.0,0.0,0.0,3371.0,3371.0,0.0011236666666666667,48530.0,0
2019-11-19,final_macro_weather,2687.0,0.0,2687.0,0.0,0.0,2687.0,2687.0,0.0008956666666666667,49705.0,0
2019-11-20,final_macro_weather,-399.0,0.0,-399.0,0.0,0.0,-399.0,-399.0,-0.000133,66062.0,0
2019-11-21,final_macro_weather,607.0,0.0,607.0,0.0,0.0,607.0,607.0,0.00020233333333333334,72611.0,0
2019-11-22,final_macro_weather,-871.0,0.0,-871.0,0.0,0.0,-871.0,-871.0,-0.0002903333333333333,64371.0,0
2019-11-25,final_macro_weather,-1689.0,0.0,-1689.0,-356.8281606892054,0.0,-2045.8281606892053,-2045.8281606892053,-0.0006819427202297351,38268.0,0
2019-11-26,final_macro_weather,-915.0,0.0,-915.0,582.11607472372,0.0,-332.88392527628,-332.88392527628,-0.00011096130842542667,62478.0,0
2019-11-27,final_macro_weather,2516.0,0.0,2516.0,-652.3552358973064,0.0,1863.6447641026934,1863.6447641026934,0.0006212149213675645,49316.0,0
2019-11-28,final_macro_weather,2164.0,0.0,2164.0,513.7084703561645,0.0,2677.7084703561645,2677.7084703561645,0.0008925694901187215,27755.0,0
2019-11-29,final_macro_weather,527.0,0.0,527.0,308.3639623278575,0.0,835.3639623278575,835.3639623278575,0.00027845465410928586,34669.0,0
2019-12-02,final_macro_weather,-433.0,0.0,-433.0,376.8334161645404,0.0,-56.16658383545962,-56.16658383545962,-1.8722194611819872e-05,24726.0,0
2019-12-03,final_macro_weather,2273.0,0.0,2273.0,4380.8609679921,0.0,6653.8609679921,6653.8609679921,0.0022179536559973666,39580.0,0
2019-12-04,final_macro_weather,135.0,0.0,135.0,-1237.5471906957885,0.0,-1102.5471906957885,-1102.5471906957885,-0.0003675157302319295,22926.0,0
2019-12-05,final_macro_weather,-1383.0,0.0,-1383.0,-1513.473257425719,0.0,-2896.473257425719,-2896.473257425719,-0.000965491085808573,44100.0,0
2019-12-06,final_macro_weather,-8.0,0.0,-8.0,-1928.0016184651274,0.0,-1936.0016184651274,-1936.0016184651274,-0.0006453338728217091,56281.0,0
2019-12-09,final_macro_weather,1774.0,0.0,1774.0,137.10193526304744,0.0,1911.1019352630474,1911.1019352630474,0.0006370339784210158,107597.0,0
2019-12-10,final_macro_weather,-615.0,0.0,-615.0,191.91985369809194,0.0,-423.08014630190803,-423.08014630190803,-0.00014102671543396935,108054.0,0
2019-12-11,final_macro_weather,-1491.0,0.0,-1491.0,1271.9059099185206,0.0,-219.0940900814794,-219.0940900814794,-7.303136336049314e-05,77095.0,0
2019-12-12,final_macro_weather,390.0,0.0,390.0,-13.714285714285715,0.0,376.2857142857143,376.2857142857143,0.00012542857142857142,71943.0,0
2019-12-13,final_macro_weather,462.0,0.0,462.0,0.0,0.0,462.0,462.0,0.000154,51311.0,0
2019-12-16,final_macro_weather,1492.0,0.0,1492.0,0.0,0.0,1492.0,1492.0,0.0004973333333333334,47656.0,0
2019-12-17,final_macro_weather,-232.0,0.0,-232.0,0.0,0.0,-232.0,-232.0,-7.733333333333333e-05,53927.0,0
2019-12-18,final_macro_weather,-458.0,0.0,-458.0,0.0,0.0,-458.0,-458.0,-0.00015266666666666667,58080.0,0
2019-12-19,final_macro_weather,-320.0,0.0,-320.0,0.0,0.0,-320.0,-320.0,-0.00010666666666666667,63571.0,0
2019-12-20,final_macro_weather,406.0,0.0,406.0,0.0,0.0,406.0,406.0,0.00013533333333333333,20440.0,0
2019-12-23,final_macro_weather,-326.0,0.0,-326.0,0.0,0.0,-326.0,-326.0,-0.00010866666666666666,16196.0,0
2019-12-24,final_macro_weather,654.0,0.0,654.0,0.0,0.0,654.0,654.0,0.000218,47760.0,0
2019-12-25,final_macro_weather,640.0,0.0,640.0,0.0,0.0,640.0,640.0,0.00021333333333333333,47702.0,0
2019-12-26,final_macro_weather,364.0,0.0,364.0,0.0,0.0,364.0,364.0,0.00012133333333333333,57355.0,0
2019-12-27,final_macro_weather,-251.0,0.0,-251.0,0.0,0.0,-251.0,-251.0,-8.366666666666666e-05,47640.0,0
2019-12-30,final_macro_weather,-1863.0,0.0,-1863.0,0.0,0.0,-1863.0,-1863.0,-0.000621,29670.0,0
2019-12-31,final_macro_weather,472.0,0.0,472.0,0.0,0.0,472.0,472.0,0.00015733333333333333,14091.0,0
2020-01-02,final_macro_weather,428.0,0.0,428.0,0.0,0.0,428.0,428.0,0.00014266666666666667,22263.0,0
2020-01-03,final_macro_weather,644.0,0.0,644.0,0.0,0.0,644.0,644.0,0.00021466666666666666,23559.0,0
2020-01-06,final_macro_weather,800.0,0.0,800.0,0.0,3344.16259802185,4144.1625980218505,800.0,0.00138138753267395,29715.0,0
2020-01-07,final_macro_weather,-750.0,0.0,-750.0,0.0,109.21800607455,-640.78199392545,-750.0,-0.00021359399797515001,29890.0,0
2020-01-08,final_macro_weather,681.0,0.0,681.0,0.0,-349.83405727265,331.16594272735,681.0,0.00011038864757578334,30715.0,0
2020-01-09,final_macro_weather,91.0,0.0,91.0,0.0,901.3352690177,992.3352690177,91.0,0.0003307784230059,28536.0,0
2020-01-10,final_macro_weather,-1006.0,0.0,-1006.0,0.0,1694.4912333255502,688.4912333255502,-1006.0,0.0002294970777751834,18996.0,0
2020-01-13,final_macro_weather,-1080.0,0.0,-1080.0,0.0,-187.7332199332,-1267.7332199332,-1080.0,-0.0004225777399777333,38158.0,0
2020-01-14,final_macro_weather,-317.0,0.0,-317.0,0.0,-848.72487290795,-1165.7248729079502,-317.0,-0.0003885749576359834,15505.0,0
2020-01-15,final_macro_weather,-1468.0,0.0,-1468.0,0.0,448.75678594005,-1019.24321405995,-1468.0,-0.00033974773801998334,49092.0,0
2020-01-16,final_macro_weather,-1468.0,0.0,-1468.0,0.0,-1048.3043048587,-2516.3043048587,-1468.0,-0.0008387681016195668,29394.0,0
2020-01-17,final_macro_weather,-912.0,0.0,-912.0,0.0,-1410.2684311791,-2322.2684311791,-912.0,-0.0007740894770597,54977.0,0
2020-01-20,final_macro_weather,-299.0,0.0,-299.0,0.0,-1522.6856338908,-1821.6856338908,-299.0,-0.0006072285446302667,25389.0,0
2020-01-21,final_macro_weather,-35.0,0.0,-35.0,0.0,-1204.6543898741,-1239.6543898741,-35.0,-0.0004132181299580333,57428.0,0
2020-01-22,final_macro_weather,8229.0,0.0,8229.0,0.0,-1180.57459539885,7048.42540460115,8229.0,0.00234947513486705,53059.0,0
2020-02-03,final_macro_weather,-737.0,0.0,-737.0,-2148.651873410402,2879.63658241535,-6.015290995052055,-2885.651873410402,-2.005096998350685e-06,50650.0,0
2020-02-04,final_macro_weather,-2055.0,0.0,-2055.0,-1361.5018743799526,-401.50167337240003,-3818.003547752353,-3416.501874379953,-0.0012726678492507844,54065.0,0
2020-02-05,final_macro_weather,250.0,0.0,250.0,-1251.2171677852402,1644.1044600014,642.8872922161597,-1001.2171677852402,0.00021429576407205325,64631.0,0
2020-02-06,final_macro_weather,4489.0,0.0,4489.0,1299.357473851355,-99.18648506375,5689.170988787605,5788.357473851355,0.0018963903295958684,64802.0,0
2020-02-07,final_macro_weather,-1284.0,0.0,-1284.0,862.4673075946693,-994.972542759,-1416.5052351643308,-421.53269240533075,-0.0004721684117214436,64431.0,0
2020-02-10,final_macro_weather,-1585.0,0.0,-1585.0,-659.1759917319944,-898.2907511800499,-3142.466742912044,-2244.175991731994,-0.0010474889143040147,40765.0,0
2020-02-11,final_macro_weather,919.0,0.0,919.0,-411.77704288850225,576.04314863335,1083.2661057448477,507.22295711149775,0.0003610887019149492,43114.0,0
2020-02-12,final_macro_weather,1595.0,0.0,1595.0,1721.8785254226614,-963.52785000735,2353.3506754153113,3316.8785254226614,0.0007844502251384371,43110.0,0
2020-02-13,final_macro_weather,-2685.0,0.0,-2685.0,178.22073649843375,-1859.33955798075,-4366.118821482316,-2506.779263501566,-0.0014553729404941053,43133.0,0
2020-02-14,final_macro_weather,0.0,0.0,0.0,383.3985340470193,2530.62744242635,2914.0259764733696,383.3985340470193,0.0009713419921577899,0.0,0
2020-02-17,final_macro_weather,1997.0,0.0,1997.0,1217.546225587912,-693.0024680145,2521.543757573412,3214.546225587912,0.0008405145858578041,37649.0,0
2020-02-18,final_macro_weather,0.0,0.0,0.0,1492.644288503466,0.0,1492.644288503466,1492.644288503466,0.000497548096167822,0.0,0
2020-02-19,final_macro_weather,-2230.0,0.0,-2230.0,684.7742467277252,0.0,-1545.2257532722747,-1545.2257532722747,-0.0005150752510907582,45221.0,0
2020-02-20,final_macro_weather,0.0,0.0,0.0,2323.44343193785,0.0,2323.44343193785,2323.44343193785,0.0007744811439792834,0.0,0
2020-02-21,final_macro_weather,0.0,0.0,0.0,2646.627366676701,0.0,2646.627366676701,2646.627366676701,0.000882209122225567,0.0,0
2020-02-24,final_macro_weather,0.0,0.0,0.0,-2758.155821914848,0.0,-2758.155821914848,-2758.155821914848,-0.0009193852739716159,0.0,0
2020-02-25,final_macro_weather,0.0,0.0,0.0,861.0846693887776,0.0,861.0846693887776,861.0846693887776,0.00028702822312959254,0.0,0
2020-02-26,final_macro_weather,0.0,0.0,0.0,13.713552891733903,0.0,13.713552891733903,13.713552891733903,4.571184297244635e-06,0.0,0
2020-02-27,final_macro_weather,0.0,0.0,0.0,-1489.7565359405442,0.0,-1489.7565359405442,-1489.7565359405442,-0.0004965855119801814,0.0,0
2020-02-28,final_macro_weather,0.0,0.0,0.0,-3032.532749548748,0.0,-3032.532749548748,-3032.532749548748,-0.0010108442498495828,0.0,0
2020-03-02,final_macro_weather,-225.0,0.0,-225.0,-727.9211697107108,0.0,-952.9211697107108,-952.9211697107108,-0.00031764038990357026,51312.0,0
2020-03-03,final_macro_weather,-1587.0,0.0,-1587.0,5627.109516503884,-219.76095674500002,3820.348559758884,4040.109516503884,0.001273449519919628,28045.0,0
2020-03-04,final_macro_weather,-593.0,0.0,-593.0,246.73712803421424,1007.716638932,661.4537669662143,-346.26287196578573,0.00022048458898873808,71596.0,0
2020-03-05,final_macro_weather,2380.0,0.0,2380.0,4822.492834393511,-196.52375434175,7005.969080051761,7202.492834393511,0.0023353230266839205,48380.0,0
2020-03-06,final_macro_weather,10295.0,0.0,10295.0,-1968.610353935924,-3366.6102949484502,4959.779351115625,8326.389646064075,0.0016532597837052084,74181.0,0
2020-03-09,final_macro_weather,0.0,0.0,0.0,-1635.512293278967,1893.8068326293999,258.29453935043284,-1635.512293278967,8.609817978347762e-05,0.0,0
2020-03-10,final_macro_weather,0.0,0.0,0.0,881.5004877190353,-598.45845318605,283.0420345329853,881.5004877190353,9.434734484432844e-05,0.0,0
2020-03-11,final_macro_weather,0.0,0.0,0.0,-1337.2635344383139,-1902.96502280655,-3240.2285572448636,-1337.2635344383139,-0.001080076185748288,0.0,0
2020-03-12,final_macro_weather,0.0,0.0,0.0,-3800.585677325557,-474.64119952605,-4275.226876851607,-3800.585677325557,-0.0014250756256172024,0.0,0
2020-03-13,final_macro_weather,0.0,0.0,0.0,-3209.6431092272824,-1228.84659789095,-4438.489707118232,-3209.6431092272824,-0.0014794965690394107,0.0,0
2020-03-16,final_macro_weather,0.0,0.0,0.0,-5773.8956614073895,-22.870734671799998,-5796.76639607919,-5773.8956614073895,-0.0019322554653597298,0.0,0
2020-03-17,final_macro_weather,0.0,0.0,0.0,2837.4770266977966,-550.15676558915,2287.3202611086467,2837.4770266977966,0.0007624400870362156,0.0,0
2020-03-18,final_macro_weather,0.0,0.0,0.0,-846.4915185211692,-68.94016168865001,-915.4316802098192,-846.4915185211692,-0.0003051438934032731,0.0,0
2020-03-19,final_macro_weather,0.0,0.0,0.0,1044.4205818812268,435.980249227,1480.4008311082268,1044.4205818812268,0.0004934669437027423,0.0,0
2020-03-20,final_macro_weather,0.0,0.0,0.0,20.569618662173266,457.28969968615,477.85931834832326,20.569618662173266,0.00015928643944944108,0.0,0
2020-03-23,final_macro_weather,0.0,0.0,0.0,6176.780454259313,341.8727630175,6518.653217276813,6176.780454259313,0.0021728844057589377,0.0,0
2020-03-24,final_macro_weather,0.0,0.0,0.0,2013.1835438260441,-364.69755994025,1648.4859838857942,2013.1835438260441,0.0005494953279619314,0.0,0
2020-03-25,final_macro_weather,0.0,0.0,0.0,-418.98552168827007,-755.5659967674,-1174.55151845567,-418.98552168827007,-0.0003915171728185567,0.0,0
2020-03-26,final_macro_weather,0.0,0.0,0.0,1526.6296474965775,229.44206148265,1756.0717089792274,1526.6296474965775,0.0005853572363264092,0.0,0
2020-03-27,final_macro_weather,0.0,0.0,0.0,-1025.8658743223305,1926.150191083,900.2843167606695,-1025.8658743223305,0.0003000947722535565,0.0,0
2020-03-30,final_macro_weather,0.0,0.0,0.0,82.25872503860533,-480.9207181848,-398.6619931461947,82.25872503860533,-0.00013288733104873155,0.0,0
2020-03-31,final_macro_weather,0.0,0.0,0.0,-2129.978068651863,-2732.4005932947002,-4862.378661946563,-2129.978068651863,-0.001620792887315521,0.0,0
2020-04-01,final_macro_weather,0.0,0.0,0.0,649.7145046533028,-688.79377162425,-39.079266970947174,649.7145046533028,-1.3026422323649058e-05,0.0,0
2020-04-02,final_macro_weather,0.0,0.0,0.0,983.5179495799624,9.066207395146694,992.5841569751091,983.5179495799624,0.00033086138565836966,0.0,0
2020-04-03,final_macro_weather,0.0,0.0,0.0,3469.123434128076,5397.9070903852,8867.030524513277,3469.123434128076,0.0029556768415044256,0.0,0
2020-04-07,final_macro_weather,0.0,0.0,0.0,-1212.5597768633334,4144.84855114815,2932.288774284817,-1212.5597768633334,0.0009774295914282724,0.0,0
2020-04-08,final_macro_weather,0.0,0.0,0.0,376.58530314531026,-127.29849692719999,249.28680621811026,376.58530314531026,8.309560207270342e-05,0.0,0
2020-04-09,final_macro_weather,0.0,0.0,0.0,772.5154077985133,2305.7782498700003,3078.2936576685133,772.5154077985133,0.0010260978858895045,0.0,0
2020-04-10,final_macro_weather,0.0,0.0,0.0,-164.67693999544676,-3422.0584814287,-3586.735421424147,-164.67693999544676,-0.0011955784738080489,0.0,0
2020-04-13,final_macro_weather,0.0,0.0,0.0,1479.436721944076,-1965.8201358636,-486.38341391952395,1479.436721944076,-0.0001621278046398413,0.0,0
2020-04-14,final_macro_weather,0.0,0.0,0.0,-474.00744616182203,1513.5164523207,1039.509006158878,-474.00744616182203,0.0003465030020529593,0.0,0
2020-04-15,final_macro_weather,0.0,0.0,0.0,1031.304902922917,-41.055743846429024,990.2491590764881,1031.304902922917,0.00033008305302549605,0.0,0
2020-04-16,final_macro_weather,2141.0,0.0,2141.0,-4774.893620810516,-1909.7655571411499,-4543.659177951666,-2633.893620810516,-0.001514553059317222,39351.0,0
2020-04-17,final_macro_weather,1123.0,0.0,1123.0,-1223.4910410629652,-455.378184809,-555.8692258719652,-100.49104106296522,-0.00018528974195732175,54025.0,0
2020-04-20,final_macro_weather,3160.0,0.0,3160.0,2578.9013159381725,2056.2566506149,7795.157966553072,5738.901315938172,0.002598385988851024,68581.0,0
2020-04-21,final_macro_weather,-3902.0,0.0,-3902.0,-920.5016127806417,-1615.3306300299,-6437.832242810542,-4822.501612780642,-0.0021459440809368474,36134.0,0
2020-04-22,final_macro_weather,-1703.0,0.0,-1703.0,4472.760062170375,370.92015347525,3140.680215645625,2769.760062170375,0.0010468934052152083,36224.0,0
2020-04-23,final_macro_weather,713.0,0.0,713.0,2253.100859274749,-185.5976584474,2780.503200827349,2966.100859274749,0.000926834400275783,7449.0,0
2020-04-24,final_macro_weather,6788.0,0.0,6788.0,-2092.871012236796,-923.8770807986,3771.251906964604,4695.128987763204,0.0012570839689882013,44966.0,0
2020-04-27,final_macro_weather,0.0,0.0,0.0,-984.2726539653544,0.0,-984.2726539653544,-984.2726539653544,-0.0003280908846551181,0.0,0
2020-04-28,final_macro_weather,0.0,0.0,0.0,513.2677290079935,2104.01007012345,2617.2777991314433,513.2677290079935,0.0008724259330438144,0.0,0
2020-04-29,final_macro_weather,0.0,0.0,0.0,526.9313042277296,-436.08317341285,90.8481308148796,526.9313042277296,3.0282710271626534e-05,0.0,0
2020-04-30,final_macro_weather,0.0,0.0,0.0,-54.86866645839582,1616.7092800788,1561.8406136204042,-54.86866645839582,0.000520613537873468,0.0,0
2020-05-06,final_macro_weather,0.0,0.0,0.0,-577.2732645396811,-3057.19195962615,-3634.4652241658314,-577.2732645396811,-0.0012114884080552772,0.0,0
2020-05-07,final_macro_weather,0.0,0.0,0.0,1824.8553914060906,-532.6045215495,1292.2508698565907,1824.8553914060906,0.0004307502899521969,0.0,0
2020-05-08,final_macro_weather,0.0,0.0,0.0,-673.7172683272614,-3941.54735338545,-4615.264621712711,-673.7172683272614,-0.0015384215405709037,0.0,0
2020-05-11,final_macro_weather,-709.0,0.0,-709.0,-439.22437458081265,-26.65980059942492,-1174.8841751802377,-1148.2243745808128,-0.00039162805839341254,25488.0,0
2020-05-12,final_macro_weather,-863.0,0.0,-863.0,520.6253999194388,-13.942616891592358,-356.3172169721536,-342.3746000805612,-0.00011877240565738452,19731.0,0
2020-05-13,final_macro_weather,-139.0,0.0,-139.0,1790.4537424347568,239.26219674145,1890.7159391762068,1651.4537424347568,0.000630238646392069,29832.0,0
2020-05-14,final_macro_weather,1910.0,0.0,1910.0,-13.714285714285715,-626.8106775681,1269.4750367176143,1896.2857142857142,0.0004231583455725381,25744.0,0
2020-05-15,final_macro_weather,3483.0,0.0,3483.0,6181.589909167275,2.62542092160738,9667.215330088884,9664.589909167276,0.003222405110029628,25607.0,0
2020-05-18,final_macro_weather,193.0,0.0,193.0,-4535.563009125206,957.7216757436,-3384.841333381606,-4342.563009125206,-0.0011282804444605354,18974.0,0
2020-05-19,final_macro_weather,524.0,0.0,524.0,2919.015888278983,1281.83867289265,4724.854561171633,3443.015888278983,0.0015749515203905442,19048.0,0
2020-05-20,final_macro_weather,-900.0,0.0,-900.0,-2438.291107880382,3419.9459675009502,81.65485962056846,-3338.291107880382,2.7218286540189487e-05,19025.0,0
2020-05-21,final_macro_weather,-5228.0,0.0,-5228.0,-549.1285991246139,479.5809891117,-5297.547610012914,-5777.128599124614,-0.001765849203337638,31153.0,0
2020-05-22,final_macro_weather,76.0,0.0,76.0,-13.714285714285715,1212.01691516835,1274.3026294540641,62.285714285714285,0.0004247675431513547,20818.0,0
2020-05-25,final_macro_weather,-2523.0,0.0,-2523.0,0.0,554.78423465095,-1968.21576534905,-2523.0,-0.0006560719217830166,22771.0,0
2020-05-26,final_macro_weather,-1606.0,0.0,-1606.0,0.0,-465.19646800565,-2071.19646800565,-1606.0,-0.00069039882266855,57192.0,0
2020-05-27,final_macro_weather,-212.0,0.0,-212.0,0.0,1157.6247860986998,945.6247860986998,-212.0,0.0003152082620328999,66932.0,0
2020-05-28,final_macro_weather,76.0,0.0,76.0,0.0,-1613.72306907045,-1537.72306907045,76.0,-0.0005125743563568167,37248.0,0
2020-05-29,final_macro_weather,-3.0,0.0,-3.0,0.0,-1536.94047378375,-1539.94047378375,-3.0,-0.0005133134912612499,36872.0,0
2020-06-01,final_macro_weather,-2232.0,0.0,-2232.0,0.0,-1080.3803519366,-3312.3803519366,-2232.0,-0.0011041267839788666,54412.0,0
2020-06-02,final_macro_weather,-1274.0,0.0,-1274.0,0.0,2518.81038265525,1244.8103826552501,-1274.0,0.0004149367942184167,31753.0,0
2020-06-03,final_macro_weather,4319.0,0.0,4319.0,0.0,-477.0264885797,3841.9735114203,4319.0,0.0012806578371401,36916.0,0
2020-06-04,final_macro_weather,4728.0,0.0,4728.0,0.0,-1309.15732197025,3418.84267802975,4728.0,0.0011396142260099167,100639.0,0
2020-06-05,final_macro_weather,-5910.0,0.0,-5910.0,0.0,1925.39351708685,-3984.60648291315,-5910.0,-0.00132820216097105,100533.0,0
2020-06-08,final_macro_weather,1301.0,0.0,1301.0,0.0,-1404.99478963355,-103.99478963355,1301.0,-3.466492987785e-05,72054.0,0
2020-06-09,final_macro_weather,1345.0,0.0,1345.0,0.0,-1095.9716902103999,249.02830978960014,1345.0,8.300943659653339e-05,55085.0,0
2020-06-10,final_macro_weather,-910.0,0.0,-910.0,0.0,-629.4560013864,-1539.4560013864,-910.0,-0.0005131520004621334,61875.0,0
2020-06-11,final_macro_weather,-1188.0,0.0,-1188.0,0.0,2226.35119760065,1038.3511976006498,-1188.0,0.0003461170658668833,58094.0,0
2020-06-12,final_macro_weather,-2884.0,0.0,-2884.0,0.0,1181.04834691395,-1702.95165308605,-2884.0,-0.0005676505510286833,62376.0,0
2020-06-15,final_macro_weather,758.0,0.0,758.0,0.0,113.10400828255,871.10400828255,758.0,0.00029036800276085003,14857.0,0
2020-06-16,final_macro_weather,827.0,0.0,827.0,0.0,116.0825908756,943.0825908756,827.0,0.0003143608636252,42210.0,0
2020-06-17,final_macro_weather,-180.0,0.0,-180.0,0.0,-200.69816357055,-380.69816357055004,-180.0,-0.00012689938785685002,42280.0,0
2020-06-18,final_macro_weather,1219.0,0.0,1219.0,0.0,-396.43244328225,822.56755671775,1219.0,0.00027418918557258333,55069.0,0
2020-06-19,final_macro_weather,1041.0,0.0,1041.0,0.0,1396.57398763525,2437.57398763525,1041.0,0.0008125246625450834,81914.0,0
2020-06-22,final_macro_weather,-311.0,0.0,-311.0,0.0,233.22147505435,-77.77852494564999,-311.0,-2.592617498188333e-05,41468.0,0
2020-06-23,final_macro_weather,1315.0,0.0,1315.0,0.0,-618.6293929267,696.3706070733,1315.0,0.0002321235356911,70595.0,0
2020-06-24,final_macro_weather,-1985.0,0.0,-1985.0,0.0,-3381.0020632349,-5366.002063234901,-1985.0,-0.0017886673544116336,57570.0,0
2020-06-29,final_macro_weather,1661.0,0.0,1661.0,0.0,54.921253047,1715.921253047,1661.0,0.0005719737510156667,68003.0,0
2020-06-30,final_macro_weather,105.0,0.0,105.0,0.0,591.8627845756499,696.8627845756499,105.0,0.00023228759485854997,54764.0,0
2020-07-01,final_macro_weather,-249.0,0.0,-249.0,0.0,-104.13382514305,-353.13382514305,-249.0,-0.00011771127504768333,64049.0,0
2020-07-02,final_macro_weather,-2532.0,0.0,-2532.0,0.0,1051.92139468505,-1480.07860531495,-2532.0,-0.0004933595351049833,63052.0,0
2020-07-03,final_macro_weather,14160.0,0.0,14160.0,0.0,2377.3542955557,16537.3542955557,14160.0,0.0055124514318518995,76441.0,0
2020-07-06,final_macro_weather,0.0,0.0,0.0,0.0,-259.88935334589996,-259.88935334589996,0.0,-8.662978444863332e-05,0.0,0
2020-07-07,final_macro_weather,0.0,0.0,0.0,0.0,2704.07941630895,2704.07941630895,0.0,0.0009013598054363166,0.0,0
2020-07-08,final_macro_weather,0.0,0.0,0.0,0.0,1169.61961430405,1169.61961430405,0.0,0.00038987320476801667,0.0,0
2020-07-09,final_macro_weather,0.0,0.0,0.0,0.0,3144.0959518293503,3144.0959518293503,0.0,0.0010480319839431167,0.0,0
2020-07-10,final_macro_weather,0.0,0.0,0.0,0.0,1263.58531679205,1263.58531679205,0.0,0.00042119510559735,0.0,0
2020-07-13,final_macro_weather,0.0,0.0,0.0,0.0,98.4071982446,98.4071982446,0.0,3.280239941486667e-05,0.0,0
2020-07-14,final_macro_weather,0.0,0.0,0.0,0.0,-75.90251059315,-75.90251059315,0.0,-2.530083686438333e-05,0.0,0
2020-07-15,final_macro_weather,0.0,0.0,0.0,0.0,1780.18398234655,1780.18398234655,0.0,0.0005933946607821833,0.0,0
2020-07-16,final_macro_weather,0.0,0.0,0.0,0.0,1545.1774610991001,1545.1774610991001,0.0,0.0005150591536997,0.0,0
2020-07-17,final_macro_weather,0.0,0.0,0.0,0.0,-1566.6245580490502,-1566.6245580490502,0.0,-0.00052220818601635,0.0,0
2020-07-20,final_macro_weather,0.0,0.0,0.0,0.0,2069.82445957145,2069.82445957145,0.0,0.0006899414865238167,0.0,0
2020-07-21,final_macro_weather,0.0,0.0,0.0,0.0,254.85188635220004,254.85188635220004,0.0,8.495062878406668e-05,0.0,0
2020-07-22,final_macro_weather,0.0,0.0,0.0,0.0,1933.1325886247,1933.1325886247,0.0,0.0006443775295415666,0.0,0
2020-07-23,final_macro_weather,0.0,0.0,0.0,0.0,-2343.54854376775,-2343.54854376775,0.0,-0.0007811828479225832,0.0,0
2020-07-24,final_macro_weather,0.0,0.0,0.0,0.0,-1128.47831090395,-1128.47831090395,0.0,-0.0003761594369679833,0.0,0
2020-07-27,final_macro_weather,0.0,0.0,0.0,0.0,403.64855924935,403.64855924935,0.0,0.00013454951974978333,0.0,0
2020-07-28,final_macro_weather,0.0,0.0,0.0,0.0,4021.7280035778504,4021.7280035778504,0.0,0.0013405760011926168,0.0,0
2020-07-29,final_macro_weather,0.0,0.0,0.0,0.0,1367.5187306999999,1367.5187306999999,0.0,0.0004558395769,0.0,0
2020-07-30,final_macro_weather,0.0,0.0,0.0,0.0,2204.48806703375,2204.48806703375,0.0,0.0007348293556779167,0.0,0
2020-07-31,final_macro_weather,0.0,0.0,0.0,0.0,1929.4429373804,1929.4429373804,0.0,0.0006431476457934667,0.0,0
2020-08-03,final_macro_weather,-950.0,0.0,-950.0,0.0,-1347.45121856585,-2297.45121856585,-950.0,-0.0007658170728552833,47636.0,0
2020-08-04,final_macro_weather,9449.0,0.0,9449.0,0.0,1428.4965198314999,10877.4965198315,9449.0,0.0036258321732771668,66675.0,0
2020-08-05,final_macro_weather,0.0,0.0,0.0,0.0,2512.10901626145,2512.10901626145,0.0,0.0008373696720871501,0.0,0
2020-08-06,final_macro_weather,0.0,0.0,0.0,0.0,5001.01408739095,5001.01408739095,0.0,0.0016670046957969835,0.0,0
2020-08-07,final_macro_weather,-5481.0,0.0,-5481.0,0.0,-5562.07362116355,-11043.07362116355,-5481.0,-0.00368102454038785,51230.0,0
2020-08-10,final_macro_weather,0.0,0.0,0.0,0.0,-664.8749649006,-664.8749649006,0.0,-0.00022162498830020002,0.0,0
2020-08-11,final_macro_weather,0.0,0.0,0.0,0.0,471.6119526172,471.6119526172,0.0,0.00015720398420573334,0.0,0
2020-08-12,final_macro_weather,-1153.0,0.0,-1153.0,0.0,-2989.54542485885,-4142.54542485885,-1153.0,-0.00138084847495295,43159.0,0
2020-08-13,final_macro_weather,-1622.0,0.0,-1622.0,0.0,4353.45705689685,2731.45705689685,-1622.0,0.0009104856856322834,32747.0,0
2020-08-14,final_macro_weather,-7.0,0.0,-7.0,0.0,-468.77685562429997,-475.77685562429997,-7.0,-0.0001585922852081,25409.0,0
2020-08-17,final_macro_weather,1041.0,0.0,1041.0,0.0,-1256.8371476608002,-215.83714766080016,1041.0,-7.194571588693338e-05,31182.0,0
2020-08-18,final_macro_weather,1914.0,0.0,1914.0,0.0,102.5235352673,2016.5235352673,1914.0,0.0006721745117557667,40394.0,0
2020-08-19,final_macro_weather,60.0,0.0,60.0,0.0,1757.1598884918,1817.1598884918,60.0,0.0006057199628306,40158.0,0
2020-08-20,final_macro_weather,476.0,0.0,476.0,0.0,951.5729291545,1427.5729291545,476.0,0.00047585764305149996,25360.0,0
2020-08-21,final_macro_weather,-482.0,0.0,-482.0,0.0,-2351.199810998,-2833.199810998,-482.0,-0.0009443999369993333,31711.0,0
2020-08-24,final_macro_weather,1100.0,0.0,1100.0,0.0,-471.924957386,628.075042614,1100.0,0.00020935834753800002,51139.0,0
2020-08-25,final_macro_weather,2462.0,0.0,2462.0,0.0,2126.6456428012,4588.645642801201,2462.0,0.0015295485476004003,42342.0,0
2020-08-26,final_macro_weather,404.0,0.0,404.0,0.0,1108.00726892845,1512.00726892845,404.0,0.00050400242297615,42938.0,0
2020-08-27,final_macro_weather,68.0,0.0,68.0,0.0,918.22592154435,986.22592154435,68.0,0.00032874197384811664,29228.0,0
2020-08-28,final_macro_weather,2918.0,0.0,2918.0,0.0,-1295.4491719067998,1622.5508280932002,2918.0,0.0005408502760310668,44927.0,0
2020-08-31,final_macro_weather,501.0,0.0,501.0,0.0,-224.06782327175,276.93217672825,501.0,9.231072557608334e-05,43092.0,0
2020-09-01,final_macro_weather,1847.0,0.0,1847.0,0.0,571.45837058695,2418.45837058695,1847.0,0.00080615279019565,58067.0,0
2020-09-02,final_macro_weather,-3082.0,0.0,-3082.0,0.0,-2393.59910286245,-5475.59910286245,-3082.0,-0.0018251997009541502,65800.0,0
2020-09-03,final_macro_weather,29.0,0.0,29.0,0.0,1319.6403034481,1348.6403034481,29.0,0.00044954676781603335,44166.0,0
2020-09-04,final_macro_weather,-389.0,0.0,-389.0,0.0,-2965.04506221385,-3354.04506221385,-389.0,-0.00111801502073795,41828.0,0
2020-09-07,final_macro_weather,-3507.0,0.0,-3507.0,0.0,2479.2089071382998,-1027.7910928617002,-3507.0,-0.0003425970309539001,65937.0,0
2020-09-08,final_macro_weather,-5754.0,0.0,-5754.0,0.0,181.75724430875,-5572.24275569125,-5754.0,-0.0018574142518970832,53325.0,0
2020-09-09,final_macro_weather,-874.0,0.0,-874.0,0.0,1013.2708955234,139.2708955234,-874.0,4.642363184113333e-05,26709.0,0
2020-09-10,final_macro_weather,996.0,0.0,996.0,0.0,-202.27040219015,793.72959780985,996.0,0.00026457653260328334,33528.0,0
2020-09-11,final_macro_weather,95.0,0.0,95.0,0.0,505.35753098400005,600.357530984,95.0,0.00020011917699466668,24898.0,0
2020-09-14,final_macro_weather,-3508.0,0.0,-3508.0,0.0,464.916100669,-3043.083899331,-3508.0,-0.001014361299777,55977.0,0
2020-09-15,final_macro_weather,-1300.0,0.0,-1300.0,0.0,673.50799729075,-626.49200270925,-1300.0,-0.00020883066756974999,14573.0,0
2020-09-16,final_macro_weather,1942.0,0.0,1942.0,0.0,-189.8410211511,1752.1589788489,1942.0,0.0005840529929496334,24158.0,0
2020-09-17,final_macro_weather,1819.0,0.0,1819.0,0.0,436.52414236995,2255.52414236995,1819.0,0.0007518413807899833,24589.0,0
2020-09-18,final_macro_weather,3336.0,0.0,3336.0,0.0,-421.6645677683,2914.3354322317,3336.0,0.0009714451440772334,27975.0,0
2020-09-21,final_macro_weather,-1640.0,0.0,-1640.0,0.0,-952.7183746414,-2592.7183746414003,-1640.0,-0.0008642394582138001,21329.0,0
2020-09-22,final_macro_weather,-586.0,0.0,-586.0,0.0,1180.56717318885,594.5671731888499,-586.0,0.00019818905772961664,12711.0,0
2020-09-23,final_macro_weather,-482.0,0.0,-482.0,0.0,1477.55601848705,995.5560184870501,-482.0,0.00033185200616235003,17624.0,0
2020-09-24,final_macro_weather,-2964.0,0.0,-2964.0,3095.374724555063,-1015.4165588763999,-884.0418343213369,131.37472455506304,-0.0002946806114404456,31147.0,0
2020-09-25,final_macro_weather,1276.0,0.0,1276.0,-727.8153103500746,-842.87500495925,-294.69031530932455,548.1846896499254,-9.823010510310818e-05,32028.0,0
2020-09-28,final_macro_weather,170.0,0.0,170.0,3989.2582970733642,382.45996726735,4541.718264340714,4159.258297073364,0.0015139060881135713,7910.0,0
2020-09-29,final_macro_weather,460.0,0.0,460.0,150.81644132501813,-1041.9796726184,-431.16323129338184,610.8164413250181,-0.00014372107709779394,7858.0,0
2020-09-30,final_macro_weather,-930.0,0.0,-930.0,-562.8518201908624,-2794.83187157345,-4287.683691764312,-1492.8518201908623,-0.0014292278972547708,7765.0,0
2020-10-09,final_macro_weather,1915.0,0.0,1915.0,3367.033816776531,1559.7906408828499,6841.824457659381,5282.033816776531,0.0022806081525531268,34334.0,0
2020-10-12,final_macro_weather,1440.0,0.0,1440.0,-851.5681555595245,-626.2538149421,-37.82197050162449,588.4318444404755,-1.2607323500541498e-05,61766.0,0
2020-10-13,final_macro_weather,3155.0,0.0,3155.0,-3269.1893583514866,-747.38638200725,-861.5757403587365,-114.18935835148659,-0.00028719191345291217,61864.0,0
2020-10-14,final_macro_weather,1160.0,0.0,1160.0,-384.2651236472249,-495.78647047864996,279.94840587412506,775.734876352775,9.331613529137503e-05,39458.0,0
2020-10-15,final_macro_weather,-575.0,0.0,-575.0,-13.714285714285715,2520.43088884755,1931.716603133264,-588.7142857142857,0.0006439055343777547,39442.0,0
2020-10-16,final_macro_weather,3569.0,0.0,3569.0,0.0,3484.5363122215504,7053.53631222155,3569.0,0.0023511787707405168,41487.0,0
2020-10-19,final_macro_weather,-328.0,0.0,-328.0,0.0,-1022.7369305004,-1350.7369305004,-328.0,-0.00045024564350013333,19798.0,0
2020-10-20,final_macro_weather,-128.0,0.0,-128.0,0.0,-1348.1761964761,-1476.1761964761,-128.0,-0.0004920587321587,42827.0,0
2020-10-21,final_macro_weather,2246.0,0.0,2246.0,0.0,-217.3054878201,2028.6945121799,2246.0,0.0006762315040599666,34134.0,0
2020-10-22,final_macro_weather,-750.0,0.0,-750.0,0.0,-958.05459073905,-1708.0545907390501,-750.0,-0.00056935153024635,34416.0,0
2020-10-23,final_macro_weather,9190.0,0.0,9190.0,0.0,376.695413158,9566.695413158,9190.0,0.003188898471052667,52210.0,0
2020-10-26,final_macro_weather,1815.0,0.0,1815.0,0.0,-125.6913127523,1689.3086872477,1815.0,0.0005631028957492334,34947.0,0
2020-10-27,final_macro_weather,7918.0,0.0,7918.0,0.0,0.0,7918.0,7918.0,0.0026393333333333334,40452.0,0
2020-10-28,final_macro_weather,0.0,0.0,0.0,0.0,0.0,0.0,0.0,0.0,0.0,0
2020-10-29,final_macro_weather,0.0,0.0,0.0,0.0,0.0,0.0,0.0,0.0,0.0,0
2020-10-30,final_macro_weather,0.0,0.0,0.0,1283.0478734310595,0.0,1283.0478734310595,1283.0478734310595,0.0004276826244770198,0.0,0
2020-11-02,final_macro_weather,0.0,0.0,0.0,608.9485750655796,0.0,608.9485750655796,608.9485750655796,0.0002029828583551932,0.0,0
2020-11-03,final_macro_weather,0.0,0.0,0.0,492.84251179794273,0.0,492.84251179794273,492.84251179794273,0.0001642808372659809,0.0,0
2020-11-04,final_macro_weather,0.0,0.0,0.0,123.37418163270007,0.0,123.37418163270007,123.37418163270007,4.1124727210900026e-05,0.0,0
2020-11-05,final_macro_weather,0.0,0.0,0.0,1283.2475505356626,0.0,1283.2475505356626,1283.2475505356626,0.00042774918351188754,0.0,0
2020-11-06,final_macro_weather,0.0,0.0,0.0,-6.857142857142858,0.0,-6.857142857142858,-6.857142857142858,-2.285714285714286e-06,0.0,0
2020-11-09,final_macro_weather,0.0,0.0,0.0,0.0,0.0,0.0,0.0,0.0,0.0,0
2020-11-10,final_macro_weather,0.0,0.0,0.0,0.0,0.0,0.0,0.0,0.0,0.0,0
2020-11-11,final_macro_weather,0.0,0.0,0.0,0.0,0.0,0.0,0.0,0.0,0.0,0
2020-11-12,final_macro_weather,0.0,0.0,0.0,0.0,0.0,0.0,0.0,0.0,0.0,0
2020-11-13,final_macro_weather,0.0,0.0,0.0,0.0,0.0,0.0,0.0,0.0,0.0,0
2020-11-16,final_macro_weather,0.0,0.0,0.0,0.0,0.0,0.0,0.0,0.0,0.0,0
2020-11-17,final_macro_weather,0.0,0.0,0.0,0.0,0.0,0.0,0.0,0.0,0.0,0
2020-11-18,final_macro_weather,0.0,0.0,0.0,0.0,0.0,0.0,0.0,0.0,0.0,0
2020-11-19,final_macro_weather,0.0,0.0,0.0,0.0,0.0,0.0,0.0,0.0,0.0,0
2020-11-20,final_macro_weather,0.0,0.0,0.0,0.0,0.0,0.0,0.0,0.0,0.0,0
2020-11-23,final_macro_weather,0.0,0.0,0.0,0.0,0.0,0.0,0.0,0.0,0.0,0
2020-11-24,final_macro_weather,0.0,0.0,0.0,0.0,0.0,0.0,0.0,0.0,0.0,0
2020-11-25,final_macro_weather,0.0,0.0,0.0,0.0,0.0,0.0,0.0,0.0,0.0,0
2020-11-26,final_macro_weather,5524.0,0.0,5524.0,0.0,0.0,5524.0,5524.0,0.0018413333333333333,94542.0,0
2020-11-27,final_macro_weather,14535.0,0.0,14535.0,0.0,146.05649178770003,14681.0564917877,14535.0,0.004893685497262566,95201.0,0
2020-11-30,final_macro_weather,0.0,0.0,0.0,0.0,-1148.7029709366,-1148.7029709366,0.0,-0.0003829009903122,0.0,0
2020-12-01,final_macro_weather,0.0,0.0,0.0,0.0,-468.9510880819,-468.9510880819,0.0,-0.00015631702936063334,0.0,0
2020-12-02,final_macro_weather,0.0,0.0,0.0,0.0,-1492.5550464896999,-1492.5550464896999,0.0,-0.0004975183488298999,0.0,0
2020-12-03,final_macro_weather,0.0,0.0,0.0,0.0,250.00008333335,250.00008333335,0.0,8.333336111111667e-05,0.0,0
2020-12-04,final_macro_weather,0.0,0.0,0.0,0.0,174.7030333297,174.7030333297,0.0,5.823434444323333e-05,0.0,0
2020-12-07,final_macro_weather,0.0,0.0,0.0,0.0,-74.84283229275,-74.84283229275,0.0,-2.494761076425e-05,0.0,0
2020-12-08,final_macro_weather,0.0,0.0,0.0,0.0,-1860.45268625435,-1860.45268625435,0.0,-0.0006201508954181167,0.0,0
2020-12-09,final_macro_weather,0.0,0.0,0.0,0.0,2010.0935660567,2010.0935660567,0.0,0.0006700311886855667,0.0,0
2020-12-10,final_macro_weather,0.0,0.0,0.0,0.0,298.7454120674,298.7454120674,0.0,9.958180402246668e-05,0.0,0
2020-12-11,final_macro_weather,0.0,0.0,0.0,0.0,298.03312350285,298.03312350285,0.0,9.934437450095e-05,0.0,0
2020-12-14,final_macro_weather,0.0,0.0,0.0,0.0,198.29470745799998,198.29470745799998,0.0,6.609823581933333e-05,0.0,0
2020-12-15,final_macro_weather,0.0,0.0,0.0,0.0,173.2502009846,173.2502009846,0.0,5.775006699486667e-05,0.0,0
2020-12-16,final_macro_weather,0.0,0.0,0.0,0.0,3198.729089436,3198.729089436,0.0,0.001066243029812,0.0,0
2020-12-17,final_macro_weather,0.0,0.0,0.0,0.0,481.23254818015,481.23254818015,0.0,0.00016041084939338334,0.0,0
2020-12-18,final_macro_weather,0.0,0.0,0.0,0.0,0.0,0.0,0.0,0.0,0.0,0
2020-12-21,final_macro_weather,0.0,0.0,0.0,0.0,0.0,0.0,0.0,0.0,0.0,0
2020-12-22,final_macro_weather,0.0,0.0,0.0,0.0,0.0,0.0,0.0,0.0,0.0,0
2020-12-23,final_macro_weather,0.0,0.0,0.0,0.0,0.0,0.0,0.0,0.0,0.0,0
2020-12-24,final_macro_weather,0.0,0.0,0.0,0.0,0.0,0.0,0.0,0.0,0.0,0
2020-12-25,final_macro_weather,0.0,0.0,0.0,0.0,0.0,0.0,0.0,0.0,0.0,0
2020-12-28,final_macro_weather,0.0,0.0,0.0,0.0,0.0,0.0,0.0,0.0,0.0,0
2020-12-29,final_macro_weather,0.0,0.0,0.0,0.0,0.0,0.0,0.0,0.0,0.0,0
2020-12-30,final_macro_weather,0.0,0.0,0.0,0.0,0.0,0.0,0.0,0.0,0.0,0
2020-12-31,final_macro_weather,0.0,0.0,0.0,0.0,2726.51871562715,2726.51871562715,0.0,0.0009088395718757166,0.0,0
2021-01-04,final_macro_weather,0.0,0.0,0.0,0.0,234.30184929375002,234.30184929375002,0.0,7.810061643125001e-05,0.0,0
2021-01-05,final_macro_weather,0.0,0.0,0.0,0.0,350.63136595105004,350.63136595105004,0.0,0.00011687712198368335,0.0,0
2021-01-06,final_macro_weather,0.0,0.0,0.0,0.0,-420.875818488,-420.875818488,0.0,-0.000140291939496,0.0,0
2021-01-07,final_macro_weather,0.0,0.0,0.0,0.0,-1674.07953471125,-1674.07953471125,0.0,-0.0005580265115704167,0.0,0
2021-01-08,final_macro_weather,0.0,0.0,0.0,0.0,-2082.3842040454,-2082.3842040454,0.0,-0.0006941280680151334,0.0,0
2021-01-11,final_macro_weather,0.0,0.0,0.0,0.0,721.9889151625,721.9889151625,0.0,0.00024066297172083332,0.0,0
2021-01-12,final_macro_weather,0.0,0.0,0.0,0.0,383.3623859775,383.3623859775,0.0,0.0001277874619925,0.0,0
2021-01-13,final_macro_weather,0.0,0.0,0.0,0.0,1143.0828371822502,1143.0828371822502,0.0,0.0003810276123940834,0.0,0
2021-01-14,final_macro_weather,0.0,0.0,0.0,0.0,4127.0185158525,4127.0185158525,0.0,0.0013756728386175,0.0,0
2021-01-15,final_macro_weather,0.0,0.0,0.0,0.0,-45.87997849267888,-45.87997849267888,0.0,-1.5293326164226294e-05,0.0,0
2021-01-18,final_macro_weather,0.0,0.0,0.0,0.0,-298.6310342548,-298.6310342548,0.0,-9.954367808493333e-05,0.0,0
2021-01-19,final_macro_weather,0.0,0.0,0.0,0.0,-2438.5352994274,-2438.5352994274,0.0,-0.0008128450998091333,0.0,0
2021-01-20,final_macro_weather,-60.0,0.0,-60.0,0.0,46.89551733862881,-13.104482661371193,-60.0,-4.368160887123731e-06,27566.0,0
2021-01-21,final_macro_weather,-2376.0,0.0,-2376.0,0.0,-1746.9595010965502,-4122.95950109655,-2376.0,-0.0013743198336988501,37072.0,0
2021-01-22,final_macro_weather,6918.0,0.0,6918.0,0.0,0.0,6918.0,6918.0,0.002306,62683.0,0
2021-01-25,final_macro_weather,699.0,0.0,699.0,0.0,0.0,699.0,699.0,0.000233,60354.0,0
2021-01-26,final_macro_weather,-1320.0,0.0,-1320.0,0.0,0.0,-1320.0,-1320.0,-0.00044,60492.0,0
2021-01-27,final_macro_weather,550.0,0.0,550.0,0.0,0.0,550.0,550.0,0.00018333333333333334,61088.0,0
2021-01-28,final_macro_weather,1746.0,0.0,1746.0,1381.4622182263063,0.0,3127.4622182263065,3127.4622182263065,0.0010424874060754356,57904.0,0
2021-01-29,final_macro_weather,-2944.0,0.0,-2944.0,2932.3665125388475,0.0,-11.633487461152527,-11.633487461152527,-3.877829153717509e-06,71622.0,0
2021-02-01,final_macro_weather,-870.0,0.0,-870.0,-2161.798535711326,0.0,-3031.798535711326,-3031.798535711326,-0.0010105995119037755,99563.0,0
2021-02-02,final_macro_weather,-3286.0,0.0,-3286.0,-3034.313923770179,937.7388314743,-5382.575092295879,-6320.313923770179,-0.0017941916974319595,60203.0,0
2021-02-03,final_macro_weather,-1574.0,0.0,-1574.0,-1954.6449307507467,-210.37873128660001,-3739.0236620373466,-3528.6449307507464,-0.0012463412206791156,25746.0,0
2021-02-04,final_macro_weather,1257.0,0.0,1257.0,-3034.6416633420745,560.22502738215,-1217.4166359599244,-1777.6416633420745,-0.0004058055453199748,66345.0,0
2021-02-05,final_macro_weather,-1000.0,0.0,-1000.0,2144.2458510380834,-700.6744803605,443.57137067758345,1144.2458510380834,0.00014785712355919447,68264.0,0
2021-02-08,final_macro_weather,-819.0,0.0,-819.0,3135.39598580007,-1318.52795337645,997.86803242362,2316.39598580007,0.00033262267747454,61798.0,0
2021-02-09,final_macro_weather,3537.0,0.0,3537.0,41.139656526437676,-284.3603122059,3293.779344320538,3578.1396565264376,0.0010979264481068458,65207.0,0
2021-02-10,final_macro_weather,7309.0,0.0,7309.0,-7991.541770562072,3370.3595734615,2687.817802899428,-682.5417705620721,0.0008959392676331426,83768.0,0
2021-02-18,final_macro_weather,4014.0,0.0,4014.0,-1182.14765757469,1057.76937309745,3889.6217155227596,2831.85234242531,0.0012965405718409198,71613.0,0
2021-02-19,final_macro_weather,12313.0,0.0,12313.0,2863.8830620024482,320.16117027005004,15497.0442322725,15176.88306200245,0.0051656814107575,75921.0,0
2021-02-22,final_macro_weather,0.0,0.0,0.0,1364.197669010487,706.02355865765,2070.221227668137,1364.197669010487,0.0006900737425560457,0.0,0
2021-02-23,final_macro_weather,0.0,0.0,0.0,-363.9355211226923,-569.06225934545,-932.9977804681423,-363.9355211226923,-0.00031099926015604743,0.0,0
2021-02-24,final_macro_weather,0.0,0.0,0.0,-1260.9458070047979,1316.2794105689,55.33360356410208,-1260.9458070047979,1.844453452136736e-05,0.0,0
2021-02-25,final_macro_weather,0.0,0.0,0.0,-2227.1307469455414,-2577.41090034195,-4804.541647287491,-2227.1307469455414,-0.0016015138824291637,0.0,0
2021-02-26,final_macro_weather,0.0,0.0,0.0,-535.9893932687305,1602.8796293734501,1066.8902361047196,-535.9893932687305,0.0003556300787015732,0.0,0
2021-03-01,final_macro_weather,0.0,0.0,0.0,-2255.369901942517,-410.21003085995,-2665.5799328024673,-2255.369901942517,-0.0008885266442674891,0.0,0
2021-03-02,final_macro_weather,0.0,0.0,0.0,533.7120259362349,1835.4358589477,2369.1478848839347,533.7120259362349,0.0007897159616279783,0.0,0
2021-03-03,final_macro_weather,0.0,0.0,0.0,-1067.3983676268215,-495.85351714795,-1563.2518847747715,-1067.3983676268215,-0.0005210839615915905,0.0,0
2021-03-04,final_macro_weather,0.0,0.0,0.0,-1330.5401264426112,-1842.7852171504,-3173.325343593011,-1330.5401264426112,-0.0010577751145310038,0.0,0
2021-03-05,final_macro_weather,0.0,0.0,0.0,1336.692632328147,594.4770670659,1931.169699394047,1336.692632328147,0.000643723233131349,0.0,0
2021-03-08,final_macro_weather,0.0,0.0,0.0,-412.11238664831495,-1583.89778741575,-1996.0101740640648,-412.11238664831495,-0.0006653367246880216,0.0,0
2021-03-09,final_macro_weather,0.0,0.0,0.0,1207.7954912093405,-625.2907897714,582.5047014379405,1207.7954912093405,0.00019416823381264683,0.0,0
2021-03-10,final_macro_weather,0.0,0.0,0.0,1092.3501630963185,1086.4608387851501,2178.8110018814687,1092.3501630963185,0.0007262703339604896,0.0,0
2021-03-11,final_macro_weather,0.0,0.0,0.0,-1879.0913463320514,962.95413863405,-916.1372076980015,-1879.0913463320514,-0.00030537906923266717,0.0,0
2021-03-12,final_macro_weather,0.0,0.0,0.0,1180.6507691383638,-1724.799695746,-544.1489266076362,1180.6507691383638,-0.00018138297553587873,0.0,0
2021-03-15,final_macro_weather,0.0,0.0,0.0,232.92616578848325,-394.28551106625,-161.35934527776678,232.92616578848325,-5.378644842592226e-05,0.0,0
2021-03-16,final_macro_weather,0.0,0.0,0.0,410.75564238681244,856.5641444525501,1267.3197868393625,410.75564238681244,0.00042243992894645414,0.0,0
2021-03-17,final_macro_weather,0.0,0.0,0.0,1085.5922947690146,529.5154801105999,1615.1077748796147,1085.5922947690146,0.0005383692582932049,0.0,0
2021-03-18,final_macro_weather,0.0,0.0,0.0,-639.3207517240978,-2670.2975140059502,-3309.618265730048,-639.3207517240978,-0.0011032060885766827,0.0,0
2021-03-19,final_macro_weather,0.0,0.0,0.0,-577.3167879424695,813.2208281645,235.9040402220304,-577.3167879424695,7.863468007401013e-05,0.0,0
2021-03-22,final_macro_weather,-3177.0,0.0,-3177.0,575.3416066017752,-532.06405300815,-3133.7224464063747,-2601.6583933982247,-0.0010445741488021249,43697.0,0
2021-03-23,final_macro_weather,-1657.0,0.0,-1657.0,-384.29269358792607,-1569.5417267517,-3610.8344203396264,-2041.2926935879261,-0.0012036114734465422,28714.0,0
2021-03-24,final_macro_weather,2320.0,0.0,2320.0,657.4266135176695,1011.8224003026501,3989.2490138203193,2977.4266135176695,0.0013297496712734397,46737.0,0
2021-03-25,final_macro_weather,3415.0,0.0,3415.0,-562.9129012594912,2.671562393909534,2854.758661134418,2852.0870987405087,0.0009515862203781394,41584.0,0
2021-03-26,final_macro_weather,3166.0,0.0,3166.0,-27.43006506119474,-8.747204841918089,3129.822730096887,3138.569934938805,0.001043274243365629,44216.0,0
2021-03-29,final_macro_weather,1971.0,0.0,1971.0,-3215.87439880733,-849.7010283283,-2094.57542713563,-1244.8743988073302,-0.00069819180904521,33933.0,0
2021-03-30,final_macro_weather,936.0,0.0,936.0,-2869.0610140085646,256.19093107955,-1676.8700829290146,-1933.0610140085646,-0.0005589566943096716,33996.0,0
2021-03-31,final_macro_weather,-3049.0,0.0,-3049.0,5210.6606732302,53.49329038305,2215.1539636132497,2161.6606732302,0.0007383846545377499,77765.0,0
2021-04-01,final_macro_weather,1022.0,0.0,1022.0,3297.111417856052,-482.89756451790004,3836.213853338152,4319.111417856052,0.0012787379511127173,9204.0,0
2021-04-02,final_macro_weather,1242.0,0.0,1242.0,-1844.3847142726722,-492.00250815784995,-1094.3872224305221,-602.3847142726722,-0.00036479574081017406,32882.0,0
2021-04-06,final_macro_weather,-1121.0,0.0,-1121.0,1299.5078605708443,298.37295787675004,476.8808184475943,178.5078605708443,0.00015896027281586477,29831.0,0
2021-04-07,final_macro_weather,-919.0,0.0,-919.0,589.0303344295123,-227.65852435425,-557.6281899247376,-329.9696655704877,-0.00018587606330824587,37841.0,0
2021-04-08,final_macro_weather,2727.0,0.0,2727.0,1272.2423937733513,1652.4108436551,5651.653237428451,3999.242393773351,0.0018838844124761502,51529.0,0
2021-04-09,final_macro_weather,2515.0,0.0,2515.0,-1637.2303115847944,538.68560887005,1416.4552972852557,877.7696884152056,0.0004721517657617519,50880.0,0
2021-04-12,final_macro_weather,498.0,0.0,498.0,-2619.1682689187614,-1970.3642662246002,-4091.5325351433617,-2121.1682689187614,-0.0013638441783811205,58348.0,0
2021-04-13,final_macro_weather,-114.0,0.0,-114.0,2619.452257329933,-1298.78051292065,1206.6717444092833,2505.452257329933,0.00040222391480309444,37627.0,0
2021-04-14,final_macro_weather,1622.0,0.0,1622.0,-178.34828981979985,-102.8324943189,1340.8192158613,1443.6517101802,0.00044693973862043335,51012.0,0
2021-04-15,final_macro_weather,-2600.0,0.0,-2600.0,2252.8337050458163,2904.34745945235,2557.1811644981663,-347.16629495418374,0.0008523937214993888,44843.0,0
2021-04-16,final_macro_weather,-320.0,0.0,-320.0,1994.501470059695,653.7358902111,2328.237360270795,1674.501470059695,0.0007760791200902649,46056.0,0
2021-04-19,final_macro_weather,1250.0,0.0,1250.0,-2466.6021979435336,-563.8179586752,-1780.4201566187335,-1216.6021979435336,-0.0005934733855395779,37262.0,0
2021-04-20,final_macro_weather,-294.0,0.0,-294.0,-13.714285714285715,2317.8107521728502,2010.0964664585645,-307.7142857142857,0.0006700321554861881,45182.0,0
2021-04-21,final_macro_weather,1749.0,0.0,1749.0,0.0,811.0021398132,2560.0021398132,1749.0,0.0008533340466044,65750.0,0
2021-04-22,final_macro_weather,49.0,0.0,49.0,0.0,94.4233290952,143.42332909520002,49.0,4.7807776365066675e-05,24511.0,0
2021-04-23,final_macro_weather,50.0,0.0,50.0,0.0,994.5353308774,1044.5353308774002,50.0,0.00034817844362580003,37670.0,0
2021-04-26,final_macro_weather,4035.0,0.0,4035.0,0.0,6060.6341899075505,10095.63418990755,4035.0,0.0033652113966358504,51165.0,0
2021-04-27,final_macro_weather,-567.0,0.0,-567.0,0.0,235.84912657205,-331.15087342795,-567.0,-0.00011038362447598332,31117.0,0
2021-04-28,final_macro_weather,1925.0,0.0,1925.0,0.0,1179.4026659209999,3104.402665921,1925.0,0.0010348008886403332,25676.0,0
2021-04-29,final_macro_weather,2823.0,0.0,2823.0,0.0,-1067.23498232215,1755.76501767785,2823.0,0.0005852550058926167,57156.0,0
2021-04-30,final_macro_weather,6535.0,0.0,6535.0,0.0,3820.5615578197503,10355.56155781975,6535.0,0.0034518538526065834,57610.0,0
2021-05-06,final_macro_weather,-15.0,0.0,-15.0,0.0,1026.7494251441,1011.7494251441001,-15.0,0.0003372498083813667,67033.0,0
2021-05-07,final_macro_weather,850.0,0.0,850.0,0.0,555.9106179566,1405.9106179566002,850.0,0.00046863687265220004,58896.0,0
2021-05-10,final_macro_weather,1854.0,0.0,1854.0,0.0,-1601.8347034564001,252.16529654359988,1854.0,8.405509884786663e-05,37037.0,0
2021-05-11,final_macro_weather,5065.0,0.0,5065.0,0.0,3221.7277837695,8286.7277837695,5065.0,0.0027622425945898334,27665.0,0
2021-05-12,final_macro_weather,-3605.0,0.0,-3605.0,0.0,0.0,-3605.0,-3605.0,-0.0012016666666666666,28098.0,0
2021-05-13,final_macro_weather,-3242.0,0.0,-3242.0,0.0,-358.26909020105,-3600.26909020105,-3242.0,-0.0012000896967336832,33276.0,0
2021-05-14,final_macro_weather,-2087.0,0.0,-2087.0,0.0,-2198.63824247415,-4285.63824247415,-2087.0,-0.0014285460808247164,55003.0,0
2021-05-17,final_macro_weather,-1016.0,0.0,-1016.0,0.0,1414.0422285909,398.0422285909001,-1016.0,0.00013268074286363336,49863.0,0
2021-05-18,final_macro_weather,-4026.0,0.0,-4026.0,0.0,1862.4986403427001,-2163.5013596573,-4026.0,-0.0007211671198857667,43256.0,0
2021-05-19,final_macro_weather,1286.0,0.0,1286.0,0.0,-2712.84205568675,-1426.84205568675,1286.0,-0.00047561401856225,63296.0,0
2021-05-20,final_macro_weather,566.0,0.0,566.0,0.0,-3893.52944837985,-3327.52944837985,566.0,-0.0011091764827932833,43319.0,0
2021-05-21,final_macro_weather,-389.0,0.0,-389.0,0.0,-1969.6142358277,-2358.6142358277,-389.0,-0.0007862047452759001,44346.0,0
2021-05-24,final_macro_weather,939.0,0.0,939.0,0.0,337.3821211456,1276.3821211456,939.0,0.00042546070704853334,65006.0,0
2021-05-25,final_macro_weather,1379.0,0.0,1379.0,0.0,2801.4290846344,4180.4290846344,1379.0,0.0013934763615448,58582.0,0
2021-05-26,final_macro_weather,692.0,0.0,692.0,0.0,-3743.81373128015,-3051.81373128015,692.0,-0.00101727124376005,43706.0,0
2021-05-27,final_macro_weather,-599.0,0.0,-599.0,0.0,1551.9767515572998,952.9767515572998,-599.0,0.00031765891718576664,64379.0,0
2021-05-28,final_macro_weather,2313.0,0.0,2313.0,0.0,817.4416052764999,3130.4416052765,2313.0,0.0010434805350921666,68950.0,0
2021-05-31,final_macro_weather,-2335.0,0.0,-2335.0,0.0,-696.6588623096,-3031.6588623096,-2335.0,-0.0010105529541032,72913.0,0
2021-06-01,final_macro_weather,1891.0,0.0,1891.0,0.0,564.62503626235,2455.62503626235,1891.0,0.0008185416787541167,88836.0,0
2021-06-02,final_macro_weather,4585.0,0.0,4585.0,0.0,-2131.1095625001,2453.8904374999,4585.0,0.0008179634791666333,88186.0,0
2021-06-03,final_macro_weather,7993.0,0.0,7993.0,0.0,66.59776621879999,8059.5977662188,7993.0,0.0026865325887395998,80508.0,0
2021-06-04,final_macro_weather,-6172.0,0.0,-6172.0,0.0,389.529763651,-5782.470236349,-6172.0,-0.0019274900787829999,58012.0,0
2021-06-07,final_macro_weather,0.0,0.0,0.0,0.0,-389.52976365095,-389.52976365095,0.0,-0.00012984325455031665,0.0,0
2021-06-08,final_macro_weather,0.0,0.0,0.0,0.0,-1161.35861723065,-1161.35861723065,0.0,-0.00038711953907688334,0.0,0
2021-06-09,final_macro_weather,0.0,0.0,0.0,0.0,385.9218872814,385.9218872814,0.0,0.00012864062909380002,0.0,0
2021-06-10,final_macro_weather,0.0,0.0,0.0,0.0,-539.9576430645,-539.9576430645,0.0,-0.0001799858810215,0.0,0
2021-06-11,final_macro_weather,4128.0,0.0,4128.0,0.0,0.0,4128.0,4128.0,0.001376,87050.0,0
2021-06-15,final_macro_weather,-889.0,0.0,-889.0,0.0,374.81287453205,-514.18712546795,-889.0,-0.00017139570848931666,66123.0,0
2021-06-16,final_macro_weather,4217.0,0.0,4217.0,0.0,753.0143254226,4970.0143254226,4217.0,0.0016566714418075335,81929.0,0
2021-06-17,final_macro_weather,5048.0,0.0,5048.0,0.0,-377.0741924282,4670.9258075718,5048.0,0.0015569752691905999,89316.0,0
2021-06-18,final_macro_weather,4275.0,0.0,4275.0,233.02323648911198,1388.20205156365,5896.225288052761,4508.023236489112,0.0019654084293509204,89398.0,0
2021-06-21,final_macro_weather,-7315.0,0.0,-7315.0,876.2059956087222,-298.81536388660004,-6737.609368277877,-6438.794004391278,-0.0022458697894259592,70694.0,0
2021-06-22,final_macro_weather,0.0,0.0,0.0,273.99188388247757,1104.49950708715,1378.4913909696277,273.99188388247757,0.0004594971303232092,0.0,0
2021-06-23,final_macro_weather,0.0,0.0,0.0,-728.9269262231273,412.46732089529996,-316.4596053278274,-728.9269262231273,-0.00010548653510927579,0.0,0
2021-06-24,final_macro_weather,0.0,0.0,0.0,-260.8382972245701,904.8588347105,644.0205374859299,-260.8382972245701,0.00021467351249530997,0.0,0
2021-06-25,final_macro_weather,0.0,0.0,0.0,308.19753340159133,1117.2534303746,1425.4509637761912,308.19753340159133,0.0004751503212587304,0.0,0
2021-06-28,final_macro_weather,0.0,0.0,0.0,-432.7339018834873,-41.9558494670221,-474.6897513505094,-432.7339018834873,-0.0001582299171168365,0.0,0
2021-06-29,final_macro_weather,0.0,0.0,0.0,-1129.5799519607156,858.19676003265,-271.38319192806557,-1129.5799519607156,-9.046106397602185e-05,0.0,0
2021-06-30,final_macro_weather,0.0,0.0,0.0,1418.2657407023746,306.47923928225003,1724.7449799846247,1418.2657407023746,0.0005749149933282083,0.0,0
2021-07-01,final_macro_weather,0.0,0.0,0.0,294.5166366828595,1523.3537627536998,1817.8703994365592,294.5166366828595,0.0006059567998121864,0.0,0
2021-07-02,final_macro_weather,0.0,0.0,0.0,424.4370679614976,-1434.57441083595,-1010.1373428744523,424.4370679614976,-0.00033671244762481745,0.0,0
2021-07-05,final_macro_weather,0.0,0.0,0.0,1221.5893398373398,718.7451956768499,1940.3345355141896,1221.5893398373398,0.0006467781785047299,0.0,0
2021-07-06,final_macro_weather,-3523.0,0.0,-3523.0,-109.73754546094042,-524.16899775205,-4156.90654321299,-3632.7375454609405,-0.00138563551440433,59334.0,0
2021-07-07,final_macro_weather,3197.0,0.0,3197.0,-466.70640839171193,395.78350854415004,3126.077100152438,2730.293591608288,0.0010420257000508127,42300.0,0
2021-07-08,final_macro_weather,2489.0,0.0,2489.0,794.2061099462436,-1404.79481696395,1878.4112929822934,3283.2061099462435,0.0006261370976607645,32217.0,0
2021-07-09,final_macro_weather,-1238.0,0.0,-1238.0,-535.4100621574491,505.15398793705003,-1268.2560742203991,-1773.4100621574491,-0.00042275202474013305,61175.0,0
2021-07-12,final_macro_weather,-2185.0,0.0,-2185.0,1231.348489162266,-3201.41204365255,-4155.063554490283,-953.6515108377339,-0.0013850211848300945,49155.0,0
2021-07-13,final_macro_weather,1076.0,0.0,1076.0,479.55703981770034,-742.72351609385,812.8335237238504,1555.5570398177003,0.00027094450790795014,64773.0,0
2021-07-14,final_macro_weather,1250.0,0.0,1250.0,2035.4473779298505,-701.5230346186,2583.9243433112506,3285.4473779298505,0.0008613081144370835,34320.0,0
2021-07-15,final_macro_weather,5541.0,0.0,5541.0,-686.6122566428453,0.0,4854.387743357154,4854.387743357154,0.001618129247785718,63119.0,0
2021-07-16,final_macro_weather,4383.0,0.0,4383.0,-2507.9844434638944,812.65061639325,2687.6661729293555,1875.0155565361056,0.0008958887243097852,63469.0,0
2021-07-19,final_macro_weather,-3133.0,0.0,-3133.0,1940.1462052770237,185.4324624291,-1007.4213322938763,-1192.8537947229763,-0.0003358071107646254,81276.0,0
2021-07-20,final_macro_weather,1270.0,0.0,1270.0,-961.7696021220486,0.0,308.2303978779514,308.2303978779514,0.00010274346595931714,43285.0,0
2021-07-21,final_macro_weather,-3555.0,0.0,-3555.0,-2051.4984704798053,0.0,-5606.498470479805,-5606.498470479805,-0.0018688328234932683,20919.0,0
2021-07-22,final_macro_weather,6316.0,0.0,6316.0,1176.741278542245,0.0,7492.741278542245,7492.741278542245,0.0024975804261807484,32088.0,0
2021-07-23,final_macro_weather,-2298.0,0.0,-2298.0,698.4866418927213,-3758.19446460355,-5357.707822710829,-1599.5133581072787,-0.0017859026075702762,76435.0,0
2021-07-26,final_macro_weather,-4256.0,0.0,-4256.0,-2203.6006760446617,-3553.8313705975,-10013.432046642161,-6459.600676044662,-0.003337810682214054,51075.0,0
2021-07-27,final_macro_weather,252.0,0.0,252.0,2769.0703845354083,47.357454629721005,3068.427839165129,3021.0703845354083,0.0010228092797217097,47614.0,0
2021-07-28,final_macro_weather,4384.0,0.0,4384.0,862.570362107152,2391.0445939733,7637.6149560804515,5246.570362107152,0.002545871652026817,109685.0,0
2021-07-29,final_macro_weather,-1446.0,0.0,-1446.0,917.2457586525161,-529.96803225445,-1058.722273601934,-528.7542413474839,-0.000352907424533978,68480.0,0
2021-07-30,final_macro_weather,-7687.0,0.0,-7687.0,-3215.0530883066003,-2532.0786175806998,-13434.1317058873,-10902.0530883066,-0.004478043901962433,95308.0,0
2021-08-02,final_macro_weather,0.0,0.0,0.0,-6.857324346250295,4899.32036531035,4892.4630409640995,-6.857324346250295,0.0016308210136546997,0.0,0
2021-08-03,final_macro_weather,0.0,0.0,0.0,287.6803212825103,-2324.3675390303,-2036.6872177477899,287.6803212825103,-0.0006788957392492633,0.0,0
2021-08-04,final_macro_weather,3427.0,0.0,3427.0,-425.49129195273775,2837.7798569260003,5839.2885649732625,3001.508708047262,0.0019464295216577543,36540.0,0
2021-08-05,final_macro_weather,-961.0,0.0,-961.0,-1471.5977052504757,-844.1897823036,-3276.787487554076,-2432.597705250476,-0.0010922624958513588,46713.0,0
2021-08-06,final_macro_weather,2758.0,0.0,2758.0,-7161.426240817764,1221.2403601823,-3182.185880635464,-4403.426240817764,-0.001060728626878488,34921.0,0
2021-08-09,final_macro_weather,2672.0,0.0,2672.0,-1154.6549636234533,-2741.60806332405,-1224.2630269475032,1517.3450363765467,-0.00040808767564916776,91657.0,0
2021-08-10,final_macro_weather,24.0,0.0,24.0,-274.4365643990548,-283.71232882055,-534.1488932196048,-250.43656439905482,-0.0001780496310732016,92479.0,0
2021-08-11,final_macro_weather,5855.0,0.0,5855.0,2483.5863194919643,-4697.4314224234495,3641.1548970685144,8338.586319491964,0.001213718299022838,93316.0,0
2021-08-12,final_macro_weather,0.0,0.0,0.0,301.3532917475428,-400.87445423005,-99.52116248250718,301.3532917475428,-3.317372082750239e-05,0.0,0
2021-08-13,final_macro_weather,-535.0,0.0,-535.0,2184.801314899298,664.1224322174501,2313.923747116748,1649.8013148992982,0.0007713079157055827,41473.0,0
2021-08-16,final_macro_weather,1746.0,0.0,1746.0,2578.8929048723267,-103.5368236118,4221.3560812605265,4324.892904872327,0.0014071186937535088,25888.0,0
2021-08-17,final_macro_weather,-4163.0,0.0,-4163.0,260.4395018666968,494.10899260255,-3408.451505530753,-3902.560498133303,-0.0011361505018435843,79261.0,0
2021-08-18,final_macro_weather,1760.0,0.0,1760.0,-769.1479417775723,-229.2433789158,761.6086793066277,990.8520582224277,0.0002538695597688759,48214.0,0
2021-08-19,final_macro_weather,-8246.0,0.0,-8246.0,835.2109435237858,35.14780352097211,-7375.641252955243,-7410.789056476215,-0.0024585470843184144,109349.0,0
2021-08-20,final_macro_weather,3819.0,0.0,3819.0,-425.49422741919466,-1502.9480942205,1890.5576783603055,3393.5057725808056,0.0006301858927867685,43890.0,0
2021-08-23,final_macro_weather,0.0,0.0,0.0,956.4326051236301,2776.1577713403503,3732.5903764639806,956.4326051236301,0.0012441967921546602,0.0,0
2021-08-24,final_macro_weather,0.0,0.0,0.0,-735.8008471504983,-8594.105725976,-9329.906573126498,-735.8008471504983,-0.0031099688577088326,0.0,0
2021-08-25,final_macro_weather,0.0,0.0,0.0,-542.8570626054137,-912.1615041104,-1455.0185667158137,-542.8570626054137,-0.0004850061889052712,0.0,0
2021-08-26,final_macro_weather,0.0,0.0,0.0,1303.0701308220723,5828.9503563395,7132.020487161572,1303.0701308220723,0.002377340162387191,0.0,0
2021-08-27,final_macro_weather,0.0,0.0,0.0,431.2811785760975,123.48424707405,554.7654256501474,431.2811785760975,0.00018492180855004915,0.0,0
2021-08-30,final_macro_weather,0.0,0.0,0.0,-68.58952575359284,-1004.7071056069499,-1073.2966313605427,-68.58952575359284,-0.0003577655437868476,0.0,0
2021-08-31,final_macro_weather,0.0,0.0,0.0,95.96454075243302,-1267.58954805535,-1171.6250073029169,95.96454075243302,-0.0003905416691009723,0.0,0
2021-09-01,final_macro_weather,881.0,0.0,881.0,-219.52104352553886,1717.4870980718,2378.966054546261,661.4789564744611,0.0007929886848487537,21904.0,0
2021-09-02,final_macro_weather,-6159.0,0.0,-6159.0,-82.29872457055058,1893.6419921907,-4347.656732379851,-6241.298724570551,-0.0014492189107932836,100677.0,0
2021-09-03,final_macro_weather,0.0,0.0,0.0,806.6369327442806,4426.0404054877,5232.677338231981,806.6369327442806,0.0017442257794106602,0.0,0
2021-09-06,final_macro_weather,0.0,0.0,0.0,-6.857142857142858,-2683.38483522725,-2690.2419780843925,-6.857142857142858,-0.0008967473260281309,0.0,0
2021-09-07,final_macro_weather,0.0,0.0,0.0,0.0,225.18471231385,225.18471231385,0.0,7.506157077128334e-05,0.0,0
2021-09-08,final_macro_weather,0.0,0.0,0.0,0.0,904.8175591463,904.8175591463,0.0,0.0003016058530487667,0.0,0
2021-09-09,final_macro_weather,53.0,0.0,53.0,0.0,1277.84975565785,1330.84975565785,53.0,0.00044361658521928333,111627.0,0
2021-09-10,final_macro_weather,8753.0,0.0,8753.0,0.0,-1053.7821462376,7699.2178537624,8753.0,0.0025664059512541335,88046.0,0
2021-09-13,final_macro_weather,0.0,0.0,0.0,0.0,-72.88936438725,-72.88936438725,0.0,-2.429645479575e-05,0.0,0
2021-09-14,final_macro_weather,0.0,0.0,0.0,0.0,-1820.81737867085,-1820.81737867085,0.0,-0.0006069391262236167,0.0,0
2021-09-15,final_macro_weather,0.0,0.0,0.0,0.0,2377.88023047225,2377.88023047225,0.0,0.0007926267434907499,0.0,0
2021-09-16,final_macro_weather,0.0,0.0,0.0,0.0,2067.458047493,2067.458047493,0.0,0.0006891526824976666,0.0,0
2021-09-17,final_macro_weather,0.0,0.0,0.0,0.0,-773.9001544050501,-773.9001544050501,0.0,-0.0002579667181350167,0.0,0
2021-09-22,final_macro_weather,0.0,0.0,0.0,-1150.231537372792,-273.32970443485004,-1423.561241807642,-1150.231537372792,-0.0004745204139358807,0.0,0
2021-09-23,final_macro_weather,0.0,0.0,0.0,-887.6680371128335,2184.556154242,1296.8881171291664,-887.6680371128335,0.00043229603904305545,0.0,0
2021-09-24,final_macro_weather,0.0,0.0,0.0,369.7428910116398,-12716.0997086445,-12346.35681763286,369.7428910116398,-0.004115452272544287,0.0,0
2021-09-27,final_macro_weather,0.0,0.0,0.0,-1184.9648144148448,88.3279096195,-1096.636904795345,-1184.9648144148448,-0.00036554563493178163,0.0,0
2021-09-28,final_macro_weather,0.0,0.0,0.0,20.56973925012929,3467.7402759052,3488.3100151553294,20.56973925012929,0.0011627700050517765,0.0,0
2021-09-29,final_macro_weather,0.0,0.0,0.0,-529.115963557084,2783.74948595275,2254.633522395666,-529.115963557084,0.0007515445074652221,0.0,0
2021-09-30,final_macro_weather,0.0,0.0,0.0,1594.33832289014,1441.78826134105,3036.12658423119,1594.33832289014,0.00101204219474373,0.0,0
2021-10-08,final_macro_weather,0.0,0.0,0.0,-467.148329981651,10309.94996688605,9842.801636904398,-467.148329981651,0.003280933878968133,0.0,0
2021-10-11,final_macro_weather,0.0,0.0,0.0,683.8532212403247,7702.863241704999,8386.716462945324,683.8532212403247,0.002795572154315108,0.0,0
2021-10-12,final_macro_weather,0.0,0.0,0.0,-20.573100682782666,-117.2590485525,-137.83214923528266,-20.573100682782666,-4.594404974509422e-05,0.0,0
2021-10-13,final_macro_weather,0.0,0.0,0.0,1756.889334133873,208.36810959299999,1965.2574437268731,1756.889334133873,0.0006550858145756244,0.0,0
2021-10-14,final_macro_weather,0.0,0.0,0.0,-233.35493754775078,4541.64161497425,4308.286677426499,-233.35493754775078,0.0014360955591421665,0.0,0
2021-10-15,final_macro_weather,0.0,0.0,0.0,-1670.2730504875187,4346.39915010385,2676.126099616331,-1670.2730504875187,0.0008920420332054436,0.0,0
2021-10-18,final_macro_weather,0.0,0.0,0.0,410.76048675314473,-2272.1495644218503,-1861.3890776687056,410.76048675314473,-0.0006204630258895685,0.0,0
2021-10-19,final_macro_weather,0.0,0.0,0.0,-398.3392051065869,1477.167941166,1078.8287360594131,-398.3392051065869,0.000359609578686471,0.0,0
2021-10-20,final_macro_weather,0.0,0.0,0.0,738.4108076386226,-1460.1648646636,-721.7540570249773,738.4108076386226,-0.00024058468567499244,0.0,0
2021-10-21,final_macro_weather,0.0,0.0,0.0,472.26482793141685,1248.89076620965,1721.155594141067,472.26482793141685,0.0005737185313803557,0.0,0
2021-10-22,final_macro_weather,0.0,0.0,0.0,-357.0704163988917,10828.158022372801,10471.08760597391,-357.0704163988917,0.0034903625353246365,0.0,0
2021-10-25,final_macro_weather,0.0,0.0,0.0,520.0788802673451,-1763.44079765265,-1243.3619173853049,520.0788802673451,-0.0004144539724617683,0.0,0
2021-10-26,final_macro_weather,0.0,0.0,0.0,-6.857142857142858,2976.3310867147998,2969.473943857657,-6.857142857142858,0.0009898246479525523,0.0,0
2021-10-27,final_macro_weather,0.0,0.0,0.0,0.0,-2475.3284120224503,-2475.3284120224503,0.0,-0.0008251094706741501,0.0,0
2021-10-28,final_macro_weather,0.0,0.0,0.0,0.0,519.7512685829499,519.7512685829499,0.0,0.0001732504228609833,0.0,0
2021-10-29,final_macro_weather,0.0,0.0,0.0,0.0,-1125.3827264829,-1125.3827264829,0.0,-0.00037512757549429995,0.0,0
2021-11-01,final_macro_weather,2384.0,0.0,2384.0,1708.4481746677632,0.0,4092.448174667763,4092.448174667763,0.001364149391555921,32975.0,0
2021-11-02,final_macro_weather,-4045.0,0.0,-4045.0,-2272.9043163766396,0.0,-6317.90431637664,-6317.90431637664,-0.00210596810545888,32597.0,0
2021-11-03,final_macro_weather,2804.0,0.0,2804.0,-1044.4294858562582,0.0,1759.5705141437418,1759.5705141437418,0.0005865235047145806,50800.0,0
2021-11-04,final_macro_weather,1008.0,0.0,1008.0,3473.1960059715893,0.0,4481.196005971589,4481.196005971589,0.0014937320019905297,33328.0,0
2021-11-05,final_macro_weather,-4712.0,0.0,-4712.0,2999.5376111348883,0.0,-1712.4623888651117,-1712.4623888651117,-0.0005708207962883706,65400.0,0
2021-11-08,final_macro_weather,2160.0,0.0,2160.0,821.5554962440125,0.0,2981.5554962440124,2981.5554962440124,0.0009938518320813374,60646.0,0
2021-11-09,final_macro_weather,1465.0,0.0,1465.0,54.85136467027679,0.0,1519.8513646702768,1519.8513646702768,0.0005066171215567589,49914.0,0
2021-11-10,final_macro_weather,-5020.0,0.0,-5020.0,4041.6178775856365,0.0,-978.3821224143635,-978.3821224143635,-0.00032612737413812115,60941.0,0
2021-11-11,final_macro_weather,2428.0,0.0,2428.0,-54.862832448504506,0.0,2373.1371675514956,2373.1371675514956,0.0007910457225171652,62415.0,0
2021-11-12,final_macro_weather,7770.0,0.0,7770.0,-989.276728662165,0.0,6780.723271337835,6780.723271337835,0.002260241090445945,61977.0,0
2021-11-15,final_macro_weather,4903.0,0.0,4903.0,1285.9990371691579,0.0,6188.999037169158,6188.999037169158,0.002062999679056386,63665.0,0
2021-11-16,final_macro_weather,-5575.0,0.0,-5575.0,-1182.0635983488269,0.0,-6757.063598348826,-6757.063598348826,-0.002252354532782942,41194.0,0
2021-11-17,final_macro_weather,4159.0,0.0,4159.0,903.5921493359424,0.0,5062.592149335942,5062.592149335942,0.001687530716445314,43278.0,0
2021-11-18,final_macro_weather,-6036.0,0.0,-6036.0,-452.9591053333894,0.0,-6488.95910533339,-6488.95910533339,-0.0021629863684444633,48573.0,0
2021-11-19,final_macro_weather,-3566.0,0.0,-3566.0,-2494.028738782758,0.0,-6060.0287387827575,-6060.0287387827575,-0.0020200095795942525,47211.0,0
2021-11-22,final_macro_weather,-4112.0,0.0,-4112.0,-5026.276869433129,0.0,-9138.276869433128,-9138.276869433128,-0.0030460922898110426,71106.0,0
2021-11-23,final_macro_weather,1037.0,0.0,1037.0,-1499.2291731075336,0.0,-462.2291731075336,-462.2291731075336,-0.00015407639103584453,36766.0,0
2021-11-24,final_macro_weather,-1571.0,0.0,-1571.0,-82.29899045782267,0.0,-1653.2989904578226,-1653.2989904578226,-0.0005510996634859409,58489.0,0
2021-11-25,final_macro_weather,4893.0,0.0,4893.0,1258.6028345547793,0.0,6151.602834554779,6151.602834554779,0.0020505342781849266,65831.0,0
2021-11-26,final_macro_weather,177.0,0.0,177.0,-824.1812003814399,0.0,-647.1812003814399,-647.1812003814399,-0.0002157270667938133,47217.0,0
2021-11-29,final_macro_weather,209.0,0.0,209.0,-714.1402959434379,488.50204965065006,-16.638246292787812,-505.1402959434379,-5.5460820975959375e-06,36849.0,0
2021-11-30,final_macro_weather,1932.0,0.0,1932.0,-1071.966926007565,-300.8425038206,559.190570171835,860.033073992435,0.000186396856723945,48988.0,0
2021-12-01,final_macro_weather,1646.0,0.0,1646.0,-1182.179366393593,624.90940326365,1088.7300368700571,463.820633606407,0.000362910012290019,38128.0,0
2021-12-02,final_macro_weather,-868.0,0.0,-868.0,-686.6472476288325,-2300.3424112470498,-3854.989658875882,-1554.6472476288325,-0.0012849965529586273,39795.0,0
2021-12-03,final_macro_weather,136.0,0.0,136.0,1858.2681002909796,1565.47844877505,3559.7465490660297,1994.2681002909796,0.00118658218302201,42437.0,0
2021-12-06,final_macro_weather,3682.0,0.0,3682.0,-590.400916208994,109.9545592083,3201.553642999306,3091.599083791006,0.0010671845476664353,55490.0,0
2021-12-07,final_macro_weather,600.0,0.0,600.0,328.9289775383444,1661.0313806330498,2589.960358171394,928.9289775383444,0.0008633201193904647,58664.0,0
2021-12-08,final_macro_weather,1523.0,0.0,1523.0,-1113.2994512325865,6013.3359904175495,6423.036539184963,409.70054876741347,0.002141012179728321,42232.0,0
2021-12-09,final_macro_weather,-877.0,0.0,-877.0,-796.6852874436133,4485.32006055355,2811.6347731099368,-1673.6852874436133,0.0009372115910366456,29977.0,0
2021-12-10,final_macro_weather,-2201.0,0.0,-2201.0,1735.7102060858463,485.9092610502,20.61946713604624,-465.28979391415373,6.8731557120154134e-06,32307.0,0
2021-12-13,final_macro_weather,224.0,0.0,224.0,233.03558862370204,528.5420136900999,985.5776023138019,457.03558862370204,0.00032852586743793396,21411.0,0
2021-12-14,final_macro_weather,882.0,0.0,882.0,-2799.4038187060924,2468.809677177,551.4058584709078,-1917.4038187060924,0.00018380195282363592,20979.0,0
2021-12-15,final_macro_weather,-2137.0,0.0,-2137.0,2388.5829692788902,-249.08676458875,2.496204690140246,251.58296927889023,8.320682300467486e-07,18491.0,0
2021-12-16,final_macro_weather,-1693.0,0.0,-1693.0,3243.129198213231,-2545.2439298867002,-995.1147316734691,1550.1291982132311,-0.00033170491055782304,28376.0,0
2021-12-17,final_macro_weather,-1473.0,0.0,-1473.0,-301.89199913656245,1759.72786711915,-15.164132017412385,-1774.8919991365624,-5.054710672470795e-06,22551.0,0
2021-12-20,final_macro_weather,-230.0,0.0,-230.0,-1802.904664904749,0.0,-2032.904664904749,-2032.904664904749,-0.000677634888301583,20103.0,0
2021-12-21,final_macro_weather,981.0,0.0,981.0,-576.6535200961471,0.0,404.3464799038529,404.3464799038529,0.00013478215996795098,25993.0,0
2021-12-22,final_macro_weather,1135.0,0.0,1135.0,2687.4269588137627,0.0,3822.4269588137627,3822.4269588137627,0.0012741423196045876,44904.0,0
2021-12-23,final_macro_weather,412.0,0.0,412.0,424.79070448559804,0.0,836.7907044855981,836.7907044855981,0.0002789302348285327,24186.0,0
2021-12-24,final_macro_weather,-10161.0,0.0,-10161.0,-178.34763779391028,0.0,-10339.34763779391,-10339.34763779391,-0.00344644921259797,51351.0,0
2021-12-27,final_macro_weather,-599.0,0.0,-599.0,739.5047776702512,0.0,140.5047776702512,140.5047776702512,4.683492589008373e-05,46388.0,0
2021-12-28,final_macro_weather,-116.0,0.0,-116.0,-1278.5997568628945,0.0,-1394.5997568628945,-1394.5997568628945,-0.00046486658562096484,26469.0,0
2021-12-29,final_macro_weather,2426.0,0.0,2426.0,-1251.0512121605157,0.0,1174.9487878394843,1174.9487878394843,0.0003916495959464948,38809.0,0
2021-12-30,final_macro_weather,2630.0,0.0,2630.0,2619.6308197518842,0.0,5249.630819751885,5249.630819751885,0.0017498769399172949,37077.0,0
2021-12-31,final_macro_weather,6585.0,0.0,6585.0,-2023.9349100128939,0.0,4561.065089987106,4561.065089987106,0.001520355029995702,36846.0,0
2022-01-04,final_macro_weather,-1846.0,0.0,-1846.0,-13.714285714285715,0.0,-1859.7142857142858,-1859.7142857142858,-0.0006199047619047619,33303.0,0
2022-01-05,final_macro_weather,-1522.0,0.0,-1522.0,0.0,0.0,-1522.0,-1522.0,-0.0005073333333333334,29883.0,0
2022-01-06,final_macro_weather,2233.0,0.0,2233.0,0.0,0.0,2233.0,2233.0,0.0007443333333333333,33528.0,0
2022-01-07,final_macro_weather,1869.0,0.0,1869.0,0.0,0.0,1869.0,1869.0,0.000623,24041.0,0
2022-01-10,final_macro_weather,-494.0,0.0,-494.0,0.0,0.0,-494.0,-494.0,-0.00016466666666666667,25671.0,0
2022-01-11,final_macro_weather,4196.0,0.0,4196.0,0.0,0.0,4196.0,4196.0,0.0013986666666666668,45486.0,0
2022-01-12,final_macro_weather,155.0,0.0,155.0,0.0,0.0,155.0,155.0,5.1666666666666664e-05,46029.0,0
2022-01-13,final_macro_weather,709.0,0.0,709.0,0.0,0.0,709.0,709.0,0.00023633333333333332,60453.0,0
2022-01-14,final_macro_weather,-2704.0,0.0,-2704.0,0.0,0.0,-2704.0,-2704.0,-0.0009013333333333333,65491.0,0
2022-01-17,final_macro_weather,-1934.0,0.0,-1934.0,0.0,0.0,-1934.0,-1934.0,-0.0006446666666666667,69617.0,0
2022-01-18,final_macro_weather,1800.0,0.0,1800.0,0.0,0.0,1800.0,1800.0,0.0006,64163.0,0
2022-01-19,final_macro_weather,761.0,0.0,761.0,0.0,0.0,761.0,761.0,0.0002536666666666667,63325.0,0
2022-01-20,final_macro_weather,1212.0,0.0,1212.0,0.0,0.0,1212.0,1212.0,0.000404,76517.0,0
2022-01-21,final_macro_weather,3204.0,0.0,3204.0,0.0,0.0,3204.0,3204.0,0.001068,64311.0,0
2022-01-24,final_macro_weather,906.0,0.0,906.0,0.0,0.0,906.0,906.0,0.000302,48763.0,0
2022-01-25,final_macro_weather,1786.0,0.0,1786.0,0.0,0.0,1786.0,1786.0,0.0005953333333333333,51134.0,0
2022-01-26,final_macro_weather,6007.0,0.0,6007.0,0.0,0.0,6007.0,6007.0,0.0020023333333333334,47964.0,0
2022-01-27,final_macro_weather,-2740.0,0.0,-2740.0,0.0,0.0,-2740.0,-2740.0,-0.0009133333333333334,47577.0,0
2022-01-28,final_macro_weather,1324.0,0.0,1324.0,1381.3016987994276,0.0,2705.301698799428,2705.301698799428,0.0009017672329331427,60801.0,0
2022-02-07,final_macro_weather,-274.0,0.0,-274.0,1817.5120611893576,-5417.1413153524,-3873.6292541630423,1543.5120611893576,-0.0012912097513876808,69584.0,0
2022-02-08,final_macro_weather,-1196.0,0.0,-1196.0,1217.6822039759043,835.24137035925,856.9235743351543,21.682203975904258,0.00028564119144505143,37407.0,0
2022-02-09,final_macro_weather,1260.0,0.0,1260.0,561.6744151551918,88.2456796269,1909.9200947820918,1821.6744151551918,0.0006366400315940306,31831.0,0
2022-02-10,final_macro_weather,-2377.0,0.0,-2377.0,-1485.3976640821181,-3095.1886513773998,-6957.586315459518,-3862.3976640821184,-0.0023191954384865062,41825.0,0
2022-02-11,final_macro_weather,-1484.0,0.0,-1484.0,-13.714285714285715,-472.75284131499996,-1970.4671270292856,-1497.7142857142858,-0.0006568223756764285,18393.0,0
2022-02-14,final_macro_weather,132.0,0.0,132.0,0.0,-812.3852777876,-680.3852777876,132.0,-0.00022679509259586667,54410.0,0
2022-02-15,final_macro_weather,1260.0,0.0,1260.0,0.0,3281.7083433347,4541.7083433347,1260.0,0.0015139027811115666,54427.0,0
2022-02-16,final_macro_weather,-1569.0,0.0,-1569.0,0.0,2519.0882584347,950.0882584347,-1569.0,0.0003166960861449,38996.0,0
2022-02-17,final_macro_weather,-1291.0,0.0,-1291.0,0.0,-1640.96733069445,-2931.96733069445,-1291.0,-0.0009773224435648167,47934.0,0
2022-02-18,final_macro_weather,4472.0,0.0,4472.0,0.0,-1358.47086383245,3113.52913616755,4472.0,0.0010378430453891834,45205.0,0
2022-02-21,final_macro_weather,2809.0,0.0,2809.0,0.0,918.6393051841501,3727.63930518415,2809.0,0.0012425464350613834,72088.0,0
2022-02-22,final_macro_weather,-5517.0,0.0,-5517.0,0.0,-219.33678201860002,-5736.3367820186,-5517.0,-0.0019121122606728669,93998.0,0
2022-02-23,final_macro_weather,4021.0,0.0,4021.0,0.0,-131.4175694905,3889.5824305095,4021.0,0.0012965274768365,53076.0,0
2022-02-24,final_macro_weather,-6711.0,0.0,-6711.0,0.0,3327.61442567845,-3383.38557432155,-6711.0,-0.0011277951914405167,80194.0,0
2022-02-25,final_macro_weather,1419.0,0.0,1419.0,-1664.4946565400758,631.0868074974,385.5921509573242,-245.49465654007577,0.00012853071698577472,55159.0,0
2022-02-28,final_macro_weather,5003.0,0.0,5003.0,82.27302566353339,0.0,5085.273025663533,5085.273025663533,0.001695091008554511,63481.0,0
2022-03-01,final_macro_weather,-3042.0,0.0,-3042.0,3663.9262860221415,0.0,621.9262860221415,621.9262860221415,0.00020730876200738052,53249.0,0
2022-03-02,final_macro_weather,4175.0,0.0,4175.0,-947.9411516030553,0.0,3227.0588483969445,3227.0588483969445,0.0010756862827989815,37905.0,0
2022-03-03,final_macro_weather,-4492.0,0.0,-4492.0,971.9636501893614,0.0,-3520.0363498106385,-3520.0363498106385,-0.0011733454499368795,74176.0,0
2022-03-04,final_macro_weather,-94.0,0.0,-94.0,6008.357118779985,0.0,5914.357118779985,5914.357118779985,0.0019714523729266616,39909.0,0
2022-03-07,final_macro_weather,22759.0,0.0,22759.0,5875.572104398681,0.0,28634.57210439868,28634.57210439868,0.009544857368132894,51119.0,0
2022-03-08,final_macro_weather,0.0,0.0,0.0,1676.8862147934162,0.0,1676.8862147934162,1676.8862147934162,0.0005589620715978055,0.0,0
2022-03-09,final_macro_weather,0.0,0.0,0.0,-4520.877883167,0.0,-4520.877883167,-4520.877883167,-0.001506959294389,0.0,0
2022-03-10,final_macro_weather,0.0,0.0,0.0,260.3271508448974,0.0,260.3271508448974,260.3271508448974,8.677571694829913e-05,0.0,0
2022-03-11,final_macro_weather,0.0,0.0,0.0,-777.0239444834334,0.0,-777.0239444834334,-777.0239444834334,-0.0002590079814944778,0.0,0
2022-03-14,final_macro_weather,0.0,0.0,0.0,-3022.5058009376553,0.0,-3022.5058009376553,-3022.5058009376553,-0.001007501933645885,0.0,0
2022-03-15,final_macro_weather,0.0,0.0,0.0,-866.7705056379305,0.0,-866.7705056379305,-866.7705056379305,-0.00028892350187931015,0.0,0
2022-03-16,final_macro_weather,0.0,0.0,0.0,1432.3423169644618,0.0,1432.3423169644618,1432.3423169644618,0.0004774474389881539,0.0,0
2022-03-17,final_macro_weather,0.0,0.0,0.0,191.864472851009,-3484.6129674934,-3292.748494642391,191.864472851009,-0.0010975828315474636,0.0,0
2022-03-18,final_macro_weather,0.0,0.0,0.0,-453.3257528483404,-6071.8517046691495,-6525.1774575174895,-453.3257528483404,-0.00217505915250583,0.0,0
2022-03-21,final_macro_weather,0.0,0.0,0.0,806.738529798044,4184.598030793551,4991.336560591595,806.738529798044,0.0016637788535305317,0.0,0
2022-03-22,final_macro_weather,0.0,0.0,0.0,-811.551956835322,2202.5517128113,1390.9997559759781,-811.551956835322,0.000463666585325326,0.0,0
2022-03-23,final_macro_weather,0.0,0.0,0.0,1439.1933745970114,3088.5919008262,4527.785275423212,1439.1933745970114,0.001509261758474404,0.0,0
2022-03-24,final_macro_weather,0.0,0.0,0.0,949.8439823509226,3249.45092612195,4199.2949084728725,949.8439823509226,0.0013997649694909575,0.0,0
2022-03-25,final_macro_weather,0.0,0.0,0.0,-1350.586842693064,1847.5381091865,496.9512664934359,-1350.586842693064,0.00016565042216447863,0.0,0
2022-03-28,final_macro_weather,0.0,0.0,0.0,-763.2702430446128,2024.1031254597,1260.8328824150872,-763.2702430446128,0.00042027762747169574,0.0,0
2022-03-29,final_macro_weather,0.0,0.0,0.0,-308.9222552079328,-1285.4409290918,-1594.3631842997327,-308.9222552079328,-0.0005314543947665776,0.0,0
2022-03-30,final_macro_weather,0.0,0.0,0.0,-150.94112062500892,-710.04621340895,-860.987334033959,-150.94112062500892,-0.00028699577801131966,0.0,0
2022-03-31,final_macro_weather,0.0,0.0,0.0,656.6912370435618,6016.2441833363,6672.935420379862,656.6912370435618,0.002224311806793287,0.0,0
2022-04-01,final_macro_weather,0.0,0.0,0.0,-590.9955189371767,6051.5507217528,5460.5552028156235,-590.9955189371767,0.0018201850676052079,0.0,0
2022-04-06,final_macro_weather,0.0,0.0,0.0,191.86411659115507,3326.76181966795,3518.625936259105,191.86411659115507,0.0011728753120863683,0.0,0
2022-04-07,final_macro_weather,0.0,0.0,0.0,417.64241379017227,5768.882345399999,6186.524759190172,417.64241379017227,0.0020621749197300573,0.0,0
2022-04-08,final_macro_weather,-335.0,0.0,-335.0,2403.0775873671387,6847.11537501495,8915.192962382089,2068.0775873671387,0.0029717309874606962,17998.0,0
2022-04-11,final_macro_weather,982.0,0.0,982.0,1422.5953257984204,642.3553298771,3046.95065567552,2404.59532579842,0.0010156502185585067,61423.0,0
2022-04-12,final_macro_weather,234.0,0.0,234.0,1354.3868796888105,-786.7811006638,801.6057790250105,1588.3868796888105,0.00026720192634167015,58377.0,0
2022-04-13,final_macro_weather,-2558.0,0.0,-2558.0,370.03884492742696,-320.96176907759997,-2508.922924150173,-2187.961155072573,-0.000836307641383391,44574.0,0
2022-04-14,final_macro_weather,69.0,0.0,69.0,1067.6601797888793,-564.4241566567,572.2360231321793,1136.6601797888793,0.00019074534104405978,57534.0,0
2022-04-15,final_macro_weather,-843.0,0.0,-843.0,1504.5060550869432,-87.21944766005,574.2866074268932,661.5060550869432,0.00019142886914229773,64458.0,0
2022-04-18,final_macro_weather,-1820.0,0.0,-1820.0,-2078.541961273145,-377.24927067065,-4275.791231943795,-3898.541961273145,-0.0014252637439812648,64865.0,0
2022-04-19,final_macro_weather,4523.0,0.0,4523.0,-3463.7492346473578,989.0672966574,2048.318062010042,1059.2507653526422,0.0006827726873366806,56680.0,0
2022-04-20,final_macro_weather,-1628.0,0.0,-1628.0,3366.7270123783096,0.0,1738.7270123783096,1738.7270123783096,0.0005795756707927699,34975.0,0
2022-04-21,final_macro_weather,2512.0,0.0,2512.0,1176.9362061770353,0.0,3688.9362061770353,3688.9362061770353,0.0012296454020590119,52343.0,0
2022-04-22,final_macro_weather,5517.0,0.0,5517.0,-1622.989501276248,0.0,3894.010498723752,3894.010498723752,0.001298003499574584,55836.0,0
2022-04-25,final_macro_weather,556.0,0.0,556.0,-2161.5292562718205,0.0,-1605.5292562718205,-1605.5292562718205,-0.0005351764187572735,99485.0,0
2022-04-26,final_macro_weather,422.0,0.0,422.0,-54.86260146042032,0.0,367.1373985395797,367.1373985395797,0.00012237913284652657,51188.0,0
2022-04-27,final_macro_weather,5784.0,0.0,5784.0,-54.86260254691305,0.0,5729.137397453087,5729.137397453087,0.0019097124658176957,60791.0,0
2022-04-28,final_macro_weather,-4823.0,0.0,-4823.0,3231.2672572356687,0.0,-1591.7327427643313,-1591.7327427643313,-0.0005305775809214437,64790.0,0
2022-04-29,final_macro_weather,-7397.0,0.0,-7397.0,-892.8566038170254,-5117.22923760115,-13407.085841418175,-8289.856603817025,-0.004469028613806058,50167.0,0
2022-05-05,final_macro_weather,-321.0,0.0,-321.0,-686.5599420294235,1598.7428167045,591.1828746750765,-1007.5599420294235,0.0001970609582250255,47379.0,0
2022-05-06,final_macro_weather,12112.0,0.0,12112.0,1163.2751503058607,604.8398897779,13880.115040083761,13275.27515030586,0.004626705013361254,101747.0,0
2022-05-09,final_macro_weather,0.0,0.0,0.0,-1046.1997054380008,912.7829606749999,-133.4167447630009,-1046.1997054380008,-4.447224825433364e-05,0.0,0
2022-05-10,final_macro_weather,0.0,0.0,0.0,-811.5168552774903,765.7773592591001,-45.73949601839024,-811.5168552774903,-1.5246498672796747e-05,0.0,0
2022-05-11,final_macro_weather,0.0,0.0,0.0,1459.660381366179,-969.194816681,490.46556468517906,1459.660381366179,0.00016348852156172636,0.0,0
2022-05-12,final_macro_weather,0.0,0.0,0.0,-1530.6773935507556,-50.8026830809,-1581.4800766316555,-1530.6773935507556,-0.0005271600255438852,0.0,0
2022-05-13,final_macro_weather,0.0,0.0,0.0,-1343.6837020608916,-3209.1614148004996,-4552.845116861391,-1343.6837020608916,-0.001517615038953797,0.0,0
2022-05-16,final_macro_weather,0.0,0.0,0.0,834.0132718364197,595.4755207334999,1429.4887925699195,834.0132718364197,0.00047649626418997315,0.0,0
2022-05-17,final_macro_weather,0.0,0.0,0.0,-1641.7935596145671,398.56550307835,-1243.228056536217,-1641.7935596145671,-0.00041440935217873905,0.0,0
2022-05-18,final_macro_weather,0.0,0.0,0.0,561.1217173024361,-1537.4127547689002,-976.2910374664641,561.1217173024361,-0.0003254303458221547,0.0,0
2022-05-19,final_macro_weather,0.0,0.0,0.0,738.5623392674595,-197.0055569332,541.5567823342594,738.5623392674595,0.00018051892744475314,0.0,0
2022-05-20,final_macro_weather,0.0,0.0,0.0,0.0,3442.6442529964997,3442.6442529964997,0.0,0.0011475480843321667,0.0,0
2022-05-23,final_macro_weather,0.0,0.0,0.0,287.69713047789946,3852.78084415875,4140.477974636649,287.69713047789946,0.001380159324878883,0.0,0
2022-05-24,final_macro_weather,0.0,0.0,0.0,232.9447418151415,837.5240712274,1070.4688130425416,232.9447418151415,0.0003568229376808472,0.0,0
2022-05-25,final_macro_weather,0.0,0.0,0.0,492.8284782382667,913.8240131041,1406.6524913423668,492.8284782382667,0.00046888416378078893,0.0,0
2022-05-26,final_macro_weather,0.0,0.0,0.0,690.8362466123102,1356.9204238644,2047.75667047671,690.8362466123102,0.00068258555682557,0.0,0
2022-05-27,final_macro_weather,0.0,0.0,0.0,-1129.1636664695247,2240.176449923,1111.012783453475,-1129.1636664695247,0.0003703375944844917,0.0,0
2022-05-30,final_macro_weather,0.0,0.0,0.0,-315.79139905210224,-5056.773282684099,-5372.564681736201,-315.79139905210224,-0.0017908548939120671,0.0,0
2022-05-31,final_macro_weather,0.0,0.0,0.0,-949.5687939708494,4391.90749011345,3442.3386961426004,-949.5687939708494,0.0011474462320475334,0.0,0
2022-06-01,final_macro_weather,0.0,0.0,0.0,949.8198215097245,819.00850441885,1768.8283259285745,949.8198215097245,0.0005896094419761915,0.0,0
2022-06-02,final_macro_weather,0.0,0.0,0.0,-350.1613563275666,-473.91617989080004,-824.0775362183666,-350.1613563275666,-0.0002746925120727889,0.0,0
2022-06-06,final_macro_weather,0.0,0.0,0.0,-6.857142857142858,2293.29898409085,2286.4418412337072,-6.857142857142858,0.0007621472804112357,0.0,0
2022-06-07,final_macro_weather,0.0,0.0,0.0,0.0,772.72036718065,772.72036718065,0.0,0.00025757345572688335,0.0,0
2022-06-08,final_macro_weather,0.0,0.0,0.0,0.0,-154.92668787624999,-154.92668787624999,0.0,-5.164222929208333e-05,0.0,0
2022-06-09,final_macro_weather,0.0,0.0,0.0,0.0,569.0057414833001,569.0057414833001,0.0,0.00018966858049443335,0.0,0
2022-06-10,final_macro_weather,0.0,0.0,0.0,0.0,675.8178242139,675.8178242139,0.0,0.0002252726080713,0.0,0
2022-06-13,final_macro_weather,0.0,0.0,0.0,-2588.4281408195266,1468.1376822853001,-1120.2904585342264,-2588.4281408195266,-0.00037343015284474213,0.0,0
2022-06-14,final_macro_weather,0.0,0.0,0.0,-804.656946808499,4128.61890890905,3323.9619621005513,-804.656946808499,0.0011079873207001838,0.0,0
2022-06-15,final_macro_weather,-2785.0,0.0,-2785.0,862.6251760294762,1867.3457987376,-55.029025232923686,-1922.3748239705237,-1.834300841097456e-05,90046.0,0
2022-06-16,final_macro_weather,-1597.0,0.0,-1597.0,1845.1507923479357,38.666690109886744,286.8174824578225,248.15079234793575,9.560582748594083e-05,31867.0,0
2022-06-17,final_macro_weather,2650.0,0.0,2650.0,-1044.2758768819974,-253.09843156645,1352.6256915515526,1605.7241231180026,0.00045087523051718417,74062.0,0
2022-06-20,final_macro_weather,959.0,0.0,959.0,-480.42311703466675,3781.53647627675,4260.113359242083,478.57688296533325,0.0014200377864140277,78657.0,0
2022-06-21,final_macro_weather,-3555.0,0.0,-3555.0,-54.86267327564891,3240.7505854005,-369.112087875149,-3609.862673275649,-0.00012303736262504967,59157.0,0
2022-06-22,final_macro_weather,6362.0,0.0,6362.0,328.9439091447572,1753.4929069543,8444.436816099058,6690.9439091447575,0.0028148122720330192,74639.0,0
2022-06-23,final_macro_weather,3186.0,0.0,3186.0,-2092.589172571453,-4618.2228421375,-3524.8120147089535,1093.4108274285468,-0.0011749373382363179,61667.0,0
2022-06-24,final_macro_weather,8210.0,0.0,8210.0,1817.8732020070602,-5366.0736171731505,4661.79958483391,10027.87320200706,0.0015539331949446366,79377.0,0
2022-06-27,final_macro_weather,0.0,0.0,0.0,-818.4567584193175,-522.44941416835,-1340.9061725876675,-818.4567584193175,-0.00044696872419588914,0.0,0
2022-06-28,final_macro_weather,989.0,0.0,989.0,-452.9504666778453,-559.8770298102501,-23.827496488095335,536.0495333221547,-7.942498829365112e-06,65537.0,0
2022-06-29,final_macro_weather,-1355.0,0.0,-1355.0,-301.88296683987676,-2894.7424197609002,-4551.625386600777,-1656.8829668398766,-0.0015172084622002591,97927.0,0
2022-06-30,final_macro_weather,7552.0,0.0,7552.0,-2549.150576946132,12367.199731942801,17370.04915499667,5002.849423053868,0.00579001638499889,76248.0,0
2022-07-01,final_macro_weather,13749.0,0.0,13749.0,1340.6376508285232,-884.67771054895,14204.959940279572,15089.637650828523,0.0047349866467598575,80293.0,0
2022-07-04,final_macro_weather,0.0,0.0,0.0,-116.62196274262277,6193.586800018949,6076.964837276327,-116.62196274262277,0.0020256549457587755,0.0,0
2022-07-05,final_macro_weather,0.0,0.0,0.0,-2687.2556796944345,141.23940565,-2546.0162740444343,-2687.2556796944345,-0.0008486720913481447,0.0,0
2022-07-06,final_macro_weather,0.0,0.0,0.0,-1892.3825423987112,194.27934165000002,-1698.103200748711,-1892.3825423987112,-0.0005660344002495703,0.0,0
2022-07-07,final_macro_weather,0.0,0.0,0.0,-116.62377548021166,-1151.0448500776001,-1267.6686255578118,-116.62377548021166,-0.0004225562085192706,0.0,0
2022-07-08,final_macro_weather,0.0,0.0,0.0,27.425672870562135,-11140.0044203446,-11112.578747474037,27.425672870562135,-0.003704192915824679,0.0,0
2022-07-11,final_macro_weather,0.0,0.0,0.0,-116.62381145621035,279.9751388666,163.35132741038964,-116.62381145621035,5.445044247012988e-05,0.0,0
2022-07-12,final_macro_weather,0.0,0.0,0.0,-894.506825928775,1697.34423625475,802.837410325975,-894.506825928775,0.00026761247010865835,0.0,0
2022-07-13,final_macro_weather,0.0,0.0,0.0,171.31456944133262,651.2286291563,822.5431985976327,171.31456944133262,0.0002741810661992109,0.0,0
2022-07-14,final_macro_weather,0.0,0.0,0.0,-935.9600100342092,9498.165432705498,8562.20542267129,-935.9600100342092,0.002854068474223763,0.0,0
2022-07-15,final_macro_weather,0.0,0.0,0.0,547.3994122942735,-3330.8891674697497,-2783.489755175476,547.3994122942735,-0.0009278299183918254,0.0,0
2022-07-18,final_macro_weather,0.0,0.0,0.0,-391.45248433073675,-448.2565418617,-839.7090261924368,-391.45248433073675,-0.00027990300873081226,0.0,0
2022-07-19,final_macro_weather,0.0,0.0,0.0,-109.76126920875416,1653.36964122925,1543.6083720204958,-109.76126920875416,0.0005145361240068319,0.0,0
2022-07-20,final_macro_weather,0.0,0.0,0.0,-1101.8695637294459,-3833.0311836199503,-4934.900747349397,-1101.8695637294459,-0.0016449669157831321,0.0,0
2022-07-21,final_macro_weather,0.0,0.0,0.0,1925.890901979506,1155.924757156,3081.815659135506,1925.890901979506,0.001027271886378502,0.0,0
2022-07-22,final_macro_weather,0.0,0.0,0.0,410.7733952461046,3414.94748167815,3825.7208769242543,410.7733952461046,0.0012752402923080848,0.0,0
2022-07-25,final_macro_weather,0.0,0.0,0.0,95.96438477056762,683.7803711956,779.7447559661675,95.96438477056762,0.00025991491865538915,0.0,0
2022-07-26,final_macro_weather,-2919.0,0.0,-2919.0,-562.897359412231,-1259.4564985927,-4741.353858004931,-3481.897359412231,-0.0015804512860016437,82807.0,0
2022-07-27,final_macro_weather,-4913.0,0.0,-4913.0,2782.6695422734747,1206.7250065641,-923.6054511624252,-2130.3304577265253,-0.0003078684837208084,58001.0,0
2022-07-28,final_macro_weather,0.0,0.0,0.0,1831.6599916926239,-105.39629629470001,1726.2636953979238,1831.6599916926239,0.0005754212317993079,0.0,0
2022-07-29,final_macro_weather,0.0,0.0,0.0,-102.89712360850066,-630.5183608347501,-733.4154844432508,-102.89712360850066,-0.00024447182814775026,0.0,0
2022-08-01,final_macro_weather,1185.0,0.0,1185.0,2294.024904283749,1158.3907669417001,4637.415671225449,3479.024904283749,0.0015458052237418162,35939.0,0
2022-08-02,final_macro_weather,-9.0,0.0,-9.0,-1278.4862897350536,-738.39877166075,-2025.8850613958034,-1287.4862897350536,-0.0006752950204652678,44251.0,0
2022-08-03,final_macro_weather,-2026.0,0.0,-2026.0,411.1102103559438,-3064.7701836992,-4679.659973343256,-1614.8897896440562,-0.0015598866577810854,44587.0,0
2022-08-04,final_macro_weather,4970.0,0.0,4970.0,2185.284252137609,377.6954065672,7532.9796587048095,7155.28425213761,0.00251099321956827,63025.0,0
2022-08-05,final_macro_weather,-4040.0,0.0,-4040.0,-1650.7845329671868,3934.88829464905,-1755.8962383181374,-5690.784532967187,-0.0005852987461060458,61777.0,0
2022-08-08,final_macro_weather,-276.0,0.0,-276.0,1204.133090202009,-1053.0239571108,-124.89086690879094,928.133090202009,-4.163028896959698e-05,60623.0,0
2022-08-09,final_macro_weather,-1245.0,0.0,-1245.0,493.259645164951,-124.0248459839,-875.765200818949,-751.740354835049,-0.0002919217336063163,49076.0,0
2022-08-10,final_macro_weather,1882.0,0.0,1882.0,-1113.163718471911,396.98030020015,1165.816581728239,768.8362815280891,0.00038860552724274635,77504.0,0
2022-08-11,final_macro_weather,-1168.0,0.0,-1168.0,1135.86734033246,273.52134568009996,241.38868601255984,-32.13265966754011,8.046289533751995e-05,50164.0,0
2022-08-12,final_macro_weather,-812.0,0.0,-812.0,534.3246612834565,-2010.08220345725,-2287.7575421737934,-277.6753387165435,-0.0007625858473912644,43874.0,0
2022-08-15,final_macro_weather,-163.0,0.0,-163.0,-13.714285714285715,969.38570079225,792.6714150779642,-176.71428571428572,0.00026422380502598804,55099.0,0
2022-08-16,final_macro_weather,1404.0,0.0,1404.0,0.0,-78.7807988321,1325.2192011678999,1404.0,0.0004417397337226333,46386.0,0
2022-08-17,final_macro_weather,2520.0,0.0,2520.0,0.0,405.70386082995003,2925.70386082995,2520.0,0.00097523462027665,46195.0,0
2022-08-18,final_macro_weather,-2320.0,0.0,-2320.0,0.0,-3660.118426598,-5980.118426598,-2320.0,-0.001993372808866,45875.0,0
2022-08-19,final_macro_weather,-2233.0,0.0,-2233.0,-906.6412769115339,1418.02747195145,-1721.613804960084,-3139.641276911534,-0.000573871268320028,54655.0,0
2022-08-22,final_macro_weather,-2004.0,0.0,-2004.0,725.8616192641687,22.610111303401215,-1255.52826943243,-1278.1383807358313,-0.0004185094231441434,47034.0,0
2022-08-23,final_macro_weather,336.0,0.0,336.0,1517.9396746618731,-519.58514443065,1334.3545302312232,1853.9396746618731,0.00044478484341040775,52647.0,0
2022-08-24,final_macro_weather,-1157.0,0.0,-1157.0,876.2753844049389,-2172.00163741995,-2452.726253015011,-280.7246155950611,-0.0008175754176716703,37751.0,0
2022-08-25,final_macro_weather,-1704.0,0.0,-1704.0,315.2430852851122,107.2734854346,-1281.483429280288,-1388.756914714888,-0.0004271611430934293,36979.0,0
2022-08-26,final_macro_weather,-813.0,0.0,-813.0,-2300.116738615728,-1116.0644201294501,-4229.181158745178,-3113.116738615728,-0.0014097270529150594,80515.0,0
2022-08-29,final_macro_weather,999.0,0.0,999.0,930.9405826443326,-606.1574573565499,1323.7831252877827,1929.9405826443326,0.0004412610417625942,80666.0,0
2022-08-30,final_macro_weather,-1416.0,0.0,-1416.0,-1637.0090721555075,1341.9814541910498,-1711.0276179644577,-3053.0090721555075,-0.0005703425393214858,80624.0,0
2022-08-31,final_macro_weather,-8.0,0.0,-8.0,-2217.238929800373,-585.5408266418999,-2810.779756442273,-2225.238929800373,-0.0009369265854807577,63426.0,0
2022-09-01,final_macro_weather,9515.0,0.0,9515.0,-521.658231536684,-6389.77710688735,2603.564661575967,8993.341768463317,0.000867854887191989,81070.0,0
2022-09-02,final_macro_weather,-3712.0,0.0,-3712.0,2579.3256078245145,3203.8386849404997,2071.164292765014,-1132.6743921754855,0.000690388097588338,95775.0,0
2022-09-05,final_macro_weather,-2750.0,0.0,-2750.0,1381.5476360967957,780.53875470785,-587.9136091953543,-1368.4523639032043,-0.0001959712030651181,98100.0,0
2022-09-06,final_macro_weather,-566.0,0.0,-566.0,-1802.6363539931785,-2471.99241097295,-4840.628764966128,-2368.6363539931785,-0.001613542921655376,52006.0,0
2022-09-07,final_macro_weather,-1460.0,0.0,-1460.0,2090.0374532035144,203.58310689040002,833.6205600939144,630.0374532035144,0.0002778735200313048,41513.0,0
2022-09-08,final_macro_weather,-580.0,0.0,-580.0,-27.42997725299536,874.1138555260001,266.68387827300467,-607.4299772529954,8.889462609100156e-05,49953.0,0
2022-09-09,final_macro_weather,-2955.0,0.0,-2955.0,82.27306402721914,-1280.71178841745,-4153.438724390231,-2872.7269359727807,-0.0013844795747967437,36052.0,0
2022-09-13,final_macro_weather,-223.0,0.0,-223.0,-1802.6282376947493,276.0339613135,-1749.5942763812493,-2025.6282376947493,-0.0005831980921270831,35670.0,0
2022-09-14,final_macro_weather,-3645.0,0.0,-3645.0,-1292.278596127027,1454.29606475385,-3482.982531373177,-4937.278596127027,-0.0011609941771243925,45516.0,0
2022-09-15,final_macro_weather,1655.0,0.0,1655.0,-947.9820967459036,2566.74874941875,3273.7666526728462,707.0179032540964,0.0010912555508909487,49090.0,0
2022-09-16,final_macro_weather,1921.0,0.0,1921.0,616.4215960529742,378.39591946409996,2915.817515517074,2537.421596052974,0.0009719391718390246,36343.0,0
2022-09-19,final_macro_weather,-1305.0,0.0,-1305.0,794.2337180966073,-730.9053525265499,-1241.6716344299425,-510.7662819033927,-0.00041389054480998086,23721.0,0
2022-09-20,final_macro_weather,7146.0,0.0,7146.0,657.469530861535,2525.6213209704497,10329.090851831985,7803.469530861535,0.0034430302839439948,47942.0,0
2022-09-21,final_macro_weather,-1965.0,0.0,-1965.0,-549.1385350606319,-22.16901664053898,-2536.3075517011707,-2514.138535060632,-0.000845435850567057,53373.0,0
2022-09-22,final_macro_weather,1887.0,0.0,1887.0,1108.5365281183506,-333.007922732,2662.52860538635,2995.5365281183504,0.0008875095351287834,27455.0,0
2022-09-23,final_macro_weather,-870.0,0.0,-870.0,-2217.2063891193384,-1881.4187823872,-4968.625171506538,-3087.2063891193384,-0.0016562083905021794,18913.0,0
2022-09-26,final_macro_weather,1395.0,0.0,1395.0,342.6347355493056,0.0,1737.6347355493056,1737.6347355493056,0.0005792115785164352,39158.0,0
2022-09-27,final_macro_weather,-1517.0,0.0,-1517.0,630.1056813962019,1181.85593667365,294.96161806985185,-886.8943186037981,9.832053935661728e-05,75072.0,0
2022-09-28,final_macro_weather,11.0,0.0,11.0,2334.827465775666,-1848.6956770301501,497.1317887455159,2345.827465775666,0.0001657105962485053,68061.0,0
2022-09-29,final_macro_weather,1801.0,0.0,1801.0,766.8990557627438,-1262.4557828434,1305.443272919344,2567.899055762744,0.00043514775763978136,66465.0,0
2022-09-30,final_macro_weather,-5067.0,0.0,-5067.0,1695.2012822710078,2598.1872709531,-773.6114467758925,-3371.7987177289924,-0.00025787048225863087,42878.0,0
2022-10-10,final_macro_weather,2379.0,0.0,2379.0,-411.7425591859103,-2278.4670318704502,-311.2095910563605,1967.2574408140897,-0.00010373653035212017,28892.0,0
2022-10-11,final_macro_weather,20.0,0.0,20.0,178.22675036869234,-911.5241042397,-713.2973538710077,198.22675036869234,-0.00023776578462366923,28486.0,0
2022-10-12,final_macro_weather,2057.0,0.0,2057.0,27.4271762351618,2534.15170010865,4618.578876343812,2084.427176235162,0.001539526292114604,50323.0,0
2022-10-13,final_macro_weather,-1646.0,0.0,-1646.0,-480.427771251838,1688.61437458785,-437.81339666398776,-2126.427771251838,-0.0001459377988879959,56595.0,0
2022-10-14,final_macro_weather,757.0,0.0,757.0,-1512.815137089124,88.2456796269,-667.5694574622239,-755.8151370891239,-0.00022252315248740798,33003.0,0
2022-10-17,final_macro_weather,-1432.0,0.0,-1432.0,397.4190691972363,-552.56035517885,-1587.1412859816137,-1034.5809308027638,-0.0005290470953272046,26197.0,0
2022-10-18,final_macro_weather,-1384.0,0.0,-1384.0,-452.9539421333809,88.57396296205,-1748.379979171331,-1836.953942133381,-0.0005827933263904436,65523.0,0
2022-10-19,final_macro_weather,-1340.0,0.0,-1340.0,-1416.3131369699652,397.8079736587,-2358.505163311265,-2756.313136969965,-0.0007861683877704216,102346.0,0
2022-10-20,final_macro_weather,-163.0,0.0,-163.0,-370.543520251748,-597.1877235060999,-1130.731243757848,-533.5435202517481,-0.00037691041458594933,37768.0,0
2022-10-21,final_macro_weather,-1275.0,0.0,-1275.0,3555.5410715648013,-1404.63441821725,875.9066533475514,2280.5410715648013,0.0002919688844491838,40442.0,0
2022-10-24,final_macro_weather,-27.0,0.0,-27.0,780.5822294374185,0.0,753.5822294374185,753.5822294374185,0.0002511940764791395,50428.0,0
2022-10-25,final_macro_weather,939.0,0.0,939.0,-54.862713147041376,0.0,884.1372868529586,884.1372868529586,0.0002947124289509862,48232.0,0
2022-10-26,final_macro_weather,576.0,0.0,576.0,-535.3874045157218,0.0,40.612595484278245,40.612595484278245,1.3537531828092749e-05,47964.0,0
2022-10-27,final_macro_weather,2817.0,0.0,2817.0,-27.429966953222127,0.0,2789.570033046778,2789.570033046778,0.0009298566776822593,25572.0,0
2022-10-28,final_macro_weather,5043.0,0.0,5043.0,-741.590667891696,273.2739292091,4574.683261317404,4301.409332108304,0.0015248944204391346,72645.0,0
2022-10-31,final_macro_weather,-4942.0,0.0,-4942.0,-288.1543960070111,386.11823197155,-4844.036164035461,-5230.154396007011,-0.0016146787213451538,70763.0,0
2022-11-01,final_macro_weather,-1192.0,0.0,-1192.0,589.0674930738234,1196.1813770188,593.2488700926234,-602.9325069261766,0.0001977496233642078,34079.0,0
2022-11-02,final_macro_weather,-626.0,0.0,-626.0,-782.8521818085196,-179.82380371550002,-1588.6759855240196,-1408.8521818085196,-0.0005295586618413398,33022.0,0
2022-11-03,final_macro_weather,-2778.0,0.0,-2778.0,-109.73672829303266,471.48686343910003,-2416.2498648539326,-2887.7367282930327,-0.0008054166216179776,63385.0,0
2022-11-04,final_macro_weather,-1517.0,0.0,-1517.0,2226.161941352392,-112.0975772372,597.0643641151922,709.1619413523922,0.00019902145470506407,35747.0,0
2022-11-07,final_macro_weather,1418.0,0.0,1418.0,493.264067426328,-1307.73198524165,603.5320821846781,1911.264067426328,0.00020117736072822602,34141.0,0
2022-11-08,final_macro_weather,1849.0,0.0,1849.0,5860.708932107708,1710.8136673802999,9420.522599488007,7709.708932107708,0.0031401741998293357,29132.0,0
2022-11-09,final_macro_weather,-315.0,0.0,-315.0,123.40105998282608,835.85962187475,644.2606818575762,-191.5989400171739,0.00021475356061919206,33417.0,0
2022-11-10,final_macro_weather,708.0,0.0,708.0,2199.243819739611,1324.3513462877502,4231.595166027361,2907.243819739611,0.0014105317220091205,101127.0,0
2022-11-11,final_macro_weather,-6131.0,0.0,-6131.0,-13.714285714285715,-130.28601311335,-6275.000298827636,-6144.714285714285,-0.0020916667662758785,56209.0,0
2022-11-14,final_macro_weather,151.0,0.0,151.0,0.0,47.74293384361553,198.74293384361553,151.0,6.624764461453851e-05,54493.0,0
2022-11-15,final_macro_weather,10898.0,0.0,10898.0,0.0,154.63583880250002,11052.6358388025,10898.0,0.0036842119462675,82225.0,0
2022-11-16,final_macro_weather,-15366.0,0.0,-15366.0,0.0,1857.06363826065,-13508.93636173935,-15366.0,-0.00450297878724645,92260.0,0
2022-11-17,final_macro_weather,0.0,0.0,0.0,0.0,-1556.0796519091,-1556.0796519091,0.0,-0.0005186932173030333,0.0,0
2022-11-18,final_macro_weather,0.0,0.0,0.0,0.0,2145.11409568735,2145.11409568735,0.0,0.0007150380318957833,0.0,0
2022-11-21,final_macro_weather,0.0,0.0,0.0,0.0,-1918.44201175465,-1918.44201175465,0.0,-0.0006394806705848833,0.0,0
2022-11-22,final_macro_weather,0.0,0.0,0.0,0.0,4258.36124265615,4258.36124265615,0.0,0.0014194537475520502,0.0,0
2022-11-23,final_macro_weather,0.0,0.0,0.0,0.0,-305.17877403560004,-305.17877403560004,0.0,-0.00010172625801186668,0.0,0
2022-11-24,final_macro_weather,0.0,0.0,0.0,0.0,-452.2210286354,-452.2210286354,0.0,-0.00015074034287846665,0.0,0
2022-11-25,final_macro_weather,0.0,0.0,0.0,0.0,-1268.7045719261,-1268.7045719261,0.0,-0.00042290152397536667,0.0,0
2022-11-28,final_macro_weather,0.0,0.0,0.0,0.0,-229.55041707574998,-229.55041707574998,0.0,-7.651680569191666e-05,0.0,0
2022-11-29,final_macro_weather,0.0,0.0,0.0,0.0,432.97936874165003,432.97936874165003,0.0,0.00014432645624721667,0.0,0
2022-11-30,final_macro_weather,0.0,0.0,0.0,0.0,67.86716301,67.86716301,0.0,2.2622387669999998e-05,0.0,0
2022-12-01,final_macro_weather,0.0,0.0,0.0,0.0,-293.03051919205,-293.03051919205,0.0,-9.767683973068334e-05,0.0,0
2022-12-02,final_macro_weather,0.0,0.0,0.0,0.0,405.55190585215,405.55190585215,0.0,0.00013518396861738333,0.0,0
2022-12-05,final_macro_weather,0.0,0.0,0.0,0.0,67.4642455883,67.4642455883,0.0,2.2488081862766666e-05,0.0,0
2022-12-06,final_macro_weather,0.0,0.0,0.0,0.0,-427.8897971598,-427.8897971598,0.0,-0.0001426299323866,0.0,0
2022-12-07,final_macro_weather,0.0,0.0,0.0,0.0,202.8672341413,202.8672341413,0.0,6.762241138043334e-05,0.0,0
2022-12-08,final_macro_weather,0.0,0.0,0.0,0.0,2232.2021750008,2232.2021750008,0.0,0.0007440673916669333,0.0,0
2022-12-09,final_macro_weather,0.0,0.0,0.0,0.0,595.92237877995,595.92237877995,0.0,0.00019864079292665,0.0,0
2022-12-12,final_macro_weather,0.0,0.0,0.0,0.0,329.84450487705,329.84450487705,0.0,0.00010994816829235,0.0,0
2022-12-13,final_macro_weather,0.0,0.0,0.0,0.0,197.48972772985002,197.48972772985002,0.0,6.582990924328334e-05,0.0,0
2022-12-14,final_macro_weather,0.0,0.0,0.0,0.0,895.7479561784,895.7479561784,0.0,0.0002985826520594667,0.0,0
2022-12-15,final_macro_weather,-1489.0,0.0,-1489.0,0.0,-720.46308959375,-2209.46308959375,-1489.0,-0.00073648769653125,26803.0,0
2022-12-16,final_macro_weather,-3347.0,0.0,-3347.0,0.0,43.78283757546475,-3303.217162424535,-3347.0,-0.001101072387474845,25543.0,0
2022-12-19,final_macro_weather,1129.0,0.0,1129.0,0.0,393.35696796434996,1522.35696796435,1129.0,0.0005074523226547833,23128.0,0
2022-12-20,final_macro_weather,611.0,0.0,611.0,0.0,826.3774008543501,1437.37740085435,611.0,0.0004791258002847834,14775.0,0
2022-12-21,final_macro_weather,-1364.0,0.0,-1364.0,0.0,-238.65320101925002,-1602.65320101925,-1364.0,-0.0005342177336730834,22817.0,0
2022-12-22,final_macro_weather,-196.0,0.0,-196.0,0.0,260.3263696908,64.3263696908,-196.0,2.1442123230266664e-05,20447.0,0
2022-12-23,final_macro_weather,-484.0,0.0,-484.0,0.0,-195.19393226405,-679.19393226405,-484.0,-0.00022639797742135,11418.0,0
2022-12-26,final_macro_weather,985.0,0.0,985.0,0.0,0.0,985.0,985.0,0.0003283333333333333,35617.0,0
2022-12-27,final_macro_weather,386.0,0.0,386.0,0.0,0.0,386.0,386.0,0.00012866666666666666,50364.0,0
2022-12-28,final_macro_weather,-1467.0,0.0,-1467.0,0.0,0.0,-1467.0,-1467.0,-0.000489,80000.0,0
2022-12-29,final_macro_weather,1934.0,0.0,1934.0,0.0,0.0,1934.0,1934.0,0.0006446666666666667,78043.0,0
2022-12-30,final_macro_weather,-3795.0,0.0,-3795.0,0.0,0.0,-3795.0,-3795.0,-0.001265,66382.0,0
2023-01-03,final_macro_weather,-979.0,0.0,-979.0,0.0,0.0,-979.0,-979.0,-0.0003263333333333333,35133.0,0
2023-01-04,final_macro_weather,111.0,0.0,111.0,0.0,0.0,111.0,111.0,3.7e-05,55424.0,0
2023-01-05,final_macro_weather,1227.0,0.0,1227.0,0.0,0.0,1227.0,1227.0,0.000409,58175.0,0
2023-01-06,final_macro_weather,-157.0,0.0,-157.0,0.0,0.0,-157.0,-157.0,-5.2333333333333336e-05,45206.0,0
2023-01-09,final_macro_weather,-1912.0,0.0,-1912.0,0.0,0.0,-1912.0,-1912.0,-0.0006373333333333333,48508.0,0
2023-01-10,final_macro_weather,-550.0,0.0,-550.0,0.0,0.0,-550.0,-550.0,-0.00018333333333333334,28235.0,0
2023-01-11,final_macro_weather,1010.0,0.0,1010.0,0.0,0.0,1010.0,1010.0,0.00033666666666666665,69858.0,0
2023-01-12,final_macro_weather,10745.0,0.0,10745.0,0.0,0.0,10745.0,10745.0,0.0035816666666666666,74646.0,0
2023-01-13,final_macro_weather,1690.0,0.0,1690.0,0.0,866.46403341715,2556.46403341715,1690.0,0.0008521546778057167,81897.0,0
2023-01-16,final_macro_weather,-1866.0,0.0,-1866.0,0.0,-645.0576682507999,-2511.0576682508,-1866.0,-0.0008370192227502666,73119.0,0
2023-01-17,final_macro_weather,380.0,0.0,380.0,0.0,597.14884728915,977.14884728915,380.0,0.0003257162824297167,51735.0,0
2023-01-18,final_macro_weather,1235.0,0.0,1235.0,0.0,705.1634018866,1940.1634018866,1235.0,0.0006467211339622,93829.0,0
2023-01-19,final_macro_weather,10541.0,0.0,10541.0,0.0,-618.7762812195,9922.2237187805,10541.0,0.003307407906260167,76148.0,0
2023-01-20,final_macro_weather,-4365.0,0.0,-4365.0,0.0,1649.7215659409499,-2715.27843405905,-4365.0,-0.0009050928113530167,94845.0,0
2023-01-30,final_macro_weather,1762.0,0.0,1762.0,0.0,-3056.8992576292003,-1294.8992576292003,1762.0,-0.00043163308587640007,65996.0,0
2023-01-31,final_macro_weather,-98.0,0.0,-98.0,0.0,845.45720863175,747.45720863175,-98.0,0.00024915240287725,87993.0,0
2023-02-01,final_macro_weather,-302.0,0.0,-302.0,0.0,1134.10689405,832.1068940499999,-302.0,0.00027736896468333333,26618.0,0
2023-02-02,final_macro_weather,-2135.0,0.0,-2135.0,0.0,653.33008615725,-1481.66991384275,-2135.0,-0.0004938899712809167,30341.0,0
2023-02-03,final_macro_weather,18.0,0.0,18.0,0.0,-584.6000458351,-566.6000458351,18.0,-0.00018886668194503334,32416.0,0
2023-02-06,final_macro_weather,-903.0,0.0,-903.0,0.0,-604.36612923395,-1507.36612923395,-903.0,-0.0005024553764113167,20911.0,0
2023-02-07,final_macro_weather,507.0,0.0,507.0,0.0,2012.40164550505,2519.40164550505,507.0,0.0008398005485016833,32176.0,0
2023-02-08,final_macro_weather,-210.0,0.0,-210.0,0.0,3012.9988062264,2802.9988062264,-210.0,0.0009343329354088001,32289.0,0
2023-02-09,final_macro_weather,-33.0,0.0,-33.0,0.0,678.2118747593,645.2118747593,-33.0,0.0002150706249197667,9244.0,0
2023-02-10,final_macro_weather,228.0,0.0,228.0,0.0,-1446.28466418225,-1218.28466418225,228.0,-0.00040609488806075,15117.0,0
2023-02-13,final_macro_weather,-1126.0,0.0,-1126.0,0.0,-1023.2020177041001,-2149.2020177041,-1126.0,-0.0007164006725680333,20056.0,0
2023-02-14,final_macro_weather,-515.0,0.0,-515.0,0.0,555.11524557535,40.115245575349945,-515.0,1.3371748525116648e-05,25894.0,0
2023-02-15,final_macro_weather,3881.0,0.0,3881.0,0.0,-184.24568277485002,3696.75431722515,3881.0,0.00123225143907505,66079.0,0
2023-02-16,final_macro_weather,630.0,0.0,630.0,0.0,127.44428607290001,757.4442860729,630.0,0.00025248142869096666,90659.0,0
2023-02-17,final_macro_weather,-8986.0,0.0,-8986.0,0.0,1398.0824849268001,-7587.9175150732,-8986.0,-0.0025293058383577334,96478.0,0
2023-02-20,final_macro_weather,-679.0,0.0,-679.0,-439.1765306358171,-991.02176205495,-2109.198292690767,-1118.176530635817,-0.0007030660975635891,29120.0,0
2023-02-21,final_macro_weather,-764.0,0.0,-764.0,766.9591140994587,578.48008447945,581.4391985789088,2.959114099458702,0.0001938130661929696,35163.0,0
2023-02-22,final_macro_weather,-596.0,0.0,-596.0,-631.5598834024604,-141.5905204996,-1369.1504039020604,-1227.5598834024604,-0.00045638346796735344,64298.0,0
2023-02-23,final_macro_weather,-471.0,0.0,-471.0,780.6364498866049,-1972.3315548106998,-1662.695104924095,309.63644988660485,-0.000554231701641365,42970.0,0
2023-02-24,final_macro_weather,-17.0,0.0,-17.0,-590.3279670130372,-168.07951740935,-775.4074844223871,-607.3279670130372,-0.00025846916147412904,35838.0,0
2023-02-27,final_macro_weather,-2714.0,0.0,-2714.0,370.0438028640458,3859.66985631675,1515.7136591807957,-2343.9561971359544,0.0005052378863935986,68800.0,0
2023-02-28,final_macro_weather,-1452.0,0.0,-1452.0,944.7100167487926,-302.29210591665,-809.5820891678575,-507.28998325120745,-0.00026986069638928583,44339.0,0
2023-03-01,final_macro_weather,6270.0,0.0,6270.0,-301.87418184315993,884.72773620625,6852.85355436309,5968.12581815684,0.0022842845181210297,51064.0,0
2023-03-02,final_macro_weather,1984.0,0.0,1984.0,1340.8360225570302,2247.6836439369004,5572.51966649393,3324.8360225570304,0.0018575065554979767,47074.0,0
2023-03-03,final_macro_weather,-1248.0,0.0,-1248.0,1995.3068694698832,1063.8996257397998,1811.206495209683,747.3068694698832,0.0006037354984032276,52908.0,0
2023-03-06,final_macro_weather,350.0,0.0,350.0,274.15514141333676,874.3526165982,1498.5077580115367,624.1551414133368,0.0004995025860038456,39765.0,0
2023-03-07,final_macro_weather,1269.0,0.0,1269.0,-3310.3694591050576,440.446188641,-1600.9232704640576,-2041.3694591050576,-0.0005336410901546859,40119.0,0
2023-03-08,final_macro_weather,-1453.0,0.0,-1453.0,0.0,1509.3156083721,56.31560837210009,-1453.0,1.8771869457366696e-05,44130.0,0
2023-03-09,final_macro_weather,9489.0,0.0,9489.0,1818.1856863085611,5764.259448207499,17071.44513451606,11307.185686308561,0.005690481711505354,51334.0,0
2023-03-10,final_macro_weather,-3547.0,0.0,-3547.0,2471.601767725556,-1868.3494217847,-2943.747654059144,-1075.3982322744441,-0.0009812492180197147,78347.0,0
2023-03-13,final_macro_weather,737.0,0.0,737.0,3462.61600057448,-1416.39335563575,2783.222644938731,4199.6160005744805,0.0009277408816462436,42942.0,0
2023-03-14,final_macro_weather,-2648.0,0.0,-2648.0,123.40255238248007,-363.0887021973,-2887.6861498148196,-2524.5974476175197,-0.0009625620499382732,103421.0,0
2023-03-15,final_macro_weather,3184.0,0.0,3184.0,2716.502386822012,-2692.3325691640503,3208.169817657962,5900.502386822012,0.0010693899392193206,77331.0,0
2023-03-16,final_macro_weather,-1178.0,0.0,-1178.0,1259.0285837068373,685.7160188861,766.7446025929372,81.02858370683725,0.00025558153419764576,72087.0,0
2023-03-17,final_macro_weather,2585.0,0.0,2585.0,8503.300724563613,282.43374103245,11370.734465596062,11088.300724563613,0.0037902448218653543,36406.0,0
2023-03-20,final_macro_weather,702.0,0.0,702.0,-2298.916173098006,786.08326829035,-810.8329048076558,-1596.9161730980059,-0.00027027763493588526,75260.0,0
2023-03-21,final_macro_weather,779.0,0.0,779.0,-4267.614915343358,104.97827474645,-3383.636640596908,-3488.614915343358,-0.0011278788801989694,35778.0,0
2023-03-22,final_macro_weather,3293.0,0.0,3293.0,2063.7161285547522,3504.971978218,8861.688106772752,5356.716128554752,0.002953896035590917,35983.0,0
2023-03-23,final_macro_weather,-340.0,0.0,-340.0,1600.3091765685117,1157.9390291278999,2418.248205696412,1260.3091765685117,0.0008060827352321373,35580.0,0
2023-03-24,final_macro_weather,778.0,0.0,778.0,-1788.1305982199287,-4913.7546625060995,-5923.885260726029,-1010.1305982199287,-0.0019746284202420096,41695.0,0
2023-03-27,final_macro_weather,-2230.0,0.0,-2230.0,-1360.7878672396444,260.84855300830003,-3329.9393142313447,-3590.7878672396446,-0.0011099797714104482,55667.0,0
2023-03-28,final_macro_weather,1338.0,0.0,1338.0,1081.4731610580598,3868.251097573,6287.72425863106,2419.4731610580598,0.0020959080862103536,64194.0,0
2023-03-29,final_macro_weather,1852.0,0.0,1852.0,-13.714285714285715,3959.90358564935,5798.189299935064,1838.2857142857142,0.0019327297666450213,50540.0,0
2023-03-30,final_macro_weather,1162.0,0.0,1162.0,0.0,326.5191192268,1488.5191192268,1162.0,0.0004961730397422667,44213.0,0
2023-03-31,final_macro_weather,-1595.0,0.0,-1595.0,0.0,-628.16818561125,-2223.16818561125,-1595.0,-0.0007410560618704167,39502.0,0
2023-04-03,final_macro_weather,2663.0,0.0,2663.0,0.0,-1977.1699164032502,685.8300835967498,2663.0,0.00022861002786558326,52395.0,0
2023-04-04,final_macro_weather,-670.0,0.0,-670.0,0.0,-2071.0547420916,-2741.0547420916,-670.0,-0.0009136849140305333,50456.0,0
2023-04-06,final_macro_weather,3623.0,0.0,3623.0,0.0,-1072.4012334751,2550.5987665249,3623.0,0.0008501995888416333,46143.0,0
2023-04-07,final_macro_weather,-800.0,0.0,-800.0,0.0,183.68849741995,-616.31150258005,-800.0,-0.00020543716752668335,21794.0,0
2023-04-10,final_macro_weather,2465.0,0.0,2465.0,0.0,0.0,2465.0,2465.0,0.0008216666666666666,44974.0,0
2023-04-11,final_macro_weather,1140.0,0.0,1140.0,0.0,0.0,1140.0,1140.0,0.00038,44990.0,0
2023-04-12,final_macro_weather,280.0,0.0,280.0,0.0,0.0,280.0,280.0,9.333333333333333e-05,34071.0,0
2023-04-13,final_macro_weather,1104.0,0.0,1104.0,0.0,0.0,1104.0,1104.0,0.000368,54629.0,0
2023-04-14,final_macro_weather,-1953.0,0.0,-1953.0,0.0,-1539.04923800845,-3492.0492380084497,-1953.0,-0.0011640164126694831,57225.0,0
2023-04-17,final_macro_weather,-937.0,0.0,-937.0,0.0,183.68849741995,-753.31150258005,-937.0,-0.00025110383419335,22166.0,0
2023-04-18,final_macro_weather,1134.0,0.0,1134.0,0.0,-1340.82221733035,-206.82221733034999,1134.0,-6.894073911011666e-05,23097.0,0
2023-04-19,final_macro_weather,2579.0,0.0,2579.0,0.0,-845.82246360925,1733.17753639075,2579.0,0.0005777258454635833,27705.0,0
2023-04-20,final_macro_weather,-2247.0,0.0,-2247.0,0.0,3914.2141332686497,1667.2141332686497,-2247.0,0.0005557380444228832,34461.0,0
2023-04-21,final_macro_weather,-2240.0,0.0,-2240.0,0.0,-2399.7783565938003,-4639.778356593801,-2240.0,-0.0015465927855312668,12177.0,0
2023-04-24,final_macro_weather,607.0,0.0,607.0,0.0,2150.7828196309497,2757.7828196309497,607.0,0.0009192609398769832,42281.0,0
2023-04-25,final_macro_weather,-555.0,0.0,-555.0,0.0,495.84268659725,-59.15731340274999,-555.0,-1.9719104467583332e-05,51779.0,0
2023-04-26,final_macro_weather,1686.0,0.0,1686.0,0.0,703.47733042805,2389.4773304280498,1686.0,0.0007964924434760165,55596.0,0
2023-04-27,final_macro_weather,237.0,0.0,237.0,0.0,-3159.93778180365,-2922.93778180365,237.0,-0.00097431259393455,44497.0,0
2023-04-28,final_macro_weather,4546.0,0.0,4546.0,0.0,1491.1995068899,6037.1995068899,4546.0,0.0020123998356299665,53589.0,0
2023-05-04,final_macro_weather,-539.0,0.0,-539.0,0.0,2207.5628939937496,1668.5628939937496,-539.0,0.0005561876313312498,40583.0,0
2023-05-05,final_macro_weather,-5126.0,0.0,-5126.0,0.0,-1636.9455858603,-6762.9455858603,-5126.0,-0.0022543151952867666,57374.0,0
2023-05-08,final_macro_weather,320.0,0.0,320.0,0.0,-1956.2205337449002,-1636.2205337449002,320.0,-0.0005454068445816334,44668.0,0
2023-05-09,final_macro_weather,2268.0,0.0,2268.0,0.0,329.75327727705,2597.75327727705,2268.0,0.0008659177590923501,30987.0,0
2023-05-10,final_macro_weather,3517.0,0.0,3517.0,0.0,-519.0871538876501,2997.91284611235,3517.0,0.00099930428203745,60029.0,0
2023-05-11,final_macro_weather,-1139.0,0.0,-1139.0,0.0,-1448.8249768637,-2587.8249768636997,-1139.0,-0.0008626083256212333,72476.0,0
2023-05-12,final_macro_weather,-2631.0,0.0,-2631.0,0.0,2564.19247913785,-66.80752086214989,-2631.0,-2.226917362071663e-05,62256.0,0
2023-05-15,final_macro_weather,-177.0,0.0,-177.0,0.0,-436.99392989035,-613.99392989035,-177.0,-0.00020466464329678335,34558.0,0
2023-05-16,final_macro_weather,-1485.0,0.0,-1485.0,0.0,119.33175130629999,-1365.6682486937,-1485.0,-0.00045522274956456664,65668.0,0
2023-05-17,final_macro_weather,443.0,0.0,443.0,0.0,1068.8901236562501,1511.8901236562501,443.0,0.0005039633745520834,38783.0,0
2023-05-18,final_macro_weather,3306.0,0.0,3306.0,-1319.3267241588953,0.0,1986.6732758411047,1986.6732758411047,0.0006622244252803682,45913.0,0
2023-05-19,final_macro_weather,4127.0,0.0,4127.0,1231.8159332110263,0.0,5358.815933211026,5358.815933211026,0.0017862719777370088,46861.0,0
2023-05-22,final_macro_weather,-75.0,0.0,-75.0,-1264.2986553233902,0.0,-1339.2986553233902,-1339.2986553233902,-0.00044643288510779676,46544.0,0
2023-05-23,final_macro_weather,-3120.0,0.0,-3120.0,1586.7570502567385,0.0,-1533.2429497432615,-1533.2429497432615,-0.0005110809832477539,42806.0,0
2023-05-24,final_macro_weather,-2391.0,0.0,-2391.0,-1291.838091782336,0.0,-3682.838091782336,-3682.838091782336,-0.0012276126972607787,71490.0,0
2023-05-25,final_macro_weather,-2889.0,0.0,-2889.0,-1636.3408850924923,0.0,-4525.3408850924925,-4525.3408850924925,-0.0015084469616974976,62553.0,0
2023-05-26,final_macro_weather,1306.0,0.0,1306.0,-13.71459280556323,0.0,1292.2854071944369,1292.2854071944369,0.00043076180239814564,76147.0,0
2023-05-29,final_macro_weather,388.0,0.0,388.0,-700.2285460307043,-62.01935130945,-374.2478973401543,-312.22854603070425,-0.00012474929911338476,53063.0,0
2023-05-30,final_macro_weather,3046.0,0.0,3046.0,4235.646439793505,1246.2715399812,8527.917979774706,7281.646439793505,0.0028426393265915686,51074.0,0
2023-05-31,final_macro_weather,-634.0,0.0,-634.0,41.14012533439366,-1926.46119757385,-2519.3210722394565,-592.8598746656063,-0.0008397736907464855,33434.0,0
2023-06-01,final_macro_weather,768.0,0.0,768.0,890.1486502795112,-2910.4316394124,-1252.2829891328886,1658.1486502795112,-0.00041742766304429617,80602.0,0
2023-06-02,final_macro_weather,3601.0,0.0,3601.0,-3378.2986044464105,1296.74791919515,1519.4493147487394,222.70139555358946,0.0005064831049162464,56411.0,0
2023-06-05,final_macro_weather,-5725.0,0.0,-5725.0,2050.289352559858,162.9604382291,-3511.750209211042,-3674.710647440142,-0.0011705834030703473,56426.0,0
2023-06-06,final_macro_weather,-409.0,0.0,-409.0,548.0857234766887,541.3743402812,680.4600637578887,139.0857234766887,0.0002268200212526296,46201.0,0
2023-06-07,final_macro_weather,-1134.0,0.0,-1134.0,-1760.4181034841406,-1583.8154856475,-4478.233589131641,-2894.4181034841404,-0.001492744529710547,60941.0,0
2023-06-08,final_macro_weather,528.0,0.0,528.0,2608.360356181152,2331.48164215815,5467.841998339301,3136.360356181152,0.0018226139994464339,44363.0,0
2023-06-09,final_macro_weather,-3047.0,0.0,-3047.0,123.40407191043153,1618.7126098971,-1304.8833181924686,-2923.5959280895686,-0.0004349611060641562,32250.0,0
2023-06-12,final_macro_weather,2412.0,0.0,2412.0,794.4129514984835,-382.11344190625,2824.2995095922333,3206.4129514984834,0.0009414331698640778,56372.0,0
2023-06-13,final_macro_weather,-1484.0,0.0,-1484.0,-1898.3394364292042,-237.44051266879998,-3619.779949098004,-3382.3394364292044,-0.0012065933163660015,72005.0,0
2023-06-14,final_macro_weather,-1682.0,0.0,-1682.0,-2589.0722821911017,1552.2304431547,-2718.8418390364022,-4271.072282191102,-0.0009062806130121341,77558.0,0
2023-06-15,final_macro_weather,-1624.0,0.0,-1624.0,-13.714285714285715,-2759.09264257405,-4396.806928288335,-1637.7142857142858,-0.001465602309429445,43035.0,0
2023-06-16,final_macro_weather,-4949.0,0.0,-4949.0,0.0,3585.0018408164,-1363.9981591836,-4949.0,-0.00045466605306119997,43977.0,0
2023-06-19,final_macro_weather,-897.0,0.0,-897.0,0.0,-1013.24709310215,-1910.2470931021498,-897.0,-0.0006367490310340499,38974.0,0
2023-06-20,final_macro_weather,-1960.0,0.0,-1960.0,0.0,2293.7685859317003,333.7685859317003,-1960.0,0.00011125619531056676,34750.0,0
2023-06-21,final_macro_weather,-44.0,0.0,-44.0,0.0,-946.894727481,-990.894727481,-44.0,-0.00033029824249366667,35180.0,0
2023-06-26,final_macro_weather,-574.0,0.0,-574.0,0.0,-4856.5756217975995,-5430.5756217975995,-574.0,-0.0018101918739325332,12574.0,0
2023-06-27,final_macro_weather,80.0,0.0,80.0,0.0,-609.3620026856,-529.3620026856,80.0,-0.0001764540008952,12562.0,0
2023-06-28,final_macro_weather,-854.0,0.0,-854.0,0.0,495.86322488580004,-358.13677511419996,-854.0,-0.00011937892503806665,33394.0,0
2023-06-29,final_macro_weather,-1126.0,0.0,-1126.0,0.0,-1658.33589514245,-2784.3358951424498,-1126.0,-0.0009281119650474832,76164.0,0
2023-06-30,final_macro_weather,3792.0,0.0,3792.0,0.0,-4575.50100516125,-783.5010051612499,3792.0,-0.0002611670017204166,64671.0,0
2023-07-03,final_macro_weather,-1199.0,0.0,-1199.0,0.0,461.7284133628,-737.2715866372,-1199.0,-0.00024575719554573335,84493.0,0
2023-07-04,final_macro_weather,953.0,0.0,953.0,0.0,-2190.8039895916,-1237.8039895916,953.0,-0.00041260132986386665,42478.0,0
2023-07-05,final_macro_weather,7130.0,0.0,7130.0,0.0,963.2982169697001,8093.2982169697,7130.0,0.0026977660723232332,81988.0,0
2023-07-06,final_macro_weather,-1736.0,0.0,-1736.0,0.0,1176.1183104387999,-559.8816895612001,-1736.0,-0.00018662722985373338,63675.0,0
2023-07-07,final_macro_weather,-395.0,0.0,-395.0,876.4337422642715,-1379.5357678607,-898.1020255964285,481.4337422642715,-0.0002993673418654762,38288.0,0
2023-07-10,final_macro_weather,153.0,0.0,153.0,13.713982926096389,506.76964634555003,673.4836292716464,166.71398292609638,0.0002244945430905488,58022.0,0
2023-07-11,final_macro_weather,4612.0,0.0,4612.0,27.427360365008372,1160.00141082925,5799.428771194258,4639.427360365008,0.0019331429237314194,56136.0,0
2023-07-12,final_macro_weather,1030.0,0.0,1030.0,2866.730377447305,1227.102076855,5123.8324543023045,3896.730377447305,0.0017079441514341015,55711.0,0
2023-07-13,final_macro_weather,-2089.0,0.0,-2089.0,-1567.3400647545393,458.45677514375,-3197.8832896107897,-3656.3400647545395,-0.00106596109653693,97650.0,0
2023-07-14,final_macro_weather,-1960.0,0.0,-1960.0,-13.714285714285715,-6027.55661886115,-8001.270904575436,-1973.7142857142858,-0.0026670903015251456,56065.0,0
2023-07-17,final_macro_weather,-239.0,0.0,-239.0,0.0,196.15539529424998,-42.844604705750015,-239.0,-1.4281534901916672e-05,36199.0,0
2023-07-18,final_macro_weather,965.0,0.0,965.0,0.0,-985.4675288056001,-20.467528805600068,965.0,-6.822509601866689e-06,20228.0,0
2023-07-19,final_macro_weather,357.0,0.0,357.0,0.0,-868.8989466254001,-511.8989466254001,357.0,-0.0001706329822084667,31237.0,0
2023-07-20,final_macro_weather,-956.0,0.0,-956.0,0.0,453.14112015485,-502.85887984515,-956.0,-0.00016761962661505,67463.0,0
2023-07-21,final_macro_weather,-1931.0,0.0,-1931.0,0.0,842.10457413425,-1088.89542586575,-1931.0,-0.00036296514195525,34584.0,0
2023-07-24,final_macro_weather,-5078.0,0.0,-5078.0,0.0,-3367.6477328386,-8445.647732838599,-5078.0,-0.0028152159109462,52348.0,0
2023-07-25,final_macro_weather,-546.0,0.0,-546.0,0.0,-507.04749868080006,-1053.0474986808001,-546.0,-0.00035101583289360005,43859.0,0
2023-07-26,final_macro_weather,-4965.0,0.0,-4965.0,0.0,-776.02673907445,-5741.02673907445,-4965.0,-0.0019136755796914835,80298.0,0
2023-07-27,final_macro_weather,1305.0,0.0,1305.0,0.0,1127.89349872875,2432.8934987287503,1305.0,0.0008109644995762501,91331.0,0
2023-07-28,final_macro_weather,-1176.0,0.0,-1176.0,0.0,-7279.56691504695,-8455.566915046951,-1176.0,-0.0028185223050156503,50022.0,0
2023-07-31,final_macro_weather,89.0,0.0,89.0,0.0,-391.36986835845,-302.36986835845,89.0,-0.00010078995611948334,23735.0,0
2023-08-01,final_macro_weather,201.0,0.0,201.0,0.0,393.8695001341,594.8695001341,201.0,0.00019828983337803334,32283.0,0
2023-08-02,final_macro_weather,130.0,0.0,130.0,0.0,1893.6504409664,2023.6504409664,130.0,0.0006745501469888,32300.0,0
2023-08-03,final_macro_weather,-128.0,0.0,-128.0,-480.3479999176483,478.8637534661,-129.4842464515483,-608.3479999176483,-4.3161415483849435e-05,52160.0,0
2023-08-04,final_macro_weather,-666.0,0.0,-666.0,876.4829275431545,2370.61734446205,2581.1002720052043,210.48292754315446,0.0008603667573350681,33558.0,0
2023-08-07,final_macro_weather,-96.0,0.0,-96.0,-13.71458606656404,-718.7656219398,-828.480208006364,-109.71458606656404,-0.00027616006933545465,50231.0,0
2023-08-08,final_macro_weather,-257.0,0.0,-257.0,-219.5054986812094,3506.5417931972,3030.036294515991,-476.50549868120936,0.001010012098171997,50948.0,0
2023-08-09,final_macro_weather,811.0,0.0,811.0,-1181.6571697348325,472.4722086359,101.81503890106757,-370.65716973483245,3.3938346300355856e-05,66899.0,0
2023-08-10,final_macro_weather,-3965.0,0.0,-3965.0,1163.5398893892086,-1108.07231285785,-3909.5324234686414,-2801.460110610791,-0.001303177474489547,50586.0,0
2023-08-11,final_macro_weather,1257.0,0.0,1257.0,164.5281601525504,3941.6672592157497,5363.1954193683,1421.5281601525503,0.0017877318064561,39299.0,0
2023-08-14,final_macro_weather,8468.0,0.0,8468.0,13.713985300605316,308.08618252254996,8789.800167823154,8481.713985300605,0.0029299333892743844,119942.0,0
2023-08-15,final_macro_weather,7650.0,0.0,7650.0,712.3317819504002,2244.40065473135,10606.732436681752,8362.3317819504,0.0035355774788939174,120087.0,0
2023-08-16,final_macro_weather,0.0,0.0,0.0,-102.89087683432133,-2887.4515970422,-2990.342473876521,-102.89087683432133,-0.000996780824625507,0.0,0
2023-08-17,final_macro_weather,0.0,0.0,0.0,-570.1784495287637,1081.6920297815,511.51358025273623,-570.1784495287637,0.00017050452675091207,0.0,0
2023-08-18,final_macro_weather,0.0,0.0,0.0,622.7569528742421,-1056.8856198128,-434.128666938558,622.7569528742421,-0.00014470955564618602,0.0,0
2023-08-21,final_macro_weather,0.0,0.0,0.0,-171.52233295966136,-525.1105679208499,-696.6329008805112,-171.52233295966136,-0.0002322109669601704,0.0,0
2023-08-22,final_macro_weather,0.0,0.0,0.0,486.1021877984282,-665.14790166,-179.0457138615718,486.1021877984282,-5.9681904620523936e-05,0.0,0
2023-08-23,final_macro_weather,0.0,0.0,0.0,670.5672458577685,332.13152962085,1002.6987754786185,670.5672458577685,0.0003342329251595395,0.0,0
2023-08-24,final_macro_weather,0.0,0.0,0.0,-439.4684623265811,523.71053564375,84.24207331716883,-439.4684623265811,2.8080691105722945e-05,0.0,0
2023-08-25,final_macro_weather,0.0,0.0,0.0,41.1374801630272,1054.0499405747,1095.1874207377273,41.1374801630272,0.0003650624735792424,0.0,0
2023-08-28,final_macro_weather,485.0,0.0,485.0,1054.23298694784,-1387.57405687435,151.65893007348996,1539.23298694784,5.0552976691163316e-05,106256.0,0
2023-08-29,final_macro_weather,-890.0,0.0,-890.0,1013.2304395040729,524.5096385563,647.740078060373,123.23043950407293,0.00021591335935345767,86138.0,0
2023-08-30,final_macro_weather,-943.0,0.0,-943.0,999.5648349259568,143.43088205955,199.9957169855068,56.5648349259568,6.666523899516892e-05,93216.0,0
2023-08-31,final_macro_weather,0.0,0.0,0.0,-247.04902562123988,-1284.9913274686498,-1532.0403530898898,-247.04902562123988,-0.0005106801176966299,0.0,0
2023-09-01,final_macro_weather,0.0,0.0,0.0,650.0973701663289,-1910.5684151737998,-1260.4710450074708,650.0973701663289,-0.0004201570150024903,0.0,0
2023-09-04,final_macro_weather,0.0,0.0,0.0,27.426214887145463,-1196.6218039863502,-1169.1955890992047,27.426214887145463,-0.00038973186303306823,0.0,0
2023-09-05,final_macro_weather,0.0,0.0,0.0,-247.04820878263456,735.0260061757999,487.97779739316536,-247.04820878263456,0.00016265926579772178,0.0,0
2023-09-06,final_macro_weather,0.0,0.0,0.0,-34.28940240221682,0.0,-34.28940240221682,-34.28940240221682,-1.1429800800738941e-05,0.0,0
2023-09-07,final_macro_weather,0.0,0.0,0.0,888.9444856344559,0.0,888.9444856344559,888.9444856344559,0.00029631482854481863,0.0,0
2023-09-08,final_macro_weather,0.0,0.0,0.0,-102.89016775501453,0.0,-102.89016775501453,-102.89016775501453,-3.429672258500484e-05,0.0,0
2023-09-11,final_macro_weather,0.0,0.0,0.0,54.84774924261595,0.0,54.84774924261595,54.84774924261595,1.8282583080871982e-05,0.0,0
2023-09-12,final_macro_weather,315.0,0.0,315.0,465.9467375456554,0.0,780.9467375456554,780.9467375456554,0.00026031557918188513,119682.0,0
2023-09-13,final_macro_weather,-9258.0,0.0,-9258.0,2921.5160661306227,0.0,-6336.483933869377,-6336.483933869377,-0.0021121613112897925,110508.0,0
2023-09-14,final_macro_weather,1337.0,0.0,1337.0,-1580.9963628588418,0.0,-243.99636285884185,-243.99636285884185,-8.133212095294728e-05,37601.0,0
2023-09-15,final_macro_weather,-2660.0,0.0,-2660.0,-1608.579950528414,0.0,-4268.579950528414,-4268.579950528414,-0.0014228599835094714,64187.0,0
2023-09-18,final_macro_weather,-1690.0,0.0,-1690.0,1805.1941321100305,-245.8211215051,-130.62698939506947,115.19413211003052,-4.354232979835649e-05,62229.0,0
2023-09-19,final_macro_weather,-601.0,0.0,-601.0,1095.2803981358427,-273.70275879595005,220.57763933989264,494.2803981358427,7.352587977996421e-05,55599.0,0
2023-09-20,final_macro_weather,1021.0,0.0,1021.0,-411.6904055026956,-315.50085336535,293.8087411319544,609.3095944973044,9.793624704398479e-05,44145.0,0
2023-09-21,final_macro_weather,-2183.0,0.0,-2183.0,-315.5826372650157,2609.6413724978997,111.05873523288392,-2498.582637265016,3.7019578410961304e-05,51661.0,0
2023-09-22,final_macro_weather,-4.0,0.0,-4.0,726.0400103559112,443.09622636585,1165.1362367217612,722.0400103559112,0.0003883787455739204,64353.0,0
2023-09-25,final_macro_weather,1420.0,0.0,1420.0,-617.7322339297937,227.65017808615,1029.9179441563563,802.2677660702063,0.0003433059813854521,55380.0,0
2023-09-26,final_macro_weather,4128.0,0.0,4128.0,-2436.598678961654,2692.6471792518,4384.048500290146,1691.401321038346,0.0014613495000967154,54367.0,0
2023-09-27,final_macro_weather,-571.0,0.0,-571.0,-5128.822242981745,-1932.35610718575,-7632.178350167495,-5699.822242981745,-0.002544059450055832,51433.0,0
2023-10-09,final_macro_weather,-5037.0,0.0,-5037.0,-2948.7190060374696,6703.63764913975,-1282.08135689772,-7985.71900603747,-0.00042736045229924,60017.0,0
2023-10-10,final_macro_weather,-1586.0,0.0,-1586.0,-178.3370494524117,-3198.5333641287502,-4962.870413581162,-1764.3370494524117,-0.0016542901378603875,53960.0,0
2023-10-11,final_macro_weather,3129.0,0.0,3129.0,2363.5246982759827,-3314.4561905942,2178.0685076817826,5492.524698275983,0.0007260228358939275,34456.0,0
2023-10-12,final_macro_weather,961.0,0.0,961.0,739.6936273151892,-4706.7720039879,-3006.0783766727104,1700.6936273151891,-0.0010020261255575702,42660.0,0
2023-10-13,final_macro_weather,-978.0,0.0,-978.0,4276.898420927242,-33.38229422964812,3265.516126697594,3298.898420927242,0.0010885053755658647,43222.0,0
2023-10-16,final_macro_weather,-1147.0,0.0,-1147.0,1504.9926527140635,323.0074849064,681.0001376204635,357.9926527140635,0.00022700004587348786,29230.0,0
2023-10-17,final_macro_weather,-920.0,0.0,-920.0,3002.9400120155865,494.16057170185,2577.1005837174366,2082.9400120155865,0.0008590335279058122,29230.0,0
2023-10-18,final_macro_weather,-1185.0,0.0,-1185.0,2323.015172509115,-897.0257368949999,240.9894356141151,1138.015172509115,8.032981187137171e-05,25944.0,0
2023-10-19,final_macro_weather,-467.0,0.0,-467.0,3708.96277217183,-44.68275293334031,3197.2800192384893,3241.96277217183,0.0010657600064128297,42871.0,0
2023-10-20,final_macro_weather,228.0,0.0,228.0,-521.5578900050583,5572.7167471634,5279.158857158342,-293.5578900050583,0.0017597196190527805,46625.0,0
2023-10-23,final_macro_weather,-42.0,0.0,-42.0,-549.0320582106013,-233.33962348,-824.3716816906013,-591.0320582106013,-0.00027479056056353376,55605.0,0
2023-10-24,final_macro_weather,2442.0,0.0,2442.0,-686.4354325146013,-2080.6842525648,-325.1196850794013,1755.5645674853986,-0.00010837322835980043,43632.0,0
2023-10-25,final_macro_weather,-3264.0,0.0,-3264.0,1873.460004912818,828.122278039,-562.417717048182,-1390.539995087182,-0.000187472572349394,46905.0,0
2023-10-26,final_macro_weather,-1511.0,0.0,-1511.0,370.07664454516504,184.77460866385,-956.148746790985,-1140.923355454835,-0.0003187162489303283,85206.0,0
2023-10-27,final_macro_weather,-603.0,0.0,-603.0,575.4948844503759,2308.4340430762,2280.928927526576,-27.505115549624065,0.0007603096425088586,81078.0,0
2023-10-30,final_macro_weather,-668.0,0.0,-668.0,342.67840509240096,1358.58906570875,1033.267470801151,-325.32159490759904,0.0003444224902670503,25799.0,0
2023-10-31,final_macro_weather,4724.0,0.0,4724.0,-1277.9075665102796,4378.31005609765,7824.40248958737,3446.0924334897204,0.00260813416319579,44422.0,0
2023-11-01,final_macro_weather,1123.0,0.0,1123.0,534.421718658804,-2629.1765107606,-971.7547921017963,1657.421718658804,-0.0003239182640339321,47544.0,0
2023-11-02,final_macro_weather,36.0,0.0,36.0,-315.58002561592525,-440.22442988895,-719.8044555048752,-279.58002561592525,-0.0002399348185016251,38127.0,0
2023-11-03,final_macro_weather,-4697.0,0.0,-4697.0,-1374.300515558415,6530.9353910911,459.6348755326853,-6071.300515558415,0.00015321162517756179,33884.0,0
2023-11-06,final_macro_weather,4425.0,0.0,4425.0,-1415.6313463140768,1149.5307405814501,4158.899394267373,3009.368653685923,0.0013862997980891244,55770.0,0
2023-11-07,final_macro_weather,628.0,0.0,628.0,-1539.634688164083,-1096.80054726055,-2008.435235424633,-911.634688164083,-0.000669478411808211,49018.0,0
2023-11-08,final_macro_weather,519.0,0.0,519.0,-2049.8987964360995,2140.6369477951503,609.7381513590508,-1530.8987964360995,0.00020324605045301693,56060.0,0
2023-11-09,final_macro_weather,1303.0,0.0,1303.0,-13.714285714285715,755.3244169551,2044.610131240814,1289.2857142857142,0.0006815367104136047,41957.0,0
2023-11-10,final_macro_weather,392.0,0.0,392.0,0.0,-2208.02493696375,-1816.02493696375,392.0,-0.0006053416456545833,70918.0,0
2023-11-13,final_macro_weather,763.0,0.0,763.0,0.0,-970.5623566159001,-207.56235661590006,763.0,-6.918745220530002e-05,51311.0,0
2023-11-14,final_macro_weather,-808.0,0.0,-808.0,0.0,321.77968175785,-486.22031824215,-808.0,-0.00016207343941404998,63212.0,0
2023-11-15,final_macro_weather,-1696.0,0.0,-1696.0,0.0,-82.89719327725,-1778.89719327725,-1696.0,-0.0005929657310924166,67724.0,0
2023-11-16,final_macro_weather,29.0,0.0,29.0,0.0,-1372.99603327225,-1343.99603327225,29.0,-0.0004479986777574167,53510.0,0
2023-11-17,final_macro_weather,6957.0,0.0,6957.0,0.0,540.61819603395,7497.61819603395,6957.0,0.00249920606534465,90635.0,0
2023-11-20,final_macro_weather,5496.0,0.0,5496.0,0.0,633.7418242797,6129.7418242797,5496.0,0.0020432472747599,69710.0,0
2023-11-21,final_macro_weather,4561.0,0.0,4561.0,0.0,-224.3988764415,4336.6011235585,4561.0,0.0014455337078528334,63357.0,0
2023-11-22,final_macro_weather,247.0,0.0,247.0,0.0,-960.1228887664,-713.1228887664,247.0,-0.00023770762958880002,65987.0,0
2023-11-23,final_macro_weather,-1642.0,0.0,-1642.0,0.0,1052.0549367434,-589.9450632566,-1642.0,-0.00019664835441886666,42252.0,0
2023-11-24,final_macro_weather,12170.0,0.0,12170.0,0.0,-1237.5424318273501,10932.45756817265,12170.0,0.0036441525227242162,68789.0,0
2023-11-27,final_macro_weather,0.0,0.0,0.0,0.0,629.5376956299,629.5376956299,0.0,0.0002098458985433,0.0,0
2023-11-28,final_macro_weather,0.0,0.0,0.0,0.0,-536.75954248025,-536.75954248025,0.0,-0.00017891984749341668,0.0,0
2023-11-29,final_macro_weather,0.0,0.0,0.0,0.0,-1586.67104597435,-1586.67104597435,0.0,-0.0005288903486581167,0.0,0
2023-11-30,final_macro_weather,0.0,0.0,0.0,0.0,-2198.3586617832498,-2198.3586617832498,0.0,-0.0007327862205944166,0.0,0
2023-12-01,final_macro_weather,0.0,0.0,0.0,0.0,-790.4707455938501,-790.4707455938501,0.0,-0.00026349024853128335,0.0,0
2023-12-04,final_macro_weather,0.0,0.0,0.0,0.0,0.0,0.0,0.0,0.0,0.0,0
2023-12-05,final_macro_weather,0.0,0.0,0.0,0.0,-2086.7947007861,-2086.7947007861,0.0,-0.0006955982335953666,0.0,0
2023-12-06,final_macro_weather,0.0,0.0,0.0,0.0,-1463.8559447518,-1463.8559447518,0.0,-0.00048795198158393336,0.0,0
2023-12-07,final_macro_weather,0.0,0.0,0.0,0.0,1758.505252237,1758.505252237,0.0,0.0005861684174123333,0.0,0
2023-12-08,final_macro_weather,0.0,0.0,0.0,0.0,-1519.955561517,-1519.955561517,0.0,-0.000506651853839,0.0,0
2023-12-11,final_macro_weather,0.0,0.0,0.0,0.0,-836.9232603731,-836.9232603731,0.0,-0.00027897442012436664,0.0,0
2023-12-12,final_macro_weather,0.0,0.0,0.0,0.0,538.6649465927501,538.6649465927501,0.0,0.00017955498219758337,0.0,0
2023-12-13,final_macro_weather,0.0,0.0,0.0,0.0,-798.85237541535,-798.85237541535,0.0,-0.00026628412513845,0.0,0
2023-12-14,final_macro_weather,0.0,0.0,0.0,0.0,-20.036867879716567,-20.036867879716567,0.0,-6.678955959905522e-06,0.0,0
2023-12-15,final_macro_weather,0.0,0.0,0.0,0.0,336.21484523705,336.21484523705,0.0,0.00011207161507901667,0.0,0
2023-12-18,final_macro_weather,0.0,0.0,0.0,0.0,-2355.65660056495,-2355.65660056495,0.0,-0.0007852188668549834,0.0,0
2023-12-19,final_macro_weather,0.0,0.0,0.0,0.0,812.5296235548,812.5296235548,0.0,0.00027084320785159997,0.0,0
2023-12-20,final_macro_weather,0.0,0.0,0.0,0.0,709.74143632545,709.74143632545,0.0,0.00023658047877515,0.0,0
2023-12-21,final_macro_weather,0.0,0.0,0.0,0.0,-1404.853783826,-1404.853783826,0.0,-0.00046828459460866663,0.0,0
2023-12-22,final_macro_weather,0.0,0.0,0.0,0.0,1312.50733208775,1312.50733208775,0.0,0.00043750244402925,0.0,0
2023-12-25,final_macro_weather,0.0,0.0,0.0,0.0,3228.96740027985,3228.96740027985,0.0,0.0010763224667599501,0.0,0
2023-12-26,final_macro_weather,0.0,0.0,0.0,0.0,1128.0386439941499,1128.0386439941499,0.0,0.0003760128813313833,0.0,0
2023-12-27,final_macro_weather,0.0,0.0,0.0,0.0,-1300.6313431654,-1300.6313431654,0.0,-0.0004335437810551333,0.0,0
2023-12-28,final_macro_weather,0.0,0.0,0.0,0.0,425.86218363029997,425.86218363029997,0.0,0.0001419540612101,0.0,0
2023-12-29,final_macro_weather,0.0,0.0,0.0,0.0,147.03732523465,147.03732523465,0.0,4.901244174488334e-05,0.0,0
2024-01-02,final_macro_weather,0.0,0.0,0.0,0.0,721.3363991364499,721.3363991364499,0.0,0.00024044546637881663,0.0,0
2024-01-03,final_macro_weather,0.0,0.0,0.0,0.0,4908.32461542675,4908.32461542675,0.0,0.00163610820514225,0.0,0
2024-01-04,final_macro_weather,0.0,0.0,0.0,0.0,548.3990747675,548.3990747675,0.0,0.00018279969158916667,0.0,0
2024-01-05,final_macro_weather,0.0,0.0,0.0,0.0,2597.80939514985,2597.80939514985,0.0,0.00086593646504995,0.0,0
2024-01-08,final_macro_weather,0.0,0.0,0.0,0.0,59.38712598835,59.38712598835,0.0,1.9795708662783335e-05,0.0,0
2024-01-09,final_macro_weather,0.0,0.0,0.0,0.0,0.0,0.0,0.0,0.0,0.0,0
2024-01-10,final_macro_weather,0.0,0.0,0.0,0.0,0.0,0.0,0.0,0.0,0.0,0
2024-01-11,final_macro_weather,0.0,0.0,0.0,0.0,0.0,0.0,0.0,0.0,0.0,0
2024-01-12,final_macro_weather,0.0,0.0,0.0,0.0,-239.0438975515,-239.0438975515,0.0,-7.968129918383333e-05,0.0,0
2024-01-15,final_macro_weather,0.0,0.0,0.0,0.0,477.63153162059996,477.63153162059996,0.0,0.00015921051054019998,0.0,0
2024-01-16,final_macro_weather,0.0,0.0,0.0,0.0,1028.64957769425,1028.64957769425,0.0,0.00034288319256475,0.0,0
2024-01-17,final_macro_weather,0.0,0.0,0.0,-336.32944492157503,-98.54158965204999,-434.871034573625,-336.32944492157503,-0.00014495701152454168,0.0,0
2024-01-18,final_macro_weather,0.0,0.0,0.0,561.3258088357472,981.9374925385999,1543.263301374347,561.3258088357472,0.0005144211004581157,0.0,0
2024-01-19,final_macro_weather,0.0,0.0,0.0,-487.5773860981672,1129.4671018604502,641.889715762283,-487.5773860981672,0.00021396323858742766,0.0,0
2024-01-22,final_macro_weather,0.0,0.0,0.0,137.08568172528484,-96.9668809777,40.11880074758484,137.08568172528484,1.337293358252828e-05,0.0,0
2024-01-23,final_macro_weather,0.0,0.0,0.0,-205.84300195982166,599.9856684433499,394.1426664835283,-205.84300195982166,0.00013138088882784277,0.0,0
2024-01-24,final_macro_weather,0.0,0.0,0.0,-570.1308015001503,616.3340683883499,46.203266888199664,-570.1308015001503,1.540108896273322e-05,0.0,0
2024-01-25,final_macro_weather,0.0,0.0,0.0,622.8140671604303,-1293.94743688915,-671.1333697287196,622.8140671604303,-0.00022371112324290652,0.0,0
2024-01-26,final_macro_weather,0.0,0.0,0.0,492.97429973811177,658.3038759158001,1151.2781756539118,492.97429973811177,0.00038375939188463727,0.0,0
2024-01-29,final_macro_weather,0.0,0.0,0.0,287.74874325853546,-658.3038759158001,-370.5551326572646,287.74874325853546,-0.00012351837755242154,0.0,0
2024-01-30,final_macro_weather,0.0,0.0,0.0,205.58627432449796,426.3570024977,631.943276822198,205.58627432449796,0.00021064775894073266,0.0,0
2024-01-31,final_macro_weather,0.0,0.0,0.0,383.55482548771903,193.31893738755002,576.873762875269,383.55482548771903,0.00019229125429175633,0.0,0
2024-02-01,final_macro_weather,487.0,0.0,487.0,1395.9138785099935,1373.63043294955,3256.5443114595437,1882.9138785099935,0.0010855147704865145,95999.0,0
2024-02-02,final_macro_weather,6780.0,0.0,6780.0,-2325.8204399761303,2939.63016989105,7393.809729914919,4454.179560023869,0.002464603243304973,95937.0,0
2024-02-05,final_macro_weather,-10515.0,0.0,-10515.0,-562.7644707165259,3890.4291453446,-7187.335325371925,-11077.764470716525,-0.0023957784417906417,59752.0,0
2024-02-06,final_macro_weather,0.0,0.0,0.0,554.495832230246,3698.5465730395,4253.042405269746,554.495832230246,0.001417680801756582,0.0,0
2024-02-07,final_macro_weather,0.0,0.0,0.0,486.14269538922804,-9349.54642214,-8863.403726750772,486.14269538922804,-0.002954467908916924,0.0,0
2024-02-19,final_macro_weather,0.0,0.0,0.0,-116.61260163279432,-2202.0237190191,-2318.6363206518945,-116.61260163279432,-0.0007728787735506315,0.0,0
2024-02-20,final_macro_weather,0.0,0.0,0.0,-20.572711186070325,1000.668154157,980.0954429709296,-20.572711186070325,0.00032669848099030986,0.0,0
2024-02-21,final_macro_weather,0.0,0.0,0.0,-123.47477052099916,-48.78048842393052,-172.25525894492966,-123.47477052099916,-5.741841964830989e-05,0.0,0
2024-02-22,final_macro_weather,0.0,0.0,0.0,-391.3212665211787,537.6352374237999,146.31397090262124,-391.3212665211787,4.877132363420708e-05,0.0,0
2024-02-23,final_macro_weather,0.0,0.0,0.0,909.4804144903044,1449.5137807918002,2358.9941952821046,909.4804144903044,0.0007863313984273682,0.0,0
2024-02-26,final_macro_weather,0.0,0.0,0.0,-34.28926917418734,-691.8045586381501,-726.0938278123374,-34.28926917418734,-0.0002420312759374458,0.0,0
2024-02-27,final_macro_weather,0.0,0.0,0.0,-48.006969412052214,571.82862224885,523.8216528367979,-48.006969412052214,0.00017460721761226595,0.0,0
2024-02-28,final_macro_weather,-2153.0,0.0,-2153.0,370.07847339644655,-1501.03809751275,-3283.9596241163035,-1782.9215266035535,-0.0010946532080387678,26788.0,0
2024-02-29,final_macro_weather,-441.0,0.0,-441.0,1382.2520517361238,-4532.539058854601,-3591.287007118477,941.2520517361238,-0.0011970956690394924,47247.0,0
2024-03-01,final_macro_weather,-2727.0,0.0,-2727.0,4224.503697602285,-541.1840131527,956.3196844495848,1497.5036976022848,0.0003187732281498616,54381.0,0
2024-03-04,final_macro_weather,-452.0,0.0,-452.0,4509.133278223831,2614.1741185928,6671.307396816632,4057.1332782238314,0.0022237691322722106,35694.0,0
2024-03-05,final_macro_weather,2295.0,0.0,2295.0,2309.887175052589,-1927.2564094091,2677.6307656434888,4604.887175052589,0.0008925435885478296,51132.0,0
2024-03-06,final_macro_weather,-318.0,0.0,-318.0,3452.328968476438,953.1390214929,4087.4679899693383,3134.328968476438,0.0013624893299897794,54833.0,0
2024-03-07,final_macro_weather,1078.0,0.0,1078.0,315.28545689246465,490.27259345429997,1883.5580503467647,1393.2854568924647,0.0006278526834489216,70545.0,0
2024-03-08,dual_macro_weather,-3149.6690000000026,0.0,-3149.6690000000026,1382.3912400367444,4525.44920127035,2758.171441307092,-1767.2777599632582,0.0009193904804356974,71326.5,1
2024-03-11,dual_macro_weather,-15.860999999996078,0.0,-15.860999999996078,-1112.6283227198096,872.9967704921501,-255.49255222765555,-1128.4893227198056,-8.516418407588519e-05,38844.7,1
2024-03-12,dual_macro_weather,-149.39200000000238,0.0,-149.39200000000238,-713.8745937824654,949.2291838988001,85.96259011633242,-863.2665937824677,2.865419670544414e-05,57816.4,1
2024-03-13,dual_macro_weather,-1417.9080000000015,0.0,-1417.9080000000015,-13.714285714285715,4282.2793503406,2850.6570646263126,-1431.6222857142873,0.0009502190215421042,53011.0,1
2024-03-14,dual_macro_weather,1339.0439999999976,0.0,1339.0439999999976,0.0,1786.1024890643,3125.1464890642974,1339.0439999999976,0.0010417154963547658,66639.1,1
2024-03-15,dual_macro_weather,2021.2399999999768,0.0,2021.2399999999768,0.0,285.3025444213,2306.542544421277,2021.2399999999768,0.0007688475148070923,58856.00000000001,1
2024-03-18,dual_macro_weather,-934.2999999999907,0.0,-934.2999999999907,0.0,-1345.7067769609498,-2280.0067769609404,-934.2999999999907,-0.0007600022589869802,62406.4,1
2024-03-19,dual_macro_weather,-165.10999999999228,0.0,-165.10999999999228,0.0,0.0,-165.10999999999228,-165.10999999999228,-5.503666666666409e-05,69031.15,1
2024-03-20,dual_macro_weather,-1417.794999999997,0.0,-1417.794999999997,6776.617717442609,297.79644817585,5656.619165618462,5358.822717442612,0.0018855397218728207,34141.0,1
2024-03-21,dual_macro_weather,-4431.741,0.0,-4431.741,-2173.5125719360167,134.24021336705002,-6471.013358568966,-6605.253571936017,-0.002157004452856322,89237.65,1
2024-03-22,dual_macro_weather,50.98600000000535,0.0,50.98600000000535,726.1077568304951,373.6476746429,1150.7414314734003,777.0937568305004,0.0003835804771578001,20107.9,1
2024-03-25,dual_macro_weather,379.7663999999992,0.0,379.7663999999992,534.4520581632406,1794.03670491795,2708.2551630811895,914.2184581632398,0.0009027517210270632,24160.1,1
2024-03-26,dual_macro_weather,1054.6583999999982,0.0,1054.6583999999982,1532.6705167527516,1328.0945597175,3915.42347647025,2587.32891675275,0.0013051411588234168,34250.15,1
2024-03-27,dual_macro_weather,239.66309999999743,0.0,239.66309999999743,2296.5517068251074,-232.00351542820002,2304.211291396905,2536.214806825105,0.000768070430465635,23803.3,1
2024-03-28,dual_macro_weather,315.6652000000074,0.0,315.6652000000074,7732.814942892866,2489.537304554,10538.017447446873,8048.480142892874,0.003512672482482291,28765.5,1
2024-03-29,dual_macro_weather,670.9085999999932,484.5352500000172,1155.4438500000103,1874.0370875798333,6225.6566692964,9255.137606876244,3029.4809375798436,0.003085045868958748,107099.0,1
2024-04-01,dual_macro_weather,-987.224000000002,2275.0000000000077,1287.7760000000053,561.855195306843,360.56278035445,2210.1939756612983,1849.6311953068484,0.0007367313252204327,107669.5,1
2024-04-02,dual_macro_weather,774.7657000000072,-1449.9999999999968,-675.2342999999896,4565.795841734952,-1133.445497466,2757.1160442689625,3890.5615417349622,0.0009190386814229875,104878.0,1
2024-04-03,dual_macro_weather,-142.21199999999203,-1799.999999999984,-1942.211999999976,9063.533175831053,-840.5098704366,6280.811305394477,7121.321175831077,0.0020936037684648255,152523.5,1
2024-04-08,dual_macro_weather,1735.5809999999956,2574.999999999985,4310.580999999981,1450.9490471946992,-823.8300638568501,4937.69998333783,5761.53004719468,0.0016458999944459435,145468.5,1
2024-04-09,dual_macro_weather,14028.839999999997,-2225.000000000004,11803.839999999993,1314.3113802925623,-3594.035019284,9524.116361008555,13118.151380292555,0.0031747054536695185,147129.25,1
2024-04-10,dual_macro_weather,-19.172,0.0,-19.172,-1245.1726475570863,-1960.56173653355,-3224.9063840906365,-1264.3446475570863,-0.0010749687946968788,0.0,1
2024-04-11,dual_macro_weather,0.0,0.0,0.0,5234.921234181663,-350.08968925325,4884.831544928413,5234.921234181663,0.0016282771816428043,0.0,1
2024-04-12,dual_macro_weather,0.0,0.0,0.0,-2317.6471816490184,592.46990701855,-1725.1772746304684,-2317.6471816490184,-0.0005750590915434895,0.0,1
2024-04-15,dual_macro_weather,0.0,0.0,0.0,1046.312131699181,665.2789450344501,1711.591076733631,1046.312131699181,0.0005705303589112104,0.0,1
2024-04-16,dual_macro_weather,0.0,0.0,0.0,308.3272540581899,-610.0218867648,-301.6946327066101,308.3272540581899,-0.00010056487756887002,0.0,1
2024-04-17,dual_macro_weather,0.0,0.0,0.0,-831.4837856846817,-4095.1653396618503,-4926.649125346532,-831.4837856846817,-0.0016422163751155106,0.0,1
2024-04-18,dual_macro_weather,0.0,0.0,0.0,978.1047595507015,2261.2983643050497,3239.4031238557513,978.1047595507015,0.0010798010412852504,0.0,1
2024-04-19,dual_macro_weather,0.0,0.0,0.0,-3452.054838770868,-5785.6235918887,-9237.678430659567,-3452.054838770868,-0.0030792261435531893,0.0,1
2024-04-22,dual_macro_weather,0.0,0.0,0.0,-4685.333106270337,3251.84190564215,-1433.4912006281875,-4685.333106270337,-0.00047783040020939584,0.0,1
2024-04-23,dual_macro_weather,0.0,0.0,0.0,2174.74584895878,-194.00336306795,1980.7424858908298,2174.74584895878,0.0006602474952969433,0.0,1
2024-04-24,dual_macro_weather,0.0,0.0,0.0,-41.14732724902497,1641.8146475808499,1600.6673203318248,-41.14732724902497,0.0005335557734439416,0.0,1
2024-04-25,dual_macro_weather,0.0,0.0,0.0,1434.5513339984823,-798.72476234635,635.8265716521323,1434.5513339984823,0.00021194219055071077,0.0,1
2024-04-26,dual_macro_weather,0.0,0.0,0.0,-1024.4601733687248,0.0,-1024.4601733687248,-1024.4601733687248,-0.0003414867244562416,0.0,1
2024-04-29,dual_macro_weather,0.0,0.0,0.0,-583.7541929979348,548.57458880875,-35.179604189184715,-583.7541929979348,-1.1726534729728239e-05,0.0,1
2024-04-30,dual_macro_weather,0.0,0.0,0.0,-1169.3209951064825,-1144.28659793555,-2313.6075930420325,-1169.3209951064825,-0.0007712025310140108,0.0,1
2024-05-06,dual_macro_weather,0.0,0.0,0.0,616.1350386990969,-700.9455707531499,-84.81053205405306,616.1350386990969,-2.8270177351351018e-05,0.0,1
2024-05-07,dual_macro_weather,0.0,0.0,0.0,-398.13297296022546,1216.7687163487,818.6357433884746,-398.13297296022546,0.00027287858112949153,0.0,1
2024-05-08,dual_macro_weather,0.0,0.0,0.0,-260.75144230346086,-713.56838105765,-974.3198233611108,-260.75144230346086,-0.0003247732744537036,0.0,1
2024-05-09,dual_macro_weather,0.0,0.0,0.0,4525.803525934988,2001.6278478998001,6527.431373834788,4525.803525934988,0.0021758104579449296,0.0,1
2024-05-10,dual_macro_weather,0.0,0.0,0.0,-1224.4456683352169,-2456.4006414189503,-3680.846309754167,-1224.4456683352169,-0.0012269487699180558,0.0,1
2024-05-13,dual_macro_weather,0.0,0.0,0.0,-969.3015065278832,-1149.8004292687,-2119.1019357965833,-969.3015065278832,-0.0007063673119321944,0.0,1
2024-05-14,dual_macro_weather,0.0,0.0,0.0,1407.3707722131137,-133.2852694026,1274.0855028105136,1407.3707722131137,0.00042469516760350453,0.0,1
2024-05-15,dual_macro_weather,0.0,0.0,0.0,1849.3647910547434,-125.20822838975,1724.1565626649933,1849.3647910547434,0.0005747188542216644,0.0,1
2024-05-16,dual_macro_weather,0.0,0.0,0.0,219.30467630580222,-362.15441920635,-142.84974290054777,219.30467630580222,-4.7616580966849254e-05,0.0,1
2024-05-17,dual_macro_weather,0.0,0.0,0.0,-6.857142857142858,416.45387500009997,409.59673214295714,-6.857142857142858,0.00013653224404765237,0.0,1
2024-05-20,dual_macro_weather,0.0,0.0,0.0,0.0,6861.7139259849,6861.7139259849,0.0,0.0022872379753283,0.0,1
2024-05-21,dual_macro_weather,0.0,0.0,0.0,0.0,180.89041616955,180.89041616955,0.0,6.029680538985e-05,0.0,1
2024-05-22,dual_macro_weather,0.0,0.0,0.0,0.0,-3867.29803584245,-3867.29803584245,0.0,-0.0012890993452808167,0.0,1
2024-05-23,dual_macro_weather,0.0,0.0,0.0,0.0,2996.3404191664,2996.3404191664,0.0,0.0009987801397221333,0.0,1
2024-05-24,dual_macro_weather,0.0,0.0,0.0,0.0,1657.3801498596,1657.3801498596,0.0,0.0005524600499532,0.0,1
2024-05-27,dual_macro_weather,684.0000000000088,0.0,684.0000000000088,0.0,228.33258468649998,912.3325846865088,684.0000000000088,0.0003041108615621696,41467.15,1
2024-05-28,dual_macro_weather,2589.585499999989,0.0,2589.585499999989,0.0,-1273.64068088585,1315.9448191141391,2589.585499999989,0.00043864827303804636,47410.5,1
2024-05-29,dual_macro_weather,543.1645000000209,0.0,543.1645000000209,0.0,1014.9709485230501,1558.1354485230709,543.1645000000209,0.0005193784828410236,50341.5,1
2024-05-30,dual_macro_weather,-4250.000000000002,0.0,-4250.000000000002,0.0,5135.73181598965,885.7318159896486,-4250.000000000002,0.0002952439386632162,39490.4,1
2024-05-31,dual_macro_weather,-4882.623000000006,0.0,-4882.623000000006,0.0,2045.6959587781498,-2836.927041221856,-4882.623000000006,-0.000945642347073952,39760.25,1
2024-06-03,dual_macro_weather,-122.42099999980044,0.0,-122.42099999980044,0.0,-312.8912772648,-435.3122772646004,-122.42099999980044,-0.00014510409242153346,54088.5,1
2024-06-04,dual_macro_weather,-1091.180999999996,0.0,-1091.180999999996,-1828.294870645744,-467.87328485425,-3387.3491554999896,-2919.4758706457396,-0.0011291163851666632,44421.25,1
2024-06-05,dual_macro_weather,-729.7120000000002,0.0,-729.7120000000002,5730.393907465453,-827.4750945889999,4173.206812876452,5000.681907465452,0.001391068937625484,41509.25,1
2024-06-06,dual_macro_weather,2678.7729999999983,0.0,2678.7729999999983,95.9880853880126,1451.6961171499,4226.457202537911,2774.761085388011,0.0014088190675126371,27001.4,1
2024-06-07,dual_macro_weather,1081.7464999999995,0.0,1081.7464999999995,-12105.181447929102,104.34057367105,-10919.094374258053,-11023.434947929103,-0.003639698124752684,44676.1,1
2024-06-11,dual_macro_weather,-570.7730000000563,0.0,-570.7730000000563,2296.9484659627255,156.67434681165,1882.8498127743192,1726.1754659626693,0.0006276166042581063,25708.6,1
2024-06-12,dual_macro_weather,-1584.5939999999994,0.0,-1584.5939999999994,178.24359036445165,891.54982522255,-514.8005844129978,-1406.3504096355477,-0.00017160019480433257,19272.1,1
2024-06-13,dual_macro_weather,-1790.8245000000009,0.0,-1790.8245000000009,-41.14510023830312,-839.28137369785,-2671.250973936154,-1831.9696002383039,-0.0008904169913120513,25088.5,1
2024-06-14,dual_macro_weather,2269.49499999997,0.0,2269.49499999997,726.1579202494636,1578.3037966014501,4573.956716850884,2995.6529202494335,0.0015246522389502947,84627.1,1
2024-06-17,dual_macro_weather,4105.371999999957,0.0,4105.371999999957,534.4791313518325,1063.38369932525,5703.234830677039,4639.851131351789,0.0019010782768923463,84759.79999999999,1
2024-06-18,dual_macro_weather,1359.9999999998563,0.0,1359.9999999998563,1505.5736144242899,1804.36987016205,4669.943484586196,2865.5736144241464,0.0015566478281953987,84896.5,1
2024-06-19,dual_macro_weather,-3383.350000000128,0.0,-3383.350000000128,3263.661841603181,-819.796238914,-939.4843973109471,-119.68815839694707,-0.0003131614657703157,74149.2,1
2024-06-20,dual_macro_weather,-2639.723999999987,0.0,-2639.723999999987,1655.8473227202683,-3649.46739177255,-4633.344069052268,-983.8766772797187,-0.0015444480230174227,77211.0,1
2024-06-21,dual_macro_weather,4854.307999999972,0.0,4854.307999999972,-5719.994353034146,1180.68042270875,314.9940696745757,-865.6863530341743,0.00010499802322485857,100021.2,1
2024-06-24,dual_macro_weather,2098.17599999993,0.0,2098.17599999993,685.0952609099063,-1305.7740137351,1477.4972471747362,2783.271260909836,0.0004924990823915788,89450.5,1
2024-06-25,dual_macro_weather,-1856.1113999999936,0.0,-1856.1113999999936,-2600.8799535338862,1679.7001474897,-2777.2912060441804,-4456.99135353388,-0.0009257637353480601,60069.25,1
2024-06-26,dual_macro_weather,145.52500000000293,0.0,145.52500000000293,-2007.615675771767,5219.84340076775,3357.752724995986,-1862.090675771764,0.0011192509083319954,29787.1,1
2024-06-27,dual_macro_weather,229.2999999999343,0.0,229.2999999999343,4037.6386389772774,1302.52774607105,5569.466385048261,4266.938638977212,0.0018564887950160871,78573.75,1
2024-06-28,dual_macro_weather,1019.1689999999912,0.0,1019.1689999999912,41.14062701654523,3223.26176045995,4283.571387476486,1060.3096270165365,0.0014278571291588286,42132.0,1
2024-07-01,dual_macro_weather,893.0000000000064,0.0,893.0000000000064,698.7873320561971,-2513.94046991065,-922.1531378544464,1591.7873320562035,-0.0003073843792848155,36733.75,1
2024-07-02,dual_macro_weather,-1298.8499999999874,0.0,-1298.8499999999874,2324.336906939956,400.5096776348,1425.9965845747686,1025.4869069399685,0.0004753321948582562,62216.5,1
2024-07-03,dual_macro_weather,127.99599999999626,0.0,127.99599999999626,1792.3819464307028,-489.38392167640006,1430.994024754299,1920.377946430699,0.00047699800825143303,94591.25,1
2024-07-04,dual_macro_weather,948.3260000000056,0.0,948.3260000000056,958.8076081838445,-428.6760597556,1478.45754842825,1907.1336081838501,0.0004928191828094166,42907.3,1
2024-07-05,dual_macro_weather,-1247.7771000000034,0.0,-1247.7771000000034,794.6117552305436,2010.8298434586502,1557.6644986891904,-453.1653447694598,0.0005192214995630635,39993.05,1
2024-07-08,dual_macro_weather,495.2294999999992,0.0,495.2294999999992,-1428.9166174165716,1090.7204927101,157.03337529352757,-933.6871174165724,5.234445843117586e-05,81301.25,1
2024-07-09,dual_macro_weather,-639.3641999999943,0.0,-639.3641999999943,1683.1833053438563,870.2706845664001,1914.089789910262,1043.819105343862,0.0006380299299700873,31417.1,1
2024-07-10,dual_macro_weather,1423.4099999999708,0.0,1423.4099999999708,1396.340412140363,1717.92496012585,4537.675372266183,2819.7504121403335,0.0015125584574220612,44613.25,1
2024-07-11,dual_macro_weather,363.4524999999988,0.0,363.4524999999988,2147.2092765207294,1302.28124235825,3812.9430188789784,2510.6617765207284,0.0012709810062929928,22841.7,1
2024-07-12,dual_macro_weather,1024.5000000000114,0.0,1024.5000000000114,-109.72966658102848,866.45418111245,1781.2245145314328,914.7703334189829,0.0005937415048438109,42022.95,1
2024-07-15,dual_macro_weather,718.9999999998482,0.0,718.9999999998482,4323.453619244821,792.7439979086499,5835.19761715332,5042.453619244669,0.0019450658723844398,49848.45,1
2024-07-16,dual_macro_weather,368.2257499999676,0.0,368.2257499999676,4513.5826424258985,-636.8973105081,4244.911081917766,4881.808392425866,0.0014149703606392552,79000.5,1
2024-07-17,dual_macro_weather,-3268.699999999992,0.0,-3268.699999999992,-13.714285714285715,-1160.10113430905,-4442.515420023328,-3282.414285714278,-0.0014808384733411095,90412.35,1
2024-07-18,dual_macro_weather,-3056.999999999851,0.0,-3056.999999999851,0.0,694.7678840284,-2362.232115971451,-3056.999999999851,-0.000787410705323817,85505.7,1
2024-07-19,dual_macro_weather,4780.270749999974,0.0,4780.270749999974,0.0,-289.9560567146,4490.314693285374,4780.270749999974,0.001496771564428458,71737.0,1
2024-07-22,dual_macro_weather,3210.000000000229,0.0,3210.000000000229,0.0,638.7934924123499,3848.7934924125793,3210.000000000229,0.0012829311641375264,71709.45,1
2024-07-23,dual_macro_weather,373.523999999825,0.0,373.523999999825,0.0,-985.8552609488501,-612.3312609490251,373.523999999825,-0.0002041104203163417,93202.55,1
2024-07-24,dual_macro_weather,5032.70000000016,0.0,5032.70000000016,0.0,-461.2551359317,4571.4448640684595,5032.70000000016,0.0015238149546894866,85371.5,1
2024-07-25,dual_macro_weather,2459.6999999999825,0.0,2459.6999999999825,1409.916573569835,1796.9240580179,5666.540631587718,3869.616573569818,0.001888846877195906,72908.9,1
2024-07-26,dual_macro_weather,5360.318000000015,0.0,5360.318000000015,2705.8627538778655,996.4882784816501,9062.66903235953,8066.18075387788,0.0030208896774531766,55031.9,1
2024-07-29,dual_macro_weather,6226.762000000139,0.0,6226.762000000139,561.8769072837216,826.64448646465,7615.28339374851,6788.63890728386,0.00253842779791617,68049.7,1
2024-07-30,dual_macro_weather,-4199.800000000121,0.0,-4199.800000000121,2828.492299287375,-1939.8461254331,-3311.1538261458463,-1371.3077007127463,-0.0011037179420486155,73062.5,1
2024-07-31,dual_macro_weather,2786.0000000001146,0.0,2786.0000000001146,3155.193121337385,761.1517962243,6702.344917561799,5941.193121337499,0.0022341149725206,65122.1,1
2024-08-01,dual_macro_weather,-51.66800000011175,0.0,-51.66800000011175,1983.5558326630417,-219.9366132149,1711.9512194480299,1931.88783266293,0.0005706504064826766,68186.0,1
2024-08-02,dual_macro_weather,2404.799999999973,-3631.5999999999913,-1226.8000000000184,-9760.791827420428,1558.34609564125,-9429.245731779196,-10987.591827420445,-0.003143081910593065,149970.35,1
2024-08-05,dual_macro_weather,-434.19999999994906,2899.9999999999936,2465.8000000000447,-4108.689930964817,3732.13951962425,2089.249588659478,-1642.8899309647722,0.0006964165295531593,161368.0,1
2024-08-06,dual_macro_weather,2245.999999999611,775.0000000000273,3020.9999999996385,1300.6354586449143,-1491.4085790843,2830.226879560252,4321.635458644552,0.0009434089598534174,158485.55,1
2024-08-07,dual_macro_weather,-1161.9999999999227,-550.0000000000168,-1711.9999999999395,-150.88690341000648,4685.1437598229,2822.256856412954,-1862.886903409946,0.0009407522854709847,147820.6,1
2024-08-08,dual_macro_weather,-1396.2999999999386,900.0000000000131,-496.2999999999255,3222.947756728334,-2991.47120401945,-264.8234472910417,2726.6477567284082,-8.827448243034723e-05,139922.5,1
2024-08-09,dual_macro_weather,-15397.300000000032,4649.99999999998,-10747.300000000052,-13.714285714285715,4766.9363130425,-5994.077972671838,-10761.014285714338,-0.0019980259908906127,181774.0,1
2024-08-12,dual_macro_weather,-14.343,0.0,-14.343,0.0,2975.9078082048,2961.5648082048,-14.343,0.0009871882694016,0.0,1
2024-08-13,dual_macro_weather,0.0,0.0,0.0,0.0,84.02198013935,84.02198013935,0.0,2.800732671311667e-05,0.0,1
2024-08-14,dual_macro_weather,0.0,0.0,0.0,0.0,-73.650974699,-73.650974699,0.0,-2.4550324899666667e-05,0.0,1
2024-08-15,dual_macro_weather,0.0,0.0,0.0,0.0,-623.0101675042499,-623.0101675042499,0.0,-0.00020767005583474999,0.0,1
2024-08-16,dual_macro_weather,0.0,0.0,0.0,0.0,-792.1684231324999,-792.1684231324999,0.0,-0.0002640561410441666,0.0,1
2024-08-19,dual_macro_weather,0.0,0.0,0.0,0.0,-301.0424890201,-301.0424890201,0.0,-0.00010034749634003333,0.0,1
2024-08-20,dual_macro_weather,0.0,0.0,0.0,0.0,-2004.84854656465,-2004.84854656465,0.0,-0.0006682828488548833,0.0,1
2024-08-21,dual_macro_weather,0.0,0.0,0.0,0.0,732.58393032225,732.58393032225,0.0,0.00024419464344075,0.0,1
2024-08-22,dual_macro_weather,0.0,0.0,0.0,0.0,1763.33350684385,1763.33350684385,0.0,0.0005877778356146167,0.0,1
2024-08-23,dual_macro_weather,0.0,0.0,0.0,0.0,-2848.6629203611,-2848.6629203611,0.0,-0.0009495543067870334,0.0,1
2024-08-26,dual_macro_weather,0.0,0.0,0.0,0.0,-451.43574116565,-451.43574116565,0.0,-0.00015047858038855,0.0,1
2024-08-27,dual_macro_weather,0.0,0.0,0.0,0.0,810.1003304937,810.1003304937,0.0,0.0002700334434979,0.0,1
2024-08-28,dual_macro_weather,0.0,0.0,0.0,0.0,-1040.7595887406999,-1040.7595887406999,0.0,-0.0003469198629135666,0.0,1
2024-08-29,dual_macro_weather,0.0,0.0,0.0,0.0,1522.6929623914,1522.6929623914,0.0,0.0005075643207971333,0.0,1
2024-08-30,dual_macro_weather,0.0,0.0,0.0,0.0,2652.4558023411,2652.4558023411,0.0,0.0008841519341137,0.0,1
2024-09-02,dual_macro_weather,0.0,0.0,0.0,0.0,166.6944274822,166.6944274822,0.0,5.5564809160733336e-05,0.0,1
2024-09-03,dual_macro_weather,0.0,0.0,0.0,0.0,2426.4306030333,2426.4306030333,0.0,0.0008088102010111,0.0,1
2024-09-04,dual_macro_weather,0.0,0.0,0.0,0.0,1542.632445012,1542.632445012,0.0,0.000514210815004,0.0,1
2024-09-05,dual_macro_weather,0.0,0.0,0.0,0.0,49.56013688600636,49.56013688600636,0.0,1.6520045628668786e-05,0.0,1
2024-09-06,dual_macro_weather,0.0,0.0,0.0,0.0,-714.8930099575,-714.8930099575,0.0,-0.00023829766998583333,0.0,1
2024-09-09,dual_macro_weather,0.0,0.0,0.0,0.0,2850.8316246833,2850.8316246833,0.0,0.0009502772082277666,0.0,1
2024-09-10,dual_macro_weather,0.0,0.0,0.0,0.0,2916.453156655,2916.453156655,0.0,0.0009721510522183333,0.0,1
2024-09-11,dual_macro_weather,0.0,0.0,0.0,-301.93323906501325,968.07613044465,666.1428913796367,-301.93323906501325,0.0002220476304598789,0.0,1
2024-09-12,dual_macro_weather,0.0,0.0,0.0,2859.300901609983,1977.0264326597498,4836.327334269733,2859.300901609983,0.0016121091114232444,0.0,1
2024-09-13,dual_macro_weather,0.0,0.0,0.0,-226.4129841002009,6182.6967695128005,5956.283785412599,-226.4129841002009,0.0019854279284708663,0.0,1
2024-09-18,dual_macro_weather,0.0,0.0,0.0,-315.6762169512783,2521.6429403587,2205.9667234074213,-315.6762169512783,0.0007353222411358071,0.0,1
2024-09-19,dual_macro_weather,0.0,0.0,0.0,2324.7744737952758,2739.6309851324,5064.405458927676,2324.7744737952758,0.0016881351529758918,0.0,1
2024-09-20,dual_macro_weather,-1159.0000000000616,3425.0000000000027,2265.999999999941,-13.714285714285715,1779.82484273585,4032.110557021505,2252.285714285655,0.0013440368523405016,112802.1,1
2024-09-23,dual_macro_weather,-2910.499999999909,2175.984999999994,-734.5149999999148,0.0,-2770.9779719983,-3505.4929719982147,-734.5149999999148,-0.0011684976573327383,104528.95,1
2024-09-24,dual_macro_weather,1105.9999999999995,-574.9999999999964,531.0000000000032,0.0,606.3797769608001,1137.3797769608032,531.0000000000032,0.00037912659232026773,101296.85,1
2024-09-25,dual_macro_weather,1062.800000000008,199.99999999999451,1262.800000000003,0.0,-1452.70658187135,-189.90658187134704,1262.800000000003,-6.330219395711568e-05,92955.85,1
2024-09-26,dual_macro_weather,2795.315999999983,-62.49999999997726,2732.8160000000057,0.0,-3376.92752057275,-644.1115205727442,2732.8160000000057,-0.00021470384019091473,130663.1,1
2024-09-27,dual_macro_weather,2849.9999999999864,-1987.684999999983,862.3150000000035,0.0,-3694.51917502715,-2832.2041750271464,862.3150000000035,-0.0009440680583423822,132848.9,1
2024-09-30,dual_macro_weather,-9021.183800000004,2851.265000000002,-6169.9188,0.0,-1959.7047225784,-8129.6235225784,-6169.9188,-0.0027098745075261332,82980.75,1
2024-10-08,dual_macro_weather,-1202.603399999996,-250.00000000000043,-1452.6033999999963,-5425.2528375096745,1999.74823962755,-4878.107997882121,-6877.856237509671,-0.0016260359992940402,58428.8,1
2024-10-09,dual_macro_weather,998.9219999999988,5814.902499999989,6813.824499999988,1382.7785979828411,-538.40652665505,7658.196571327779,8196.603097982828,0.002552732190442593,68958.0,1
2024-10-10,dual_macro_weather,97.60000000000508,3789.5000000000114,3887.100000000016,4622.739474077444,2417.27848317315,10927.11795725061,8509.83947407746,0.00364237265241687,46673.75,1
2024-10-11,dual_macro_weather,-793.0000000000053,1749.9999999999905,956.9999999999852,3903.682202980951,-486.55788435155,4374.124318629387,4860.682202980936,0.0014580414395431289,64998.25,1
2024-10-14,dual_macro_weather,-4645.41200000001,370.9650000000093,-4274.447000000001,274.1950662919665,-2112.7717863336998,-6113.023720041734,-4000.2519337080344,-0.002037674573347245,138216.3,1
2024-10-15,dual_macro_weather,1804.4720000000025,737.4999999999773,2541.97199999998,5733.925345418611,-503.4600602499,7772.43728516869,8275.89734541859,0.0025908124283895635,85073.05,1
2024-10-16,dual_macro_weather,303.02400000000046,4325.000000000003,4628.024000000003,1505.8739875491087,3469.7207688926,9603.618756441712,6133.897987549111,0.0032012062521472374,131906.7,1
2024-10-17,dual_macro_weather,998.2509999999888,-2062.4999999999936,-1064.2490000000048,3373.916300717519,-1706.4346359836,603.2326647339141,2309.667300717514,0.0002010775549113047,132669.2,1
2024-10-18,dual_macro_weather,-2190.980000000008,2399.999999999992,209.0199999999832,4488.25805580934,-745.0510054829,3952.2270503264226,4697.278055809323,0.0013174090167754743,114845.75,1
2024-10-21,dual_macro_weather,-2746.6060000000134,-1018.7499999999872,-3765.3560000000007,589.3105089856095,-1202.8100371866499,-4378.855528201041,-3176.0454910143912,-0.001459618509400347,154596.95,1
2024-10-22,dual_macro_weather,2973.62,2325.000000000022,5298.620000000022,2434.2530113959065,3514.6794634867,11247.552474882628,7732.873011395928,0.0037491841582942094,128485.0,1
2024-10-23,dual_macro_weather,3079.999999999985,-437.49999999999454,2642.499999999991,-3857.117642019226,1757.9462308426,543.328588823365,-1214.617642019235,0.0001811095296077883,129428.05,1
2024-10-24,dual_macro_weather,-2935.4999999999964,2124.9999999999936,-810.5000000000027,260.49240619501643,444.5310880089,-105.47650579608631,-550.0075938049863,-3.51588352653621e-05,136526.05,1
2024-10-25,dual_macro_weather,2722.2600000000043,-1949.999999999979,772.2600000000252,1259.8655210664008,-177.9040160451,1854.221505021326,2032.125521066426,0.0006180738350071087,96493.75,1
2024-10-28,dual_macro_weather,1425.3079999999893,1978.5249999999976,3403.832999999987,3496.633496825232,1789.66548133,8690.13197815522,6900.466496825219,0.0028967106593850733,132447.5,1
2024-10-29,dual_macro_weather,3428.999999999982,4688.5975,8117.597499999982,4705.851111807405,5902.42825767645,18725.876869483836,12823.448611807387,0.006241958956494612,155276.7,1
2024-10-30,dual_macro_weather,831.9819999999944,987.4999999999978,1819.481999999992,-1855.3418813572903,1717.04413541505,1681.1842540577518,-35.85988135729826,0.000560394751352584,175160.4,1
2024-10-31,dual_macro_weather,520.0000000000027,-2875.0000000000005,-2354.9999999999977,-4216.835228075599,-4619.0278651512,-11190.863093226797,-6571.835228075597,-0.0037302876977422655,175342.75,1
2024-11-01,dual_macro_weather,-19.9999999999931,-902.5000000000068,-922.5,-3055.2883803764717,-568.1418416918999,-4545.930222068371,-3977.7883803764717,-0.0015153100740227905,147953.7,1
2024-11-04,dual_macro_weather,-324.9999999999956,274.2175000000075,-50.78249999998815,-205.76334317579165,1752.6573436118501,1496.1115004360704,-256.5458431757798,0.0004987038334786901,145548.0,1
2024-11-05,dual_macro_weather,3315.0,5825.000000000002,9140.000000000002,-768.6846737143951,531.5969243489,8902.912250634507,8371.315326285607,0.0029676374168781687,156918.8,1
2024-11-06,dual_macro_weather,722.7599999999836,-2500.0000000000223,-1777.240000000039,-8671.90636810841,-317.21605145825,-10766.3624195667,-10449.14636810845,-0.0035887874731889,120282.3,1
2024-11-07,dual_macro_weather,3288.561499999986,-675.0000000000082,2613.561499999978,2924.6962052233316,920.80049975735,6459.05820498066,5538.25770522331,0.0021530194016602198,135761.3,1
2024-11-08,dual_macro_weather,1092.0000000000146,900.0000000000068,1992.0000000000211,205.66449524858118,2961.28003233795,5158.944527586553,2197.664495248602,0.0017196481758621842,141857.9,1
2024-11-11,dual_macro_weather,501.99999999999886,1837.442500000004,2339.442500000003,-6982.760449458323,1075.6778044353,-3567.64014502302,-4643.31794945832,-0.00118921338167434,149828.55,1
2024-11-12,dual_macro_weather,-1674.4999999999754,1099.9999999999989,-574.4999999999766,-754.9669173672954,-761.8103823451501,-2091.277299712422,-1329.466917367272,-0.0006970924332374741,155369.95,1
2024-11-13,dual_macro_weather,-4487.560000000022,-749.9999999999691,-5237.559999999991,-8017.082203200972,1194.39387592515,-12060.248327275813,-13254.642203200963,-0.004020082775758604,176537.75,1
2024-11-14,dual_macro_weather,1066.1680000000035,2749.9999999999964,3816.168,205.66262120761562,1958.2414591794998,5980.072080387115,4021.830621207616,0.0019933573601290384,146507.75,1
2024-11-15,dual_macro_weather,-904.999999999952,1162.5000000000011,257.5000000000491,5029.566473079215,-231.41284364925,5055.653629430014,5287.066473079264,0.0016852178764766713,158272.65,1
2024-11-18,dual_macro_weather,314.4299999999977,-1669.5324999999889,-1355.102499999991,6315.097585975229,405.91762776484995,5365.912713740088,4959.995085975238,0.001788637571246696,68208.3,1
2024-11-19,dual_macro_weather,-698.0000000000136,-1662.499999999994,-2360.500000000008,397.52656452768423,1652.9959575778,-309.9774778945239,-1962.973435472324,-0.00010332582596484129,88715.85,1
2024-11-20,dual_macro_weather,297.6740000000232,-1625.000000000005,-1327.3259999999818,5016.8775136593595,1287.84689675945,4977.398410418828,3689.5515136593776,0.0016591328034729425,98447.8,1
2024-11-21,dual_macro_weather,1210.6820000001214,4499.99999999999,5710.682000000112,5464.273661809917,368.76420425080005,11543.719866060828,11174.955661810029,0.003847906622020276,126887.25,1
2024-11-22,dual_macro_weather,1518.295500000037,-2712.500000000005,-1194.204499999968,-6188.110802261968,1899.9925429231,-5482.3227593388365,-7382.315302261936,-0.0018274409197796121,98465.75,1
2024-11-25,dual_macro_weather,797.5750000000894,1726.6849999999968,2524.260000000086,-5660.309529061166,139.22228033775,-2996.8272487233303,-3136.04952906108,-0.00099894241624111,107611.125,1
2024-11-26,dual_macro_weather,-1130.3119999997236,1199.9999999999973,69.68800000027363,3700.232351276474,-696.5874775668001,3073.332873709948,3769.920351276748,0.0010244442912366494,120961.475,1
2024-11-27,dual_macro_weather,3291.6475000000382,625.000000000015,3916.647500000053,-2213.7700435935326,1444.8403094531,3147.71776585962,1702.8774564065202,0.0010492392552865402,133240.6,1
2024-11-28,dual_macro_weather,2668.3200000001266,1062.4999999999895,3730.820000000116,3741.0719293684683,398.4949238167,7870.386853185285,7471.891929368585,0.002623462284395095,118888.6,1
2024-11-29,dual_macro_weather,5375.231499999952,3663.5899999999847,9038.821499999936,-3691.395120394749,-1052.65291507035,4294.773464534837,5347.426379605187,0.0014315911548449457,134587.375,1
2024-12-02,dual_macro_weather,129.48299999979696,-3700.8637500000023,-3571.380750000206,4012.8513884124845,1338.63756354795,1780.1082019602288,441.47063841227873,0.0005933694006534096,152830.675,1
2024-12-03,dual_macro_weather,373.99599999992176,2512.50000000001,2886.495999999932,-713.74066207937,-580.8175069994,1591.937830921162,2172.755337920562,0.0005306459436403873,154220.625,1
2024-12-04,dual_macro_weather,50.722000000001415,1512.5000000000173,1563.2220000000186,109.70013101077208,-1253.7717949921498,419.1503360186409,1672.9221310107907,0.00013971677867288031,117853.625,1
2024-12-05,dual_macro_weather,1567.000000000001,-8599.99999999998,-7032.999999999979,-2048.3540686083784,461.1777828909,-8620.176285717458,-9081.354068608358,-0.0028733920952391527,115671.775,1
2024-12-06,dual_macro_weather,-3388.1500000000005,-2025.0000000000043,-5413.150000000005,2243.187226418357,459.48255580414997,-2710.480217777498,-3169.962773581648,-0.0009034934059258328,125733.125,1
2024-12-09,dual_macro_weather,-2596.6179999999977,1095.9943750000202,-1500.6236249999774,1656.2006966580334,20.845493252673457,176.42256491072942,155.57707165805596,5.880752163690981e-05,106493.05,1
2024-12-10,dual_macro_weather,30.55499999999939,-3624.9999999999854,-3594.444999999987,3754.8746502969466,2157.2338733891497,2317.6635236861093,160.4296502969596,0.0007725545078953698,124124.25,1
2024-12-11,dual_macro_weather,-250.66399999998052,737.4999999999972,486.8360000000166,3033.865341069609,155.38165579710002,3676.0829968667254,3520.7013410696254,0.0012253609989555752,141574.875,1
2024-12-12,dual_macro_weather,-1308.503000000003,2281.6631249999973,973.1601249999942,-3898.604253000498,520.4079825832999,-2405.036145417204,-2925.444128000504,-0.000801678715139068,109773.125,1
2024-12-13,dual_macro_weather,2438.9320000000776,-187.49999999999451,2251.432000000083,-4064.8651021833634,-2416.84200528935,-4230.27510747263,-1813.4331021832804,-0.0014100917024908767,98302.75,1
2024-12-16,dual_macro_weather,-430.31750000007054,2932.8775000000014,2502.559999999931,-384.17317728693604,-52.7438071449,2065.6430155680946,2118.3868227129947,0.0006885476718560315,150966.6,1
2024-12-17,dual_macro_weather,-874.9359999999025,37.49999999999625,-837.4359999999062,-329.27019334814804,-1435.89309644015,-2602.5992897882043,-1166.7061933480543,-0.000867533096596068,152816.625,1
2024-12-18,dual_macro_weather,-822.3198999999742,450.00000000001353,-372.3198999999606,-3594.5770110981257,1824.8022880999501,-2142.094622998136,-3966.896911098086,-0.0007140315409993786,138280.55,1
2024-12-19,dual_macro_weather,1855.8696000000343,-1182.5000000000248,673.3696000000095,150.83016583481532,-388.87570750335004,435.32405833147476,824.1997658348248,0.0001451080194438249,114262.75,1
2024-12-20,dual_macro_weather,-3933.9243999999712,637.4999999999986,-3296.4243999999726,4325.179886262614,-416.89334174635,611.8621445162912,1028.7554862626412,0.00020395404817209707,150651.0,1
2024-12-23,dual_macro_weather,-1298.1155000000304,-1478.831249999992,-2776.9467500000223,-1772.82488818615,593.32824377705,-3956.443394409122,-4549.771638186172,-0.0013188144648030406,143797.425,1
2024-12-24,dual_macro_weather,1178.457000000006,-1637.499999999999,-459.042999999993,917.8639491247752,1195.7304214316,1654.5513705563822,458.8209491247822,0.000551517123518794,140249.275,1
2024-12-25,dual_macro_weather,1226.984100000005,4937.499999999978,6164.484099999983,561.9143872293274,1686.6732252256,8413.07171245491,6726.39848722931,0.00280435723748497,143448.375,1
2024-12-26,dual_macro_weather,-650.9999999999982,2699.9999999999964,2048.999999999998,520.8242828074663,-535.8611533966,2033.9631294108644,2569.8242828074644,0.0006779877098036215,114161.375,1
2024-12-27,dual_macro_weather,782.207,950.0000000000094,1732.2070000000094,-1717.7407497726063,-150.30992280135,-135.84367257394683,14.46625022740318,-4.528122419131561e-05,114037.125,1
2024-12-30,dual_macro_weather,1818.9999999999927,681.2924999999836,2500.292499999977,41.14086449544214,846.14844859125,3387.581813086669,2541.433364495419,0.0011291939376955563,123957.0,1
2024-12-31,dual_macro_weather,-1500.9999999999982,-212.4999999999961,-1713.4999999999943,3210.6919281191217,0.0,1497.1919281191274,1497.1919281191274,0.0004990639760397091,122277.25,1
2025-01-02,dual_macro_weather,2637.0882000000115,-400.0000000000073,2237.088200000004,3265.253766440714,0.0,5502.341966440717,5502.341966440717,0.0018341139888135725,116577.15,1
2025-01-03,dual_macro_weather,-821.2922999999947,-2549.999999999985,-3371.29229999998,-1951.8292881437121,0.0,-5323.121588143692,-5323.121588143692,-0.001774373862714564,119945.55,1
2025-01-06,dual_macro_weather,201.24159999999216,-3812.4999999999873,-3611.258399999995,-96.01071178091507,68.7001940898,-3638.5689176911105,-3707.2691117809104,-0.0012128563058970369,113796.15,1
2025-01-07,dual_macro_weather,-1356.000000000001,1346.0849999999891,-9.91500000001156,1902.0741177189097,137.51376524385,2029.6728829627482,1892.1591177188982,0.0006765576276542494,100331.625,1
2025-01-08,dual_macro_weather,93.66860000000152,3024.9999999999973,3118.6685999999986,2475.182168542571,68.81365436655,5662.66442290912,5593.85076854257,0.0018875548076363732,115744.0,1
2025-01-09,dual_macro_weather,4735.691000000003,-1125.0000000000005,3610.691000000003,2802.372726032973,-412.3148323331,6000.748893699876,6413.063726032976,0.002000249631233292,120588.125,1
2025-01-10,dual_macro_weather,-1588.4950999999924,424.99999999999136,-1163.495100000001,1396.6247830513032,-752.3962524751499,-519.2665694238477,233.1296830513022,-0.0001730888564746159,103518.75,1
2025-01-13,dual_macro_weather,2345.1000000000004,-332.49999999998727,2012.600000000013,-3442.037835718509,-1356.4973057068498,-2785.935141425346,-1429.437835718496,-0.000928645047141782,97058.9,1
2025-01-14,dual_macro_weather,-521.7179999999862,516.5625000000143,-5.15549999997188,2202.4192159174913,744.2511837634501,2941.5148996809694,2197.263715917519,0.0009805049665603232,140538.575,1
2025-01-15,dual_macro_weather,1154.3269999999932,2424.999999999981,3579.326999999974,1519.6435992115657,-1952.63868235465,3146.3319168568896,5098.97059921154,0.0010487773056189632,153659.925,1
2025-01-16,dual_macro_weather,-478.33900000000943,987.49999999997,509.16099999996055,917.8969743611802,602.73355463465,2029.791528995791,1427.0579743611409,0.0006765971763319303,141431.0,1
2025-01-17,dual_macro_weather,1344.587000000004,-3550.0000000000136,-2205.4130000000096,-631.3098593950535,336.1120605383,-2500.6107988567633,-2836.722859395063,-0.0008335369329522545,162719.025,1
2025-01-20,dual_macro_weather,-4113.45,-275.0000000000091,-4388.450000000009,123.41123649602966,202.10190336315,-4062.9368601408296,-4265.03876350398,-0.0013543122867136098,137030.45,1
2025-01-21,dual_macro_weather,-666.0669999999996,1411.5400000000134,745.4730000000138,3673.744337307569,405.18674052135,4824.404077828933,4419.217337307583,0.0016081346926096443,142086.15,1
2025-01-22,dual_macro_weather,-119.22599999999886,-25.000000000010232,-144.2260000000091,589.3222571117195,682.7179977428,1127.8142548545104,445.09625711171043,0.0003759380849515035,116837.725,1
2025-01-23,dual_macro_weather,-515.0604999999989,-1362.4999999999998,-1877.560499999999,1806.6030929357585,806.5511077034,735.5937006391596,-70.95740706424044,0.0002451979002130532,117493.875,1
2025-01-24,dual_macro_weather,-1652.9719999999377,3099.9999999999877,1447.0280000000496,-1002.2693206305348,-665.83955606555,-221.08087669603526,444.75867936951477,-7.369362556534509e-05,135782.8,1
2025-01-27,dual_macro_weather,2080.037999999784,7337.499999999998,9417.537999999782,15657.0140840888,1056.0002264481,26130.55231053668,25074.55208408858,0.008710184103512228,150947.6,1
2025-02-05,dual_macro_weather,-2127.1960000000063,-1387.4124999999844,-3514.6084999999907,-1194.6912844140634,-2737.20256038375,-7446.502344797804,-4709.299784414054,-0.0024821674482659348,91795.3,1
2025-02-06,dual_macro_weather,-237.0000000000047,-2287.5000000000077,-2524.500000000012,-13.714285714285715,-474.05676539154996,-3012.2710511058476,-2538.2142857142976,-0.0010040903503686159,95647.875,1
2025-02-07,dual_macro_weather,560.923999999992,162.49999999998636,723.4239999999784,0.0,1424.2736072581,2147.6976072580783,723.4239999999784,0.0007158992024193595,108398.95,1
2025-02-10,dual_macro_weather,-1511.859400000004,2328.797499999995,816.9380999999912,0.0,1427.4973407472999,2244.435440747291,816.9380999999912,0.0007481451469157637,121017.575,1
2025-02-11,dual_macro_weather,3317.564699999995,2762.5000000000005,6080.064699999995,0.0,245.31165655550004,6325.3763565554955,6080.064699999995,0.0021084587855184985,148329.2,1
2025-02-12,dual_macro_weather,-1238.811099999988,1844.0679999999963,605.2569000000083,0.0,2000.2652318775001,2605.5221318775084,605.2569000000083,0.0008685073772925028,148301.975,1
2025-02-13,dual_macro_weather,13271.580500000004,-3599.9999999999927,9671.580500000013,0.0,852.87168752605,10524.452187526063,9671.580500000013,0.0035081507291753545,140537.325,1
2025-02-14,dual_macro_weather,-81.59100000000001,0.0,-81.59100000000001,0.0,-1256.98978286325,-1338.58078286325,-81.59100000000001,-0.00044619359428775003,0.0,1
2025-02-17,dual_macro_weather,0.0,0.0,0.0,0.0,-904.9705232793001,-904.9705232793001,0.0,-0.00030165684109310003,0.0,1
2025-02-18,dual_macro_weather,0.0,0.0,0.0,0.0,1201.7483583348,1201.7483583348,0.0,0.00040058278611160004,0.0,1
2025-02-19,dual_macro_weather,0.0,0.0,0.0,0.0,-189.28244552315002,-189.28244552315002,0.0,-6.309414850771667e-05,0.0,1
2025-02-20,dual_macro_weather,0.0,0.0,0.0,0.0,252.31295362395002,252.31295362395002,0.0,8.410431787465e-05,0.0,1
2025-02-21,dual_macro_weather,0.0,0.0,0.0,0.0,-568.4220321453,-568.4220321453,0.0,-0.0001894740107151,0.0,1
2025-02-24,dual_macro_weather,0.0,0.0,0.0,0.0,-42.20834076909787,-42.20834076909787,0.0,-1.4069446923032625e-05,0.0,1
2025-02-25,dual_macro_weather,0.0,0.0,0.0,0.0,0.0,0.0,0.0,0.0,0.0,1
2025-02-26,dual_macro_weather,0.0,0.0,0.0,0.0,0.0,0.0,0.0,0.0,0.0,1
2025-02-27,dual_macro_weather,0.0,0.0,0.0,0.0,0.0,0.0,0.0,0.0,0.0,1
2025-02-28,dual_macro_weather,0.0,0.0,0.0,0.0,0.0,0.0,0.0,0.0,0.0,1
2025-03-03,dual_macro_weather,0.0,0.0,0.0,0.0,0.0,0.0,0.0,0.0,0.0,1
2025-03-04,dual_macro_weather,0.0,0.0,0.0,0.0,0.0,0.0,0.0,0.0,0.0,1
2025-03-05,dual_macro_weather,0.0,0.0,0.0,0.0,0.0,0.0,0.0,0.0,0.0,1
2025-03-06,dual_macro_weather,0.0,0.0,0.0,0.0,-133.2622727497,-133.2622727497,0.0,-4.4420757583233334e-05,0.0,1
2025-03-07,dual_macro_weather,0.0,0.0,0.0,0.0,66.61337754235,66.61337754235,0.0,2.220445918078333e-05,0.0,1
2025-03-10,dual_macro_weather,0.0,0.0,0.0,0.0,-199.73373091189998,-199.73373091189998,0.0,-6.657791030396666e-05,0.0,1
2025-03-11,dual_macro_weather,0.0,0.0,0.0,0.0,199.73373091189998,199.73373091189998,0.0,6.657791030396666e-05,0.0,1
2025-03-12,dual_macro_weather,0.0,0.0,0.0,0.0,200.05339026015,200.05339026015,0.0,6.668446342005e-05,0.0,1
2025-03-13,dual_macro_weather,0.0,0.0,0.0,0.0,-66.72004428484999,-66.72004428484999,0.0,-2.2240014761616663e-05,0.0,1
2025-03-14,dual_macro_weather,315.3920000000026,2287.500000000006,2602.8920000000085,0.0,133.47572010374998,2736.3677201037585,2602.8920000000085,0.0009121225733679195,192357.3,1
2025-03-17,dual_macro_weather,-4002.9715000000015,3274.2367500000187,-728.7347499999828,0.0,803.8612912863,75.1265412863172,-728.7347499999828,2.5042180428772402e-05,167954.8,1
2025-03-18,dual_macro_weather,1273.6782499999867,4249.9999999999945,5523.678249999981,0.0,1012.1512790774001,6535.829529077381,5523.678249999981,0.002178609843025794,173195.35,1
2025-03-19,dual_macro_weather,230.4250000000003,-969.702500000009,-739.2775000000087,0.0,67.76904476105,-671.5084552389587,-739.2775000000087,-0.00022383615174631957,204460.425,1
2025-03-20,dual_macro_weather,-3038.78,4800.000000000007,1761.220000000007,0.0,407.38765011335,2168.607650113357,1761.220000000007,0.0007228692167044523,210418.275,1
2025-03-21,dual_macro_weather,-2016.919749999999,-4637.499999999974,-6654.419749999973,0.0,-1487.3079739518,-8141.7277239517725,-6654.419749999973,-0.0027139092413172574,188819.675,1
2025-03-24,dual_macro_weather,-125.1600000000029,2712.4999999999764,2587.3399999999733,0.0,403.8775726808,2991.217572680773,2587.3399999999733,0.0009970725242269243,170344.05,1
2025-03-25,dual_macro_weather,503.22799999999296,649.999999999982,1153.227999999975,0.0,-403.8775726808,749.3504273191751,1153.227999999975,0.0002497834757730584,179727.225,1
2025-03-26,dual_macro_weather,-65.94680000000153,-2327.499999999998,-2393.4468,0.0,0.0,-2393.4468,-2393.4468,-0.0007978156000000001,119818.925,1
2025-03-27,dual_macro_weather,1910.6639999999916,1699.999999999984,3610.663999999975,0.0,0.0,3610.663999999975,3610.663999999975,0.0012035546666666584,176328.05,1
2025-03-28,dual_macro_weather,71.0119999999923,6599.999999999989,6671.0119999999815,0.0,0.0,6671.0119999999815,6671.0119999999815,0.0022236706666666603,174540.65,1
2025-03-31,dual_macro_weather,-1247.0524999999932,-9675.000000000013,-10922.052500000003,0.0,1132.34736297825,-9789.705137021754,-10922.052500000003,-0.003263235045673918,127327.95,1
2025-04-01,dual_macro_weather,458.47339999998974,1287.499999999984,1745.973399999974,0.0,703.7607594507,2449.734159450674,1745.973399999974,0.0008165780531502246,143925.45,1
2025-04-02,dual_macro_weather,1836.591400000005,3010.792499999985,4847.38389999999,0.0,226.8416031266,5074.2255031265895,4847.38389999999,0.0016914085010421966,133980.775,1
2025-04-03,dual_macro_weather,-1921.097199999997,-4174.999999999998,-6096.097199999995,0.0,-2140.35650720855,-8236.453707208544,-6096.097199999995,-0.002745484569069515,140996.225,1
2025-04-07,dual_macro_weather,-453.8188000001154,1474.9999999999957,1021.18119999988,0.0,-777.90176209885,243.27943790103006,1021.18119999988,8.109314596701002e-05,158820.725,1
2025-04-08,dual_macro_weather,2804.99999999995,-7812.500000000019,-5007.500000000069,0.0,-507.18581839355005,-5514.685818393619,-5007.500000000069,-0.0018382286061312063,158614.075,1
2025-04-09,dual_macro_weather,-3197.003999999949,4175.000000000015,977.9960000000656,0.0,1326.9987292505,2304.994729250566,977.9960000000656,0.0007683315764168552,188020.0,1
2025-04-10,dual_macro_weather,245.3369999999713,-1157.699000000026,-912.3620000000546,0.0,-482.8287135041,-1395.1907135041547,-912.3620000000546,-0.0004650635711680516,138461.3,1
2025-04-11,dual_macro_weather,-731.6175000000012,562.5000000000127,-169.11749999998847,0.0,-526.9378008132,-696.0553008131885,-169.11749999998847,-0.00023201843360439616,134031.125,1
2025-04-14,dual_macro_weather,4783.760000000015,2271.2499999999736,7055.009999999988,0.0,-465.5498863728,6589.460113627189,7055.009999999988,0.0021964867045423963,147084.85,1
2025-04-15,dual_macro_weather,512.0960000000132,462.50000000001,974.5960000000232,0.0,231.52373760225,1206.1197376022733,974.5960000000232,0.0004020399125340911,136317.25,1
2025-04-16,dual_macro_weather,695.8600000000814,474.9999999999994,1170.8600000000808,0.0,516.63310029215,1687.4931002922308,1170.8600000000808,0.0005624977000974103,138089.525,1
2025-04-17,dual_macro_weather,1978.860999999997,-2159.6260000000093,-180.7650000000124,0.0,384.97056405985,204.2055640598376,-180.7650000000124,6.80685213532792e-05,104063.425,1
2025-04-18,dual_macro_weather,-3639.168999999898,337.49999999999864,-3301.6689999999,0.0,998.1948243968999,-2303.474175603,-3301.6689999999,-0.0007678247252009999,158854.675,1
2025-04-21,dual_macro_weather,1174.5865000000058,3562.500000000009,4737.086500000015,0.0,5155.4162422687,9892.502742268716,4737.086500000015,0.003297500914089572,134523.65,1
2025-04-22,dual_macro_weather,-3253.9098000000054,-2175.0000000000214,-5428.909800000027,0.0,-2436.522529637,-7865.432329637027,-5428.909800000027,-0.0026218107765456754,85275.875,1
2025-04-23,dual_macro_weather,249.095,2649.9999999999964,2899.094999999996,0.0,1644.76057218885,4543.855572188846,2899.094999999996,0.0015146185240629488,116031.025,1
2025-04-24,dual_macro_weather,1194.9999999999982,1265.88850000001,2460.888500000008,0.0,-275.6340697892,2185.254430210808,2460.888500000008,0.0007284181434036027,89679.175,1
2025-04-25,dual_macro_weather,-1971.164500000005,-1774.9999999999957,-3746.1645000000008,0.0,137.74106076955,-3608.4234392304506,-3746.1645000000008,-0.0012028078130768168,137924.0,1
2025-04-28,dual_macro_weather,2083.500000000009,2849.9999999999977,4933.500000000007,0.0,1455.5196337436,6389.019633743607,4933.500000000007,0.002129673211247869,127530.7,1
2025-04-29,dual_macro_weather,783.5352499999975,2499.999999999986,3283.5352499999835,0.0,-1386.5921437147501,1896.9431062852334,3283.5352499999835,0.0006323143687617445,70759.4,1
2025-04-30,dual_macro_weather,2030.0000000000005,4475.000000000016,6505.000000000016,0.0,276.09066994445,6781.090669944467,6505.000000000016,0.0022603635566481556,70382.6,1
2025-05-06,dual_macro_weather,-453.79999999999296,-1297.9587500000082,-1751.758750000001,0.0,-69.07985807205,-1820.838608072051,-1751.758750000001,-0.0006069462026906837,110439.25,1
2025-05-07,dual_macro_weather,962.9493999999996,-756.2500000000119,206.6993999999878,0.0,484.36263206924997,691.0620320692378,206.6993999999878,0.00023035401068974593,136030.35,1
2025-05-08,dual_macro_weather,1728.851999999997,4412.50000000002,6141.352000000017,0.0,69.34812937925,6210.700129379267,6141.352000000017,0.0020702333764597556,132822.95,1
2025-05-09,dual_macro_weather,-988.8244999999944,-3024.99999999997,-4013.824499999964,0.0,-484.63090337644996,-4498.455403376413,-4013.824499999964,-0.0014994851344588044,141693.325,1
2025-05-12,dual_macro_weather,1659.2240000000031,-1818.537500000004,-159.31350000000066,0.0,69.11805539665,-90.19544460335065,-159.31350000000066,-3.0065148201116883e-05,127973.15,1
2025-05-13,dual_macro_weather,-210.9129999999964,-4442.499999999976,-4653.412999999973,0.0,-758.20469575005,-5411.617695750023,-4653.412999999973,-0.0018038725652500076,151739.4,1
2025-05-14,dual_macro_weather,-933.6240000000035,4125.000000000007,3191.376000000004,0.0,-685.3087340929,2506.067265907104,3191.376000000004,0.0008353557553023679,175654.3,1
2025-05-15,dual_macro_weather,1318.3695000000005,-925.000000000002,393.3694999999984,0.0,754.04670668015,1147.4162066801484,393.3694999999984,0.0003824720688933828,160253.2,1
2025-05-16,dual_macro_weather,-589.8480000000056,175.00000000000767,-414.847999999998,0.0,897.0504963053501,482.20249630535204,-414.847999999998,0.00016073416543511734,135736.45,1
2025-05-19,dual_macro_weather,1074.3040000000217,4275.000000000014,5349.304000000036,0.0,-1308.9124834119002,4040.3915165881353,5349.304000000036,0.001346797172196045,199484.3,1
2025-05-20,dual_macro_weather,-925.7260000001796,-3296.713749999969,-4222.439750000149,0.0,411.86198710655,-3810.577762893599,-4222.439750000149,-0.0012701925876311996,235527.5,1
2025-05-21,dual_macro_weather,692.1949999999996,-3312.500000000001,-2620.305000000001,0.0,0.0,-2620.305000000001,-2620.305000000001,-0.0008734350000000004,212445.375,1
2025-05-22,dual_macro_weather,2413.5879999998792,1324.99999999998,3738.587999999859,0.0,0.0,3738.587999999859,3738.587999999859,0.0012461959999999531,234849.25,1
2025-05-23,dual_macro_weather,-906.149999999936,2662.4999999999905,1756.3500000000545,0.0,0.0,1756.3500000000545,1756.3500000000545,0.0005854500000000182,201854.25,1
2025-05-26,dual_macro_weather,-1183.641000000037,5012.500000000015,3828.8589999999776,0.0,0.0,3828.8589999999776,3828.8589999999776,0.001276286333333326,161969.625,1
2025-05-27,dual_macro_weather,618.8780000000048,6798.010624999977,7416.888624999982,0.0,0.0,7416.888624999982,7416.888624999982,0.0024722962083333273,139039.3375,1
2025-05-28,dual_macro_weather,-374.18650000000486,-1575.0000000000186,-1949.1865000000237,0.0,0.0,-1949.1865000000237,-1949.1865000000237,-0.0006497288333333413,143296.4625,1
2025-05-29,dual_macro_weather,-421.4045000000025,-5006.249999999978,-5427.6544999999805,0.0,216.0761125772,-5211.578387422781,-5427.6544999999805,-0.0017371927958075937,123656.9125,1
2025-05-30,dual_macro_weather,230.410000000055,5418.74999999998,5649.160000000035,0.0,650.47848437835,6299.638484378385,5649.160000000035,0.002099879494792795,160974.55,1
2025-06-03,dual_macro_weather,-1224.3735000000042,-7193.750000000019,-8418.123500000023,0.0,-3638.785651079,-12056.909151079024,-8418.123500000023,-0.004018969717026341,167050.6,1
2025-06-04,dual_macro_weather,1012.5490000000086,2404.0912499999986,3416.640250000007,0.0,391.8498506714,3808.490100671407,3416.640250000007,0.0012694967002238023,152119.4,1
2025-06-05,dual_macro_weather,4507.244000000015,-2012.4999999999757,2494.74400000004,0.0,-65.39367138415001,2429.3503286158902,2494.74400000004,0.0008097834428719634,149410.05,1
2025-06-06,dual_macro_weather,3137.7869999999907,-274.9999999999627,2862.787000000028,0.0,-1817.2698057534,1045.517194246628,2862.787000000028,0.00034850573141554265,165010.45,1
2025-06-09,dual_macro_weather,320.01399999999603,4197.00625,4517.020249999996,0.0,-770.81436445795,3746.205885542046,4517.020249999996,0.001248735295180682,127661.3,1
2025-06-10,dual_macro_weather,735.00000000001,-252.97750000002716,482.02249999998287,0.0,1481.59425841355,1963.6167584135328,482.02249999998287,0.0006545389194711776,150547.85,1
2025-06-11,dual_macro_weather,-464.999999999997,4857.07625000001,4392.076250000013,0.0,-194.25023334175,4197.826016658263,4392.076250000013,0.0013992753388860878,193367.85,1
2025-06-12,dual_macro_weather,-996.5000000000038,3568.749999999987,2572.249999999983,0.0,64.7165429936,2636.966542993583,2572.249999999983,0.0008789888476645277,195241.6,1
2025-06-13,dual_macro_weather,-238.22850000000292,1087.5000000000284,849.2715000000255,0.0,-129.39959747705,719.8719025229755,849.2715000000255,0.00023995730084099183,163434.7,1
2025-06-16,dual_macro_weather,-464.7260000000033,2293.7500000000005,1829.0239999999967,0.0,258.9332878252,2087.9572878251965,1829.0239999999967,0.0006959857626083988,169394.925,1
2025-06-17,dual_macro_weather,1977.784000000012,5112.500000000021,7090.284000000033,0.0,-1417.54096467275,5672.743035327283,7090.284000000033,0.0018909143451090943,182668.85,1
2025-06-18,dual_macro_weather,-3363.768749999997,-5181.24999999998,-8545.018749999977,0.0,-6004.1556297723,-14549.174379772277,-8545.018749999977,-0.004849724793257426,215516.775,1
2025-06-19,dual_macro_weather,1425.5444000000057,-156.2499999999934,1269.294400000012,0.0,1659.72440825485,2929.018808254862,1269.294400000012,0.0009763396027516206,181358.625,1
2025-06-20,dual_macro_weather,-368.30179999999785,3728.992499999986,3360.6906999999883,0.0,0.0,3360.6906999999883,3360.6906999999883,0.0011202302333333295,184429.2,1
2025-06-23,dual_macro_weather,-5738.3043000000125,-1575.0000000000473,-7313.30430000006,0.0,-482.39326632115,-7795.69756632121,-7313.30430000006,-0.002598565855440403,198082.35000000003,1
2025-06-24,dual_macro_weather,1053.891999999987,-3356.25,-2302.358000000013,0.0,-2738.20472839295,-5040.5627283929625,-2302.358000000013,-0.0016801875761309874,151396.0,1
2025-06-25,dual_macro_weather,-2726.073499999988,-6106.249999999969,-8832.323499999957,0.0,945.6309873833501,-7886.692512616607,-8832.323499999957,-0.0026288975042055357,163610.75,1
2025-06-26,dual_macro_weather,316.6429999999948,-2906.2500000000045,-2589.60700000001,0.0,-59.31198213295,-2648.91898213296,-2589.60700000001,-0.00088297299404432,184154.775,1
2025-06-27,dual_macro_weather,-788.500000000005,1761.311250000018,972.8112500000128,0.0,-532.5451842015,440.26606579851284,972.8112500000128,0.00014675535526617096,239088.375,1
2025-06-30,dual_macro_weather,1197.500000000004,2746.951249999982,3944.4512499999855,0.0,-2860.2695532588,1084.1816967411855,3944.4512499999855,0.0003613938989137285,223097.225,1
2025-07-01,dual_macro_weather,-178.8580000000024,-8631.250000000022,-8810.108000000024,0.0,-805.3410277748001,-9615.449027774825,-8810.108000000024,-0.0032051496759249415,170028.275,1
2025-07-02,dual_macro_weather,-703.7505000000109,762.5000000000355,58.74950000002457,0.0,805.34102777485,864.0905277748745,58.74950000002457,0.0002880301759249582,175759.875,1
2025-07-03,dual_macro_weather,-184.73199999999375,762.5000000000002,577.7680000000064,0.0,6272.0207221636,6849.7887221636065,577.7680000000064,0.0022832629073878687,180563.1,1
2025-07-04,dual_macro_weather,-185.07799999985505,3050.208749999986,2865.1307500001312,0.0,-121.30034915979999,2743.830400840331,2865.1307500001312,0.0009146101336134437,194792.8,1
2025-07-07,dual_macro_weather,-907.7620000001324,1637.4999999999875,729.737999999855,0.0,242.71852286375,972.456522863605,729.737999999855,0.00032415217428786834,197403.15,1
2025-07-08,dual_macro_weather,107.39549999999493,4631.250000000016,4738.645500000011,0.0,-121.41817370394999,4617.227326296062,4738.645500000011,0.0015390757754320205,177969.15,1
2025-07-09,dual_macro_weather,2337.1789999999914,-2518.750000000025,-181.571000000034,0.0,-1807.2603969037,-1988.831396903734,-181.571000000034,-0.0006629437989679113,187481.1,1
2025-07-10,dual_macro_weather,-650.8540000000521,4400.000000000029,3749.145999999977,0.0,-358.3375602595,3390.808439740477,3749.145999999977,0.0011302694799134923,200640.05,1
2025-07-11,dual_macro_weather,420.9480000000107,2805.2749999999714,3226.222999999982,0.0,2773.8716635598503,6000.094663559832,3226.222999999982,0.002000031554519944,178747.4,1
2025-07-14,dual_macro_weather,-1123.4129999997283,3268.7499999999886,2145.33700000026,0.0,0.0,2145.33700000026,2145.33700000026,0.0007151123333334201,178184.1,1
2025-07-15,dual_macro_weather,2634.3609999999903,-1974.9999999999975,659.3609999999926,0.0,0.0,659.3609999999926,659.3609999999926,0.00021978699999999752,174115.3,1
2025-07-16,dual_macro_weather,8534.999999999985,2325.000000000025,10860.000000000013,0.0,0.0,10860.000000000013,10860.000000000013,0.0036200000000000043,174366.85,1
2025-07-17,dual_macro_weather,-16.14,0.0,-16.14,0.0,489.237415142,473.097415142,-16.14,0.00015769913838066668,0.0,1
2025-07-18,dual_macro_weather,0.0,0.0,0.0,0.0,245.33864598105,245.33864598105,0.0,8.177954866035e-05,0.0,1
2025-07-21,dual_macro_weather,0.0,0.0,0.0,0.0,-1828.4090011463002,-1828.4090011463002,0.0,-0.0006094696670487668,0.0,1
2025-07-22,dual_macro_weather,0.0,0.0,0.0,0.0,-1144.31056916475,-1144.31056916475,0.0,-0.00038143685638825,0.0,1
2025-07-23,dual_macro_weather,0.0,0.0,0.0,0.0,661.2181804286,661.2181804286,0.0,0.00022040606014286668,0.0,1
2025-07-24,dual_macro_weather,0.0,0.0,0.0,0.0,968.0590494347,968.0590494347,0.0,0.0003226863498115667,0.0,1
2025-07-25,dual_macro_weather,0.0,0.0,0.0,0.0,-3000.6241584072,-3000.6241584072,0.0,-0.0010002080528024,0.0,1
2025-07-28,dual_macro_weather,0.0,0.0,0.0,0.0,-1297.7936302772,-1297.7936302772,0.0,-0.00043259787675906667,0.0,1
2025-07-29,dual_macro_weather,0.0,0.0,0.0,732.6823164119014,0.0,732.6823164119014,732.6823164119014,0.00024422743880396714,0.0,1
2025-07-30,dual_macro_weather,0.0,0.0,0.0,-1209.6035023039105,1179.2540291698,-30.34947313411044,-1209.6035023039105,-1.011649104470348e-05,0.0,1
2025-07-31,dual_macro_weather,0.0,0.0,0.0,233.04026977550416,-2405.6128497022,-2172.5725799266957,233.04026977550416,-0.0007241908599755653,0.0,1
2025-08-01,dual_macro_weather,0.0,0.0,0.0,3670.4629131065294,640.8776564791,4311.340569585629,3670.4629131065294,0.0014371135231952097,0.0,1
2025-08-04,dual_macro_weather,0.0,0.0,0.0,376.87842601111157,171.54993176425,548.4283577753615,376.87842601111157,0.00018280945259178719,0.0,1
2025-08-05,dual_macro_weather,0.0,0.0,0.0,370.0311640429126,-470.0747837925,-100.04361974958738,370.0311640429126,-3.334787324986246e-05,0.0,1
2025-08-06,dual_macro_weather,0.0,0.0,0.0,445.3460422352168,-1831.9548472411,-1386.6088050058831,445.3460422352168,-0.00046220293500196105,0.0,1
2025-08-07,dual_macro_weather,0.0,0.0,0.0,917.2965327412855,-3532.357483678,-2615.060950936714,917.2965327412855,-0.0008716869836455713,0.0,1
2025-08-08,dual_macro_weather,0.0,0.0,0.0,-2839.98242176424,-1031.54925761405,-3871.53167937829,-2839.98242176424,-0.0012905105597927633,0.0,1
2025-08-11,dual_macro_weather,0.0,0.0,0.0,-1188.919156373856,3131.5590928724,1942.639936498544,-1188.919156373856,0.0006475466454995147,0.0,1
2025-08-12,dual_macro_weather,0.0,0.0,0.0,595.9054411892994,2876.0822811756498,3471.987722364949,595.9054411892994,0.0011573292407883163,0.0,1
2025-08-13,dual_macro_weather,0.0,0.0,0.0,322.09164750440283,-495.68502063554996,-173.59337313114713,322.09164750440283,-5.786445771038238e-05,0.0,1
2025-08-14,dual_macro_weather,0.0,0.0,0.0,-1044.319931675513,-713.655314136,-1757.975245811513,-1044.319931675513,-0.0005859917486038377,0.0,1
2025-08-15,dual_macro_weather,0.0,0.0,0.0,677.994542984652,1358.1169466198498,2036.111489604502,677.994542984652,0.0006787038298681673,0.0,1
2025-08-18,dual_macro_weather,0.0,0.0,0.0,-865.3991011876285,-1402.16681793725,-2267.5659191248787,-865.3991011876285,-0.0007558553063749596,0.0,1
2025-08-19,dual_macro_weather,0.0,0.0,0.0,-851.6451080733818,-593.23825691015,-1444.883364983532,-851.6451080733818,-0.00048162778832784396,0.0,1
2025-08-20,dual_macro_weather,0.0,0.0,0.0,828.4211849305792,871.51144202095,1699.932626951529,828.4211849305792,0.000566644208983843,0.0,1
2025-08-21,dual_macro_weather,0.0,0.0,0.0,-556.0082462877735,2614.1108418856497,2058.102595597876,-556.0082462877735,0.0006860341985326254,0.0,1
2025-08-22,dual_macro_weather,0.0,0.0,0.0,2015.2017926179278,-1290.3971041391,724.8046884788278,2015.2017926179278,0.0002416015628262759,0.0,1
2025-08-25,dual_macro_weather,0.0,0.0,0.0,671.1586976918412,194.85808513400002,866.0167828258412,671.1586976918412,0.0002886722609419471,0.0,1
2025-08-26,dual_macro_weather,0.0,0.0,0.0,-27.429971941131104,1949.09560378735,1921.665631846219,-27.429971941131104,0.0006405552106154063,0.0,1
2025-08-27,dual_macro_weather,0.0,0.0,0.0,753.2285195148147,1203.03141010615,1956.2599296209646,753.2285195148147,0.0006520866432069882,0.0,1
2025-08-28,dual_macro_weather,-611.6305000000007,-1787.4999999999868,-2399.1304999999875,1273.9210104984543,-664.5679887123499,-1789.7774782138831,-1125.2094895015332,-0.0005965924927379611,114637.7,1
2025-08-29,dual_macro_weather,-3036.711499999999,-691.2499999999986,-3727.9614999999976,10040.914419935347,1518.69514465335,7831.6480645886995,6312.952919935349,0.0026105493548628997,64937.7,1
2025-09-01,dual_macro_weather,319.67000000001866,200.0000000000162,519.6700000000349,2736.0591894777717,-198.27400946104999,3057.4551800167565,3255.7291894778064,0.0010191517266722521,114905.1,1
2025-09-02,dual_macro_weather,-737.0819999999921,-437.4999999999818,-1174.581999999974,7167.174523440575,-547.46606498715,5445.126458453451,5992.592523440601,0.001815042152817817,114511.5,1
2025-09-03,dual_macro_weather,-3023.0000000000014,-837.4999999999791,-3860.499999999981,-1208.1560346674603,4742.7959362298,-325.8600984376417,-5068.656034667441,-0.00010862003281254722,107296.3,1
2025-09-04,dual_macro_weather,293.6603999999932,-5487.500000000007,-5193.839600000014,1821.0373440796152,336.55049423005,-3036.2517616903488,-3372.8022559203987,-0.0010120839205634497,107538.3,1
2025-09-05,dual_macro_weather,-4266.360000000022,1235.6862500000034,-3030.673750000019,5037.926890640542,-358.5598643656,1648.6932762749234,2007.2531406405233,0.0005495644254249744,196836.6,1
2025-09-08,dual_macro_weather,-37.05185,0.0,-37.05185,4186.093244286166,-3497.79598235355,651.2454119326162,4149.041394286166,0.00021708180397753872,0.0,1
2025-09-09,dual_macro_weather,0.0,0.0,0.0,-411.7229396266407,932.69156198965,520.9686223630093,-411.7229396266407,0.00017365620745433646,0.0,1
2025-09-10,dual_macro_weather,993.4590000000323,299.9999999999956,1293.459000000028,-1978.2576739694182,-272.09028379150004,-956.8889577608902,-684.7986739693902,-0.00031896298592029674,165100.4,1
2025-09-11,dual_macro_weather,5501.5000000000055,150.0000000000082,5651.500000000014,2531.5403337778985,1942.9264360025,10125.96676978041,8183.040333777912,0.00337532225659347,163499.9,1
2025-09-12,dual_macro_weather,-21.41425,0.0,-21.41425,-6.857142857142858,2916.892455804,2888.621062946857,-28.271392857142857,0.0009628736876489523,0.0,1
2025-09-15,dual_macro_weather,0.0,0.0,0.0,0.0,-558.20501912425,-558.20501912425,0.0,-0.00018606833970808334,0.0,1
2025-09-16,dual_macro_weather,0.0,0.0,0.0,0.0,75.57893694185,75.57893694185,0.0,2.5192978980616668e-05,0.0,1
2025-09-17,dual_macro_weather,-447.5940000000039,900.0000000000013,452.4059999999974,0.0,2410.30748458985,2862.713484589847,452.4059999999974,0.0009542378281966157,86912.1,1
2025-09-18,dual_macro_weather,830.3959999999958,-12.4999999999975,817.8959999999983,0.0,-766.50964305155,51.386356948448224,817.8959999999983,1.7128785649482743e-05,79495.8,1
2025-09-19,dual_macro_weather,447.27999999999474,5810.54218749999,6257.822187499985,0.0,-700.609027007,5557.2131604929855,6257.822187499985,0.0018524043868309952,138105.3,1
2025-09-22,dual_macro_weather,233.38674999998935,3218.74999999999,3452.136749999979,0.0,-522.8917687633,2929.2449812366795,3452.136749999979,0.0009764149937455598,182557.2,1
2025-09-23,dual_macro_weather,576.7600000000165,818.7500000000108,1395.5100000000273,0.0,0.0,1395.5100000000273,1395.5100000000273,0.0004651700000000091,173730.6,1
2025-09-24,dual_macro_weather,510.9999999999936,-1162.5000000000114,-651.5000000000177,0.0,-2183.9636007859503,-2835.463600785968,-651.5000000000177,-0.0009451545335953227,175272.80000000002,1
2025-09-25,dual_macro_weather,-1070.3809999999996,2215.148750000006,1144.7677500000066,0.0,-3483.3714728467,-2338.603722846693,1144.7677500000066,-0.0007795345742822311,65504.3,1
2025-09-26,dual_macro_weather,-1379.5429999999988,-446.7424999999898,-1826.2854999999888,7345.782355026501,4111.6570085007,9631.153863527212,5519.496855026512,0.0032103846211757373,95014.1,1
2025-09-29,dual_macro_weather,1928.5750000000075,2224.999999999995,4153.575000000003,5406.2549047306875,1092.71457294645,10652.54447767714,9559.82990473069,0.0035508481592257135,65091.00000000001,1
2025-09-30,dual_macro_weather,-385.7719999999914,874.999999999992,489.22800000000063,27070.470937655686,-1607.0010126917,25952.697924963984,27559.698937655685,0.008650899308321329,74011.1,1
2025-10-09,dual_macro_weather,1077.4800000000143,2049.999999999999,3127.480000000013,-13.714285714285715,-2102.8002135854,1010.9655007003275,3113.7657142857274,0.00033698850023344254,106076.9,1
2025-10-10,dual_macro_weather,3950.051999999997,1700.0000000000075,5650.052000000004,17456.769116188025,0.0,23106.821116188028,23106.821116188028,0.00770227370539601,94830.30000000002,1
2025-10-13,dual_macro_weather,-1271.999999999989,2487.5000000000027,1215.5000000000136,-13.714285714285715,282.10348240779996,1483.8891966935278,1201.7857142857279,0.0004946297322311759,131004.35,1
2025-10-14,dual_macro_weather,626.0399999999944,424.9999999999831,1051.0399999999777,0.0,-112.9178035233,938.1221964766777,1051.0399999999777,0.00031270739882555923,127774.55,1
2025-10-15,dual_macro_weather,-3952.000000000006,-4349.999999999993,-8301.999999999998,0.0,-2444.47148321015,-10746.471483210149,-8301.999999999998,-0.0035821571610700495,132465.0,1
2025-10-16,dual_macro_weather,3698.056000000018,5799.9999999999945,9498.056000000011,0.0,-372.15554166305003,9125.90045833696,9498.056000000011,0.0030419668194456534,133925.7,1
2025-10-17,dual_macro_weather,985.3619999999872,13292.499999999998,14277.861999999985,0.0,881.2269598267001,15159.088959826684,14277.861999999985,0.005053029653275561,103173.1,1
2025-10-20,dual_macro_weather,-698.8680000000013,-852.3499999999935,-1551.2179999999948,0.0,115.4094810078,-1435.8085189921949,-1551.2179999999948,-0.00047860283966406496,101072.575,1
2025-10-21,dual_macro_weather,-154.99999999999963,-1162.5000000000086,-1317.5000000000082,0.0,-230.92561528004998,-1548.425615280058,-1317.5000000000082,-0.0005161418717600193,75844.625,1
2025-10-22,dual_macro_weather,1416.5629999999933,1475.000000000005,2891.5629999999983,0.0,668.51242789005,3560.0754278900486,2891.5629999999983,0.0011866918092966828,75169.0,1
2025-10-23,dual_macro_weather,-218.99800000000107,-349.9999999999932,-568.9979999999942,0.0,-230.11788531445,-799.1158853144443,-568.9979999999942,-0.0002663719617714814,76211.6,1
2025-10-24,dual_macro_weather,388.9999999999908,-199.99999999997812,189.00000000001265,0.0,-46.07445684306542,142.92554315694724,189.00000000001265,4.764184771898241e-05,81032.90000000001,1
2025-10-27,dual_macro_weather,438.96959999999103,225.00000000000276,663.9695999999938,0.0,528.83367758595,1192.8032775859438,663.9695999999938,0.0003976010925286479,101828.5,1
2025-10-28,dual_macro_weather,210.69450000000728,-762.499999999998,-551.8054999999906,6778.6362697078175,252.13174405115,6478.962513758977,6226.830769707827,0.0021596541712529923,105984.25,1
2025-10-29,dual_macro_weather,451.09100000000194,2037.499999999996,2488.5909999999976,-13.714285714285715,-642.792968364,1832.0837459217119,2474.876714285712,0.0006106945819739039,113836.675,1
2025-10-30,dual_macro_weather,-2973.000000000023,119.75624999998628,-2853.243750000037,0.0,206.97272689285,-2646.271023107187,-2853.243750000037,-0.0008820903410357289,133889.025,1
2025-10-31,dual_macro_weather,5338.560000000021,-612.5000000000118,4726.0600000000095,0.0,458.7161111203,5184.77611112031,4726.0600000000095,0.00172825870370677,112896.45,1
2025-11-03,dual_macro_weather,31.470000000004237,-2487.500000000001,-2456.029999999997,0.0,-114.5213089724,-2570.5513089723972,-2456.029999999997,-0.0008568504363241325,100141.775,1
2025-11-04,dual_macro_weather,107.2320000000138,-987.5000000000064,-880.2679999999924,0.0,-943.05351161555,-1823.3215116155425,-880.2679999999924,-0.0006077738372051809,97926.95,1
2025-11-05,dual_macro_weather,-121.76199999997068,-774.9999999999961,-896.7619999999667,0.0,-23.090422158569375,-919.8524221585361,-896.7619999999667,-0.0003066174740528454,112798.475,1
2025-11-06,dual_macro_weather,698.5245000000039,2748.3394999999964,3446.8640000000005,0.0,161.54345458925,3608.4074545892504,3446.8640000000005,0.0012028024848630835,108477.55,1
2025-11-07,dual_macro_weather,-164.38600000000335,4449.999999999997,4285.613999999994,0.0,-182.9918393703,4102.622160629694,4285.613999999994,0.001367540720209898,101890.0,1
2025-11-10,dual_macro_weather,-97.49999999999648,-149.99999999999673,-247.4999999999932,0.0,1348.6291818042,1101.1291818042068,-247.4999999999932,0.00036704306060140226,108935.15,1
2025-11-11,dual_macro_weather,-637.5549999999794,-999.9999999999887,-1637.5549999999682,0.0,1730.5920725677001,93.03707256773191,-1637.5549999999682,3.1012357522577306e-05,129346.85,1
2025-11-12,dual_macro_weather,1632.0000000000043,3324.99999999998,4956.9999999999845,0.0,2163.38552977635,7120.385529776335,4956.9999999999845,0.0023734618432587782,100771.0,1
2025-11-13,dual_macro_weather,-1366.5559999999973,-1380.7145000000114,-2747.2705000000087,0.0,-544.3666741715999,-3291.6371741716084,-2747.2705000000087,-0.001097212391390536,84788.5,1
2025-11-14,dual_macro_weather,-750.0000000000024,525.000000000005,-224.99999999999736,0.0,-879.5706115903,-1104.5706115902974,-224.99999999999736,-0.0003681902038634325,67980.7,1
2025-11-17,dual_macro_weather,-2004.0252000000044,924.9999999999956,-1079.025200000009,0.0,-806.45441018605,-1885.4796101860588,-1079.025200000009,-0.0006284932033953529,90508.5,1
2025-11-18,dual_macro_weather,5971.762099999998,575.0000000000045,6546.762100000003,0.0,604.3525068229,7151.114606822903,6546.762100000003,0.0023837048689409677,78179.7,1
2025-11-19,dual_macro_weather,124.80199999999752,449.9999999999972,574.8019999999947,0.0,67.33100081994999,642.1330008199446,574.8019999999947,0.0002140443336066482,84624.4,1
2025-11-20,dual_macro_weather,-8082.999999999994,612.5000000000027,-7470.499999999991,0.0,3344.45284423965,-4126.047155760341,-7470.499999999991,-0.0013753490519201137,84892.1,1
2025-11-21,dual_macro_weather,-22.1592,0.0,-22.1592,0.0,-2872.117599362,-2894.276799362,-22.1592,-0.0009647589331206667,0.0,1
2025-11-24,dual_macro_weather,0.0,0.0,0.0,0.0,881.9575258361,881.9575258361,0.0,0.00029398584194536664,0.0,1
2025-11-25,dual_macro_weather,0.0,0.0,0.0,0.0,-272.0349278244,-272.0349278244,0.0,-9.067830927479999e-05,0.0,1
2025-11-26,dual_macro_weather,0.0,0.0,0.0,0.0,0.0,0.0,0.0,0.0,0.0,1
2025-11-27,dual_macro_weather,0.0,0.0,0.0,0.0,1572.3477758575,1572.3477758575,0.0,0.0005241159252858333,0.0,1
2025-11-28,dual_macro_weather,0.0,0.0,0.0,0.0,0.0,0.0,0.0,0.0,0.0,1
2025-12-01,dual_macro_weather,0.0,0.0,0.0,0.0,0.0,0.0,0.0,0.0,0.0,1
2025-12-02,dual_macro_weather,0.0,0.0,0.0,0.0,0.0,0.0,0.0,0.0,0.0,1
2025-12-03,dual_macro_weather,0.0,0.0,0.0,0.0,0.0,0.0,0.0,0.0,0.0,1
2025-12-04,dual_macro_weather,0.0,0.0,0.0,0.0,0.0,0.0,0.0,0.0,0.0,1
2025-12-05,dual_macro_weather,0.0,0.0,0.0,0.0,0.0,0.0,0.0,0.0,0.0,1
2025-12-08,dual_macro_weather,0.0,0.0,0.0,0.0,0.0,0.0,0.0,0.0,0.0,1
2025-12-09,dual_macro_weather,0.0,0.0,0.0,0.0,0.0,0.0,0.0,0.0,0.0,1
2025-12-10,dual_macro_weather,0.0,0.0,0.0,0.0,1692.4168631292,1692.4168631292,0.0,0.0005641389543764,0.0,1
2025-12-11,dual_macro_weather,0.0,0.0,0.0,0.0,3455.1674595568998,3455.1674595568998,0.0,0.0011517224865189666,0.0,1
2025-12-12,dual_macro_weather,0.0,0.0,0.0,0.0,-1654.721487375,-1654.721487375,0.0,-0.000551573829125,0.0,1
2025-12-15,dual_macro_weather,0.0,0.0,0.0,0.0,-1025.0953067944502,-1025.0953067944502,0.0,-0.00034169843559815003,0.0,1
2025-12-16,dual_macro_weather,0.0,0.0,0.0,0.0,914.8311484409,914.8311484409,0.0,0.00030494371614696666,0.0,1
2025-12-17,dual_macro_weather,0.0,0.0,0.0,0.0,-973.32294591085,-973.32294591085,0.0,-0.0003244409819702833,0.0,1
2025-12-18,dual_macro_weather,0.0,0.0,0.0,0.0,-62.89047849680001,-62.89047849680001,0.0,-2.0963492832266668e-05,0.0,1
2025-12-19,dual_macro_weather,2695.8822999999784,-75.000000000005,2620.8822999999734,0.0,2034.3882132556,4655.270513255573,2620.8822999999734,0.0015517568377518577,59101.45,1
2025-12-22,dual_macro_weather,5878.224000000014,-868.1499999999915,5010.074000000022,0.0,1772.79359422945,6782.867594229472,5010.074000000022,0.0022609558647431575,71421.0,1
2025-12-23,dual_macro_weather,2671.6980000000194,-900.0000000000118,1771.6980000000076,0.0,536.6411665849499,2308.3391665849576,1771.6980000000076,0.0007694463888616525,72111.65,1
2025-12-24,dual_macro_weather,-192.5000000000022,750.0000000000064,557.5000000000042,0.0,-184.84914753035,372.6508524696542,557.5000000000042,0.00012421695082321806,71176.3,1
2025-12-25,dual_macro_weather,-356.6653999999984,-6300.000000000005,-6656.665400000003,0.0,-459.4568705233,-7116.122270523302,-6656.665400000003,-0.002372040756841101,46897.0,1
2025-12-26,dual_macro_weather,-10557.304800000004,1700.0000000000073,-8857.304799999996,0.0,-665.7087194018501,-9523.013519401846,-8857.304799999996,-0.003174337839800615,81751.15,1
2025-12-29,dual_macro_weather,-29.0,0.0,-29.0,0.0,-599.70286993575,-628.70286993575,-29.0,-0.00020956762331191664,0.0,1
2025-12-30,dual_macro_weather,0.0,0.0,0.0,0.0,528.3082939825,528.3082939825,0.0,0.00017610276466083333,0.0,1
2025-12-31,dual_macro_weather,0.0,0.0,0.0,0.0,351.9534674523,351.9534674523,0.0,0.00011731782248410001,0.0,1
2026-01-05,dual_macro_weather,0.0,0.0,0.0,0.0,-231.31576147139998,-231.31576147139998,0.0,-7.710525382379999e-05,0.0,1
2026-01-06,dual_macro_weather,0.0,0.0,0.0,0.0,-1915.7177252655501,-1915.7177252655501,0.0,-0.0006385725750885167,0.0,1
2026-01-07,dual_macro_weather,0.0,0.0,0.0,0.0,1074.0254104617,1074.0254104617,0.0,0.00035800847015389996,0.0,1
2026-01-08,dual_macro_weather,0.0,0.0,0.0,0.0,-908.4154685688,-908.4154685688,0.0,-0.0003028051561896,0.0,1
2026-01-09,dual_macro_weather,0.0,0.0,0.0,0.0,-183.8321662151,-183.8321662151,0.0,-6.127738873836667e-05,0.0,1
2026-01-12,dual_macro_weather,0.0,0.0,0.0,0.0,612.9726600967999,612.9726600967999,0.0,0.00020432422003226664,0.0,1
2026-01-13,dual_macro_weather,0.0,0.0,0.0,0.0,127.7758733514,127.7758733514,0.0,4.25919577838e-05,0.0,1
2026-01-14,dual_macro_weather,0.0,0.0,0.0,0.0,789.3118012921,789.3118012921,0.0,0.0002631039337640333,0.0,1
2026-01-15,dual_macro_weather,0.0,0.0,0.0,0.0,1756.9078952183,1756.9078952183,0.0,0.0005856359650727666,0.0,1
2026-01-16,dual_macro_weather,0.0,0.0,0.0,0.0,847.9399389557,847.9399389557,0.0,0.00028264664631856665,0.0,1
2026-01-19,dual_macro_weather,0.0,0.0,0.0,0.0,1713.33350544835,1713.33350544835,0.0,0.0005711111684827833,0.0,1
2026-01-20,dual_macro_weather,0.0,0.0,0.0,0.0,-1685.17913488865,-1685.17913488865,0.0,-0.0005617263782962166,0.0,1
2026-01-21,dual_macro_weather,0.0,0.0,0.0,0.0,364.0425832967,364.0425832967,0.0,0.00012134752776556667,0.0,1
2026-01-22,dual_macro_weather,0.0,0.0,0.0,0.0,-251.68302516954998,-251.68302516954998,0.0,-8.389434172318333e-05,0.0,1
2026-01-23,dual_macro_weather,0.0,0.0,0.0,0.0,376.27764676,376.27764676,0.0,0.00012542588225333332,0.0,1
2026-01-26,dual_macro_weather,0.0,0.0,0.0,0.0,-925.77247076355,-925.77247076355,0.0,-0.00030859082358785,0.0,1
2026-01-27,dual_macro_weather,0.0,0.0,0.0,0.0,244.68135880245,244.68135880245,0.0,8.156045293415e-05,0.0,1
2026-01-28,dual_macro_weather,0.0,0.0,0.0,0.0,736.8022541993,736.8022541993,0.0,0.0002456007513997667,0.0,1
2026-01-29,dual_macro_weather,0.0,0.0,0.0,0.0,-914.4657180240999,-914.4657180240999,0.0,-0.00030482190600803334,0.0,1
2026-01-30,dual_macro_weather,0.0,0.0,0.0,0.0,848.5606008797499,848.5606008797499,0.0,0.0002828535336265833,0.0,1
2026-02-02,dual_macro_weather,0.0,0.0,0.0,0.0,-2062.86329480805,-2062.86329480805,0.0,-0.0006876210982693499,0.0,1
2026-02-03,dual_macro_weather,0.0,0.0,0.0,0.0,1289.9223327413501,1289.9223327413501,0.0,0.0004299741109137834,0.0,1
2026-02-04,dual_macro_weather,0.0,0.0,0.0,0.0,2023.43105525275,2023.43105525275,0.0,0.0006744770184175834,0.0,1
2026-02-05,dual_macro_weather,0.0,0.0,0.0,0.0,973.5319366561,973.5319366561,0.0,0.00032451064555203335,0.0,1
2026-02-06,dual_macro_weather,0.0,0.0,0.0,0.0,216.1770688375,216.1770688375,0.0,7.205902294583334e-05,0.0,1
2026-02-09,dual_macro_weather,0.0,0.0,0.0,0.0,1113.87538109925,1113.87538109925,0.0,0.00037129179369975,0.0,1
2026-02-10,dual_macro_weather,0.0,0.0,0.0,0.0,-2873.6492169483,-2873.6492169483,0.0,-0.0009578830723160999,0.0,1
2026-02-11,dual_macro_weather,0.0,0.0,0.0,0.0,0.0,0.0,0.0,0.0,0.0,1
2026-02-12,dual_macro_weather,0.0,0.0,0.0,0.0,0.0,0.0,0.0,0.0,0.0,1
2026-02-24,dual_macro_weather,0.0,0.0,0.0,0.0,0.0,0.0,0.0,0.0,0.0,1
2026-02-25,dual_macro_weather,0.0,0.0,0.0,0.0,0.0,0.0,0.0,0.0,0.0,1
2026-02-26,dual_macro_weather,0.0,0.0,0.0,0.0,0.0,0.0,0.0,0.0,0.0,1
2026-02-27,dual_macro_weather,0.0,0.0,0.0,0.0,491.3436368477,491.3436368477,0.0,0.00016378121228256666,0.0,1
2026-03-02,dual_macro_weather,0.0,0.0,0.0,0.0,-491.3436368477,-491.3436368477,0.0,-0.00016378121228256666,0.0,1
2026-03-03,dual_macro_weather,0.0,0.0,0.0,0.0,-258.14333777875004,-258.14333777875004,0.0,-8.604777925958335e-05,0.0,1
2026-03-04,dual_macro_weather,-280.0,-437.4999999999966,-717.4999999999966,0.0,-1740.5508662085,-2458.0508662084967,-717.4999999999966,-0.0008193502887361656,92953.5,1
2026-03-05,dual_macro_weather,7095.0,2499.999999999984,9594.999999999984,0.0,407.42867319725,10002.428673197233,9594.999999999984,0.0033341428910657446,93016.75,1
2026-03-06,dual_macro_weather,1080.0,4162.500000000031,5242.500000000031,0.0,686.04864341825,5928.548643418281,5242.500000000031,0.001976182881139427,93180.25,1
2026-03-09,dual_macro_weather,-3273.0,-2762.5000000000077,-6035.500000000007,0.0,742.2511621079,-5293.248837892107,-6035.500000000007,-0.001764416279297369,108832.0,1
2026-03-10,dual_macro_weather,4407.0,2800.6250000000045,7207.625000000005,0.0,-2228.83343541825,4978.791564581755,7207.625000000005,0.0016595971881939182,133644.625,1
2026-03-11,dual_macro_weather,7595.0,2621.25,10216.25,0.0,985.0839188482499,11201.33391884825,10216.25,0.0037337779729494165,165083.375,1
2026-03-12,dual_macro_weather,0.0,0.0,0.0,0.0,485.1747412598,485.1747412598,0.0,0.00016172491375326665,0.0,1
2026-03-13,dual_macro_weather,0.0,0.0,0.0,0.0,863.3371815145,863.3371815145,0.0,0.00028777906050483335,0.0,1
2026-03-16,dual_macro_weather,0.0,0.0,0.0,0.0,-1081.4721251854,-1081.4721251854,0.0,-0.00036049070839513334,0.0,1
2026-03-17,dual_macro_weather,0.0,0.0,0.0,0.0,1794.6190280844999,1794.6190280844999,0.0,0.0005982063426948333,0.0,1
2026-03-18,dual_macro_weather,0.0,0.0,0.0,0.0,1041.1460257079,1041.1460257079,0.0,0.00034704867523596667,0.0,1
2026-03-19,dual_macro_weather,0.0,0.0,0.0,0.0,411.95543585905,411.95543585905,0.0,0.00013731847861968334,0.0,1
2026-03-20,dual_macro_weather,0.0,0.0,0.0,0.0,250.0965661968,250.0965661968,0.0,8.33655220656e-05,0.0,1
2026-03-23,dual_macro_weather,0.0,0.0,0.0,0.0,-1192.3935171857502,-1192.3935171857502,0.0,-0.0003974645057285834,0.0,1
2026-03-24,dual_macro_weather,0.0,0.0,0.0,0.0,413.2235168124,413.2235168124,0.0,0.0001377411722708,0.0,1
2026-03-25,dual_macro_weather,0.0,0.0,0.0,0.0,1178.27321006815,1178.27321006815,0.0,0.00039275773668938336,0.0,1
2026-03-26,dual_macro_weather,0.0,0.0,0.0,0.0,-347.70537023455,-347.70537023455,0.0,-0.00011590179007818334,0.0,1
2026-03-27,dual_macro_weather,0.0,0.0,0.0,0.0,556.7937936725,556.7937936725,0.0,0.00018559793122416667,0.0,1
2026-03-30,dual_macro_weather,0.0,0.0,0.0,0.0,489.237415142,489.237415142,0.0,0.00016307913838066665,0.0,1
2026-03-31,dual_macro_weather,0.0,0.0,0.0,0.0,202.27863782765002,202.27863782765002,0.0,6.742621260921668e-05,0.0,1
2026-04-01,dual_macro_weather,0.0,0.0,0.0,0.0,71.10843858425,71.10843858425,0.0,2.3702812861416667e-05,0.0,1
2026-04-02,dual_macro_weather,0.0,0.0,0.0,0.0,-1166.6963510700998,-1166.6963510700998,0.0,-0.00038889878369003327,0.0,1
2026-04-03,dual_macro_weather,0.0,0.0,0.0,0.0,3110.46231058705,3110.46231058705,0.0,0.0010368207701956834,0.0,1
2026-04-07,dual_macro_weather,0.0,0.0,0.0,0.0,-1036.6686474657,-1036.6686474657,0.0,-0.00034555621582189997,0.0,1
2026-04-08,dual_macro_weather,0.0,0.0,0.0,0.0,-1266.4396173838,-1266.4396173838,0.0,-0.0004221465391279333,0.0,1
2026-04-09,dual_macro_weather,0.0,0.0,0.0,0.0,-2961.74327014965,-2961.74327014965,0.0,-0.00098724775671655,0.0,1
2026-04-10,dual_macro_weather,0.0,0.0,0.0,0.0,2490.32343300095,2490.32343300095,0.0,0.0008301078110003167,0.0,1
2026-04-13,dual_macro_weather,0.0,0.0,0.0,0.0,-677.6993426341,-677.6993426341,0.0,-0.00022589978087803335,0.0,1
2026-04-14,dual_macro_weather,0.0,0.0,0.0,0.0,-1151.9777196089499,-1151.9777196089499,0.0,-0.0003839925732029833,0.0,1
2026-04-15,dual_macro_weather,0.0,0.0,0.0,0.0,-1259.4171141358001,-1259.4171141358001,0.0,-0.0004198057047119334,0.0,1
2026-04-16,dual_macro_weather,0.0,0.0,0.0,0.0,-297.6506383962,-297.6506383962,0.0,-9.921687946540001e-05,0.0,1
2026-04-17,dual_macro_weather,0.0,0.0,0.0,0.0,-3331.3047307385,-3331.3047307385,0.0,-0.0011104349102461666,0.0,1
2026-04-20,dual_macro_weather,0.0,0.0,0.0,0.0,1770.44403723885,1770.44403723885,0.0,0.00059014801241295,0.0,1
2026-04-21,dual_macro_weather,0.0,0.0,0.0,0.0,-591.94396035645,-591.94396035645,0.0,-0.00019731465345215,0.0,1
2026-04-22,dual_macro_weather,1061.0,-951.334999999989,109.665000000011,0.0,182.9331693465,292.598169346511,109.665000000011,9.753272311550366e-05,109123.875,1
2026-04-23,dual_macro_weather,893.0,-1125.00000000001,-232.00000000001,0.0,827.8175950616501,595.8175950616401,-232.00000000001,0.0001986058650205467,92307.5,1
2026-04-24,dual_macro_weather,-77.0,-249.9999999999862,-326.9999999999862,0.0,-1239.6795821681999,-1566.679582168186,-326.9999999999862,-0.0005222265273893954,79322.25,1
2026-04-27,dual_macro_weather,1480.0,2765.830000000004,4245.830000000004,0.0,480.63777976315,4726.467779763154,4245.830000000004,0.0015754892599210513,117071.625,1
2026-04-28,dual_macro_weather,980.0,1133.7500000000018,2113.750000000002,0.0,68.81365436655,2182.563654366552,2113.750000000002,0.0007275212181221839,145790.875,1
2026-04-29,dual_macro_weather,5384.0,-2207.715000000007,3176.284999999993,0.0,-2183.4616300487996,992.8233699511934,3176.284999999993,0.0003309411233170645,145633.5,1
2026-04-30,dual_macro_weather,7711.0,-23.827500000000327,7687.1725,0.0,0.0,7687.1725,7687.1725,0.0025623908333333332,75176.0,1
2026-05-06,dual_macro_weather,-1265.0,0.0,-1265.0,0.0,-1746.4013245922501,-3011.40132459225,-1265.0,-0.0010038004415307501,74096.0,1
2026-05-07,dual_macro_weather,-1310.0,0.0,-1310.0,0.0,1408.65456412595,98.65456412594995,-1310.0,3.2884854708649985e-05,39739.0,1
2026-05-08,dual_macro_weather,1439.0,0.0,1439.0,0.0,-1208.3874985912,230.61250140879997,1439.0,7.687083380293333e-05,30001.0,1
2026-05-11,dual_macro_weather,-2610.0,0.0,-2610.0,0.0,1343.376712574,-1266.623287426,-2610.0,-0.0004222077624753333,28710.0,1
2026-05-12,dual_macro_weather,7382.0,0.0,7382.0,0.0,0.0,7382.0,7382.0,0.0024606666666666666,68784.0,1
2026-05-13,dual_macro_weather,-5714.0,0.0,-5714.0,0.0,0.0,-5714.0,-5714.0,-0.0019046666666666667,41383.0,1
2026-05-14,dual_macro_weather,0.0,0.0,0.0,0.0,0.0,0.0,0.0,0.0,0.0,1
2026-05-15,dual_macro_weather,0.0,0.0,0.0,0.0,0.0,0.0,0.0,0.0,0.0,1
2026-05-18,dual_macro_weather,0.0,0.0,0.0,0.0,0.0,0.0,0.0,0.0,0.0,1
2026-05-19,dual_macro_weather,0.0,0.0,0.0,0.0,0.0,0.0,0.0,0.0,0.0,1
2026-05-20,dual_macro_weather,0.0,0.0,0.0,0.0,0.0,0.0,0.0,0.0,0.0,1
2026-05-21,dual_macro_weather,0.0,0.0,0.0,0.0,0.0,0.0,0.0,0.0,0.0,1
2026-05-22,dual_macro_weather,0.0,0.0,0.0,0.0,0.0,0.0,0.0,0.0,0.0,1
2026-05-25,dual_macro_weather,0.0,0.0,0.0,0.0,0.0,0.0,0.0,0.0,0.0,1
2026-05-26,dual_macro_weather,0.0,0.0,0.0,0.0,0.0,0.0,0.0,0.0,0.0,1
2026-05-27,dual_macro_weather,0.0,0.0,0.0,0.0,-92.93680725509999,-92.93680725509999,0.0,-3.09789357517e-05,0.0,1
2026-05-28,dual_macro_weather,0.0,0.0,0.0,0.0,764.67010174065,764.67010174065,0.0,0.00025489003391355,0.0,1
2026-05-29,dual_macro_weather,0.0,0.0,0.0,0.0,805.9344488712,805.9344488712,0.0,0.0002686448162904,0.0,1
2026-06-01,dual_macro_weather,0.0,0.0,0.0,0.0,-205.3107496879,-205.3107496879,0.0,-6.843691656263333e-05,0.0,1
2026-06-02,dual_macro_weather,0.0,0.0,0.0,0.0,68.4743922902,68.4743922902,0.0,2.2824797430066668e-05,0.0,1
2026-06-03,dual_macro_weather,0.0,0.0,0.0,0.0,162.0501708994,162.0501708994,0.0,5.4016723633133334e-05,0.0,1
2026-06-04,dual_macro_weather,0.0,0.0,0.0,0.0,1097.4639603488502,1097.4639603488502,0.0,0.00036582132011628337,0.0,1
2026-06-05,dual_macro_weather,0.0,0.0,0.0,0.0,451.3746241371,451.3746241371,0.0,0.0001504582080457,0.0,1
2026-06-08,dual_macro_weather,0.0,0.0,0.0,0.0,111.30454370105001,111.30454370105001,0.0,3.710151456701667e-05,0.0,1
2026-06-09,dual_macro_weather,0.0,0.0,0.0,0.0,862.24873239515,862.24873239515,0.0,0.00028741624413171666,0.0,1
2026-06-10,dual_macro_weather,0.0,0.0,0.0,0.0,-1298.4239895861,-1298.4239895861,0.0,-0.00043280799652870006,0.0,1
2026-06-11,dual_macro_weather,0.0,0.0,0.0,5511.355787915523,185.0962869554,5696.452074870923,5511.355787915523,0.0018988173582903077,0.0,1
2026-06-12,dual_macro_weather,0.0,0.0,0.0,-6.857142857142858,856.22570634205,849.3685634849071,-6.857142857142858,0.00028312285449496905,0.0,1
2026-06-15,dual_macro_weather,0.0,0.0,0.0,0.0,2152.20158110325,2152.20158110325,0.0,0.0007174005270344167,0.0,1
2026-06-16,dual_macro_weather,0.0,0.0,0.0,0.0,978.0585106985,978.0585106985,0.0,0.00032601950356616667,0.0,1
2026-06-17,dual_macro_weather,0.0,0.0,0.0,0.0,1470.6094968513,1470.6094968513,0.0,0.0004902031656171,0.0,1
2026-06-18,dual_macro_weather,0.0,0.0,0.0,0.0,-1109.0749728934,-1109.0749728934,0.0,-0.0003696916576311333,0.0,1
2026-06-22,dual_macro_weather,0.0,0.0,0.0,0.0,-563.4875109805,-563.4875109805,0.0,-0.00018782917032683335,0.0,1
2026-06-23,dual_macro_weather,1912.0,0.0,1912.0,-1359.1800763172303,-478.6883499431,74.13157373966976,552.8199236827697,2.4710524579889922e-05,68681.0,1
2026-06-24,dual_macro_weather,384.0,0.0,384.0,-16934.767758639013,-280.69404548399996,-16831.461804123013,-16550.767758639013,-0.005610487268041004,58349.0,1
2026-06-25,dual_macro_weather,2995.0,0.0,2995.0,7861.331115500399,513.95627336785,11370.28738886825,10856.3311155004,0.0037900957962894166,57736.0,1
2026-06-26,dual_macro_weather,2040.0,0.0,2040.0,3936.917917344144,186.28053779459998,6163.198455138744,5976.917917344144,0.002054399485046248,57676.0,1
2026-06-29,dual_macro_weather,-3440.0,0.0,-3440.0,-5040.164003564688,-2089.73658950365,-10569.900593068338,-8480.164003564689,-0.003523300197689446,58416.0,1
2026-06-30,dual_macro_weather,959.0,0.0,959.0,-7979.170380097472,3594.61416426385,-3425.556215833622,-7020.170380097472,-0.0011418520719445407,43313.0,1
2026-07-01,dual_macro_weather,862.0,0.0,862.0,13975.297978067005,-478.0120548004,14359.285923266605,14837.297978067005,0.004786428641088868,67999.0,1
2026-07-02,dual_macro_weather,-1190.0,0.0,-1190.0,13952.210574630026,-747.48795727715,12014.722617352876,12762.210574630026,0.004004907539117626,67833.0,1
2026-07-03,dual_macro_weather,-2085.0,0.0,-2085.0,-13.714285714285715,3782.9572049783496,1684.2429192640639,-2098.714285714286,0.0005614143064213546,68187.0,1
2026-07-06,dual_macro_weather,-3422.0,0.0,-3422.0,0.0,2112.7263503254,-1309.2736496746002,-3422.0,-0.0004364245498915334,79280.0,1
2026-07-07,dual_macro_weather,154.0,0.0,154.0,-672.3481995487591,757.8719783039501,239.52377875519096,-518.3481995487591,7.984125958506366e-05,48067.0,1
2026-07-08,dual_macro_weather,-709.0,0.0,-709.0,-2583.6438871649652,980.5693626128,-2312.0745245521653,-3292.6438871649652,-0.0007706915081840551,27272.0,1
2026-07-09,dual_macro_weather,976.0,0.0,976.0,-713.5536689192023,-1110.7556138413,-848.3092827605022,262.4463310807977,-0.0002827697609201674,17373.0,1
2026-07-10,dual_macro_weather,-700.0,0.0,-700.0,-8297.675579349505,1910.0084936220999,-7087.667085727405,-8997.675579349505,-0.0023625556952424683,17406.0,1
2026-07-13,dual_macro_weather,-2055.0,0.0,-2055.0,-3976.3499096272694,-2473.9286438240497,-8505.27855345132,-6031.34990962727,-0.00283509285115044,17232.0,1
2026-07-14,dual_macro_weather,966.0,0.0,966.0,95.99240363233736,478.67990525145,1540.6723088837873,1061.9924036323373,0.0005135574362945958,26984.0,1
2026-07-15,dual_macro_weather,-3462.0,0.0,-3462.0,-644.9141099221856,917.8239484893,-3189.090161432885,-4106.914109922185,-0.0010630300538109617,44841.0,1
2026-07-16,dual_macro_weather,479.0,0.0,479.0,-3797.0136581112215,2144.1349032811504,-1173.878754830071,-3318.0136581112215,-0.00039129291827669037,75096.0,1
2026-07-17,dual_macro_weather,3225.0,0.0,3225.0,438.6973126373642,-1861.67417634765,1802.023136289714,3663.697312637364,0.000600674378763238,36747.0,1
2026-07-20,dual_macro_weather,-2563.0,0.0,-2563.0,10508.979917503277,450.19446109655,8396.174378599826,7945.979917503277,0.0027987247928666086,63158.0,1
2026-07-21,dual_macro_weather,1360.0,0.0,1360.0,6479.929489168227,1826.15332582615,9666.082814994377,7839.929489168227,0.003222027604998126,47151.0,1
2026-07-22,dual_macro_weather,705.0,0.0,705.0,233.0990161691801,-1045.93639784425,-107.83738167506988,938.0990161691801,-3.594579389168996e-05,46947.0,1
2026-07-23,dual_macro_weather,2535.0,0.0,2535.0,-12271.504140985899,-470.44939679875,-10206.953537784648,-9736.504140985899,-0.003402317845928216,47056.0,1
2026-07-24,dual_macro_weather,-2970.0,0.0,-2970.0,7916.227236205646,-693.44431181865,4252.782924386996,4946.227236205646,0.0014175943081289985,46102.0,1
2026-07-27,dual_macro_weather,2197.0,0.0,2197.0,-7284.052704471398,1350.1266235527498,-3736.926080918648,-5087.052704471398,-0.0012456420269728826,73305.0,1
2026-07-28,dual_macro_weather,-818.0,0.0,-818.0,-713.5610253050479,1302.0332487853,-229.52777651974793,-1531.561025305048,-7.650925883991598e-05,45993.0,1
2026-07-29,dual_macro_weather,1672.0,0.0,1672.0,-2033.1105822604522,742.9002124461,381.78963018564775,-361.11058226045225,0.0001272632100618826,72349.0,1
2026-07-30,dual_macro_weather,2791.0,0.0,2791.0,4631.394782348998,-144.62704239295,7277.767739956048,7422.394782348998,0.0024259225799853493,39598.0,1
2026-07-31,dual_macro_weather,2610.0,0.0,2610.0,-1070.6525895303892,4753.989459989,6293.336870458611,1539.3474104696108,0.002097778956819537,39298.0,1
2026-08-03,dual_macro_weather,-1666.0,0.0,-1666.0,-260.6271521835329,607.16573535745,-1319.4614168260828,-1926.6271521835329,-0.0004398204722753609,46527.0,1
2026-08-04,dual_macro_weather,-3006.0,0.0,-3006.0,16198.696894148141,-607.1657353575,12585.531158790642,13192.696894148141,0.004195177052930214,41037.0,1
2026-08-05,dual_macro_weather,388.0,0.0,388.0,-13.714285714285715,-905.25440909995,-530.9686948142357,374.2857142857143,-0.00017698956493807859,15944.0,1
2026-08-06,dual_macro_weather,-1132.0,0.0,-1132.0,0.0,527.2680309653,-604.7319690347,-1132.0,-0.00020157732301156667,26840.0,1
2026-08-07,dual_macro_weather,-1113.0,0.0,-1113.0,0.0,-675.8851782611,-1788.8851782611,-1113.0,-0.0005962950594203667,46441.0,1
2026-08-10,dual_macro_weather,605.0,0.0,605.0,0.0,-111.5046950979,493.4953049021,605.0,0.00016449843496736666,16103.0,1
2026-08-11,dual_macro_weather,-310.0,0.0,-310.0,0.0,8.469783958864612,-301.53021604113536,-310.0,-0.00010051007201371179,16038.0,1
2026-08-12,dual_macro_weather,-4510.0,0.0,-4510.0,0.0,1888.87883157735,-2621.12116842265,-4510.0,-0.0008737070561408833,46343.0,1
2026-08-13,dual_macro_weather,1347.0,0.0,1347.0,0.0,2084.45785943455,3431.45785943455,1347.0,0.0011438192864781833,20831.0,1
2026-08-14,dual_macro_weather,-800.0,0.0,-800.0,0.0,-1777.8476977225998,-2577.8476977226,-800.0,-0.0008592825659075333,20645.0,1
2026-08-17,dual_macro_weather,325.0,0.0,325.0,0.0,186.54986869765,511.54986869765,325.0,0.00017051662289921667,20752.0,1
2026-08-18,dual_macro_weather,2944.0,0.0,2944.0,0.0,-360.5847959038,2583.4152040962,2944.0,0.0008611384013654,44994.0,1
2026-08-19,dual_macro_weather,-160.0,0.0,-160.0,0.0,1028.990572469,868.990572469,-160.0,0.0002896635241563333,26858.0,1
2026-08-20,dual_macro_weather,925.0,0.0,925.0,0.0,1187.7089859725,2112.7089859725,925.0,0.0007042363286575001,26966.0,1
2026-08-21,dual_macro_weather,288.0,0.0,288.0,0.0,-2137.2372626111,-1849.2372626111,288.0,-0.0006164124208703667,16215.0,1
2026-08-24,dual_macro_weather,-1085.0,0.0,-1085.0,0.0,2147.7048391534,1062.7048391534,-1085.0,0.00035423494638446665,56572.0,1
2026-08-25,dual_macro_weather,-331.0,0.0,-331.0,0.0,1649.41130235405,1318.41130235405,-331.0,0.0004394704341180166,50389.0,1
2026-08-26,dual_macro_weather,3700.0,0.0,3700.0,0.0,490.60898416215,4190.60898416215,3700.0,0.0013968696613873832,80456.0,1
2026-08-27,dual_macro_weather,2230.0,0.0,2230.0,0.0,58.40197571555,2288.40197571555,2230.0,0.00076280065857185,50824.0,1
2026-08-28,dual_macro_weather,375.0,0.0,375.0,0.0,1075.30464557915,1450.30464557915,375.0,0.0004834348818597167,51138.0,1
2026-08-31,dual_macro_weather,-1354.0,0.0,-1354.0,0.0,3648.2922641348,2294.2922641348,-1354.0,0.0007647640880449333,40810.0,1
2026-09-01,dual_macro_weather,-2035.0,0.0,-2035.0,0.0,1051.16719638865,-983.8328036113501,-2035.0,-0.00032794426787045004,56362.0,1
2026-09-02,dual_macro_weather,-616.0,0.0,-616.0,0.0,1121.7946171376002,505.7946171376002,-616.0,0.0001685982057125334,35416.0,1
2026-09-03,dual_macro_weather,393.0,0.0,393.0,0.0,-1583.73895378795,-1190.73895378795,393.0,-0.0003969129845959834,40238.0,1
2026-09-04,dual_macro_weather,4575.0,0.0,4575.0,0.0,515.3498653239,5090.3498653239,4575.0,0.0016967832884413,40364.0,1
2026-09-07,dual_macro_weather,4800.0,0.0,4800.0,0.0,192.13934874974998,4992.13934874975,4800.0,0.00166404644958325,41166.0,1
2026-09-08,dual_macro_weather,1725.0,0.0,1725.0,0.0,-556.3547153571,1168.6452846429002,1725.0,0.00038954842821430004,41856.0,1
2026-09-09,final_macro_weather,-3350.0,0.0,-3350.0,0.0,2767.93097822025,-582.0690217797501,-3350.0,-0.0001940230072599167,42016.0,0
2026-09-10,final_macro_weather,899.0,0.0,899.0,0.0,2103.9907856539,3002.9907856539,899.0,0.0010009969285513,70539.0,0
2026-09-11,final_macro_weather,-6.0,0.0,-6.0,0.0,0.0,-6.0,-6.0,-2e-06,70416.0,0
